query_id,specimen_id,ROI_id,acquisition_id,valid_positive_count,same_acquisition_exclusion_count,exact_duplicate_exclusion_count,near_duplicate_exclusion_count,candidate_pool_size,first_positive_rank,all_positive_ranks
hcci_1,AsCast,roi_1,Helios G4 PFIB CXe_SE_5000.0kV_1000.0x,256,3,0,0,770,1,"[1, 2, 3, 4, 5, 6, 7, 8, 9, 10, 11, 12, 13, 14, 15, 16, 17, 18, 19, 20, 21, 22, 23, 24, 25, 26, 27, 28, 29, 30, 31, 32, 33, 34, 35, 36, 37, 38, 39, 40, 41, 42, 43, 44, 45, 46, 47, 48, 49, 50, 51, 52, 53, 54, 55, 56, 57, 58, 59, 60, 61, 62, 63, 64, 65, 66, 67, 68, 69, 70, 71, 72, 73, 74, 75, 76, 77, 78, 79, 80, 81, 82, 83, 84, 85, 86, 87, 88, 89, 90, 91, 92, 93, 94, 95, 96, 97, 98, 99, 100, 101, 102, 103, 104, 105, 106, 107, 108, 109, 110, 111, 112, 113, 114, 115, 116, 117, 118, 119, 120, 121, 122, 123, 125, 126, 127, 128, 129, 130, 131, 132, 133, 134, 135, 136, 137, 140, 141, 142, 143, 144, 145, 146, 148, 149, 150, 151, 152, 153, 155, 161, 162, 163, 164, 166, 167, 168, 169, 171, 172, 173, 174, 175, 176, 179, 180, 181, 184, 186, 189, 190, 192, 193, 199, 202, 204, 205, 206, 208, 209, 210, 212, 214, 215, 219, 221, 222, 223, 226, 228, 229, 231, 232, 234, 235, 236, 237, 240, 245, 256, 258, 261, 263, 268, 273, 278, 281, 290, 293, 294, 299, 304, 318, 319, 320, 327, 337, 339, 341, 344, 346, 352, 358, 373, 374, 377, 387, 399, 400, 415, 440, 442, 454, 457, 469, 471, 477, 498, 501, 502, 509, 512, 516, 525, 529, 541, 546, 586, 603, 628, 668, 684, 686, 709, 721, 749]"
hcci_100,Q980_9h_AC,roi_100,Helios G4 PFIB CXe_BSE_20000.0kV_1000.0x,252,3,0,0,770,1,"[1, 2, 3, 4, 5, 6, 7, 8, 9, 10, 11, 12, 13, 14, 15, 16, 17, 18, 19, 20, 21, 22, 23, 24, 25, 26, 27, 28, 29, 30, 31, 32, 35, 36, 37, 38, 39, 40, 42, 43, 44, 45, 47, 51, 52, 55, 56, 57, 59, 60, 61, 62, 65, 67, 68, 69, 73, 74, 75, 78, 80, 82, 83, 86, 87, 88, 92, 96, 98, 102, 104, 105, 107, 108, 113, 115, 118, 119, 122, 126, 127, 128, 129, 130, 132, 133, 135, 137, 138, 139, 140, 142, 143, 145, 147, 148, 149, 150, 151, 152, 154, 161, 163, 164, 166, 170, 171, 173, 174, 176, 177, 178, 179, 180, 181, 189, 191, 193, 195, 198, 199, 206, 207, 209, 212, 215, 222, 227, 232, 233, 238, 239, 240, 241, 244, 248, 253, 257, 260, 261, 270, 272, 275, 280, 286, 288, 290, 298, 299, 300, 302, 303, 304, 315, 323, 329, 333, 340, 347, 350, 355, 356, 367, 368, 371, 373, 375, 378, 382, 386, 389, 390, 394, 396, 398, 406, 407, 408, 424, 426, 430, 436, 437, 443, 446, 447, 455, 457, 466, 472, 479, 483, 497, 500, 519, 522, 525, 526, 533, 534, 537, 538, 548, 554, 568, 576, 581, 584, 586, 593, 596, 597, 600, 607, 611, 615, 617, 621, 622, 626, 634, 639, 640, 653, 656, 660, 662, 663, 667, 669, 671, 681, 683, 684, 685, 686, 689, 691, 711, 713, 717, 725, 728, 729, 733, 735, 736, 737, 738, 746, 757, 761]"
hcci_101,Q980_9h_AC,roi_101,Helios G4 PFIB CXe_InLens_20000.0kV_1000.0x,252,3,0,0,770,1,"[1, 2, 3, 4, 5, 6, 7, 8, 9, 10, 11, 12, 13, 14, 15, 16, 17, 18, 19, 20, 21, 22, 23, 25, 26, 27, 28, 29, 30, 31, 32, 33, 34, 35, 36, 37, 38, 39, 40, 41, 42, 44, 45, 46, 47, 50, 51, 52, 53, 54, 55, 58, 59, 60, 61, 64, 67, 68, 69, 72, 73, 76, 77, 78, 79, 80, 82, 84, 87, 88, 90, 95, 96, 98, 106, 108, 113, 115, 120, 131, 137, 140, 141, 142, 145, 146, 149, 150, 151, 152, 157, 158, 159, 162, 164, 167, 176, 178, 181, 186, 190, 191, 192, 196, 198, 199, 210, 212, 215, 216, 223, 224, 226, 228, 232, 235, 236, 237, 243, 244, 246, 250, 252, 259, 260, 261, 262, 263, 268, 270, 274, 277, 278, 282, 294, 297, 298, 299, 303, 306, 310, 311, 312, 315, 319, 321, 322, 323, 324, 326, 328, 337, 339, 348, 358, 367, 370, 374, 380, 381, 382, 385, 386, 389, 390, 395, 404, 406, 407, 408, 410, 414, 419, 422, 424, 434, 435, 443, 444, 446, 447, 452, 454, 458, 463, 464, 471, 473, 474, 475, 477, 484, 491, 498, 508, 512, 516, 520, 522, 523, 529, 530, 531, 532, 534, 538, 545, 551, 556, 560, 561, 575, 578, 582, 590, 593, 594, 597, 598, 615, 617, 619, 622, 627, 632, 636, 643, 654, 661, 666, 676, 684, 686, 687, 690, 691, 695, 711, 713, 716, 724, 728, 729, 731, 732, 744, 746, 747, 748, 749, 752, 765]"
hcci_102,Q980_9h_AC,roi_102,Helios G4 PFIB CXe_InLens_20000.0kV_1000.0x,252,3,0,0,770,1,"[1, 2, 3, 4, 5, 6, 7, 8, 9, 10, 11, 12, 13, 14, 16, 17, 18, 19, 20, 21, 22, 23, 24, 25, 26, 27, 28, 29, 30, 31, 32, 33, 34, 35, 36, 37, 38, 39, 40, 41, 42, 43, 44, 47, 48, 49, 50, 51, 52, 54, 55, 56, 57, 58, 59, 62, 63, 64, 65, 66, 67, 68, 69, 70, 72, 73, 75, 77, 78, 82, 83, 84, 85, 87, 89, 94, 96, 99, 101, 103, 105, 107, 108, 113, 114, 116, 125, 128, 130, 132, 133, 136, 137, 139, 150, 159, 161, 164, 174, 177, 178, 182, 185, 189, 190, 191, 192, 194, 195, 209, 215, 221, 223, 227, 228, 229, 232, 233, 234, 236, 240, 241, 244, 245, 246, 251, 255, 256, 257, 259, 267, 274, 279, 283, 284, 286, 287, 288, 291, 293, 300, 301, 302, 305, 306, 309, 312, 318, 323, 324, 333, 338, 343, 344, 347, 350, 357, 359, 363, 365, 367, 369, 372, 373, 378, 383, 389, 390, 393, 394, 404, 407, 414, 418, 421, 425, 440, 446, 448, 449, 453, 454, 458, 461, 462, 464, 465, 467, 474, 476, 477, 486, 488, 493, 494, 496, 503, 507, 508, 512, 516, 517, 520, 522, 523, 529, 534, 535, 537, 538, 542, 544, 569, 579, 591, 595, 604, 606, 607, 613, 615, 616, 617, 623, 627, 628, 629, 637, 650, 657, 659, 666, 667, 679, 688, 689, 699, 703, 705, 706, 711, 722, 726, 730, 734, 736, 739, 741, 745, 748, 754, 759]"
hcci_103,Q980_9h_AC,roi_103,Helios G4 PFIB CXe_SE_20000.0kV_5000.0x,252,3,0,0,770,1,"[1, 2, 3, 4, 5, 6, 7, 8, 9, 10, 11, 12, 13, 14, 15, 16, 17, 18, 19, 20, 21, 22, 23, 24, 25, 26, 27, 28, 29, 30, 31, 32, 33, 34, 35, 36, 37, 38, 39, 40, 41, 42, 43, 44, 45, 46, 47, 48, 49, 50, 51, 52, 53, 54, 56, 57, 58, 59, 60, 62, 63, 64, 66, 69, 72, 73, 74, 75, 77, 79, 80, 82, 83, 84, 88, 89, 90, 91, 92, 101, 102, 106, 109, 112, 114, 119, 129, 133, 137, 141, 144, 148, 149, 152, 153, 154, 158, 163, 167, 171, 174, 175, 177, 178, 180, 181, 184, 185, 186, 189, 191, 194, 202, 207, 208, 214, 216, 217, 221, 226, 227, 228, 230, 231, 237, 238, 240, 242, 243, 248, 252, 258, 259, 264, 271, 273, 274, 275, 277, 283, 285, 287, 291, 292, 294, 298, 299, 300, 303, 311, 312, 314, 316, 317, 320, 322, 331, 336, 343, 346, 349, 355, 357, 358, 359, 368, 369, 376, 383, 389, 392, 394, 396, 399, 401, 402, 421, 422, 423, 427, 431, 435, 437, 438, 440, 441, 454, 455, 456, 458, 462, 463, 464, 465, 468, 478, 484, 493, 499, 500, 501, 512, 514, 516, 517, 522, 524, 529, 532, 533, 536, 540, 542, 544, 548, 549, 550, 562, 565, 566, 567, 569, 576, 583, 584, 594, 601, 604, 621, 624, 635, 639, 640, 641, 655, 657, 661, 662, 667, 676, 695, 698, 703, 736, 747, 758, 762, 764, 765, 766, 768, 769]"
hcci_104,Q980_9h_AC,roi_104,Helios G4 PFIB CXe_SE_20000.0kV_5000.0x,252,3,0,0,770,1,"[1, 2, 3, 4, 5, 6, 7, 8, 9, 10, 11, 12, 13, 14, 15, 16, 17, 18, 19, 20, 21, 22, 23, 24, 25, 26, 27, 28, 29, 30, 31, 32, 33, 34, 35, 36, 37, 38, 39, 40, 41, 42, 43, 44, 45, 46, 47, 48, 49, 50, 51, 52, 53, 54, 55, 56, 57, 58, 59, 60, 61, 62, 63, 66, 67, 68, 69, 70, 71, 74, 75, 80, 82, 83, 84, 85, 87, 89, 90, 94, 96, 97, 98, 99, 101, 102, 103, 105, 113, 114, 117, 118, 119, 121, 123, 124, 127, 130, 132, 135, 136, 137, 138, 140, 141, 142, 143, 145, 148, 150, 153, 154, 156, 157, 158, 161, 162, 163, 171, 172, 175, 176, 178, 179, 180, 182, 184, 188, 189, 190, 202, 203, 206, 208, 209, 210, 211, 213, 218, 219, 227, 229, 230, 232, 240, 244, 245, 246, 247, 248, 251, 252, 253, 259, 262, 264, 265, 269, 270, 273, 276, 277, 281, 283, 285, 287, 290, 292, 293, 295, 298, 304, 305, 307, 308, 323, 327, 333, 335, 338, 343, 347, 351, 353, 355, 358, 359, 366, 367, 373, 379, 381, 384, 386, 387, 402, 413, 423, 424, 426, 445, 448, 454, 457, 458, 462, 469, 485, 495, 497, 498, 502, 506, 516, 521, 524, 526, 532, 541, 545, 550, 553, 556, 558, 562, 572, 573, 581, 593, 596, 609, 613, 621, 626, 629, 633, 634, 635, 638, 641, 655, 659, 676, 699, 720, 734, 747, 751, 759, 762, 763, 767]"
hcci_105,Q980_9h_AC,roi_105,Helios G4 PFIB CXe_BSE_20000.0kV_5000.0x,252,3,0,0,770,1,"[1, 2, 3, 4, 5, 6, 7, 8, 9, 10, 11, 12, 13, 14, 15, 16, 17, 18, 19, 20, 21, 22, 23, 24, 25, 26, 27, 28, 29, 30, 31, 32, 33, 34, 35, 36, 37, 38, 39, 40, 41, 43, 44, 45, 46, 47, 48, 49, 50, 51, 52, 53, 56, 57, 60, 65, 66, 67, 69, 70, 71, 75, 79, 81, 82, 83, 86, 91, 93, 94, 96, 97, 99, 101, 102, 105, 106, 108, 109, 112, 116, 117, 118, 120, 122, 125, 127, 129, 130, 131, 132, 134, 137, 142, 144, 145, 147, 150, 151, 154, 157, 159, 160, 162, 163, 164, 165, 169, 171, 172, 173, 175, 180, 182, 184, 185, 189, 190, 199, 202, 203, 207, 211, 215, 216, 220, 222, 223, 230, 231, 232, 233, 235, 238, 239, 240, 241, 243, 245, 246, 249, 250, 252, 253, 257, 261, 262, 270, 272, 275, 276, 280, 282, 284, 287, 293, 294, 295, 296, 298, 300, 303, 305, 306, 315, 317, 321, 329, 331, 332, 333, 334, 335, 339, 340, 344, 347, 349, 355, 357, 362, 368, 378, 379, 382, 383, 384, 388, 389, 394, 397, 398, 407, 411, 413, 415, 417, 421, 423, 424, 429, 430, 433, 434, 439, 445, 460, 461, 465, 468, 469, 471, 480, 485, 486, 489, 497, 510, 516, 518, 534, 543, 545, 552, 553, 556, 557, 560, 568, 581, 589, 590, 591, 598, 600, 606, 619, 621, 622, 664, 672, 682, 692, 718, 727, 737, 747, 761, 762, 767, 768, 769]"
hcci_106,Q980_9h_AC,roi_106,Helios G4 PFIB CXe_BSE_20000.0kV_5000.0x,252,3,0,0,770,1,"[1, 2, 3, 4, 5, 6, 7, 8, 9, 10, 11, 12, 13, 14, 15, 16, 17, 18, 19, 20, 21, 22, 23, 24, 25, 26, 27, 28, 29, 30, 31, 32, 33, 35, 36, 37, 38, 39, 40, 41, 42, 43, 44, 45, 46, 47, 48, 49, 53, 55, 56, 58, 59, 60, 65, 66, 67, 68, 69, 70, 71, 72, 75, 77, 79, 81, 85, 86, 87, 88, 89, 90, 93, 94, 95, 96, 97, 101, 103, 104, 105, 108, 109, 110, 115, 120, 121, 122, 123, 126, 129, 132, 135, 136, 137, 140, 141, 142, 144, 145, 148, 150, 151, 152, 153, 155, 156, 157, 159, 169, 173, 175, 176, 181, 182, 184, 185, 189, 190, 192, 194, 195, 196, 198, 199, 200, 204, 205, 207, 208, 209, 211, 213, 220, 225, 227, 228, 229, 230, 231, 232, 235, 237, 240, 248, 253, 254, 266, 270, 274, 279, 285, 289, 293, 295, 296, 297, 298, 301, 312, 313, 314, 321, 323, 325, 326, 327, 330, 332, 333, 335, 342, 343, 345, 350, 351, 352, 354, 355, 364, 367, 368, 369, 370, 371, 373, 376, 378, 383, 385, 391, 392, 394, 395, 399, 400, 401, 402, 404, 405, 407, 416, 417, 432, 440, 445, 453, 455, 459, 461, 462, 464, 467, 471, 475, 480, 485, 498, 500, 506, 509, 511, 521, 524, 527, 541, 545, 558, 559, 560, 563, 571, 572, 574, 580, 588, 594, 602, 609, 619, 623, 639, 691, 692, 699, 707, 755, 756, 760, 764, 769, 770]"
hcci_107,Q980_9h_AC,roi_107,Helios G4 PFIB CXe_InLens_20000.0kV_5000.0x,252,3,0,0,770,1,"[1, 2, 3, 4, 5, 6, 7, 8, 9, 10, 11, 12, 13, 14, 15, 16, 17, 18, 19, 20, 21, 22, 23, 24, 25, 26, 27, 28, 29, 30, 31, 32, 33, 34, 35, 36, 37, 38, 39, 40, 42, 43, 44, 46, 48, 50, 52, 53, 54, 55, 57, 59, 60, 61, 64, 66, 70, 71, 72, 73, 74, 75, 76, 77, 80, 81, 83, 84, 92, 95, 97, 98, 99, 100, 105, 106, 107, 109, 114, 117, 118, 120, 121, 124, 126, 127, 128, 129, 130, 133, 137, 139, 140, 141, 146, 148, 149, 150, 151, 152, 154, 157, 160, 162, 165, 167, 168, 169, 171, 175, 178, 181, 186, 189, 190, 191, 194, 195, 198, 199, 203, 204, 205, 206, 209, 210, 211, 213, 214, 215, 217, 222, 226, 229, 231, 237, 241, 248, 249, 259, 264, 277, 284, 285, 286, 288, 292, 297, 303, 305, 311, 317, 319, 320, 322, 327, 328, 331, 337, 338, 339, 342, 344, 347, 348, 354, 360, 363, 364, 367, 373, 379, 381, 382, 385, 388, 389, 393, 394, 395, 397, 400, 426, 429, 431, 433, 434, 449, 451, 455, 457, 463, 464, 466, 469, 473, 474, 475, 476, 479, 487, 488, 503, 504, 511, 517, 518, 521, 523, 524, 527, 529, 531, 534, 543, 557, 560, 564, 568, 569, 572, 574, 576, 578, 583, 587, 590, 591, 595, 607, 612, 623, 630, 631, 635, 640, 653, 655, 662, 665, 666, 672, 685, 721, 742, 748, 751, 753, 761, 762, 765, 767]"
hcci_108,Q980_9h_AC,roi_108,Helios G4 PFIB CXe_InLens_20000.0kV_5000.0x,252,3,0,0,770,1,"[1, 2, 3, 4, 5, 6, 7, 8, 9, 10, 11, 12, 13, 14, 15, 16, 17, 18, 19, 20, 21, 22, 23, 24, 25, 26, 27, 28, 29, 30, 31, 32, 33, 34, 35, 36, 37, 38, 39, 40, 42, 43, 44, 45, 46, 47, 48, 49, 50, 51, 52, 53, 56, 57, 58, 59, 60, 61, 62, 65, 66, 67, 69, 70, 71, 72, 73, 74, 75, 76, 77, 78, 79, 80, 82, 83, 85, 86, 87, 88, 89, 90, 92, 93, 94, 95, 96, 97, 100, 101, 102, 103, 106, 107, 108, 110, 113, 114, 116, 117, 120, 121, 122, 124, 128, 129, 130, 132, 133, 134, 135, 138, 141, 145, 146, 147, 151, 154, 156, 158, 159, 161, 162, 163, 165, 168, 169, 170, 173, 174, 175, 178, 182, 183, 186, 188, 190, 192, 193, 194, 199, 203, 204, 207, 208, 210, 211, 215, 216, 217, 218, 225, 226, 230, 236, 237, 238, 244, 246, 250, 256, 258, 271, 273, 275, 276, 279, 281, 283, 289, 290, 296, 299, 300, 303, 307, 323, 324, 330, 337, 338, 349, 350, 357, 358, 362, 369, 375, 381, 385, 386, 392, 394, 395, 397, 401, 406, 412, 420, 431, 434, 437, 438, 439, 451, 455, 458, 469, 472, 477, 485, 487, 493, 494, 496, 508, 527, 532, 547, 548, 550, 558, 588, 589, 591, 592, 614, 620, 624, 625, 627, 630, 632, 633, 634, 639, 655, 663, 667, 668, 695, 704, 719, 723, 733, 738, 745, 755, 756, 759, 762, 764]"
hcci_11,AsCast,roi_11,Helios G4 PFIB CXe_InLens_5000.0kV_5000.0x,256,3,0,0,770,1,"[1, 2, 3, 4, 5, 6, 7, 8, 9, 10, 11, 12, 13, 14, 15, 16, 17, 18, 19, 20, 21, 22, 23, 24, 25, 26, 27, 28, 29, 30, 31, 32, 33, 34, 35, 36, 37, 38, 39, 40, 41, 42, 43, 44, 45, 46, 47, 48, 49, 50, 51, 52, 53, 54, 55, 56, 57, 58, 59, 60, 61, 62, 63, 64, 65, 66, 67, 68, 69, 70, 71, 72, 73, 74, 75, 76, 77, 78, 79, 80, 81, 82, 83, 85, 86, 88, 89, 91, 92, 94, 95, 96, 97, 98, 99, 101, 102, 103, 104, 105, 106, 108, 109, 113, 119, 123, 124, 125, 126, 129, 130, 131, 134, 136, 137, 138, 141, 142, 146, 147, 148, 149, 150, 153, 155, 156, 157, 158, 159, 160, 168, 169, 177, 178, 180, 184, 186, 187, 195, 197, 200, 208, 210, 211, 212, 215, 216, 222, 224, 228, 231, 236, 238, 241, 242, 244, 248, 250, 254, 255, 257, 260, 265, 266, 271, 272, 273, 274, 275, 278, 281, 284, 290, 294, 295, 296, 299, 301, 302, 304, 306, 307, 311, 313, 320, 321, 324, 326, 330, 331, 332, 333, 336, 339, 341, 343, 350, 351, 356, 357, 361, 363, 365, 367, 369, 370, 374, 375, 376, 378, 379, 385, 387, 390, 391, 400, 401, 403, 405, 407, 408, 412, 414, 428, 432, 435, 436, 438, 443, 449, 464, 465, 466, 478, 486, 488, 490, 492, 535, 544, 561, 566, 567, 569, 576, 623, 652, 653, 673, 676, 697, 703, 706, 727, 729, 730]"
hcci_12,AsCast,roi_12,Helios G4 PFIB CXe_InLens_5000.0kV_5000.0x,256,3,0,0,770,1,"[1, 2, 3, 4, 5, 6, 7, 8, 9, 10, 11, 12, 13, 14, 15, 16, 17, 18, 19, 20, 21, 22, 23, 24, 25, 26, 27, 28, 29, 30, 31, 32, 33, 34, 35, 36, 37, 38, 39, 40, 41, 42, 43, 44, 45, 46, 47, 48, 49, 50, 51, 52, 53, 54, 55, 56, 57, 58, 59, 60, 61, 62, 63, 64, 65, 66, 67, 68, 69, 70, 71, 72, 73, 74, 75, 76, 77, 78, 79, 80, 81, 82, 83, 84, 85, 86, 87, 88, 89, 90, 91, 92, 94, 95, 96, 97, 98, 99, 102, 103, 104, 107, 109, 110, 111, 112, 116, 117, 118, 119, 120, 122, 123, 126, 128, 132, 133, 134, 135, 137, 139, 141, 143, 145, 148, 150, 151, 153, 156, 158, 159, 161, 163, 164, 165, 166, 167, 168, 169, 171, 172, 173, 174, 178, 183, 184, 186, 187, 190, 191, 193, 194, 195, 197, 199, 200, 202, 203, 204, 206, 207, 208, 211, 212, 214, 217, 218, 219, 220, 221, 222, 225, 227, 228, 229, 232, 233, 235, 239, 240, 243, 244, 245, 247, 249, 250, 252, 253, 254, 257, 258, 260, 262, 263, 266, 268, 270, 272, 273, 275, 278, 279, 281, 284, 286, 295, 296, 297, 301, 304, 307, 308, 313, 315, 316, 326, 327, 328, 330, 332, 339, 341, 348, 362, 363, 369, 377, 383, 397, 408, 409, 412, 414, 425, 430, 449, 453, 464, 467, 469, 499, 504, 505, 551, 569, 571, 580, 587, 592, 618, 636, 654, 671, 682, 697, 698]"
hcci_127,AsCast,roi_127,VEGA3 XMH_SE_5000.0kV_4000.0x,256,3,0,0,770,1,"[1, 2, 3, 4, 5, 6, 7, 8, 9, 10, 11, 12, 13, 14, 15, 16, 17, 18, 19, 20, 21, 22, 23, 24, 25, 26, 27, 28, 29, 30, 31, 32, 33, 34, 35, 36, 37, 38, 39, 40, 41, 42, 43, 44, 45, 46, 47, 48, 49, 50, 51, 52, 53, 54, 55, 56, 57, 58, 59, 60, 61, 62, 63, 64, 65, 66, 67, 68, 69, 70, 71, 72, 73, 74, 75, 76, 77, 78, 79, 80, 81, 82, 83, 84, 85, 86, 87, 88, 89, 90, 91, 92, 93, 94, 95, 96, 97, 98, 99, 100, 101, 102, 103, 104, 105, 106, 107, 108, 109, 110, 112, 114, 115, 118, 119, 120, 122, 127, 128, 130, 132, 134, 136, 137, 138, 140, 141, 143, 144, 145, 147, 149, 150, 154, 155, 156, 157, 159, 160, 162, 163, 165, 166, 167, 168, 169, 171, 172, 174, 175, 176, 179, 180, 183, 185, 186, 187, 189, 191, 192, 193, 194, 199, 200, 205, 207, 208, 212, 213, 215, 217, 218, 222, 224, 225, 226, 230, 232, 236, 237, 239, 240, 241, 243, 247, 248, 252, 256, 257, 258, 259, 262, 266, 286, 287, 288, 290, 292, 294, 295, 297, 298, 299, 305, 307, 313, 316, 317, 318, 320, 324, 325, 330, 333, 338, 351, 352, 358, 370, 386, 388, 391, 393, 404, 409, 413, 418, 422, 428, 430, 432, 450, 451, 454, 455, 456, 459, 460, 461, 462, 464, 492, 494, 496, 500, 533, 535, 536, 537, 566, 570, 574, 591, 601, 604, 666]"
hcci_128,AsCast,roi_128,VEGA3 XMH_SE_5000.0kV_4000.0x,256,3,0,0,770,1,"[1, 2, 3, 4, 5, 6, 7, 8, 9, 10, 11, 12, 13, 14, 15, 16, 17, 18, 19, 20, 21, 22, 23, 24, 25, 26, 27, 28, 29, 30, 31, 32, 33, 34, 35, 36, 37, 38, 39, 40, 41, 42, 43, 44, 45, 46, 47, 48, 49, 50, 51, 52, 53, 54, 55, 56, 57, 58, 59, 60, 61, 62, 63, 64, 65, 66, 67, 68, 69, 70, 71, 72, 73, 74, 75, 76, 77, 78, 79, 80, 82, 83, 85, 86, 87, 88, 89, 90, 91, 92, 93, 94, 95, 98, 100, 101, 102, 103, 105, 106, 107, 108, 110, 111, 112, 115, 116, 117, 118, 119, 120, 121, 122, 123, 126, 128, 129, 133, 136, 137, 141, 142, 143, 145, 146, 147, 148, 149, 152, 154, 155, 156, 157, 158, 159, 160, 161, 162, 170, 176, 177, 178, 182, 183, 184, 187, 188, 190, 193, 198, 199, 201, 202, 203, 207, 208, 210, 215, 217, 222, 223, 226, 227, 231, 233, 234, 235, 240, 242, 243, 245, 248, 253, 258, 262, 265, 275, 277, 289, 290, 293, 299, 303, 305, 312, 317, 318, 320, 327, 328, 329, 332, 338, 339, 353, 359, 368, 369, 372, 373, 386, 394, 396, 404, 408, 410, 416, 420, 423, 428, 430, 431, 433, 434, 438, 439, 461, 470, 472, 476, 479, 480, 484, 488, 492, 501, 514, 527, 538, 539, 543, 554, 558, 559, 565, 570, 571, 578, 580, 594, 603, 605, 606, 608, 611, 615, 617, 618, 620, 625, 628, 631, 636, 640, 656, 668]"
hcci_129,AsCast,roi_129,VEGA3 XMH_BSE_5000.0kV_4000.0x,256,3,0,0,770,1,"[1, 2, 3, 4, 5, 6, 7, 8, 9, 10, 11, 12, 13, 14, 15, 16, 17, 18, 19, 20, 21, 22, 23, 24, 25, 26, 27, 28, 29, 30, 31, 32, 33, 34, 35, 36, 37, 38, 39, 40, 41, 42, 43, 44, 45, 46, 47, 48, 49, 50, 51, 52, 53, 54, 55, 56, 57, 58, 59, 60, 61, 62, 63, 64, 65, 66, 67, 68, 69, 70, 71, 72, 73, 74, 75, 76, 77, 78, 79, 80, 81, 82, 83, 84, 85, 86, 87, 88, 89, 90, 91, 92, 93, 94, 95, 96, 98, 99, 100, 101, 102, 103, 104, 106, 107, 108, 109, 110, 111, 112, 113, 116, 117, 118, 122, 125, 126, 127, 129, 130, 131, 132, 133, 136, 141, 142, 143, 144, 145, 148, 151, 153, 155, 156, 157, 158, 159, 160, 162, 163, 164, 170, 173, 176, 177, 178, 179, 180, 184, 188, 190, 192, 196, 197, 210, 212, 213, 216, 219, 220, 225, 230, 238, 241, 242, 244, 249, 251, 253, 254, 263, 268, 272, 273, 274, 280, 281, 288, 293, 295, 299, 301, 311, 312, 314, 317, 323, 326, 327, 328, 329, 330, 331, 333, 335, 337, 341, 353, 356, 360, 367, 376, 380, 385, 392, 399, 401, 409, 410, 412, 416, 421, 424, 425, 431, 434, 435, 438, 439, 441, 442, 443, 448, 451, 453, 454, 455, 456, 459, 462, 468, 470, 478, 483, 493, 497, 499, 504, 518, 522, 532, 533, 536, 543, 547, 554, 561, 574, 581, 588, 596, 616, 635, 683, 693, 704]"
hcci_13,AsCast,roi_13,Helios G4 PFIB CXe_SE_10000.0kV_1000.0x,256,3,0,0,770,1,"[1, 2, 3, 4, 5, 6, 7, 8, 9, 10, 11, 12, 13, 14, 15, 16, 17, 18, 19, 20, 21, 22, 23, 24, 25, 26, 27, 28, 29, 30, 31, 32, 33, 34, 35, 36, 37, 38, 39, 40, 41, 42, 43, 44, 45, 46, 47, 48, 49, 50, 51, 52, 53, 54, 55, 56, 57, 58, 59, 60, 61, 62, 63, 64, 65, 66, 67, 68, 69, 70, 71, 72, 73, 74, 75, 76, 77, 78, 79, 80, 81, 82, 83, 84, 85, 86, 87, 88, 89, 90, 91, 92, 93, 94, 95, 96, 97, 98, 99, 100, 101, 102, 103, 104, 105, 106, 107, 108, 109, 110, 111, 112, 113, 114, 115, 116, 117, 118, 119, 120, 121, 122, 123, 125, 127, 129, 130, 131, 132, 133, 134, 137, 138, 139, 140, 141, 143, 144, 145, 148, 149, 150, 151, 152, 153, 154, 155, 157, 159, 160, 162, 163, 164, 165, 166, 167, 169, 171, 172, 176, 178, 179, 181, 183, 186, 189, 190, 191, 196, 197, 198, 201, 206, 209, 210, 211, 212, 213, 215, 220, 224, 226, 230, 233, 234, 235, 240, 243, 246, 247, 250, 254, 255, 256, 257, 258, 260, 266, 268, 276, 281, 282, 289, 290, 292, 301, 304, 305, 321, 328, 329, 332, 335, 336, 343, 351, 352, 361, 363, 374, 379, 389, 390, 400, 410, 411, 414, 418, 422, 425, 431, 450, 458, 478, 479, 482, 484, 487, 504, 508, 509, 514, 523, 525, 531, 532, 544, 549, 597, 642, 649, 659, 665, 700, 703, 732]"
hcci_130,AsCast,roi_130,VEGA3 XMH_BSE_5000.0kV_4000.0x,256,3,0,0,770,1,"[1, 2, 3, 4, 5, 6, 7, 8, 9, 10, 11, 12, 13, 14, 15, 16, 17, 18, 19, 20, 21, 22, 23, 24, 25, 26, 27, 28, 29, 30, 31, 32, 33, 34, 35, 36, 37, 38, 39, 40, 41, 42, 43, 44, 45, 46, 47, 48, 49, 50, 51, 52, 53, 54, 55, 56, 57, 58, 59, 60, 61, 62, 63, 64, 65, 66, 67, 68, 69, 70, 71, 72, 73, 74, 75, 76, 77, 78, 79, 80, 81, 82, 83, 84, 85, 86, 87, 88, 89, 90, 91, 92, 93, 94, 95, 96, 97, 98, 99, 100, 101, 102, 103, 104, 105, 107, 108, 109, 110, 111, 114, 115, 116, 117, 118, 119, 120, 121, 123, 124, 125, 127, 128, 130, 131, 135, 136, 138, 139, 140, 141, 143, 147, 153, 154, 155, 156, 157, 162, 167, 170, 171, 172, 173, 176, 177, 178, 181, 183, 184, 186, 187, 191, 194, 195, 198, 203, 208, 210, 211, 212, 221, 227, 228, 229, 230, 255, 256, 257, 273, 274, 284, 285, 286, 287, 288, 292, 297, 304, 305, 309, 319, 320, 324, 326, 329, 331, 333, 335, 340, 343, 350, 351, 354, 360, 362, 366, 373, 375, 379, 385, 386, 390, 394, 406, 410, 411, 420, 429, 431, 432, 434, 437, 444, 448, 449, 451, 452, 453, 455, 459, 465, 467, 469, 475, 480, 484, 487, 490, 491, 492, 495, 496, 502, 504, 509, 510, 516, 520, 524, 529, 535, 538, 540, 542, 551, 552, 555, 556, 563, 565, 569, 585, 613, 640, 653]"
hcci_131,AsCast,roi_131,VEGA3 XMH_SE_5000.0kV_20000.0x,256,3,0,0,770,1,"[1, 2, 3, 4, 5, 6, 7, 8, 9, 10, 11, 12, 13, 14, 15, 16, 17, 18, 19, 20, 21, 22, 23, 24, 25, 26, 27, 28, 29, 30, 31, 32, 33, 34, 35, 36, 37, 38, 39, 40, 41, 42, 43, 44, 45, 46, 47, 48, 49, 50, 51, 52, 53, 54, 55, 56, 57, 58, 59, 60, 61, 62, 63, 64, 65, 66, 67, 68, 69, 70, 71, 72, 73, 74, 75, 76, 77, 78, 79, 80, 81, 82, 83, 84, 85, 86, 87, 88, 89, 90, 91, 92, 93, 94, 95, 96, 97, 98, 99, 100, 101, 102, 103, 104, 105, 106, 107, 108, 109, 110, 111, 112, 113, 114, 115, 116, 117, 118, 119, 120, 121, 122, 123, 124, 125, 126, 127, 128, 129, 130, 131, 132, 133, 134, 135, 136, 137, 138, 139, 140, 141, 142, 143, 144, 145, 146, 147, 148, 149, 150, 151, 152, 153, 154, 155, 156, 157, 158, 159, 160, 161, 162, 163, 164, 165, 166, 167, 168, 169, 170, 171, 172, 173, 174, 175, 176, 177, 178, 179, 180, 181, 182, 183, 184, 185, 186, 187, 188, 189, 190, 191, 192, 193, 194, 195, 196, 197, 198, 199, 200, 201, 202, 203, 204, 205, 206, 207, 208, 209, 210, 211, 212, 213, 214, 216, 217, 218, 219, 220, 221, 222, 223, 224, 226, 229, 230, 231, 233, 237, 238, 239, 240, 245, 247, 248, 255, 257, 258, 264, 267, 273, 281, 299, 300, 303, 314, 318, 338, 356, 362, 370, 384, 479, 515, 570, 627]"
hcci_132,AsCast,roi_132,VEGA3 XMH_SE_5000.0kV_20000.0x,256,3,0,0,770,1,"[1, 2, 3, 4, 5, 6, 7, 8, 9, 10, 11, 12, 13, 14, 15, 16, 17, 18, 19, 20, 21, 22, 23, 24, 25, 26, 27, 28, 29, 30, 31, 32, 33, 34, 35, 36, 37, 38, 39, 40, 41, 42, 43, 44, 45, 46, 47, 48, 49, 50, 51, 52, 53, 54, 55, 56, 57, 58, 59, 60, 61, 62, 63, 64, 65, 66, 67, 68, 69, 70, 71, 72, 73, 74, 75, 76, 77, 78, 79, 80, 81, 82, 83, 84, 85, 86, 87, 88, 89, 90, 91, 92, 93, 94, 95, 96, 97, 98, 99, 100, 101, 102, 104, 105, 106, 107, 108, 109, 110, 111, 112, 113, 114, 115, 116, 117, 118, 119, 120, 121, 122, 123, 124, 125, 126, 129, 130, 132, 133, 135, 136, 137, 138, 139, 140, 141, 142, 143, 144, 145, 146, 147, 148, 149, 150, 151, 152, 153, 154, 155, 157, 158, 159, 160, 162, 164, 166, 167, 168, 169, 170, 171, 172, 173, 174, 175, 178, 179, 180, 184, 185, 188, 189, 190, 191, 193, 194, 195, 196, 197, 198, 199, 201, 202, 204, 206, 210, 211, 212, 217, 220, 221, 222, 224, 226, 230, 233, 235, 236, 237, 238, 243, 245, 249, 251, 252, 253, 255, 257, 259, 263, 268, 271, 274, 276, 278, 279, 287, 291, 292, 293, 296, 299, 301, 304, 306, 311, 319, 320, 323, 330, 341, 344, 347, 349, 355, 360, 361, 371, 372, 379, 392, 420, 442, 448, 453, 460, 461, 466, 467, 474, 505, 525, 546, 722, 727]"
hcci_133,AsCast,roi_133,VEGA3 XMH_BSE_5000.0kV_20000.0x,256,3,0,0,770,1,"[1, 2, 3, 4, 5, 6, 7, 8, 9, 10, 11, 12, 13, 14, 15, 16, 17, 18, 19, 20, 21, 22, 23, 24, 25, 26, 27, 28, 29, 30, 31, 32, 33, 34, 35, 36, 37, 38, 39, 40, 41, 42, 43, 44, 45, 46, 47, 48, 49, 50, 51, 52, 53, 54, 55, 56, 57, 58, 59, 60, 61, 62, 63, 64, 65, 66, 67, 68, 69, 70, 71, 72, 73, 74, 75, 76, 77, 78, 79, 80, 81, 82, 83, 84, 85, 86, 89, 90, 91, 92, 93, 94, 95, 96, 97, 99, 100, 101, 104, 105, 108, 110, 112, 113, 114, 115, 117, 119, 121, 122, 123, 124, 125, 126, 127, 129, 130, 131, 132, 133, 134, 135, 136, 139, 140, 141, 143, 145, 146, 148, 149, 150, 151, 152, 153, 154, 155, 161, 162, 163, 164, 168, 169, 171, 172, 173, 175, 176, 178, 179, 180, 185, 186, 187, 189, 190, 191, 192, 196, 197, 200, 201, 204, 205, 206, 207, 209, 210, 214, 215, 216, 217, 218, 219, 223, 227, 228, 229, 234, 235, 239, 241, 242, 244, 245, 246, 249, 252, 253, 254, 259, 265, 267, 268, 279, 282, 284, 286, 292, 296, 301, 307, 309, 311, 317, 318, 335, 336, 345, 349, 354, 355, 357, 361, 370, 371, 373, 375, 377, 384, 385, 393, 394, 396, 397, 398, 404, 414, 416, 434, 437, 440, 449, 459, 463, 465, 466, 474, 475, 480, 482, 484, 492, 494, 520, 522, 524, 529, 532, 562, 576, 579, 596, 641, 663, 696]"
hcci_134,AsCast,roi_134,VEGA3 XMH_BSE_5000.0kV_20000.0x,256,3,0,0,770,1,"[1, 2, 3, 4, 5, 6, 7, 8, 9, 10, 11, 12, 13, 14, 15, 16, 17, 18, 19, 20, 21, 22, 23, 24, 25, 26, 27, 28, 29, 30, 31, 32, 33, 34, 35, 36, 37, 39, 40, 41, 42, 43, 44, 46, 47, 48, 49, 51, 52, 53, 54, 55, 56, 57, 58, 59, 60, 62, 63, 64, 65, 66, 68, 69, 71, 73, 74, 75, 78, 79, 80, 81, 82, 86, 88, 89, 90, 91, 93, 94, 97, 98, 99, 103, 104, 105, 106, 107, 109, 110, 113, 115, 116, 117, 118, 120, 121, 122, 124, 125, 129, 131, 132, 133, 135, 137, 141, 143, 145, 146, 147, 148, 151, 152, 153, 154, 155, 157, 160, 161, 162, 164, 165, 166, 167, 169, 170, 171, 175, 177, 178, 179, 180, 181, 184, 185, 187, 191, 192, 194, 195, 196, 198, 200, 205, 210, 216, 221, 223, 224, 225, 226, 228, 236, 239, 240, 243, 244, 245, 249, 250, 252, 255, 256, 257, 258, 260, 262, 263, 265, 268, 269, 270, 272, 274, 275, 277, 301, 305, 314, 318, 320, 323, 324, 325, 329, 333, 337, 340, 341, 345, 346, 347, 350, 351, 353, 356, 357, 361, 365, 370, 375, 376, 377, 379, 384, 386, 390, 400, 408, 411, 419, 420, 423, 436, 437, 438, 444, 448, 451, 452, 454, 456, 457, 458, 465, 467, 477, 479, 482, 483, 491, 492, 493, 497, 506, 507, 512, 520, 528, 532, 535, 538, 542, 545, 562, 563, 565, 566, 568, 593, 601, 603, 626, 674, 677]"
hcci_135,AsCast,roi_135,VEGA3 XMH_SE_10000.0kV_4000.0x,256,3,0,0,770,1,"[1, 2, 3, 4, 5, 6, 7, 8, 9, 10, 11, 12, 13, 14, 15, 16, 17, 18, 19, 20, 21, 22, 23, 24, 25, 26, 27, 28, 29, 30, 31, 32, 33, 34, 35, 36, 37, 38, 39, 40, 41, 42, 43, 44, 45, 46, 47, 48, 49, 50, 51, 52, 53, 54, 55, 56, 57, 58, 59, 60, 61, 62, 63, 64, 65, 66, 67, 68, 69, 70, 71, 72, 73, 74, 75, 76, 77, 78, 79, 80, 81, 82, 83, 84, 85, 86, 87, 88, 89, 90, 91, 92, 93, 94, 95, 96, 97, 98, 99, 100, 101, 102, 103, 104, 105, 106, 107, 108, 109, 110, 111, 112, 113, 114, 115, 116, 117, 118, 119, 120, 121, 122, 123, 124, 125, 126, 127, 128, 129, 130, 131, 132, 133, 136, 137, 138, 140, 141, 142, 143, 146, 148, 155, 158, 159, 160, 161, 162, 164, 165, 166, 167, 169, 170, 171, 175, 178, 179, 181, 182, 183, 184, 186, 190, 191, 192, 199, 201, 203, 204, 207, 212, 215, 218, 219, 220, 223, 228, 236, 238, 240, 241, 242, 243, 246, 251, 258, 259, 265, 278, 286, 288, 291, 292, 296, 297, 318, 325, 326, 327, 330, 339, 343, 345, 348, 349, 351, 352, 354, 360, 365, 374, 377, 380, 382, 393, 396, 402, 408, 411, 412, 422, 428, 429, 430, 437, 456, 457, 459, 462, 468, 472, 474, 477, 496, 500, 502, 503, 504, 520, 532, 534, 545, 553, 575, 576, 589, 595, 606, 619, 653, 672, 675, 695, 711, 742]"
hcci_136,AsCast,roi_136,VEGA3 XMH_SE_10000.0kV_4000.0x,256,3,0,0,770,1,"[1, 2, 3, 4, 5, 6, 7, 8, 9, 10, 11, 12, 13, 14, 15, 16, 17, 18, 19, 20, 21, 22, 23, 24, 25, 26, 27, 28, 29, 30, 31, 32, 33, 34, 35, 36, 37, 38, 39, 40, 41, 42, 43, 44, 45, 46, 47, 48, 49, 50, 51, 52, 53, 54, 55, 56, 57, 58, 59, 60, 61, 62, 63, 64, 65, 66, 67, 68, 69, 70, 71, 72, 73, 74, 75, 76, 77, 78, 79, 80, 81, 82, 83, 84, 85, 86, 87, 88, 89, 90, 91, 92, 93, 94, 95, 96, 97, 98, 99, 100, 101, 102, 103, 104, 105, 106, 107, 108, 109, 110, 111, 112, 113, 114, 117, 118, 119, 121, 123, 124, 125, 126, 127, 128, 129, 130, 133, 136, 137, 139, 144, 150, 151, 155, 167, 171, 176, 182, 184, 190, 192, 200, 202, 203, 206, 207, 213, 215, 218, 238, 244, 245, 252, 255, 259, 261, 262, 267, 269, 270, 272, 277, 287, 290, 296, 299, 307, 311, 312, 313, 320, 328, 336, 337, 338, 342, 350, 358, 362, 369, 372, 381, 388, 392, 395, 398, 400, 403, 407, 409, 423, 427, 428, 429, 430, 431, 432, 435, 438, 446, 447, 448, 454, 464, 469, 473, 474, 480, 493, 494, 495, 496, 498, 501, 502, 504, 509, 512, 513, 519, 520, 525, 528, 529, 533, 537, 538, 539, 554, 555, 567, 572, 578, 583, 584, 592, 593, 598, 599, 600, 603, 610, 612, 616, 632, 640, 643, 647, 648, 655, 664, 671, 672, 678, 681, 709]"
hcci_137,AsCast,roi_137,VEGA3 XMH_BSE_10000.0kV_4000.0x,256,3,0,0,770,1,"[1, 2, 3, 4, 5, 6, 7, 8, 9, 10, 11, 12, 13, 14, 15, 16, 17, 18, 19, 20, 21, 22, 23, 24, 25, 26, 27, 28, 29, 30, 31, 32, 33, 34, 35, 36, 37, 38, 39, 40, 41, 42, 43, 44, 45, 46, 47, 48, 49, 50, 51, 52, 53, 54, 55, 56, 57, 58, 59, 60, 61, 62, 63, 64, 65, 66, 67, 68, 69, 70, 71, 72, 73, 74, 75, 76, 77, 78, 79, 80, 81, 82, 83, 84, 85, 86, 87, 88, 89, 90, 91, 92, 93, 94, 95, 96, 97, 98, 99, 101, 102, 103, 104, 105, 106, 107, 108, 109, 110, 111, 112, 113, 114, 115, 116, 117, 118, 119, 120, 121, 124, 125, 126, 127, 130, 132, 134, 136, 138, 139, 140, 143, 144, 145, 146, 147, 151, 153, 158, 160, 161, 165, 166, 169, 170, 172, 175, 177, 178, 180, 181, 182, 183, 184, 185, 186, 188, 191, 193, 194, 198, 199, 202, 208, 209, 210, 211, 214, 215, 216, 217, 222, 225, 227, 229, 230, 231, 233, 236, 239, 241, 245, 247, 251, 261, 268, 270, 273, 282, 283, 298, 300, 301, 306, 309, 319, 323, 325, 329, 330, 333, 337, 338, 340, 346, 351, 361, 366, 369, 372, 373, 386, 394, 396, 398, 405, 415, 421, 431, 433, 436, 440, 441, 442, 454, 462, 463, 466, 474, 475, 485, 488, 491, 496, 498, 499, 500, 502, 507, 519, 521, 526, 552, 559, 567, 570, 571, 581, 604, 642, 644, 663, 669, 679, 696, 706]"
hcci_138,AsCast,roi_138,VEGA3 XMH_BSE_10000.0kV_4000.0x,256,3,0,0,770,1,"[1, 2, 3, 4, 5, 6, 7, 8, 9, 10, 11, 12, 13, 14, 15, 16, 17, 18, 19, 20, 21, 22, 23, 24, 25, 26, 27, 28, 29, 30, 31, 32, 33, 34, 35, 36, 37, 38, 39, 40, 41, 42, 43, 44, 45, 46, 47, 48, 49, 50, 51, 52, 53, 54, 55, 56, 57, 58, 59, 60, 61, 62, 63, 64, 65, 66, 67, 68, 69, 70, 71, 72, 73, 74, 75, 76, 77, 78, 79, 80, 81, 82, 83, 84, 85, 86, 87, 88, 89, 90, 91, 92, 93, 94, 95, 96, 97, 98, 100, 101, 102, 103, 104, 105, 106, 107, 109, 110, 111, 112, 113, 114, 115, 116, 117, 118, 119, 120, 121, 122, 123, 124, 125, 126, 127, 128, 129, 130, 131, 132, 133, 134, 135, 137, 139, 142, 144, 145, 155, 156, 159, 161, 162, 164, 165, 167, 169, 170, 171, 172, 176, 178, 183, 185, 187, 192, 199, 200, 206, 208, 211, 215, 219, 222, 225, 230, 231, 233, 247, 253, 254, 256, 258, 259, 261, 264, 266, 272, 273, 274, 281, 287, 292, 297, 298, 299, 303, 306, 308, 317, 319, 328, 330, 332, 336, 353, 355, 357, 360, 367, 368, 369, 370, 377, 378, 383, 388, 393, 394, 395, 396, 399, 400, 402, 414, 417, 425, 426, 428, 430, 432, 433, 443, 447, 449, 450, 457, 461, 463, 465, 484, 485, 488, 500, 512, 517, 521, 522, 529, 530, 551, 554, 561, 569, 574, 577, 578, 581, 588, 599, 606, 618, 622, 630, 632, 638]"
hcci_139,AsCast,roi_139,VEGA3 XMH_SE_10000.0kV_20000.0x,256,3,0,0,770,1,"[1, 2, 3, 4, 5, 6, 7, 8, 9, 10, 11, 12, 13, 14, 15, 16, 17, 18, 19, 20, 21, 22, 23, 24, 25, 26, 27, 28, 29, 30, 31, 32, 33, 34, 35, 36, 37, 38, 39, 40, 41, 42, 43, 44, 45, 46, 47, 48, 49, 50, 51, 52, 53, 54, 55, 56, 57, 58, 59, 60, 61, 62, 63, 64, 65, 66, 67, 68, 69, 70, 71, 72, 73, 74, 75, 76, 77, 78, 79, 80, 81, 82, 83, 84, 85, 86, 87, 88, 89, 90, 91, 92, 93, 94, 95, 96, 97, 98, 99, 100, 101, 102, 103, 104, 105, 106, 107, 108, 109, 110, 111, 112, 113, 114, 115, 116, 117, 118, 119, 120, 121, 122, 123, 124, 125, 126, 127, 128, 129, 130, 131, 132, 133, 134, 135, 136, 137, 138, 139, 140, 141, 142, 143, 144, 146, 147, 148, 149, 150, 151, 152, 153, 154, 155, 157, 158, 159, 160, 161, 162, 163, 164, 165, 166, 167, 168, 169, 170, 171, 174, 175, 176, 177, 178, 179, 182, 184, 185, 186, 187, 188, 192, 194, 195, 197, 199, 202, 203, 206, 207, 208, 209, 210, 212, 213, 214, 215, 216, 219, 220, 222, 224, 225, 228, 229, 230, 231, 232, 233, 236, 237, 242, 243, 245, 247, 248, 252, 255, 257, 258, 260, 262, 267, 268, 270, 272, 276, 283, 286, 290, 293, 314, 318, 326, 340, 341, 348, 351, 353, 354, 356, 363, 366, 370, 371, 372, 373, 377, 378, 382, 437, 458, 510, 534, 668, 709]"
hcci_14,AsCast,roi_14,Helios G4 PFIB CXe_SE_10000.0kV_1000.0x,256,3,0,0,770,1,"[1, 2, 3, 4, 5, 6, 7, 8, 9, 10, 11, 12, 13, 14, 15, 16, 17, 18, 19, 20, 21, 22, 23, 24, 25, 26, 27, 28, 29, 30, 31, 32, 33, 34, 35, 36, 37, 38, 39, 40, 41, 42, 43, 44, 45, 46, 47, 48, 49, 50, 51, 52, 53, 54, 55, 56, 57, 58, 59, 60, 61, 62, 63, 64, 65, 66, 67, 68, 69, 70, 71, 72, 73, 74, 75, 76, 77, 78, 79, 80, 81, 82, 83, 84, 85, 86, 87, 88, 89, 90, 91, 92, 93, 94, 95, 96, 97, 98, 99, 100, 101, 102, 103, 104, 105, 106, 107, 108, 109, 110, 111, 112, 113, 114, 115, 116, 117, 118, 119, 120, 121, 122, 123, 124, 125, 126, 128, 129, 130, 131, 132, 133, 135, 137, 138, 139, 140, 141, 142, 143, 146, 147, 148, 149, 150, 151, 154, 155, 156, 157, 158, 159, 161, 163, 164, 165, 170, 171, 173, 175, 178, 179, 180, 184, 185, 186, 187, 189, 193, 194, 196, 197, 202, 204, 205, 206, 208, 210, 211, 212, 220, 221, 222, 224, 225, 226, 227, 237, 238, 241, 242, 247, 250, 260, 267, 268, 270, 278, 281, 282, 283, 286, 293, 294, 301, 302, 303, 307, 314, 315, 321, 323, 329, 331, 337, 339, 344, 352, 353, 364, 375, 397, 399, 402, 404, 410, 411, 413, 429, 434, 438, 440, 441, 446, 455, 457, 463, 465, 466, 473, 487, 491, 507, 509, 514, 524, 531, 540, 553, 596, 599, 608, 609, 640, 685, 690]"
hcci_140,AsCast,roi_140,VEGA3 XMH_SE_10000.0kV_20000.0x,256,3,0,0,770,1,"[1, 2, 3, 4, 5, 6, 7, 8, 9, 10, 11, 12, 13, 14, 15, 16, 17, 18, 19, 20, 21, 22, 23, 24, 25, 26, 27, 28, 29, 30, 31, 32, 33, 34, 35, 36, 37, 38, 39, 40, 41, 42, 43, 44, 45, 46, 47, 48, 49, 50, 51, 52, 53, 54, 55, 56, 57, 58, 59, 60, 61, 62, 63, 64, 65, 66, 67, 68, 69, 70, 71, 72, 73, 74, 75, 76, 77, 78, 79, 80, 81, 82, 83, 84, 85, 86, 87, 88, 89, 90, 91, 92, 93, 94, 95, 96, 97, 98, 99, 100, 101, 102, 103, 104, 105, 106, 109, 110, 111, 112, 113, 114, 115, 116, 117, 119, 121, 122, 123, 124, 126, 127, 129, 130, 131, 132, 133, 134, 135, 136, 137, 138, 139, 141, 143, 146, 147, 149, 151, 152, 153, 154, 156, 157, 158, 159, 162, 165, 167, 168, 172, 173, 176, 177, 181, 182, 183, 184, 185, 188, 190, 191, 192, 198, 201, 202, 203, 204, 207, 208, 209, 210, 213, 215, 216, 217, 220, 223, 226, 231, 234, 236, 239, 240, 242, 246, 247, 250, 251, 252, 253, 254, 255, 257, 258, 261, 262, 263, 264, 265, 267, 270, 272, 276, 277, 278, 279, 285, 288, 290, 296, 303, 306, 308, 311, 312, 314, 315, 321, 325, 328, 329, 334, 345, 356, 358, 365, 379, 381, 384, 385, 386, 387, 393, 394, 401, 405, 411, 416, 433, 435, 439, 445, 451, 462, 463, 475, 524, 543, 544, 545, 549, 552, 571, 723, 736]"
hcci_141,AsCast,roi_141,VEGA3 XMH_BSE_10000.0kV_20000.0x,256,3,0,0,770,1,"[1, 2, 3, 4, 5, 6, 7, 8, 9, 10, 11, 12, 13, 14, 15, 16, 17, 18, 19, 20, 21, 22, 23, 24, 25, 26, 27, 28, 29, 30, 31, 32, 33, 34, 35, 36, 37, 38, 39, 40, 41, 42, 43, 44, 45, 46, 47, 48, 49, 50, 51, 52, 53, 54, 55, 56, 57, 58, 59, 60, 61, 62, 63, 64, 65, 66, 67, 68, 69, 70, 71, 72, 73, 74, 75, 76, 77, 78, 79, 80, 81, 82, 83, 84, 85, 86, 87, 88, 89, 90, 91, 92, 93, 94, 95, 96, 97, 98, 99, 100, 101, 102, 103, 104, 105, 106, 107, 108, 109, 110, 111, 112, 113, 114, 115, 116, 117, 118, 119, 120, 121, 122, 123, 124, 125, 126, 127, 128, 129, 130, 131, 132, 133, 134, 135, 136, 137, 138, 139, 140, 141, 142, 143, 144, 145, 146, 147, 148, 149, 150, 151, 152, 153, 154, 155, 156, 157, 159, 160, 161, 162, 163, 165, 166, 167, 168, 170, 171, 172, 173, 174, 175, 176, 177, 178, 179, 180, 181, 182, 183, 184, 185, 186, 187, 188, 189, 190, 191, 192, 193, 194, 195, 196, 197, 198, 199, 200, 201, 202, 203, 204, 205, 206, 207, 208, 209, 211, 212, 213, 214, 215, 216, 219, 221, 223, 224, 225, 226, 227, 228, 229, 231, 232, 233, 236, 237, 241, 242, 245, 246, 248, 249, 250, 251, 252, 256, 263, 270, 275, 282, 284, 285, 290, 292, 293, 296, 298, 307, 319, 330, 336, 345, 361, 415, 423, 457]"
hcci_142,AsCast,roi_142,VEGA3 XMH_BSE_10000.0kV_20000.0x,256,3,0,0,770,1,"[1, 2, 3, 4, 5, 6, 7, 8, 9, 10, 11, 12, 13, 14, 15, 16, 17, 18, 19, 20, 21, 22, 23, 24, 25, 26, 27, 28, 29, 30, 31, 32, 33, 34, 35, 36, 37, 38, 39, 40, 41, 42, 43, 44, 45, 46, 47, 48, 49, 50, 51, 52, 53, 54, 55, 56, 57, 58, 59, 60, 61, 62, 63, 64, 65, 66, 67, 68, 69, 70, 71, 72, 73, 74, 75, 76, 77, 78, 79, 80, 81, 82, 83, 84, 85, 86, 87, 88, 89, 90, 91, 92, 93, 94, 95, 96, 97, 98, 99, 100, 101, 102, 103, 104, 105, 106, 107, 108, 109, 110, 111, 112, 113, 114, 115, 116, 117, 118, 119, 120, 121, 122, 123, 124, 125, 126, 127, 128, 129, 130, 131, 132, 133, 134, 135, 136, 137, 138, 139, 140, 141, 142, 143, 144, 145, 146, 147, 148, 149, 150, 151, 152, 153, 154, 155, 156, 157, 158, 159, 160, 161, 162, 163, 164, 165, 166, 167, 168, 169, 170, 171, 172, 173, 174, 175, 176, 177, 179, 180, 181, 182, 183, 184, 185, 186, 187, 188, 189, 191, 192, 194, 195, 196, 197, 198, 200, 201, 202, 203, 204, 205, 207, 210, 212, 214, 215, 216, 222, 224, 226, 228, 230, 231, 232, 233, 234, 236, 239, 240, 243, 250, 253, 254, 255, 258, 259, 260, 262, 267, 271, 276, 278, 280, 290, 292, 297, 303, 309, 315, 316, 319, 326, 336, 343, 350, 353, 354, 355, 364, 365, 370, 387, 418, 427, 475, 500]"
hcci_143,AsCast,roi_143,VEGA3 XMH_SE_20000.0kV_4000.0x,256,3,0,0,770,1,"[1, 2, 3, 4, 5, 6, 7, 8, 9, 10, 11, 12, 13, 14, 15, 16, 17, 18, 19, 20, 21, 22, 23, 24, 25, 26, 27, 28, 29, 30, 31, 32, 33, 34, 35, 36, 37, 38, 39, 40, 41, 42, 43, 44, 45, 46, 47, 48, 49, 50, 51, 52, 53, 54, 55, 56, 57, 58, 59, 60, 61, 62, 63, 64, 65, 66, 67, 68, 69, 70, 71, 72, 73, 74, 75, 76, 77, 78, 79, 80, 81, 82, 83, 84, 85, 86, 87, 88, 89, 90, 91, 92, 93, 94, 95, 96, 97, 98, 99, 100, 101, 102, 103, 104, 105, 106, 107, 108, 109, 110, 111, 112, 113, 114, 115, 116, 117, 118, 119, 120, 121, 122, 123, 124, 125, 126, 127, 128, 129, 130, 131, 132, 133, 134, 135, 136, 137, 138, 140, 141, 142, 143, 144, 145, 146, 147, 148, 149, 150, 151, 152, 153, 154, 155, 157, 158, 159, 162, 163, 164, 165, 166, 167, 168, 170, 172, 174, 176, 178, 179, 180, 181, 186, 188, 190, 191, 192, 194, 195, 196, 197, 199, 201, 202, 205, 208, 214, 215, 216, 217, 221, 223, 224, 227, 231, 236, 238, 243, 244, 246, 248, 249, 251, 257, 263, 264, 269, 270, 272, 277, 278, 281, 282, 285, 289, 298, 300, 304, 307, 324, 327, 333, 334, 335, 336, 343, 345, 347, 350, 364, 370, 376, 386, 389, 390, 392, 408, 415, 451, 466, 491, 492, 494, 499, 507, 523, 528, 572, 575, 612, 614, 637, 648, 687, 726, 745]"
hcci_144,AsCast,roi_144,VEGA3 XMH_SE_20000.0kV_4000.0x,256,3,0,0,770,1,"[1, 2, 3, 4, 5, 6, 7, 8, 9, 10, 11, 12, 13, 14, 15, 16, 17, 18, 19, 20, 21, 22, 23, 24, 25, 26, 27, 28, 29, 30, 31, 32, 33, 34, 35, 36, 37, 38, 39, 40, 41, 42, 43, 44, 45, 46, 47, 48, 49, 50, 51, 52, 53, 54, 55, 56, 57, 58, 59, 60, 61, 62, 63, 64, 65, 66, 67, 68, 69, 70, 71, 72, 73, 74, 75, 76, 77, 78, 79, 80, 81, 82, 83, 84, 85, 86, 87, 88, 89, 90, 91, 92, 93, 94, 95, 96, 97, 98, 99, 100, 101, 102, 103, 104, 105, 106, 107, 108, 109, 110, 111, 112, 113, 114, 115, 116, 117, 118, 119, 120, 121, 122, 123, 125, 126, 127, 128, 129, 132, 133, 136, 138, 141, 143, 146, 147, 148, 153, 162, 168, 177, 178, 182, 184, 196, 203, 204, 211, 212, 214, 215, 216, 217, 218, 220, 226, 229, 234, 240, 243, 250, 253, 256, 262, 263, 265, 266, 275, 277, 280, 283, 287, 289, 297, 298, 299, 300, 303, 313, 314, 315, 320, 322, 325, 327, 338, 341, 342, 344, 346, 354, 361, 362, 366, 367, 378, 389, 390, 394, 396, 405, 410, 417, 418, 424, 425, 431, 437, 442, 459, 467, 474, 478, 481, 482, 484, 485, 486, 487, 490, 491, 494, 495, 502, 505, 509, 514, 515, 520, 524, 525, 541, 543, 549, 551, 554, 558, 561, 562, 563, 577, 578, 580, 588, 591, 597, 599, 602, 619, 635, 639, 646, 650, 657, 670, 690]"
hcci_145,AsCast,roi_145,VEGA3 XMH_BSE_20000.0kV_4000.0x,256,3,0,0,770,1,"[1, 2, 3, 4, 5, 6, 7, 8, 9, 10, 11, 12, 13, 14, 15, 16, 17, 18, 19, 20, 21, 22, 23, 24, 25, 26, 27, 28, 29, 30, 31, 32, 33, 34, 35, 36, 37, 38, 39, 40, 41, 42, 43, 44, 45, 46, 47, 48, 49, 50, 51, 52, 53, 54, 55, 56, 57, 58, 59, 60, 61, 62, 63, 64, 65, 66, 67, 68, 69, 70, 71, 72, 73, 74, 75, 76, 77, 78, 79, 80, 81, 82, 83, 84, 85, 86, 87, 88, 89, 90, 91, 92, 93, 94, 95, 96, 97, 98, 99, 100, 101, 102, 103, 104, 105, 106, 107, 108, 109, 110, 111, 112, 113, 114, 115, 116, 117, 118, 120, 122, 123, 126, 127, 128, 129, 132, 133, 135, 136, 137, 138, 141, 142, 143, 144, 145, 146, 147, 148, 149, 150, 151, 152, 154, 155, 156, 157, 160, 161, 163, 164, 165, 166, 167, 168, 169, 171, 172, 173, 176, 177, 178, 179, 180, 182, 184, 185, 186, 187, 188, 189, 190, 193, 194, 195, 196, 197, 198, 200, 203, 204, 205, 206, 207, 209, 210, 211, 214, 216, 218, 219, 220, 225, 229, 230, 231, 235, 240, 241, 244, 248, 249, 250, 251, 257, 258, 260, 265, 267, 272, 273, 274, 276, 278, 279, 281, 285, 293, 306, 308, 310, 313, 314, 316, 317, 320, 324, 329, 330, 332, 336, 337, 352, 353, 379, 380, 383, 385, 411, 413, 418, 419, 421, 423, 427, 442, 451, 459, 475, 477, 501, 517, 528, 529, 569, 571]"
hcci_146,AsCast,roi_146,VEGA3 XMH_BSE_20000.0kV_4000.0x,256,3,0,0,770,1,"[1, 2, 3, 4, 5, 6, 7, 8, 9, 10, 11, 12, 13, 14, 15, 16, 17, 18, 19, 20, 21, 22, 23, 24, 25, 26, 27, 28, 29, 30, 31, 32, 33, 34, 35, 36, 37, 38, 39, 40, 41, 42, 43, 44, 45, 46, 47, 48, 49, 50, 51, 52, 53, 54, 55, 56, 57, 58, 59, 60, 61, 62, 63, 64, 65, 66, 67, 68, 69, 70, 71, 72, 73, 74, 75, 76, 77, 78, 79, 80, 81, 82, 83, 84, 85, 86, 87, 88, 89, 90, 91, 92, 93, 94, 95, 96, 97, 98, 99, 100, 101, 102, 103, 104, 105, 106, 107, 108, 109, 110, 111, 112, 113, 114, 115, 116, 117, 118, 119, 120, 121, 122, 123, 124, 125, 126, 127, 128, 129, 130, 131, 132, 133, 134, 135, 136, 137, 138, 139, 140, 141, 142, 143, 144, 145, 146, 147, 148, 149, 150, 151, 152, 153, 154, 155, 156, 157, 158, 159, 160, 161, 162, 163, 164, 165, 166, 167, 168, 170, 171, 172, 174, 175, 176, 177, 178, 179, 183, 185, 186, 188, 189, 190, 191, 195, 197, 198, 199, 200, 206, 208, 210, 211, 215, 219, 220, 221, 222, 224, 225, 233, 235, 236, 239, 240, 253, 254, 266, 267, 269, 270, 275, 279, 281, 286, 289, 291, 299, 303, 309, 325, 331, 332, 339, 341, 343, 346, 352, 353, 362, 370, 395, 398, 401, 406, 411, 415, 430, 432, 434, 441, 444, 459, 486, 490, 496, 510, 515, 519, 530, 534, 542, 556, 572, 575, 603]"
hcci_147,AsCast,roi_147,VEGA3 XMH_SE_20000.0kV_20000.0x,256,3,0,0,770,1,"[1, 2, 3, 4, 5, 6, 7, 8, 9, 10, 11, 12, 13, 14, 15, 16, 17, 18, 19, 20, 21, 22, 23, 24, 25, 26, 27, 28, 29, 30, 31, 32, 33, 34, 35, 36, 37, 38, 39, 40, 41, 42, 43, 44, 45, 46, 47, 48, 49, 50, 51, 52, 53, 54, 55, 56, 57, 58, 59, 60, 61, 62, 63, 64, 65, 66, 67, 68, 69, 70, 71, 72, 73, 74, 75, 76, 77, 78, 79, 81, 82, 83, 84, 85, 86, 87, 88, 89, 91, 92, 93, 94, 95, 96, 97, 98, 99, 101, 102, 103, 104, 105, 106, 107, 108, 110, 111, 112, 113, 114, 115, 116, 117, 118, 119, 120, 121, 122, 123, 124, 125, 126, 127, 128, 131, 132, 133, 134, 135, 136, 137, 139, 140, 141, 142, 143, 146, 147, 148, 149, 150, 152, 154, 155, 156, 157, 158, 162, 163, 164, 165, 167, 168, 169, 173, 174, 175, 176, 177, 178, 179, 180, 183, 184, 185, 186, 189, 190, 194, 196, 197, 198, 199, 200, 209, 211, 212, 217, 223, 225, 227, 230, 232, 233, 234, 235, 236, 238, 240, 241, 242, 245, 246, 249, 252, 256, 261, 262, 263, 270, 276, 280, 285, 290, 291, 293, 295, 301, 303, 308, 312, 314, 317, 321, 324, 325, 329, 332, 334, 335, 340, 350, 353, 354, 355, 356, 357, 361, 367, 370, 373, 374, 376, 385, 391, 395, 398, 401, 406, 420, 421, 422, 445, 450, 508, 529, 536, 540, 563, 567, 572, 585, 591, 629, 690, 708]"
hcci_148,AsCast,roi_148,VEGA3 XMH_SE_20000.0kV_20000.0x,256,3,0,0,770,1,"[1, 2, 3, 4, 5, 6, 7, 8, 9, 10, 11, 12, 13, 14, 15, 16, 17, 18, 19, 20, 21, 22, 23, 24, 25, 26, 27, 28, 29, 30, 31, 32, 33, 34, 35, 36, 37, 38, 39, 40, 41, 43, 44, 45, 46, 47, 48, 49, 50, 51, 52, 53, 54, 55, 56, 57, 58, 59, 60, 61, 62, 63, 64, 65, 66, 67, 68, 70, 71, 72, 73, 74, 75, 76, 78, 79, 80, 81, 82, 83, 86, 88, 90, 92, 93, 94, 95, 96, 97, 98, 99, 100, 102, 103, 104, 105, 106, 111, 113, 114, 116, 121, 123, 124, 125, 128, 129, 130, 134, 136, 137, 138, 140, 141, 142, 144, 145, 152, 153, 158, 159, 163, 164, 166, 167, 168, 171, 177, 178, 180, 182, 187, 188, 189, 191, 193, 194, 196, 199, 200, 202, 205, 207, 209, 215, 217, 219, 223, 226, 227, 228, 236, 237, 238, 239, 240, 241, 244, 246, 248, 254, 255, 261, 263, 265, 269, 270, 271, 273, 282, 283, 285, 286, 288, 291, 293, 297, 301, 305, 306, 307, 309, 310, 311, 317, 324, 326, 328, 330, 333, 341, 342, 343, 345, 346, 348, 355, 356, 357, 360, 363, 366, 369, 373, 376, 383, 384, 387, 396, 403, 405, 436, 438, 440, 441, 443, 449, 454, 455, 470, 471, 473, 476, 481, 490, 495, 498, 503, 516, 522, 537, 538, 546, 549, 550, 555, 556, 563, 567, 592, 595, 596, 602, 605, 609, 614, 618, 647, 653, 681, 687, 702, 708, 712, 735, 736]"
hcci_149,AsCast,roi_149,VEGA3 XMH_BSE_20000.0kV_20000.0x,256,3,0,0,770,1,"[1, 2, 3, 4, 5, 6, 7, 8, 9, 10, 11, 12, 13, 14, 15, 16, 17, 18, 19, 20, 21, 22, 23, 24, 25, 26, 27, 28, 29, 30, 31, 32, 33, 34, 35, 36, 37, 38, 39, 40, 41, 42, 43, 44, 45, 46, 47, 48, 49, 50, 51, 52, 53, 54, 55, 56, 57, 58, 59, 60, 61, 62, 63, 64, 65, 66, 67, 68, 69, 70, 71, 72, 73, 74, 75, 76, 77, 78, 79, 80, 81, 82, 83, 84, 85, 86, 87, 88, 89, 90, 91, 92, 93, 94, 95, 96, 97, 98, 99, 100, 101, 102, 103, 104, 105, 106, 107, 108, 109, 110, 111, 112, 113, 114, 115, 116, 117, 118, 119, 120, 121, 122, 123, 124, 125, 126, 127, 128, 129, 130, 131, 132, 133, 134, 135, 136, 137, 138, 139, 140, 141, 142, 143, 144, 145, 146, 147, 148, 149, 150, 151, 152, 153, 154, 155, 156, 157, 158, 159, 160, 161, 162, 163, 164, 165, 166, 167, 168, 169, 170, 171, 172, 173, 174, 175, 176, 177, 178, 179, 180, 181, 182, 183, 184, 185, 186, 187, 188, 190, 191, 192, 193, 198, 199, 200, 201, 203, 205, 207, 208, 209, 211, 212, 213, 215, 216, 218, 219, 220, 221, 223, 224, 225, 226, 228, 231, 233, 234, 235, 236, 238, 239, 240, 242, 243, 244, 249, 253, 254, 255, 256, 257, 258, 259, 261, 263, 264, 265, 266, 267, 272, 278, 284, 289, 293, 295, 305, 307, 337, 338, 371, 387, 430, 453, 504, 522]"
hcci_15,AsCast,roi_15,Helios G4 PFIB CXe_BSE_10000.0kV_1000.0x,256,3,0,0,770,1,"[1, 2, 3, 4, 5, 6, 7, 8, 9, 10, 11, 12, 13, 14, 15, 16, 17, 18, 19, 20, 21, 22, 23, 24, 25, 26, 27, 28, 29, 30, 31, 32, 33, 34, 35, 36, 37, 38, 39, 40, 41, 42, 43, 44, 45, 46, 47, 48, 49, 50, 51, 52, 53, 54, 55, 56, 57, 58, 59, 60, 61, 62, 63, 64, 65, 66, 67, 68, 69, 70, 71, 72, 73, 74, 75, 76, 77, 78, 79, 80, 81, 82, 83, 84, 85, 86, 87, 88, 89, 90, 91, 92, 93, 94, 95, 96, 97, 98, 99, 100, 101, 102, 103, 104, 105, 106, 107, 108, 109, 110, 111, 112, 113, 114, 115, 116, 117, 118, 119, 120, 121, 122, 123, 124, 125, 126, 127, 128, 129, 130, 131, 133, 134, 135, 136, 137, 138, 140, 141, 142, 143, 144, 145, 147, 148, 149, 150, 152, 153, 154, 155, 156, 157, 158, 160, 161, 162, 164, 165, 167, 168, 170, 171, 172, 173, 175, 176, 178, 179, 180, 181, 184, 186, 187, 188, 189, 194, 195, 199, 200, 201, 204, 205, 206, 209, 215, 218, 221, 224, 225, 226, 228, 231, 232, 235, 236, 238, 242, 244, 247, 249, 251, 253, 255, 259, 260, 262, 263, 269, 271, 272, 285, 286, 287, 290, 297, 299, 306, 308, 310, 311, 314, 326, 345, 347, 381, 384, 391, 398, 399, 401, 403, 405, 407, 417, 419, 421, 424, 427, 449, 457, 459, 460, 481, 482, 506, 509, 522, 523, 524, 573, 579, 583, 589, 606, 615]"
hcci_150,AsCast,roi_150,VEGA3 XMH_BSE_20000.0kV_20000.0x,256,3,0,0,770,1,"[1, 2, 3, 4, 5, 6, 7, 8, 9, 10, 11, 12, 13, 14, 15, 16, 17, 18, 19, 20, 21, 22, 23, 24, 25, 26, 27, 28, 29, 30, 31, 32, 33, 34, 35, 36, 37, 38, 39, 40, 41, 42, 43, 44, 45, 46, 47, 48, 49, 50, 51, 52, 53, 54, 55, 56, 57, 58, 59, 60, 61, 62, 63, 65, 66, 67, 68, 69, 70, 71, 72, 73, 74, 75, 76, 77, 79, 81, 82, 83, 84, 85, 86, 87, 88, 89, 90, 91, 92, 93, 94, 96, 97, 98, 99, 100, 102, 103, 105, 106, 107, 108, 109, 110, 111, 112, 113, 114, 115, 116, 117, 118, 119, 120, 121, 122, 123, 124, 125, 127, 128, 129, 130, 132, 133, 134, 135, 138, 139, 140, 141, 144, 145, 146, 148, 149, 150, 152, 154, 155, 156, 158, 159, 160, 161, 162, 163, 165, 166, 168, 170, 171, 172, 174, 177, 178, 182, 183, 184, 185, 186, 188, 189, 190, 192, 193, 194, 198, 199, 201, 202, 203, 204, 206, 210, 214, 216, 220, 221, 222, 223, 224, 225, 226, 228, 229, 230, 231, 232, 235, 236, 237, 238, 239, 241, 242, 243, 244, 245, 248, 249, 250, 251, 252, 253, 258, 260, 263, 264, 266, 267, 269, 273, 276, 278, 281, 283, 285, 288, 293, 301, 303, 306, 307, 311, 318, 321, 324, 325, 337, 342, 347, 348, 350, 352, 356, 360, 362, 367, 383, 394, 404, 409, 410, 425, 430, 448, 461, 481, 520, 524, 527, 533, 535, 537, 545]"
hcci_151,Q980_0h_WC,roi_151,VEGA3 XMH_SE_5000.0kV_4000.0x,254,3,0,0,770,1,"[1, 3, 7, 8, 10, 11, 15, 16, 25, 35, 39, 44, 48, 50, 62, 67, 73, 74, 77, 78, 80, 81, 82, 83, 84, 85, 88, 89, 90, 93, 98, 100, 101, 103, 104, 105, 106, 107, 108, 109, 112, 113, 114, 115, 116, 117, 121, 122, 123, 125, 126, 127, 130, 132, 137, 138, 140, 141, 143, 144, 145, 146, 147, 148, 149, 150, 151, 153, 154, 155, 156, 159, 162, 163, 166, 170, 172, 173, 175, 181, 183, 184, 185, 188, 191, 197, 198, 202, 203, 204, 205, 206, 208, 209, 213, 214, 217, 218, 219, 224, 226, 227, 228, 229, 231, 232, 235, 238, 239, 241, 243, 244, 245, 246, 247, 249, 251, 252, 253, 255, 258, 260, 261, 262, 266, 267, 270, 272, 275, 278, 279, 281, 288, 290, 291, 292, 294, 301, 306, 310, 312, 313, 314, 315, 318, 319, 322, 324, 328, 339, 342, 343, 346, 350, 357, 358, 360, 361, 363, 365, 371, 373, 374, 384, 391, 417, 426, 432, 438, 441, 443, 459, 467, 493, 501, 502, 506, 507, 512, 517, 520, 522, 529, 535, 538, 540, 541, 543, 548, 556, 570, 578, 585, 586, 591, 597, 600, 601, 610, 612, 627, 635, 636, 637, 638, 639, 640, 643, 646, 656, 661, 666, 673, 674, 676, 678, 683, 685, 687, 692, 695, 698, 699, 701, 704, 706, 713, 714, 720, 721, 723, 725, 727, 733, 735, 737, 742, 743, 745, 747, 751, 752, 757, 758, 759, 760, 761, 764, 765, 766, 767, 768, 769, 770]"
hcci_152,Q980_0h_WC,roi_152,VEGA3 XMH_SE_5000.0kV_4000.0x,254,3,0,0,770,1,"[1, 2, 4, 6, 7, 11, 12, 13, 14, 15, 16, 19, 20, 21, 22, 24, 25, 26, 28, 29, 31, 33, 34, 35, 37, 39, 41, 42, 45, 48, 50, 51, 53, 54, 56, 57, 58, 59, 62, 63, 66, 69, 71, 72, 73, 74, 75, 76, 77, 78, 79, 82, 83, 86, 88, 89, 92, 94, 96, 97, 99, 100, 102, 103, 106, 107, 111, 112, 113, 114, 115, 118, 120, 122, 123, 125, 127, 129, 130, 131, 132, 133, 135, 137, 140, 141, 142, 146, 148, 160, 166, 167, 168, 170, 171, 173, 175, 176, 179, 180, 182, 185, 188, 189, 190, 191, 194, 199, 201, 203, 205, 207, 211, 219, 225, 232, 234, 235, 240, 241, 242, 243, 245, 255, 260, 263, 268, 271, 273, 274, 277, 278, 286, 290, 293, 294, 296, 297, 299, 301, 307, 309, 314, 317, 321, 324, 326, 329, 333, 334, 335, 341, 346, 355, 356, 358, 361, 365, 377, 383, 390, 396, 402, 406, 413, 420, 421, 425, 433, 434, 448, 463, 472, 475, 480, 481, 482, 487, 489, 494, 495, 508, 511, 512, 513, 520, 529, 534, 535, 554, 561, 567, 568, 572, 573, 576, 598, 607, 610, 614, 615, 617, 621, 622, 630, 640, 650, 651, 666, 669, 670, 671, 673, 689, 694, 696, 698, 705, 710, 712, 713, 716, 717, 722, 727, 728, 729, 730, 733, 739, 740, 742, 743, 744, 747, 748, 749, 751, 753, 754, 755, 756, 758, 759, 760, 761, 763, 764, 765, 766, 767, 768, 769, 770]"
hcci_153,Q980_0h_WC,roi_153,VEGA3 XMH_BSE_5000.0kV_4000.0x,254,3,0,0,770,1,"[1, 2, 4, 5, 6, 7, 9, 10, 12, 13, 14, 17, 18, 21, 24, 25, 26, 29, 30, 33, 34, 36, 40, 43, 44, 46, 48, 50, 51, 52, 53, 56, 58, 60, 62, 63, 65, 69, 70, 71, 72, 73, 75, 76, 77, 79, 80, 81, 83, 88, 89, 90, 91, 95, 97, 99, 104, 106, 107, 112, 113, 114, 116, 118, 119, 121, 122, 123, 125, 126, 127, 129, 131, 132, 133, 135, 138, 139, 141, 143, 144, 147, 152, 157, 159, 162, 165, 168, 173, 175, 180, 182, 185, 189, 193, 195, 196, 198, 202, 205, 207, 213, 215, 218, 222, 223, 226, 234, 240, 245, 246, 253, 255, 256, 261, 267, 270, 271, 275, 282, 286, 287, 291, 292, 294, 295, 296, 297, 299, 303, 307, 311, 316, 319, 320, 325, 330, 331, 332, 335, 341, 345, 346, 348, 358, 359, 364, 367, 368, 370, 377, 380, 386, 391, 394, 402, 409, 414, 423, 427, 438, 444, 449, 452, 453, 460, 466, 473, 476, 487, 489, 492, 496, 497, 498, 499, 501, 504, 508, 510, 513, 515, 517, 519, 521, 522, 524, 527, 535, 543, 549, 556, 559, 573, 575, 577, 582, 584, 589, 593, 600, 605, 609, 618, 626, 631, 636, 637, 638, 641, 643, 644, 646, 650, 655, 659, 661, 664, 671, 672, 677, 681, 684, 686, 688, 697, 699, 700, 705, 716, 719, 721, 723, 726, 727, 730, 731, 736, 738, 745, 746, 751, 752, 755, 759, 760, 763, 764, 765, 766, 767, 768, 769, 770]"
hcci_154,Q980_0h_WC,roi_154,VEGA3 XMH_BSE_5000.0kV_4000.0x,254,3,0,0,770,1,"[1, 2, 3, 4, 5, 6, 8, 10, 11, 12, 13, 15, 16, 17, 19, 20, 22, 26, 28, 29, 30, 31, 32, 33, 34, 36, 37, 39, 40, 41, 42, 43, 44, 47, 49, 51, 53, 54, 56, 57, 58, 59, 61, 62, 63, 64, 65, 66, 69, 70, 71, 73, 75, 76, 77, 79, 81, 82, 84, 85, 93, 95, 96, 97, 98, 100, 101, 103, 104, 105, 107, 109, 110, 111, 114, 115, 116, 117, 121, 123, 124, 125, 130, 131, 135, 136, 139, 142, 144, 148, 151, 153, 155, 161, 162, 164, 167, 171, 174, 177, 181, 182, 183, 185, 186, 187, 188, 197, 198, 200, 209, 212, 214, 218, 221, 222, 225, 229, 233, 236, 247, 260, 265, 268, 269, 270, 278, 282, 288, 302, 305, 309, 314, 315, 320, 322, 323, 330, 340, 343, 345, 349, 351, 356, 359, 365, 367, 375, 376, 378, 379, 380, 382, 386, 392, 399, 412, 413, 414, 415, 419, 429, 438, 439, 440, 444, 450, 453, 461, 464, 467, 474, 481, 482, 484, 485, 490, 491, 504, 508, 510, 512, 545, 549, 550, 551, 553, 554, 562, 572, 575, 579, 582, 584, 587, 600, 605, 609, 618, 624, 625, 629, 633, 637, 639, 640, 648, 649, 651, 652, 657, 674, 675, 677, 680, 682, 687, 689, 691, 700, 703, 709, 712, 717, 720, 723, 726, 728, 734, 735, 736, 742, 745, 746, 747, 748, 749, 750, 752, 753, 754, 755, 756, 758, 760, 762, 763, 764, 765, 766, 767, 768, 769, 770]"
hcci_156,Q980_0h_WC,roi_156,VEGA3 XMH_SE_5000.0kV_20000.0x,255,2,0,0,771,1,"[1, 2, 3, 4, 5, 6, 7, 8, 9, 10, 11, 12, 13, 14, 15, 16, 17, 18, 19, 20, 21, 22, 23, 24, 25, 26, 27, 28, 29, 30, 31, 32, 33, 34, 35, 36, 37, 38, 39, 40, 41, 43, 44, 45, 46, 47, 48, 49, 50, 52, 53, 54, 55, 58, 59, 61, 63, 64, 65, 68, 69, 70, 72, 73, 74, 75, 76, 77, 78, 79, 80, 81, 83, 84, 90, 91, 96, 97, 98, 99, 100, 104, 107, 110, 111, 112, 117, 123, 124, 125, 135, 138, 142, 147, 150, 156, 162, 163, 166, 170, 175, 178, 183, 184, 185, 187, 189, 197, 205, 218, 220, 222, 223, 229, 230, 234, 236, 243, 246, 252, 256, 258, 265, 270, 274, 278, 279, 298, 299, 303, 310, 316, 317, 320, 331, 336, 345, 350, 353, 354, 355, 359, 366, 372, 373, 374, 384, 387, 391, 394, 399, 401, 406, 408, 412, 414, 418, 422, 431, 447, 451, 453, 458, 463, 464, 466, 477, 479, 485, 486, 498, 505, 506, 508, 511, 514, 520, 524, 526, 531, 533, 534, 536, 538, 546, 551, 554, 556, 557, 561, 565, 571, 574, 575, 581, 582, 586, 590, 592, 594, 598, 601, 604, 605, 610, 611, 622, 626, 628, 632, 636, 639, 640, 649, 653, 656, 657, 659, 660, 662, 664, 666, 667, 669, 670, 671, 672, 674, 676, 681, 684, 686, 689, 698, 700, 704, 710, 712, 716, 719, 720, 721, 727, 728, 736, 737, 739, 749, 751, 753, 761, 763, 764, 769, 771]"
hcci_157,Q980_0h_WC,roi_157,VEGA3 XMH_BSE_5000.0kV_20000.0x,254,3,0,0,770,1,"[1, 2, 3, 4, 5, 6, 7, 8, 9, 10, 11, 12, 13, 14, 15, 16, 17, 18, 19, 20, 21, 22, 23, 25, 26, 28, 29, 30, 31, 33, 34, 35, 37, 38, 39, 41, 43, 46, 47, 48, 49, 53, 57, 58, 59, 61, 62, 64, 65, 69, 72, 73, 76, 84, 89, 91, 92, 93, 97, 98, 102, 114, 119, 120, 121, 123, 131, 135, 138, 146, 152, 153, 156, 158, 159, 160, 161, 165, 166, 173, 177, 181, 182, 187, 191, 204, 208, 209, 211, 212, 215, 221, 233, 238, 239, 240, 248, 251, 253, 254, 256, 258, 266, 269, 271, 274, 275, 276, 277, 278, 284, 285, 286, 287, 292, 295, 298, 311, 312, 313, 317, 319, 322, 323, 327, 335, 337, 338, 342, 343, 344, 357, 359, 370, 372, 373, 380, 381, 382, 383, 384, 386, 390, 391, 392, 393, 394, 395, 396, 397, 398, 401, 402, 403, 410, 412, 415, 417, 420, 423, 429, 430, 431, 432, 438, 439, 452, 455, 456, 459, 460, 464, 468, 472, 476, 478, 481, 482, 483, 484, 488, 491, 493, 499, 502, 508, 516, 520, 526, 528, 530, 531, 541, 542, 546, 553, 556, 562, 571, 573, 574, 578, 580, 581, 584, 586, 601, 603, 610, 613, 617, 619, 621, 622, 630, 631, 633, 634, 636, 641, 645, 647, 650, 651, 652, 655, 659, 660, 662, 667, 675, 676, 677, 678, 680, 689, 690, 699, 700, 701, 704, 709, 719, 729, 730, 739, 741, 743, 747, 749, 752, 754, 757, 764]"
hcci_158,Q980_0h_WC,roi_158,VEGA3 XMH_BSE_5000.0kV_20000.0x,254,3,0,0,770,1,"[1, 2, 3, 4, 5, 6, 7, 8, 9, 10, 11, 12, 13, 14, 15, 16, 18, 19, 20, 24, 25, 26, 27, 29, 31, 32, 33, 34, 36, 38, 39, 40, 41, 43, 44, 46, 47, 48, 49, 52, 57, 60, 61, 62, 66, 67, 68, 69, 71, 73, 76, 77, 85, 88, 89, 90, 91, 94, 97, 99, 101, 103, 111, 113, 115, 116, 118, 127, 133, 137, 139, 140, 141, 147, 149, 150, 151, 156, 161, 163, 166, 167, 169, 170, 173, 176, 181, 184, 186, 188, 191, 195, 201, 204, 220, 221, 224, 229, 234, 236, 237, 240, 243, 244, 246, 249, 253, 254, 259, 260, 263, 267, 268, 271, 272, 283, 284, 286, 288, 291, 292, 296, 297, 300, 307, 309, 311, 325, 327, 332, 337, 342, 363, 367, 373, 377, 380, 383, 384, 385, 386, 388, 399, 404, 406, 408, 409, 413, 417, 422, 424, 425, 426, 427, 428, 430, 437, 439, 442, 444, 452, 456, 472, 478, 482, 486, 487, 490, 491, 492, 493, 494, 499, 500, 501, 502, 504, 505, 507, 511, 522, 523, 524, 525, 528, 530, 531, 533, 536, 537, 542, 543, 545, 548, 549, 550, 553, 555, 556, 557, 560, 567, 568, 570, 573, 574, 576, 578, 585, 586, 588, 590, 597, 599, 600, 601, 604, 605, 609, 617, 619, 620, 622, 625, 632, 640, 643, 645, 651, 653, 661, 664, 667, 671, 672, 674, 676, 677, 685, 686, 692, 693, 694, 698, 701, 713, 726, 735, 738, 748, 755, 756, 764, 767]"
hcci_159,Q980_0h_WC,roi_159,VEGA3 XMH_SE_10000.0kV_4000.0x,254,3,0,0,770,1,"[1, 2, 3, 4, 5, 6, 7, 8, 9, 10, 11, 13, 17, 18, 19, 20, 23, 25, 27, 28, 29, 30, 32, 34, 38, 39, 42, 43, 44, 50, 51, 56, 61, 62, 63, 66, 69, 70, 71, 72, 75, 77, 78, 80, 82, 83, 87, 88, 92, 94, 96, 98, 102, 103, 104, 107, 113, 115, 116, 118, 119, 121, 123, 125, 128, 129, 131, 134, 136, 139, 143, 146, 150, 151, 154, 155, 159, 161, 162, 163, 164, 165, 167, 169, 172, 176, 177, 180, 183, 185, 188, 192, 193, 194, 196, 197, 199, 200, 202, 203, 205, 206, 209, 211, 214, 215, 216, 218, 220, 221, 222, 223, 225, 227, 230, 232, 234, 240, 245, 248, 250, 251, 253, 255, 260, 262, 263, 264, 268, 269, 272, 274, 275, 276, 279, 280, 284, 289, 290, 291, 292, 297, 298, 302, 303, 313, 318, 319, 323, 325, 326, 329, 333, 339, 340, 347, 354, 358, 359, 361, 379, 380, 383, 392, 398, 403, 405, 408, 410, 433, 437, 441, 442, 453, 456, 473, 485, 492, 494, 497, 502, 506, 510, 512, 518, 520, 524, 525, 528, 530, 532, 533, 541, 545, 552, 554, 563, 564, 566, 568, 570, 571, 575, 581, 585, 595, 599, 600, 602, 604, 610, 614, 615, 618, 619, 620, 627, 633, 640, 642, 649, 650, 654, 664, 665, 666, 669, 674, 675, 687, 695, 696, 698, 702, 704, 709, 710, 715, 724, 729, 731, 732, 745, 754, 757, 758, 760, 761, 762, 764, 766, 768, 769, 770]"
hcci_16,AsCast,roi_16,Helios G4 PFIB CXe_BSE_10000.0kV_1000.0x,256,3,0,0,770,1,"[1, 2, 3, 4, 5, 6, 7, 8, 9, 10, 11, 12, 13, 14, 15, 16, 17, 18, 19, 20, 21, 22, 23, 24, 25, 26, 27, 28, 29, 30, 31, 32, 33, 34, 35, 36, 37, 38, 39, 40, 41, 42, 43, 44, 45, 46, 47, 48, 49, 50, 51, 52, 53, 54, 55, 56, 57, 58, 59, 60, 61, 62, 63, 64, 65, 66, 67, 68, 69, 70, 71, 72, 73, 74, 75, 76, 77, 78, 79, 80, 81, 82, 83, 84, 85, 86, 87, 88, 89, 90, 91, 92, 93, 94, 95, 96, 97, 98, 99, 100, 101, 102, 103, 104, 105, 106, 107, 108, 109, 110, 111, 112, 113, 114, 115, 116, 117, 118, 119, 120, 121, 122, 123, 124, 125, 126, 127, 128, 129, 130, 131, 132, 133, 134, 135, 136, 138, 139, 140, 141, 142, 144, 145, 146, 147, 148, 149, 150, 151, 152, 153, 154, 155, 156, 157, 158, 159, 160, 162, 165, 167, 168, 169, 170, 172, 174, 176, 177, 178, 179, 180, 181, 183, 184, 185, 186, 188, 189, 190, 191, 193, 196, 198, 201, 204, 205, 207, 210, 212, 219, 222, 225, 231, 232, 238, 240, 243, 244, 245, 246, 256, 257, 264, 271, 273, 277, 278, 290, 292, 294, 297, 302, 303, 310, 314, 317, 318, 327, 329, 337, 345, 346, 369, 371, 378, 381, 385, 387, 394, 395, 396, 404, 405, 407, 409, 413, 422, 425, 434, 435, 456, 460, 468, 472, 475, 486, 487, 502, 511, 514, 521, 523, 526, 546, 551, 554]"
hcci_160,Q980_0h_WC,roi_160,VEGA3 XMH_SE_10000.0kV_4000.0x,254,3,0,0,770,1,"[1, 2, 3, 6, 8, 9, 11, 12, 13, 14, 15, 17, 18, 22, 23, 25, 26, 28, 29, 30, 31, 33, 34, 36, 37, 39, 43, 45, 46, 47, 49, 51, 53, 54, 55, 57, 58, 59, 60, 64, 65, 66, 68, 69, 70, 72, 73, 74, 76, 78, 79, 81, 83, 84, 86, 88, 94, 97, 98, 99, 100, 101, 102, 103, 105, 107, 108, 109, 111, 112, 115, 117, 118, 120, 122, 123, 125, 127, 128, 129, 130, 131, 134, 137, 140, 141, 143, 144, 147, 154, 156, 157, 163, 167, 168, 170, 171, 178, 183, 184, 189, 190, 193, 194, 196, 198, 202, 210, 214, 221, 222, 224, 228, 230, 232, 233, 235, 246, 249, 250, 252, 253, 256, 259, 260, 262, 263, 270, 271, 278, 280, 284, 288, 289, 291, 293, 296, 301, 302, 304, 308, 312, 314, 319, 327, 333, 336, 350, 353, 355, 358, 362, 366, 370, 372, 376, 378, 380, 382, 389, 394, 399, 427, 428, 432, 438, 440, 448, 450, 454, 460, 461, 466, 473, 476, 485, 486, 487, 489, 496, 505, 507, 511, 514, 516, 520, 528, 532, 534, 541, 552, 564, 572, 577, 579, 588, 594, 595, 601, 609, 614, 616, 621, 625, 627, 635, 636, 644, 646, 647, 650, 666, 669, 678, 685, 688, 691, 693, 701, 708, 713, 714, 715, 716, 718, 719, 720, 722, 723, 725, 729, 730, 731, 737, 738, 740, 744, 745, 746, 747, 752, 754, 756, 757, 759, 761, 762, 764, 765, 766, 767, 768, 769, 770]"
hcci_161,Q980_0h_WC,roi_161,VEGA3 XMH_BSE_10000.0kV_4000.0x,254,3,0,0,770,1,"[1, 2, 3, 4, 5, 6, 7, 8, 9, 10, 11, 12, 13, 14, 15, 16, 17, 18, 19, 20, 21, 22, 24, 25, 26, 27, 28, 30, 31, 34, 36, 39, 41, 43, 45, 46, 52, 53, 57, 59, 60, 62, 64, 67, 69, 70, 71, 73, 75, 78, 80, 82, 87, 88, 90, 92, 93, 94, 96, 97, 98, 99, 101, 102, 103, 104, 106, 107, 108, 110, 116, 119, 122, 125, 127, 128, 129, 131, 137, 140, 143, 148, 150, 151, 156, 163, 166, 171, 177, 178, 180, 188, 189, 190, 191, 194, 195, 197, 201, 212, 213, 215, 223, 231, 235, 238, 240, 241, 242, 243, 251, 253, 256, 264, 269, 275, 276, 278, 279, 282, 283, 288, 291, 297, 300, 301, 303, 307, 308, 310, 312, 315, 318, 319, 321, 322, 324, 328, 334, 337, 343, 344, 345, 350, 353, 355, 358, 362, 371, 372, 373, 374, 378, 383, 384, 385, 391, 392, 409, 415, 416, 420, 422, 428, 433, 445, 446, 453, 454, 460, 463, 464, 466, 467, 474, 480, 482, 484, 487, 488, 500, 505, 510, 513, 526, 532, 535, 543, 548, 555, 558, 577, 587, 594, 603, 606, 607, 613, 619, 622, 624, 627, 629, 637, 642, 648, 649, 655, 658, 660, 664, 667, 671, 674, 675, 676, 677, 679, 682, 686, 689, 690, 699, 701, 705, 706, 707, 712, 713, 716, 719, 721, 734, 735, 738, 739, 743, 744, 746, 749, 750, 751, 752, 753, 755, 757, 763, 764, 765, 766, 767, 768, 769, 770]"
hcci_162,Q980_0h_WC,roi_162,VEGA3 XMH_BSE_10000.0kV_4000.0x,254,3,0,0,770,1,"[1, 2, 3, 4, 5, 6, 7, 8, 9, 10, 11, 12, 13, 14, 16, 17, 18, 19, 21, 23, 24, 25, 26, 27, 28, 30, 31, 32, 34, 39, 40, 42, 44, 46, 48, 49, 50, 51, 52, 54, 58, 59, 65, 67, 71, 73, 77, 87, 90, 91, 92, 94, 95, 97, 98, 101, 104, 106, 109, 110, 111, 118, 120, 121, 122, 123, 125, 127, 131, 137, 139, 141, 142, 145, 149, 150, 151, 154, 155, 157, 158, 159, 163, 165, 169, 170, 171, 175, 177, 179, 184, 188, 189, 190, 191, 192, 194, 196, 203, 206, 207, 208, 210, 212, 214, 222, 224, 225, 229, 231, 235, 239, 244, 257, 261, 262, 263, 265, 268, 276, 277, 283, 285, 287, 288, 290, 302, 304, 308, 314, 320, 321, 322, 325, 332, 337, 340, 343, 348, 350, 351, 363, 364, 365, 368, 371, 374, 380, 382, 384, 385, 391, 396, 409, 413, 421, 435, 438, 439, 440, 442, 446, 450, 452, 461, 462, 466, 469, 471, 472, 477, 478, 487, 501, 513, 515, 516, 520, 522, 525, 527, 529, 530, 536, 551, 562, 577, 579, 580, 582, 589, 591, 604, 606, 619, 627, 631, 632, 633, 635, 638, 645, 655, 657, 660, 661, 666, 668, 669, 675, 677, 679, 682, 687, 695, 696, 697, 698, 699, 706, 707, 719, 723, 726, 729, 731, 734, 737, 739, 740, 743, 744, 745, 746, 747, 748, 749, 750, 752, 753, 754, 756, 759, 760, 761, 762, 763, 764, 765, 766, 767, 768, 769, 770]"
hcci_163,Q980_0h_WC,roi_163,VEGA3 XMH_SE_10000.0kV_20000.0x,254,3,0,0,770,1,"[1, 2, 3, 4, 5, 6, 7, 8, 9, 10, 11, 12, 13, 14, 15, 16, 17, 18, 19, 20, 21, 22, 23, 24, 25, 26, 27, 28, 29, 30, 31, 32, 33, 34, 35, 36, 39, 40, 41, 42, 44, 45, 47, 50, 51, 52, 55, 57, 58, 61, 62, 63, 64, 67, 68, 69, 72, 73, 75, 79, 82, 85, 87, 89, 93, 94, 96, 100, 101, 102, 103, 104, 105, 106, 112, 119, 121, 123, 124, 125, 126, 128, 130, 131, 141, 143, 144, 148, 154, 156, 159, 177, 179, 187, 190, 192, 195, 197, 203, 208, 218, 223, 225, 231, 232, 235, 236, 243, 249, 253, 261, 263, 267, 271, 283, 288, 293, 298, 299, 300, 301, 302, 305, 307, 311, 316, 319, 321, 328, 331, 335, 341, 345, 346, 349, 350, 353, 356, 359, 365, 369, 377, 386, 389, 390, 398, 402, 404, 405, 410, 422, 425, 426, 448, 459, 462, 463, 471, 485, 486, 487, 490, 491, 494, 495, 507, 509, 513, 514, 515, 525, 534, 535, 536, 537, 538, 542, 543, 546, 548, 552, 555, 557, 559, 560, 566, 568, 569, 571, 573, 576, 580, 595, 597, 599, 602, 603, 605, 606, 607, 608, 609, 611, 613, 615, 616, 621, 622, 623, 624, 631, 632, 634, 642, 645, 646, 657, 658, 661, 666, 667, 668, 669, 674, 675, 678, 679, 682, 689, 704, 717, 720, 727, 728, 729, 732, 736, 739, 743, 744, 746, 751, 752, 754, 755, 757, 758, 760, 763, 765, 766, 767, 768, 770]"
hcci_164,Q980_0h_WC,roi_164,VEGA3 XMH_SE_10000.0kV_20000.0x,254,3,0,0,770,1,"[1, 2, 3, 4, 5, 6, 7, 8, 9, 10, 11, 12, 13, 14, 15, 16, 17, 18, 19, 20, 21, 22, 23, 24, 25, 26, 27, 28, 29, 30, 31, 32, 33, 34, 35, 36, 37, 38, 40, 41, 42, 43, 44, 45, 47, 48, 49, 50, 52, 55, 56, 58, 59, 60, 61, 62, 63, 64, 66, 70, 71, 74, 75, 76, 77, 79, 81, 85, 86, 88, 96, 98, 99, 102, 103, 104, 109, 111, 117, 119, 121, 123, 124, 126, 127, 132, 138, 139, 140, 145, 146, 147, 150, 154, 156, 163, 169, 175, 179, 183, 192, 198, 199, 209, 219, 225, 226, 228, 236, 244, 248, 259, 270, 278, 280, 284, 288, 291, 293, 296, 300, 301, 303, 309, 314, 315, 320, 327, 328, 330, 333, 337, 340, 345, 349, 355, 356, 359, 360, 363, 365, 367, 372, 387, 388, 390, 391, 392, 400, 403, 411, 414, 417, 425, 430, 435, 438, 439, 446, 449, 456, 461, 468, 481, 483, 486, 488, 492, 497, 502, 503, 504, 506, 507, 508, 510, 514, 528, 529, 533, 534, 538, 541, 551, 552, 553, 556, 557, 560, 567, 570, 571, 575, 582, 585, 593, 594, 595, 601, 603, 604, 608, 611, 619, 621, 622, 626, 629, 631, 634, 636, 641, 642, 644, 646, 649, 652, 655, 656, 659, 661, 662, 664, 672, 675, 677, 680, 681, 684, 687, 692, 693, 695, 696, 699, 701, 702, 703, 705, 707, 712, 714, 715, 739, 740, 743, 747, 749, 753, 754, 758, 765, 768, 769]"
hcci_165,Q980_0h_WC,roi_165,VEGA3 XMH_BSE_10000.0kV_20000.0x,254,3,0,0,770,1,"[1, 2, 3, 4, 5, 6, 7, 8, 9, 10, 11, 12, 13, 14, 15, 16, 17, 18, 19, 20, 21, 22, 23, 24, 25, 26, 27, 28, 29, 30, 31, 32, 33, 34, 35, 36, 37, 38, 40, 41, 42, 43, 44, 46, 47, 49, 50, 51, 52, 54, 57, 59, 60, 62, 63, 64, 65, 66, 67, 70, 71, 75, 77, 79, 91, 93, 95, 97, 98, 99, 110, 116, 117, 126, 128, 131, 133, 135, 139, 142, 143, 146, 147, 153, 158, 160, 165, 166, 168, 172, 173, 176, 179, 184, 186, 187, 188, 191, 196, 200, 205, 207, 208, 209, 214, 226, 227, 230, 234, 237, 247, 248, 250, 251, 252, 253, 262, 266, 267, 270, 271, 273, 274, 281, 285, 286, 295, 301, 302, 306, 307, 312, 315, 318, 320, 325, 342, 343, 350, 353, 354, 359, 361, 367, 372, 375, 376, 382, 396, 404, 405, 407, 408, 410, 411, 412, 413, 417, 418, 419, 425, 427, 429, 430, 432, 433, 438, 454, 455, 456, 457, 468, 474, 475, 478, 482, 487, 488, 491, 497, 500, 506, 509, 515, 519, 526, 529, 535, 536, 540, 547, 550, 564, 568, 570, 573, 578, 582, 583, 589, 591, 596, 600, 605, 609, 612, 614, 617, 624, 625, 627, 631, 635, 647, 654, 666, 667, 675, 676, 677, 679, 686, 688, 690, 691, 693, 694, 699, 701, 704, 708, 710, 712, 714, 719, 721, 724, 725, 728, 729, 732, 733, 736, 738, 740, 743, 744, 745, 746, 748, 754, 759, 761, 765]"
hcci_166,Q980_0h_WC,roi_166,VEGA3 XMH_BSE_10000.0kV_20000.0x,254,3,0,0,770,1,"[1, 2, 3, 4, 5, 6, 7, 8, 9, 10, 11, 12, 13, 14, 15, 16, 17, 18, 19, 20, 21, 22, 23, 24, 25, 26, 27, 28, 29, 30, 31, 32, 33, 34, 35, 36, 37, 38, 39, 40, 41, 42, 43, 45, 46, 48, 49, 51, 52, 55, 60, 61, 64, 65, 66, 73, 74, 77, 82, 102, 104, 106, 108, 112, 113, 115, 118, 119, 120, 122, 123, 125, 126, 130, 133, 134, 139, 146, 148, 150, 152, 154, 155, 162, 163, 167, 168, 169, 172, 174, 176, 181, 184, 185, 189, 194, 200, 204, 205, 210, 215, 218, 219, 225, 228, 230, 234, 238, 243, 251, 252, 255, 260, 262, 263, 264, 267, 273, 275, 279, 282, 283, 285, 287, 290, 292, 293, 294, 301, 302, 303, 305, 306, 311, 312, 314, 320, 321, 322, 323, 326, 328, 330, 332, 333, 335, 336, 337, 341, 351, 358, 359, 364, 369, 370, 371, 377, 380, 382, 383, 385, 387, 388, 390, 391, 401, 412, 413, 414, 415, 416, 417, 424, 426, 433, 436, 439, 442, 443, 457, 462, 465, 466, 469, 471, 474, 478, 479, 482, 486, 490, 496, 507, 518, 524, 526, 531, 532, 539, 540, 553, 554, 567, 575, 577, 589, 597, 600, 612, 620, 621, 622, 623, 626, 637, 646, 649, 652, 654, 661, 665, 670, 677, 681, 688, 691, 694, 695, 697, 698, 701, 703, 704, 705, 707, 711, 716, 722, 723, 727, 728, 732, 734, 736, 740, 741, 742, 744, 748, 750, 752, 753, 758, 766]"
hcci_167,Q980_0h_WC,roi_167,VEGA3 XMH_SE_20000.0kV_4000.0x,254,3,0,0,770,1,"[1, 2, 3, 4, 5, 6, 7, 8, 9, 10, 11, 12, 13, 14, 15, 16, 17, 18, 19, 20, 21, 22, 23, 24, 25, 26, 27, 28, 29, 30, 31, 32, 33, 34, 35, 36, 37, 38, 39, 40, 41, 42, 44, 45, 46, 47, 48, 49, 51, 53, 54, 55, 56, 57, 59, 62, 63, 64, 66, 68, 69, 71, 72, 74, 75, 76, 77, 78, 80, 82, 83, 84, 87, 88, 89, 90, 93, 96, 97, 98, 99, 105, 107, 109, 115, 119, 121, 125, 128, 131, 148, 152, 155, 164, 166, 168, 171, 173, 177, 178, 180, 183, 184, 189, 193, 197, 201, 204, 210, 211, 214, 219, 220, 222, 225, 228, 232, 233, 239, 245, 246, 247, 249, 252, 253, 254, 255, 256, 258, 260, 263, 269, 270, 272, 273, 274, 275, 277, 279, 280, 281, 282, 285, 289, 292, 299, 306, 308, 312, 315, 316, 317, 324, 331, 336, 337, 338, 340, 344, 348, 351, 352, 354, 360, 361, 362, 366, 367, 373, 376, 377, 379, 385, 390, 393, 398, 400, 405, 407, 429, 441, 458, 468, 469, 486, 489, 492, 494, 503, 504, 506, 507, 510, 512, 517, 518, 521, 522, 525, 527, 530, 534, 537, 542, 544, 547, 553, 563, 565, 566, 567, 571, 572, 575, 576, 589, 596, 599, 602, 606, 608, 612, 615, 616, 620, 623, 624, 630, 636, 644, 646, 661, 668, 676, 680, 688, 694, 695, 697, 706, 707, 711, 718, 719, 726, 734, 744, 747, 749, 750, 753, 762, 767, 770]"
hcci_168,Q980_0h_WC,roi_168,VEGA3 XMH_SE_20000.0kV_4000.0x,254,3,0,0,770,1,"[1, 2, 3, 4, 5, 6, 7, 8, 9, 10, 12, 13, 15, 16, 18, 19, 20, 24, 26, 27, 28, 30, 33, 34, 35, 38, 41, 42, 43, 44, 47, 51, 54, 56, 58, 60, 61, 62, 64, 67, 70, 74, 75, 78, 80, 81, 82, 83, 84, 85, 86, 87, 91, 92, 94, 95, 96, 97, 99, 101, 103, 105, 107, 112, 113, 115, 118, 119, 120, 129, 134, 138, 139, 140, 143, 144, 145, 146, 147, 149, 150, 151, 152, 153, 154, 155, 156, 157, 159, 164, 165, 179, 183, 184, 187, 190, 195, 196, 197, 198, 202, 207, 210, 213, 214, 216, 220, 222, 226, 227, 228, 231, 234, 237, 238, 240, 243, 244, 245, 248, 252, 258, 259, 260, 267, 268, 269, 272, 273, 277, 280, 282, 293, 295, 298, 300, 302, 307, 310, 313, 317, 319, 320, 322, 328, 334, 335, 336, 339, 341, 343, 345, 349, 351, 352, 353, 355, 364, 365, 372, 373, 375, 389, 392, 393, 394, 400, 403, 408, 411, 425, 432, 434, 435, 438, 442, 450, 451, 461, 462, 483, 489, 490, 494, 500, 514, 527, 532, 536, 538, 546, 548, 562, 573, 577, 580, 582, 593, 594, 595, 596, 602, 611, 612, 615, 616, 624, 625, 628, 632, 641, 648, 657, 658, 659, 664, 665, 676, 687, 698, 702, 703, 713, 715, 717, 718, 721, 722, 724, 725, 727, 728, 730, 741, 744, 745, 746, 747, 754, 755, 756, 757, 758, 759, 760, 761, 762, 764, 765, 766, 767, 768, 769, 770]"
hcci_169,Q980_0h_WC,roi_169,VEGA3 XMH_BSE_20000.0kV_4000.0x,254,3,0,0,770,1,"[1, 2, 3, 4, 5, 6, 7, 8, 9, 10, 11, 12, 13, 14, 15, 16, 17, 18, 19, 20, 21, 22, 23, 24, 25, 26, 27, 28, 29, 30, 31, 32, 33, 35, 36, 38, 39, 40, 43, 44, 45, 46, 47, 48, 49, 50, 52, 55, 56, 57, 58, 59, 60, 61, 63, 65, 66, 67, 68, 70, 71, 73, 77, 79, 84, 85, 86, 87, 89, 93, 94, 96, 98, 99, 100, 103, 104, 105, 106, 119, 121, 130, 134, 135, 141, 144, 146, 147, 150, 152, 155, 164, 172, 173, 177, 183, 186, 191, 205, 209, 213, 217, 218, 219, 227, 230, 243, 245, 246, 258, 272, 274, 281, 291, 293, 294, 304, 305, 309, 310, 311, 312, 314, 316, 318, 324, 327, 331, 335, 336, 343, 344, 353, 357, 360, 364, 365, 368, 370, 371, 372, 376, 379, 386, 389, 394, 395, 396, 398, 404, 407, 408, 410, 416, 426, 427, 431, 433, 434, 438, 440, 441, 449, 450, 454, 456, 462, 467, 470, 471, 472, 480, 484, 488, 490, 495, 496, 500, 503, 520, 524, 529, 535, 539, 544, 551, 555, 556, 576, 581, 586, 588, 590, 597, 602, 606, 609, 613, 640, 642, 643, 644, 645, 648, 653, 660, 663, 665, 667, 670, 672, 673, 679, 680, 682, 684, 687, 689, 698, 701, 704, 707, 710, 712, 713, 715, 717, 718, 723, 724, 725, 726, 728, 733, 736, 741, 744, 745, 748, 749, 750, 751, 752, 754, 758, 759, 760, 764, 765, 766, 767, 768, 769, 770]"
hcci_17,AsCast,roi_17,Helios G4 PFIB CXe_InLens_10000.0kV_1000.0x,256,3,0,0,770,1,"[1, 2, 3, 4, 5, 6, 7, 8, 9, 10, 11, 12, 13, 14, 15, 16, 17, 18, 19, 20, 21, 22, 23, 24, 25, 26, 27, 28, 29, 30, 31, 32, 33, 34, 35, 36, 37, 38, 39, 40, 41, 42, 43, 44, 45, 46, 47, 48, 49, 50, 51, 52, 53, 54, 55, 56, 57, 58, 59, 60, 61, 62, 63, 64, 65, 66, 67, 68, 69, 70, 71, 72, 73, 74, 75, 76, 77, 78, 79, 80, 81, 82, 83, 84, 85, 86, 87, 88, 89, 90, 91, 92, 93, 94, 95, 96, 97, 98, 99, 100, 101, 103, 104, 105, 106, 107, 108, 109, 110, 111, 115, 116, 117, 118, 119, 121, 125, 126, 127, 128, 129, 130, 131, 132, 134, 138, 139, 140, 141, 142, 143, 144, 147, 149, 151, 158, 160, 163, 169, 170, 172, 173, 175, 178, 183, 185, 186, 188, 191, 192, 196, 198, 200, 201, 202, 203, 204, 207, 208, 211, 213, 214, 216, 217, 219, 220, 222, 223, 226, 229, 230, 233, 236, 237, 238, 239, 241, 245, 246, 248, 251, 255, 256, 257, 258, 259, 260, 263, 266, 272, 274, 279, 281, 286, 289, 290, 291, 296, 299, 305, 307, 313, 314, 316, 318, 322, 324, 335, 345, 347, 349, 352, 355, 357, 365, 374, 379, 384, 388, 389, 394, 404, 409, 413, 414, 416, 420, 430, 433, 440, 441, 450, 454, 459, 467, 480, 497, 499, 501, 502, 503, 507, 511, 512, 513, 540, 551, 560, 573, 574, 594, 603, 624, 637, 684, 685]"
hcci_170,Q980_0h_WC,roi_170,VEGA3 XMH_BSE_20000.0kV_4000.0x,254,3,0,0,770,1,"[1, 2, 3, 4, 5, 6, 7, 8, 9, 10, 11, 12, 13, 14, 15, 16, 17, 18, 19, 20, 21, 22, 23, 24, 25, 26, 27, 28, 29, 31, 35, 37, 40, 41, 42, 43, 45, 47, 48, 50, 51, 55, 56, 58, 61, 63, 66, 67, 68, 70, 71, 73, 74, 75, 77, 78, 82, 86, 90, 93, 95, 102, 103, 105, 110, 116, 117, 119, 121, 122, 123, 124, 126, 134, 135, 139, 142, 144, 145, 148, 150, 154, 158, 159, 161, 167, 174, 182, 185, 186, 189, 192, 196, 198, 203, 206, 213, 215, 216, 218, 225, 226, 227, 237, 244, 247, 248, 249, 252, 256, 257, 258, 274, 275, 278, 281, 283, 286, 289, 295, 296, 299, 307, 312, 313, 317, 329, 331, 332, 335, 336, 337, 339, 342, 348, 350, 352, 354, 356, 364, 365, 370, 371, 373, 375, 378, 380, 383, 390, 391, 392, 396, 397, 402, 404, 408, 410, 418, 420, 422, 423, 426, 436, 445, 449, 453, 457, 461, 464, 467, 477, 479, 486, 487, 499, 500, 503, 506, 517, 521, 522, 523, 534, 541, 547, 555, 559, 560, 574, 576, 589, 599, 610, 611, 614, 622, 631, 633, 636, 639, 640, 641, 648, 659, 660, 662, 663, 665, 669, 671, 672, 678, 681, 689, 695, 696, 697, 698, 701, 702, 703, 704, 714, 718, 719, 720, 721, 722, 725, 726, 735, 737, 738, 742, 745, 746, 748, 750, 751, 753, 754, 755, 757, 758, 759, 760, 761, 764, 765, 766, 767, 768, 769, 770]"
hcci_175,Q980_9h_AC,roi_175,VEGA3 XMH_SE_5000.0kV_4000.0x,252,3,0,0,770,1,"[1, 2, 3, 4, 5, 6, 7, 8, 9, 10, 11, 12, 13, 14, 15, 16, 17, 18, 19, 20, 21, 23, 24, 25, 26, 27, 28, 29, 31, 32, 33, 36, 38, 40, 41, 43, 44, 45, 46, 47, 48, 49, 51, 53, 57, 58, 59, 60, 61, 64, 65, 66, 68, 69, 70, 71, 73, 78, 79, 80, 81, 82, 85, 92, 94, 95, 98, 99, 106, 107, 109, 110, 112, 116, 117, 121, 123, 125, 129, 131, 133, 136, 138, 140, 141, 142, 145, 148, 153, 159, 160, 162, 163, 164, 166, 172, 178, 181, 182, 183, 184, 185, 186, 190, 191, 192, 197, 198, 201, 205, 206, 207, 210, 212, 216, 217, 219, 220, 221, 224, 226, 230, 232, 233, 234, 235, 238, 239, 243, 245, 250, 251, 253, 255, 256, 259, 262, 263, 264, 265, 268, 270, 278, 282, 287, 292, 298, 300, 301, 303, 304, 307, 311, 314, 316, 318, 320, 329, 330, 334, 337, 339, 340, 347, 350, 359, 360, 363, 366, 368, 371, 379, 382, 383, 386, 387, 391, 395, 397, 398, 403, 405, 413, 414, 418, 419, 422, 423, 430, 431, 437, 438, 440, 449, 459, 465, 475, 476, 483, 485, 487, 489, 500, 513, 515, 519, 538, 539, 542, 548, 550, 551, 558, 575, 581, 584, 587, 588, 592, 599, 608, 614, 617, 619, 644, 647, 648, 649, 650, 660, 671, 678, 686, 689, 696, 700, 703, 705, 707, 731, 735, 736, 741, 745, 746, 755, 756, 758, 765, 767, 769, 770]"
hcci_176,Q980_9h_AC,roi_176,VEGA3 XMH_SE_5000.0kV_4000.0x,252,3,0,0,770,1,"[1, 2, 3, 4, 5, 6, 7, 8, 9, 10, 11, 12, 13, 14, 15, 16, 17, 18, 20, 21, 24, 26, 27, 28, 30, 31, 32, 33, 34, 35, 36, 37, 39, 40, 41, 42, 43, 44, 45, 46, 47, 48, 49, 50, 51, 52, 53, 54, 55, 56, 57, 58, 59, 60, 62, 63, 64, 65, 66, 67, 70, 71, 72, 74, 75, 78, 79, 80, 83, 84, 89, 91, 92, 93, 96, 97, 98, 103, 111, 112, 114, 118, 119, 120, 122, 123, 133, 140, 141, 144, 147, 149, 157, 159, 162, 169, 170, 171, 177, 180, 185, 187, 190, 194, 195, 198, 201, 208, 210, 213, 216, 217, 218, 224, 225, 226, 228, 231, 232, 233, 237, 240, 241, 247, 248, 249, 255, 257, 258, 259, 262, 265, 268, 269, 270, 272, 274, 276, 277, 280, 281, 284, 285, 290, 292, 293, 298, 301, 303, 304, 305, 311, 314, 322, 323, 324, 327, 331, 332, 335, 340, 341, 344, 346, 349, 357, 366, 377, 396, 397, 402, 404, 406, 416, 418, 420, 425, 427, 430, 436, 437, 444, 446, 451, 452, 455, 456, 457, 462, 467, 468, 470, 474, 476, 477, 484, 488, 490, 492, 498, 499, 500, 507, 512, 516, 535, 536, 540, 549, 551, 560, 565, 568, 570, 572, 577, 581, 582, 587, 589, 590, 594, 596, 598, 601, 609, 612, 622, 627, 628, 639, 654, 657, 662, 664, 666, 670, 685, 687, 693, 701, 716, 720, 728, 731, 745, 749, 751, 752, 755, 756, 764]"
hcci_177,Q980_9h_AC,roi_177,VEGA3 XMH_BSE_5000.0kV_4000.0x,252,3,0,0,770,1,"[1, 2, 3, 4, 5, 7, 8, 9, 10, 11, 14, 15, 16, 17, 18, 19, 20, 21, 22, 24, 25, 26, 28, 29, 30, 31, 32, 33, 34, 35, 36, 37, 38, 41, 42, 44, 46, 47, 48, 49, 50, 52, 56, 57, 58, 61, 62, 64, 66, 68, 70, 71, 72, 77, 78, 79, 80, 84, 86, 88, 89, 90, 91, 92, 93, 94, 95, 97, 98, 99, 100, 101, 103, 104, 105, 106, 107, 108, 109, 110, 112, 113, 114, 116, 117, 118, 120, 121, 122, 127, 128, 130, 131, 132, 133, 134, 135, 137, 138, 140, 141, 144, 145, 147, 150, 151, 154, 158, 159, 165, 167, 170, 172, 174, 175, 177, 178, 179, 187, 188, 200, 201, 204, 205, 208, 209, 213, 214, 215, 219, 223, 226, 228, 229, 231, 241, 244, 246, 250, 251, 253, 254, 257, 259, 265, 267, 268, 271, 278, 284, 285, 289, 292, 294, 295, 297, 305, 306, 307, 310, 311, 316, 319, 320, 322, 328, 334, 337, 338, 342, 343, 349, 351, 354, 356, 359, 363, 365, 384, 386, 391, 392, 395, 398, 410, 419, 427, 437, 439, 442, 450, 453, 456, 468, 492, 498, 500, 510, 513, 524, 526, 532, 533, 534, 536, 538, 545, 546, 548, 553, 562, 566, 570, 577, 579, 581, 589, 592, 594, 600, 607, 624, 629, 635, 639, 641, 646, 647, 648, 650, 651, 658, 659, 663, 681, 686, 687, 690, 699, 706, 712, 719, 720, 723, 732, 739, 747, 752, 760, 761, 765, 766]"
hcci_178,Q980_9h_AC,roi_178,VEGA3 XMH_BSE_5000.0kV_4000.0x,252,3,0,0,770,1,"[1, 2, 3, 5, 6, 7, 8, 9, 11, 13, 14, 17, 18, 19, 21, 22, 23, 27, 28, 29, 30, 31, 33, 37, 38, 39, 40, 47, 48, 53, 54, 55, 56, 57, 58, 59, 60, 61, 62, 63, 68, 69, 70, 71, 72, 75, 77, 79, 80, 83, 86, 88, 89, 93, 96, 97, 100, 101, 102, 104, 106, 110, 111, 112, 113, 114, 115, 116, 120, 122, 124, 126, 127, 132, 133, 135, 136, 139, 140, 141, 143, 144, 145, 148, 149, 150, 154, 155, 156, 157, 158, 159, 160, 163, 169, 170, 172, 174, 175, 176, 179, 180, 182, 183, 184, 185, 187, 188, 189, 190, 192, 193, 194, 195, 198, 201, 204, 205, 206, 210, 212, 213, 214, 215, 217, 229, 231, 235, 236, 237, 238, 242, 243, 245, 248, 250, 252, 259, 261, 263, 264, 269, 271, 275, 277, 278, 282, 283, 285, 287, 299, 300, 308, 311, 316, 320, 322, 327, 330, 332, 335, 338, 343, 350, 351, 360, 364, 366, 372, 379, 386, 389, 392, 399, 402, 403, 404, 406, 411, 422, 432, 441, 444, 448, 450, 452, 454, 462, 472, 482, 487, 490, 495, 499, 506, 512, 515, 521, 522, 524, 527, 530, 531, 535, 537, 539, 541, 543, 546, 547, 552, 554, 560, 561, 566, 567, 568, 573, 576, 577, 578, 580, 581, 585, 590, 610, 614, 620, 624, 627, 628, 630, 633, 648, 650, 651, 660, 662, 663, 668, 678, 679, 682, 695, 702, 703, 707, 719, 728, 736, 737, 740]"
hcci_179,Q980_9h_AC,roi_179,VEGA3 XMH_SE_5000.0kV_20000.0x,252,3,0,0,770,1,"[1, 2, 3, 4, 5, 6, 7, 8, 9, 10, 11, 12, 13, 14, 15, 16, 17, 18, 19, 20, 21, 22, 23, 24, 25, 26, 27, 28, 29, 30, 31, 32, 33, 34, 36, 37, 38, 39, 40, 41, 42, 43, 44, 45, 46, 47, 48, 49, 50, 51, 53, 54, 55, 59, 60, 63, 64, 66, 69, 71, 73, 74, 75, 80, 81, 82, 83, 86, 88, 89, 90, 92, 97, 99, 100, 101, 102, 105, 107, 108, 109, 112, 113, 114, 115, 116, 117, 118, 121, 129, 133, 134, 137, 140, 141, 142, 143, 144, 146, 151, 152, 155, 157, 158, 160, 165, 166, 167, 176, 177, 179, 182, 183, 185, 186, 187, 188, 193, 199, 203, 204, 207, 209, 211, 217, 218, 219, 221, 224, 225, 228, 229, 230, 233, 234, 237, 242, 245, 249, 253, 261, 262, 264, 269, 272, 273, 276, 282, 285, 288, 291, 300, 305, 311, 315, 323, 331, 333, 344, 346, 349, 350, 352, 356, 357, 364, 368, 369, 371, 373, 374, 376, 379, 380, 384, 387, 388, 389, 394, 395, 399, 400, 414, 416, 428, 432, 435, 438, 441, 442, 443, 448, 449, 458, 459, 461, 474, 477, 488, 492, 493, 496, 507, 509, 510, 513, 517, 522, 524, 532, 533, 535, 536, 537, 539, 550, 554, 557, 559, 561, 564, 570, 574, 580, 589, 590, 610, 615, 616, 624, 628, 630, 641, 644, 674, 695, 698, 709, 715, 726, 731, 733, 734, 742, 745, 749, 751, 762, 763, 768, 769, 770]"
hcci_18,AsCast,roi_18,Helios G4 PFIB CXe_InLens_10000.0kV_1000.0x,256,3,0,0,770,1,"[1, 2, 3, 4, 5, 6, 7, 8, 9, 10, 11, 12, 13, 14, 15, 16, 17, 18, 19, 20, 21, 22, 23, 24, 25, 26, 27, 28, 29, 30, 31, 32, 33, 34, 35, 36, 37, 38, 39, 40, 41, 42, 43, 44, 45, 46, 47, 48, 49, 50, 51, 52, 53, 54, 55, 56, 57, 58, 59, 60, 61, 62, 63, 64, 65, 66, 67, 68, 69, 70, 71, 72, 73, 74, 75, 76, 77, 78, 79, 80, 81, 82, 83, 84, 85, 86, 87, 88, 89, 90, 91, 92, 93, 94, 95, 96, 97, 98, 99, 100, 101, 102, 103, 104, 105, 106, 107, 108, 109, 110, 111, 112, 115, 116, 117, 120, 123, 124, 126, 127, 129, 133, 134, 137, 140, 143, 144, 147, 149, 154, 156, 157, 161, 162, 163, 168, 170, 171, 174, 176, 177, 178, 181, 186, 187, 190, 194, 195, 198, 199, 200, 201, 202, 205, 206, 207, 208, 211, 214, 217, 218, 220, 222, 223, 225, 231, 232, 236, 237, 238, 239, 240, 241, 243, 244, 245, 246, 247, 255, 258, 261, 265, 266, 269, 271, 274, 280, 282, 293, 297, 299, 302, 313, 315, 319, 339, 340, 341, 342, 343, 348, 349, 354, 355, 360, 368, 369, 372, 376, 383, 392, 394, 399, 401, 415, 421, 428, 429, 438, 439, 443, 445, 453, 458, 462, 467, 475, 481, 482, 486, 490, 494, 502, 506, 525, 527, 528, 531, 540, 546, 551, 553, 554, 563, 570, 580, 588, 589, 592, 604, 609, 610, 631, 634, 645, 670]"
hcci_180,Q980_9h_AC,roi_180,VEGA3 XMH_SE_5000.0kV_20000.0x,252,3,0,0,770,1,"[1, 2, 3, 4, 5, 6, 7, 8, 9, 10, 11, 12, 13, 14, 15, 16, 17, 18, 19, 20, 21, 22, 23, 24, 25, 26, 27, 28, 29, 30, 31, 32, 33, 34, 35, 36, 37, 38, 39, 40, 41, 42, 43, 44, 45, 46, 47, 48, 49, 50, 51, 52, 53, 54, 55, 56, 58, 59, 60, 61, 62, 63, 64, 65, 66, 67, 68, 69, 70, 71, 72, 73, 74, 75, 76, 79, 82, 85, 87, 88, 89, 90, 92, 93, 94, 96, 97, 98, 99, 101, 102, 103, 105, 106, 109, 110, 111, 112, 115, 116, 117, 119, 120, 121, 122, 123, 124, 127, 128, 129, 130, 133, 134, 135, 138, 139, 141, 145, 147, 149, 150, 151, 152, 153, 157, 160, 161, 163, 164, 166, 168, 169, 170, 173, 176, 180, 181, 182, 189, 194, 197, 203, 206, 207, 208, 211, 213, 216, 218, 219, 225, 227, 230, 232, 233, 235, 237, 242, 249, 257, 260, 266, 271, 272, 275, 283, 293, 295, 299, 300, 301, 304, 306, 311, 315, 323, 324, 325, 326, 327, 329, 330, 334, 336, 337, 339, 343, 353, 354, 355, 371, 373, 375, 378, 380, 381, 382, 390, 391, 396, 403, 405, 414, 418, 427, 436, 440, 443, 448, 450, 452, 461, 471, 479, 482, 486, 487, 502, 505, 508, 511, 513, 522, 532, 540, 544, 549, 572, 582, 589, 591, 599, 600, 629, 639, 645, 646, 648, 656, 663, 678, 682, 688, 710, 717, 745, 754, 755, 760, 765, 769, 770]"
hcci_183,Q980_9h_AC,roi_183,VEGA3 XMH_SE_10000.0kV_4000.0x,252,3,0,0,770,1,"[1, 2, 3, 4, 5, 6, 7, 8, 9, 10, 11, 12, 13, 14, 15, 16, 17, 18, 19, 20, 21, 22, 23, 24, 26, 27, 28, 29, 30, 31, 32, 33, 34, 35, 36, 37, 41, 42, 45, 46, 47, 48, 49, 51, 53, 56, 58, 59, 60, 61, 62, 63, 64, 65, 67, 70, 72, 74, 75, 76, 79, 80, 81, 87, 89, 94, 95, 101, 110, 112, 115, 117, 118, 122, 127, 129, 132, 134, 135, 141, 146, 147, 148, 152, 153, 157, 159, 162, 165, 166, 167, 169, 170, 171, 172, 174, 175, 176, 181, 182, 185, 187, 188, 190, 191, 192, 193, 196, 197, 200, 202, 204, 206, 207, 209, 212, 217, 218, 219, 221, 230, 231, 232, 234, 235, 236, 239, 245, 252, 256, 258, 259, 264, 265, 266, 270, 272, 273, 275, 276, 277, 278, 279, 282, 283, 285, 286, 287, 296, 299, 302, 303, 305, 307, 308, 310, 311, 315, 319, 322, 324, 325, 326, 328, 336, 337, 338, 340, 341, 349, 356, 359, 364, 365, 372, 374, 379, 382, 385, 386, 387, 391, 397, 399, 402, 406, 409, 411, 416, 420, 422, 427, 432, 443, 444, 446, 447, 448, 453, 454, 459, 473, 480, 486, 488, 491, 492, 498, 506, 509, 513, 517, 523, 525, 531, 538, 539, 542, 547, 559, 563, 570, 573, 575, 579, 588, 604, 609, 614, 623, 633, 635, 644, 647, 653, 660, 665, 674, 675, 678, 681, 682, 695, 698, 706, 711, 739, 740, 758, 763, 768, 769]"
hcci_184,Q980_9h_AC,roi_184,VEGA3 XMH_SE_10000.0kV_4000.0x,252,3,0,0,770,1,"[1, 2, 3, 4, 5, 6, 7, 8, 9, 10, 11, 12, 13, 15, 16, 18, 19, 20, 21, 23, 24, 25, 26, 27, 28, 30, 31, 32, 33, 34, 35, 38, 39, 40, 42, 43, 44, 45, 47, 48, 50, 51, 55, 56, 57, 59, 60, 62, 64, 65, 67, 70, 72, 73, 75, 76, 78, 79, 82, 83, 86, 87, 88, 91, 93, 94, 95, 96, 97, 101, 102, 104, 106, 110, 115, 116, 117, 118, 119, 121, 123, 125, 127, 128, 131, 136, 137, 139, 145, 151, 152, 158, 159, 161, 164, 166, 167, 175, 176, 180, 190, 192, 200, 202, 203, 207, 209, 211, 212, 213, 215, 219, 222, 223, 224, 226, 229, 230, 233, 234, 235, 238, 241, 242, 250, 251, 252, 254, 256, 257, 264, 266, 269, 277, 278, 280, 281, 282, 284, 286, 287, 288, 293, 294, 296, 301, 303, 313, 315, 318, 319, 322, 323, 327, 330, 335, 336, 337, 339, 340, 341, 345, 351, 354, 355, 356, 357, 358, 361, 363, 367, 371, 374, 380, 382, 387, 388, 394, 397, 398, 402, 404, 408, 411, 412, 415, 416, 432, 434, 440, 443, 444, 448, 456, 457, 463, 472, 475, 476, 477, 483, 490, 504, 509, 524, 525, 527, 529, 539, 540, 542, 545, 551, 552, 560, 561, 568, 573, 588, 591, 599, 609, 613, 618, 626, 630, 641, 642, 645, 654, 656, 661, 665, 668, 672, 678, 679, 680, 691, 692, 696, 705, 706, 708, 724, 725, 729, 732, 734, 741, 745, 751]"
hcci_185,Q980_9h_AC,roi_185,VEGA3 XMH_BSE_10000.0kV_4000.0x,252,3,0,0,770,1,"[1, 2, 3, 4, 5, 6, 7, 8, 9, 10, 11, 12, 13, 14, 15, 16, 17, 18, 20, 21, 22, 23, 24, 25, 26, 27, 28, 29, 30, 31, 32, 33, 34, 35, 36, 37, 38, 39, 40, 41, 42, 43, 44, 45, 47, 48, 49, 50, 51, 52, 53, 54, 55, 56, 58, 59, 60, 61, 63, 64, 66, 68, 69, 70, 71, 74, 76, 77, 78, 79, 83, 85, 88, 89, 90, 92, 93, 94, 97, 100, 103, 104, 105, 107, 108, 121, 122, 123, 125, 126, 130, 131, 132, 135, 137, 138, 142, 143, 149, 152, 154, 158, 160, 161, 165, 166, 168, 170, 174, 178, 180, 181, 182, 183, 184, 185, 187, 188, 189, 191, 193, 194, 199, 200, 202, 205, 207, 208, 210, 212, 216, 219, 221, 222, 223, 228, 230, 232, 234, 236, 239, 240, 243, 245, 246, 251, 252, 255, 257, 258, 263, 264, 266, 274, 276, 278, 284, 286, 288, 289, 290, 291, 295, 298, 299, 304, 305, 312, 314, 316, 318, 319, 320, 322, 332, 340, 341, 345, 348, 351, 352, 357, 358, 359, 361, 369, 370, 371, 376, 378, 380, 383, 384, 388, 390, 399, 402, 407, 415, 418, 419, 423, 432, 433, 435, 443, 446, 452, 458, 459, 461, 463, 466, 469, 477, 483, 484, 489, 496, 497, 504, 505, 513, 520, 531, 553, 571, 572, 575, 582, 596, 605, 606, 608, 619, 623, 628, 633, 641, 646, 647, 673, 675, 680, 707, 714, 716, 717, 746, 748, 749, 750]"
hcci_186,Q980_9h_AC,roi_186,VEGA3 XMH_BSE_10000.0kV_4000.0x,252,3,0,0,770,1,"[1, 2, 3, 4, 5, 6, 7, 8, 9, 10, 11, 12, 13, 14, 15, 16, 17, 18, 19, 20, 21, 24, 25, 27, 28, 29, 30, 31, 32, 33, 35, 36, 37, 38, 39, 40, 42, 43, 44, 45, 46, 47, 50, 51, 53, 54, 56, 57, 58, 59, 60, 65, 66, 68, 69, 71, 72, 74, 78, 79, 84, 86, 91, 92, 94, 108, 109, 113, 114, 115, 120, 121, 122, 123, 124, 125, 129, 131, 135, 136, 138, 140, 141, 143, 145, 146, 148, 149, 152, 155, 162, 163, 165, 166, 167, 170, 174, 175, 177, 179, 180, 182, 183, 186, 190, 191, 193, 197, 200, 201, 207, 208, 212, 213, 215, 219, 220, 222, 226, 228, 231, 233, 234, 235, 236, 241, 243, 244, 247, 249, 251, 253, 256, 258, 259, 263, 267, 268, 269, 277, 278, 288, 290, 294, 297, 299, 301, 302, 308, 310, 313, 314, 316, 317, 318, 321, 324, 325, 326, 327, 329, 335, 338, 344, 346, 350, 352, 354, 357, 360, 365, 372, 374, 375, 384, 389, 390, 401, 408, 412, 413, 415, 416, 421, 430, 435, 446, 449, 457, 458, 464, 466, 467, 469, 473, 480, 481, 482, 495, 504, 505, 514, 516, 523, 526, 528, 533, 540, 544, 546, 551, 553, 556, 563, 568, 575, 582, 586, 599, 609, 612, 615, 617, 622, 624, 626, 628, 631, 636, 641, 642, 643, 645, 652, 661, 682, 686, 689, 692, 693, 695, 696, 697, 698, 700, 705, 715, 716, 726, 739, 745, 752]"
hcci_187,Q980_9h_AC,roi_187,VEGA3 XMH_SE_10000.0kV_20000.0x,252,3,0,0,770,1,"[1, 2, 3, 4, 5, 6, 7, 8, 9, 10, 11, 12, 13, 14, 15, 16, 17, 18, 19, 20, 21, 22, 23, 24, 25, 26, 27, 28, 29, 30, 31, 33, 35, 36, 37, 39, 44, 47, 51, 52, 54, 56, 58, 61, 67, 68, 71, 82, 83, 87, 91, 94, 96, 98, 100, 101, 102, 104, 108, 110, 113, 115, 117, 118, 126, 130, 134, 136, 137, 141, 144, 148, 150, 154, 157, 158, 159, 164, 169, 177, 180, 184, 188, 189, 194, 196, 197, 199, 200, 201, 202, 203, 204, 206, 208, 211, 213, 214, 218, 220, 223, 228, 229, 230, 235, 236, 238, 241, 242, 244, 245, 246, 248, 250, 256, 257, 261, 266, 267, 269, 270, 277, 282, 283, 287, 288, 289, 290, 299, 300, 309, 310, 311, 312, 317, 319, 321, 322, 324, 326, 327, 329, 330, 333, 339, 341, 345, 347, 350, 351, 355, 357, 362, 364, 366, 372, 376, 378, 381, 385, 388, 390, 391, 392, 394, 397, 400, 404, 406, 408, 410, 414, 420, 423, 424, 426, 440, 443, 444, 445, 448, 449, 450, 451, 453, 458, 465, 472, 476, 477, 478, 483, 484, 485, 487, 489, 493, 496, 501, 502, 508, 510, 512, 513, 525, 532, 533, 534, 536, 539, 541, 545, 548, 550, 552, 554, 563, 564, 566, 576, 577, 584, 588, 589, 593, 616, 623, 624, 629, 643, 646, 650, 659, 660, 663, 672, 681, 682, 693, 697, 699, 701, 705, 708, 709, 730, 735, 750, 758, 765, 768, 769]"
hcci_188,Q980_9h_AC,roi_188,VEGA3 XMH_SE_10000.0kV_20000.0x,252,3,0,0,770,1,"[1, 2, 3, 4, 5, 6, 7, 8, 9, 10, 11, 12, 13, 14, 15, 16, 17, 18, 19, 20, 21, 22, 23, 24, 25, 26, 27, 29, 30, 31, 33, 34, 36, 37, 38, 39, 41, 42, 43, 44, 45, 46, 48, 49, 50, 51, 52, 54, 56, 57, 62, 64, 66, 68, 70, 72, 74, 75, 76, 77, 80, 82, 84, 85, 90, 91, 93, 95, 96, 98, 99, 103, 105, 106, 109, 110, 113, 114, 115, 116, 117, 118, 121, 122, 123, 124, 126, 127, 128, 129, 130, 132, 134, 135, 137, 138, 140, 141, 143, 149, 151, 153, 154, 156, 158, 159, 160, 161, 167, 168, 169, 170, 171, 172, 178, 179, 182, 184, 190, 192, 193, 195, 196, 202, 205, 209, 211, 213, 214, 215, 216, 217, 218, 222, 223, 224, 225, 227, 229, 230, 231, 232, 233, 238, 242, 243, 247, 248, 250, 251, 253, 255, 256, 262, 263, 265, 266, 269, 270, 271, 272, 275, 276, 277, 281, 284, 287, 289, 292, 293, 300, 311, 312, 313, 315, 316, 324, 327, 330, 331, 333, 335, 336, 346, 350, 354, 357, 359, 362, 365, 366, 369, 372, 379, 382, 385, 386, 392, 394, 395, 398, 402, 407, 411, 415, 421, 424, 426, 430, 433, 435, 439, 440, 443, 449, 454, 457, 460, 462, 467, 469, 470, 482, 483, 505, 512, 524, 527, 534, 542, 552, 554, 556, 557, 560, 574, 598, 603, 605, 608, 615, 636, 637, 648, 651, 656, 674, 709, 711, 740, 761, 769]"
hcci_189,Q980_9h_AC,roi_189,VEGA3 XMH_BSE_10000.0kV_20000.0x,253,2,0,0,771,1,"[1, 2, 3, 4, 5, 6, 7, 8, 9, 10, 11, 12, 13, 14, 15, 16, 17, 18, 19, 20, 21, 22, 23, 24, 26, 27, 28, 30, 31, 32, 34, 35, 36, 37, 40, 41, 42, 43, 44, 45, 48, 49, 51, 52, 55, 56, 58, 59, 62, 63, 64, 66, 69, 73, 74, 75, 80, 81, 83, 85, 86, 87, 89, 92, 95, 101, 104, 105, 106, 110, 111, 112, 114, 116, 117, 121, 122, 124, 128, 131, 133, 136, 137, 138, 139, 141, 142, 146, 150, 151, 153, 154, 155, 163, 164, 167, 170, 171, 177, 186, 189, 190, 200, 201, 204, 206, 207, 209, 211, 212, 213, 215, 220, 223, 227, 229, 230, 231, 232, 238, 243, 246, 249, 252, 257, 261, 265, 266, 267, 275, 276, 277, 278, 294, 299, 303, 310, 315, 317, 318, 320, 321, 325, 328, 330, 333, 334, 335, 336, 345, 347, 354, 356, 357, 358, 361, 363, 364, 370, 371, 377, 378, 380, 382, 389, 390, 391, 392, 393, 398, 400, 401, 402, 410, 413, 414, 418, 423, 425, 430, 432, 437, 438, 440, 443, 446, 447, 449, 453, 458, 461, 462, 464, 467, 470, 471, 472, 474, 475, 477, 482, 488, 489, 491, 495, 497, 499, 500, 503, 505, 506, 509, 512, 517, 519, 520, 521, 523, 535, 536, 545, 551, 553, 554, 555, 559, 560, 562, 572, 576, 580, 587, 589, 590, 591, 597, 600, 602, 606, 608, 610, 613, 616, 619, 636, 651, 663, 677, 701, 752, 763, 766, 770]"
hcci_19,AsCast,roi_19,Helios G4 PFIB CXe_SE_10000.0kV_5000.0x,257,2,0,0,771,1,"[1, 2, 3, 4, 5, 6, 7, 8, 9, 10, 11, 12, 13, 14, 15, 16, 17, 18, 19, 20, 21, 22, 23, 24, 25, 26, 27, 28, 29, 30, 31, 32, 33, 34, 35, 36, 37, 38, 39, 40, 41, 42, 43, 44, 45, 46, 47, 48, 49, 50, 51, 52, 53, 54, 55, 56, 57, 58, 59, 60, 61, 62, 63, 64, 65, 66, 67, 69, 70, 71, 72, 73, 74, 75, 76, 77, 79, 80, 82, 83, 84, 85, 86, 87, 89, 91, 93, 94, 95, 97, 98, 99, 100, 101, 102, 104, 105, 106, 107, 110, 111, 112, 116, 118, 119, 120, 123, 125, 127, 130, 134, 135, 139, 142, 150, 152, 153, 154, 156, 157, 158, 162, 166, 167, 168, 170, 171, 173, 174, 176, 177, 190, 192, 194, 200, 202, 203, 204, 205, 210, 212, 217, 225, 227, 233, 235, 244, 250, 254, 264, 269, 273, 274, 281, 284, 286, 289, 290, 292, 295, 297, 298, 299, 305, 310, 311, 312, 313, 314, 316, 318, 320, 321, 322, 323, 332, 334, 337, 340, 341, 344, 353, 354, 355, 356, 361, 364, 365, 368, 370, 372, 374, 378, 379, 390, 392, 393, 394, 408, 416, 420, 424, 428, 432, 436, 440, 441, 446, 447, 448, 450, 451, 459, 460, 462, 468, 469, 479, 480, 490, 492, 496, 498, 507, 512, 517, 523, 527, 529, 531, 538, 547, 548, 551, 553, 554, 555, 563, 566, 577, 588, 589, 592, 595, 596, 598, 600, 606, 619, 634, 652, 664, 671, 683, 710, 711, 732]"
hcci_190,Q980_9h_AC,roi_190,VEGA3 XMH_BSE_10000.0kV_20000.0x,253,2,0,0,771,1,"[1, 2, 3, 4, 5, 6, 7, 8, 9, 10, 11, 12, 13, 14, 15, 16, 17, 18, 19, 20, 21, 22, 23, 24, 25, 26, 27, 28, 29, 30, 31, 32, 33, 34, 36, 37, 38, 39, 40, 41, 42, 43, 44, 45, 46, 47, 50, 51, 52, 53, 54, 55, 56, 57, 58, 60, 61, 62, 63, 64, 65, 68, 69, 70, 71, 72, 73, 74, 79, 81, 82, 83, 88, 89, 91, 92, 96, 98, 99, 101, 102, 103, 105, 107, 109, 111, 113, 114, 115, 117, 119, 122, 124, 127, 128, 130, 131, 132, 134, 135, 136, 137, 142, 143, 145, 146, 147, 149, 150, 151, 152, 153, 155, 157, 160, 164, 165, 170, 172, 173, 176, 179, 183, 190, 191, 193, 197, 198, 199, 202, 204, 206, 212, 213, 214, 215, 218, 220, 222, 231, 237, 240, 244, 246, 248, 262, 263, 265, 266, 267, 268, 273, 274, 276, 287, 289, 291, 297, 303, 304, 305, 307, 309, 321, 323, 326, 328, 329, 330, 332, 333, 335, 337, 340, 342, 349, 351, 352, 355, 356, 358, 364, 366, 367, 369, 371, 374, 376, 379, 380, 387, 402, 403, 406, 421, 422, 426, 436, 438, 440, 442, 450, 452, 461, 467, 468, 472, 475, 476, 477, 487, 488, 491, 498, 500, 506, 509, 521, 523, 533, 536, 542, 545, 564, 567, 575, 576, 582, 593, 595, 596, 605, 610, 615, 626, 629, 633, 634, 638, 646, 651, 652, 675, 681, 688, 694, 696, 732, 741, 742, 750, 762, 771]"
hcci_191,Q980_9h_AC,roi_191,VEGA3 XMH_SE_20000.0kV_4000.0x,252,3,0,0,770,1,"[1, 2, 3, 4, 5, 6, 7, 8, 9, 10, 11, 12, 13, 14, 15, 16, 17, 18, 19, 20, 21, 22, 23, 24, 25, 26, 27, 28, 29, 30, 31, 32, 33, 34, 35, 37, 38, 39, 40, 42, 44, 45, 46, 47, 48, 52, 53, 55, 57, 58, 60, 61, 62, 63, 65, 67, 69, 74, 75, 77, 82, 83, 85, 88, 93, 99, 100, 103, 105, 106, 110, 111, 113, 117, 119, 120, 124, 125, 129, 130, 131, 133, 134, 137, 138, 146, 149, 150, 152, 153, 154, 155, 156, 158, 159, 162, 164, 166, 168, 171, 175, 176, 177, 178, 180, 182, 183, 187, 189, 190, 191, 195, 196, 197, 199, 200, 201, 202, 203, 204, 205, 206, 208, 212, 213, 214, 216, 218, 221, 222, 224, 225, 226, 229, 230, 231, 232, 236, 239, 240, 248, 249, 252, 253, 255, 256, 260, 262, 266, 274, 286, 287, 288, 289, 290, 291, 294, 295, 296, 299, 303, 311, 315, 320, 325, 328, 338, 339, 343, 347, 350, 353, 355, 356, 360, 368, 370, 373, 374, 377, 380, 389, 393, 394, 397, 399, 400, 401, 403, 405, 410, 412, 416, 432, 433, 435, 438, 439, 445, 449, 456, 458, 460, 461, 464, 472, 485, 491, 496, 503, 504, 507, 508, 509, 551, 559, 563, 572, 579, 586, 587, 589, 595, 596, 600, 603, 612, 613, 614, 626, 628, 630, 638, 640, 643, 647, 666, 668, 670, 675, 676, 686, 699, 710, 726, 732, 748, 758, 760, 764, 768, 769]"
hcci_192,Q980_9h_AC,roi_192,VEGA3 XMH_SE_20000.0kV_4000.0x,252,3,0,0,770,1,"[1, 2, 3, 4, 5, 6, 7, 8, 9, 10, 11, 12, 13, 14, 15, 16, 17, 18, 19, 20, 21, 22, 23, 24, 25, 26, 27, 28, 29, 30, 31, 33, 34, 35, 36, 37, 38, 39, 40, 41, 42, 43, 44, 45, 47, 48, 49, 50, 53, 54, 56, 59, 62, 64, 65, 66, 67, 68, 69, 70, 74, 75, 76, 78, 79, 83, 84, 85, 87, 88, 89, 92, 93, 94, 96, 97, 99, 102, 104, 106, 107, 113, 118, 123, 133, 134, 137, 139, 141, 142, 145, 147, 148, 156, 159, 160, 162, 164, 167, 169, 170, 171, 173, 175, 176, 181, 184, 187, 192, 196, 198, 200, 201, 202, 203, 204, 207, 212, 213, 221, 224, 225, 226, 227, 229, 230, 231, 233, 235, 238, 239, 240, 241, 248, 249, 251, 252, 254, 255, 256, 258, 259, 261, 262, 266, 267, 268, 272, 275, 282, 284, 289, 291, 299, 300, 304, 305, 312, 314, 316, 317, 322, 325, 327, 344, 348, 349, 363, 365, 369, 371, 374, 375, 376, 379, 384, 388, 389, 392, 394, 396, 398, 400, 409, 411, 414, 415, 420, 423, 425, 426, 428, 431, 433, 434, 436, 439, 441, 443, 449, 451, 456, 465, 469, 471, 472, 474, 475, 476, 485, 494, 495, 505, 532, 533, 535, 536, 541, 552, 565, 573, 580, 584, 594, 595, 608, 610, 611, 626, 644, 647, 678, 683, 688, 692, 695, 696, 697, 702, 703, 707, 721, 724, 726, 728, 729, 746, 748, 749, 750, 751, 763]"
hcci_193,Q980_9h_AC,roi_193,VEGA3 XMH_BSE_20000.0kV_4000.0x,252,3,0,0,770,1,"[1, 2, 3, 4, 5, 6, 7, 8, 9, 10, 11, 12, 13, 14, 15, 16, 17, 18, 19, 20, 21, 22, 23, 24, 25, 26, 27, 28, 30, 31, 32, 33, 35, 36, 37, 39, 40, 42, 43, 44, 45, 46, 49, 50, 52, 56, 58, 60, 63, 65, 66, 67, 68, 69, 71, 78, 81, 82, 84, 85, 88, 89, 92, 94, 95, 96, 97, 98, 100, 103, 104, 105, 106, 107, 110, 116, 120, 124, 126, 130, 132, 134, 135, 140, 142, 144, 145, 150, 152, 153, 154, 156, 158, 161, 162, 163, 164, 165, 168, 170, 171, 173, 174, 177, 178, 179, 181, 185, 186, 188, 189, 190, 191, 192, 193, 199, 202, 206, 207, 208, 210, 212, 214, 217, 218, 219, 223, 224, 228, 229, 230, 234, 235, 236, 238, 239, 240, 242, 244, 246, 248, 253, 258, 259, 261, 262, 263, 266, 269, 272, 284, 285, 289, 292, 295, 296, 297, 298, 299, 301, 307, 308, 316, 318, 325, 328, 329, 330, 332, 337, 345, 347, 352, 353, 355, 357, 358, 361, 370, 372, 373, 375, 377, 380, 381, 391, 402, 409, 411, 412, 413, 416, 421, 425, 429, 436, 438, 444, 445, 449, 451, 452, 464, 466, 471, 475, 476, 486, 489, 496, 499, 505, 512, 513, 519, 523, 533, 538, 539, 540, 544, 545, 546, 555, 560, 567, 576, 581, 582, 592, 594, 595, 602, 610, 622, 625, 626, 630, 634, 635, 644, 651, 656, 672, 673, 674, 686, 690, 699, 703, 710, 749]"
hcci_194,Q980_9h_AC,roi_194,VEGA3 XMH_BSE_20000.0kV_4000.0x,252,3,0,0,770,1,"[1, 2, 3, 4, 5, 6, 7, 8, 9, 10, 11, 12, 13, 14, 15, 16, 17, 18, 19, 20, 21, 22, 23, 24, 25, 26, 27, 28, 29, 30, 31, 32, 33, 34, 35, 36, 37, 38, 39, 40, 41, 42, 43, 44, 46, 47, 48, 51, 53, 55, 56, 57, 59, 60, 65, 66, 67, 70, 71, 72, 75, 77, 78, 80, 81, 83, 85, 87, 89, 90, 91, 92, 93, 94, 96, 99, 100, 106, 108, 109, 111, 115, 119, 121, 123, 130, 131, 132, 136, 137, 138, 139, 140, 141, 143, 145, 147, 149, 150, 152, 157, 159, 166, 167, 168, 169, 172, 174, 178, 180, 181, 182, 183, 184, 185, 189, 192, 195, 196, 198, 199, 201, 205, 209, 210, 211, 212, 213, 214, 215, 217, 218, 220, 224, 230, 235, 236, 238, 241, 242, 243, 245, 248, 250, 254, 256, 260, 261, 265, 267, 274, 280, 284, 286, 287, 288, 292, 294, 298, 301, 304, 305, 308, 310, 312, 315, 316, 317, 323, 327, 328, 334, 341, 349, 350, 351, 359, 360, 362, 364, 367, 377, 383, 384, 388, 407, 415, 416, 417, 418, 422, 424, 425, 426, 430, 435, 438, 445, 451, 455, 466, 467, 470, 471, 472, 474, 478, 483, 485, 493, 496, 497, 498, 510, 514, 519, 520, 521, 524, 535, 538, 549, 552, 555, 561, 562, 563, 583, 586, 596, 598, 600, 601, 607, 612, 613, 618, 630, 635, 640, 641, 642, 647, 650, 655, 678, 689, 692, 696, 709, 726, 762]"
hcci_195,Q980_9h_AC,roi_195,VEGA3 XMH_SE_20000.0kV_20000.0x,252,3,0,0,770,1,"[1, 2, 3, 4, 5, 6, 7, 8, 9, 10, 11, 12, 13, 14, 15, 16, 17, 18, 19, 20, 21, 22, 23, 24, 25, 26, 27, 29, 30, 32, 33, 34, 35, 36, 38, 39, 40, 41, 42, 43, 46, 47, 49, 52, 53, 54, 56, 57, 58, 59, 63, 64, 65, 66, 68, 69, 73, 74, 80, 85, 88, 93, 94, 96, 97, 98, 99, 101, 103, 112, 117, 118, 122, 123, 125, 131, 142, 146, 149, 151, 157, 158, 160, 162, 170, 176, 177, 181, 183, 190, 193, 197, 198, 200, 204, 205, 208, 212, 216, 218, 223, 226, 227, 229, 231, 232, 234, 235, 239, 240, 245, 246, 247, 248, 250, 251, 252, 253, 256, 258, 259, 260, 264, 268, 269, 272, 279, 283, 287, 288, 289, 292, 302, 304, 306, 308, 309, 311, 314, 318, 319, 325, 326, 331, 332, 334, 335, 337, 339, 342, 345, 348, 351, 354, 358, 359, 360, 364, 368, 370, 378, 384, 385, 389, 391, 399, 400, 401, 403, 405, 409, 414, 419, 423, 424, 427, 431, 434, 438, 440, 442, 445, 450, 451, 452, 454, 459, 463, 467, 472, 473, 475, 484, 487, 490, 491, 498, 504, 505, 507, 511, 512, 514, 515, 518, 522, 523, 524, 528, 540, 545, 554, 565, 568, 573, 574, 575, 577, 585, 586, 591, 593, 601, 603, 613, 616, 628, 629, 630, 653, 654, 656, 669, 675, 683, 684, 693, 700, 703, 704, 714, 717, 726, 728, 730, 734, 735, 748, 759, 761, 762, 768]"
hcci_196,Q980_9h_AC,roi_196,VEGA3 XMH_SE_20000.0kV_20000.0x,252,3,0,0,770,1,"[1, 2, 3, 4, 5, 6, 7, 9, 10, 11, 12, 13, 15, 20, 24, 26, 27, 28, 29, 30, 32, 35, 38, 39, 40, 42, 43, 44, 48, 49, 50, 52, 54, 55, 56, 58, 59, 60, 63, 65, 66, 69, 70, 71, 73, 74, 75, 77, 78, 79, 80, 82, 83, 85, 87, 91, 93, 94, 95, 96, 98, 100, 101, 102, 103, 105, 106, 107, 109, 110, 111, 115, 118, 119, 120, 121, 124, 125, 127, 130, 131, 132, 133, 134, 136, 139, 140, 143, 145, 146, 147, 148, 151, 152, 153, 154, 155, 156, 158, 159, 161, 163, 166, 172, 174, 175, 180, 182, 184, 185, 187, 190, 193, 196, 197, 198, 202, 208, 212, 213, 214, 216, 217, 219, 220, 221, 222, 225, 226, 229, 230, 231, 235, 236, 237, 238, 241, 242, 243, 244, 247, 249, 252, 253, 254, 255, 257, 262, 263, 266, 267, 270, 271, 272, 273, 276, 278, 279, 280, 283, 284, 285, 286, 294, 296, 298, 302, 303, 306, 309, 311, 312, 313, 315, 318, 323, 327, 330, 333, 337, 340, 342, 344, 345, 351, 352, 364, 366, 368, 378, 383, 387, 394, 396, 397, 400, 402, 403, 404, 405, 407, 410, 424, 429, 431, 432, 437, 438, 442, 443, 446, 452, 457, 462, 463, 465, 466, 468, 470, 471, 472, 474, 478, 486, 493, 500, 501, 505, 524, 530, 531, 554, 572, 574, 576, 585, 588, 595, 596, 599, 607, 609, 615, 618, 622, 640, 658, 696, 706, 754, 763, 766]"
hcci_197,Q980_9h_AC,roi_197,VEGA3 XMH_BSE_20000.0kV_20000.0x,253,2,0,0,771,1,"[1, 2, 3, 4, 5, 6, 7, 8, 9, 10, 11, 12, 13, 14, 15, 16, 17, 18, 19, 20, 22, 23, 24, 25, 26, 27, 28, 29, 30, 31, 32, 33, 34, 35, 37, 40, 43, 45, 46, 47, 48, 49, 50, 51, 53, 56, 59, 60, 62, 63, 64, 65, 69, 70, 73, 75, 79, 80, 84, 89, 91, 92, 97, 99, 100, 103, 104, 106, 108, 112, 113, 114, 116, 121, 130, 135, 136, 137, 139, 141, 144, 147, 148, 149, 150, 153, 155, 156, 158, 160, 161, 168, 172, 174, 176, 180, 183, 184, 185, 187, 189, 191, 195, 196, 197, 200, 201, 204, 208, 211, 212, 213, 214, 216, 217, 222, 223, 226, 231, 240, 241, 242, 244, 249, 250, 252, 255, 258, 260, 263, 264, 269, 271, 276, 277, 283, 284, 285, 290, 294, 295, 298, 299, 300, 301, 303, 304, 307, 308, 310, 311, 316, 317, 320, 323, 324, 325, 328, 331, 335, 336, 339, 340, 341, 350, 352, 353, 360, 365, 369, 370, 372, 373, 376, 378, 382, 383, 385, 387, 389, 393, 398, 402, 405, 407, 408, 409, 410, 414, 418, 419, 422, 424, 427, 428, 436, 437, 438, 443, 444, 445, 448, 452, 457, 458, 460, 461, 463, 464, 470, 481, 484, 486, 489, 493, 494, 496, 498, 500, 509, 510, 511, 512, 517, 519, 520, 524, 526, 539, 540, 547, 548, 554, 559, 567, 568, 570, 581, 589, 628, 633, 658, 670, 690, 706, 717, 718, 726, 743, 744, 748, 768, 770]"
hcci_198,Q980_9h_AC,roi_198,VEGA3 XMH_BSE_20000.0kV_20000.0x,253,2,0,0,771,1,"[1, 2, 3, 4, 5, 6, 7, 9, 10, 11, 12, 13, 14, 15, 17, 18, 19, 20, 21, 22, 23, 24, 26, 27, 28, 29, 30, 31, 32, 33, 34, 36, 37, 38, 39, 40, 43, 44, 45, 47, 48, 49, 50, 53, 56, 58, 59, 60, 64, 65, 66, 67, 69, 70, 71, 74, 76, 77, 78, 79, 81, 82, 83, 87, 88, 89, 90, 91, 92, 94, 95, 97, 98, 99, 100, 101, 106, 108, 110, 112, 113, 117, 119, 121, 122, 125, 126, 128, 130, 132, 133, 134, 140, 143, 144, 153, 155, 159, 160, 163, 165, 167, 170, 173, 174, 176, 178, 179, 182, 186, 187, 189, 190, 191, 192, 193, 195, 197, 202, 206, 209, 213, 216, 223, 225, 226, 227, 232, 239, 241, 242, 250, 254, 255, 256, 260, 262, 272, 279, 281, 283, 285, 289, 290, 297, 298, 302, 305, 310, 313, 315, 317, 318, 321, 334, 338, 339, 345, 346, 348, 350, 354, 355, 358, 361, 363, 367, 369, 375, 377, 378, 379, 380, 382, 384, 385, 386, 387, 394, 395, 398, 410, 411, 412, 416, 421, 422, 429, 434, 435, 438, 441, 448, 449, 454, 455, 459, 461, 463, 467, 470, 472, 473, 474, 479, 481, 484, 485, 489, 492, 500, 507, 514, 516, 524, 538, 544, 545, 552, 553, 554, 557, 561, 563, 565, 576, 579, 580, 583, 593, 595, 615, 618, 626, 645, 646, 662, 670, 671, 673, 682, 684, 707, 714, 717, 720, 722, 749, 750, 755, 760, 761, 771]"
hcci_2,AsCast,roi_2,Helios G4 PFIB CXe_SE_5000.0kV_1000.0x,256,3,0,0,770,1,"[1, 2, 3, 4, 5, 6, 7, 8, 9, 10, 11, 12, 13, 14, 15, 16, 17, 18, 19, 20, 21, 22, 23, 24, 25, 26, 27, 28, 29, 30, 31, 32, 33, 34, 35, 36, 37, 38, 39, 40, 41, 42, 43, 44, 45, 46, 47, 48, 49, 50, 51, 52, 53, 54, 55, 56, 57, 58, 59, 60, 61, 62, 63, 64, 65, 66, 67, 68, 69, 70, 71, 72, 73, 74, 75, 76, 77, 78, 79, 80, 81, 82, 83, 84, 85, 86, 87, 88, 89, 90, 91, 92, 93, 94, 95, 96, 97, 98, 99, 100, 101, 102, 103, 104, 105, 106, 107, 108, 109, 110, 111, 112, 113, 114, 115, 116, 117, 118, 119, 120, 122, 123, 124, 125, 126, 127, 128, 130, 131, 135, 136, 137, 139, 141, 145, 146, 148, 149, 153, 155, 156, 157, 159, 160, 163, 164, 165, 166, 167, 170, 172, 176, 180, 183, 184, 185, 186, 187, 188, 200, 203, 205, 210, 211, 212, 213, 214, 215, 216, 217, 219, 222, 223, 228, 229, 235, 242, 245, 248, 253, 257, 266, 269, 271, 272, 275, 287, 289, 294, 298, 300, 304, 308, 310, 320, 328, 330, 331, 341, 345, 346, 351, 352, 354, 359, 363, 366, 368, 375, 379, 385, 389, 390, 401, 407, 412, 416, 425, 426, 435, 444, 452, 454, 455, 460, 464, 469, 479, 490, 493, 498, 499, 506, 508, 515, 524, 527, 535, 537, 544, 552, 558, 559, 569, 576, 588, 593, 642, 647, 664, 678, 698, 699, 707, 716, 737]"
hcci_21,AsCast,roi_21,Helios G4 PFIB CXe_BSE_10000.0kV_5000.0x,256,3,0,0,770,1,"[1, 2, 3, 4, 5, 6, 7, 8, 9, 10, 11, 12, 13, 14, 15, 16, 17, 18, 19, 20, 21, 22, 23, 24, 25, 26, 27, 28, 29, 30, 31, 32, 33, 34, 35, 36, 37, 38, 39, 40, 41, 42, 43, 44, 45, 46, 47, 48, 49, 50, 51, 52, 53, 54, 55, 56, 57, 58, 59, 60, 61, 62, 63, 64, 65, 66, 67, 68, 69, 70, 71, 72, 73, 74, 75, 76, 77, 78, 79, 80, 81, 82, 83, 84, 86, 87, 88, 89, 90, 91, 92, 93, 94, 95, 96, 97, 98, 99, 100, 103, 104, 105, 106, 107, 108, 109, 111, 112, 113, 114, 115, 116, 117, 118, 119, 120, 121, 122, 123, 124, 125, 126, 127, 129, 130, 131, 132, 134, 135, 136, 137, 138, 139, 140, 141, 142, 143, 144, 145, 146, 148, 149, 150, 152, 153, 155, 157, 158, 159, 160, 161, 163, 164, 165, 166, 167, 168, 169, 171, 172, 174, 177, 179, 181, 182, 183, 184, 185, 187, 190, 191, 192, 193, 194, 195, 198, 199, 200, 201, 204, 205, 207, 208, 209, 210, 211, 212, 214, 216, 217, 218, 219, 223, 224, 228, 231, 235, 238, 240, 241, 242, 243, 246, 247, 251, 252, 253, 259, 261, 262, 263, 265, 268, 269, 270, 271, 274, 277, 279, 283, 295, 300, 301, 302, 303, 305, 308, 311, 314, 315, 325, 330, 333, 335, 357, 365, 370, 382, 426, 427, 452, 457, 465, 466, 475, 494, 508, 529, 564, 576, 581, 611, 636, 640, 667, 708]"
hcci_219,AsCast,roi_219,Helios NanoLab_SE_5000.0kV_600.0x,256,3,0,0,770,1,"[1, 2, 3, 4, 5, 6, 7, 8, 9, 10, 11, 12, 13, 14, 15, 16, 17, 18, 19, 20, 21, 22, 23, 24, 25, 26, 27, 28, 29, 30, 31, 32, 33, 34, 35, 36, 37, 38, 39, 40, 41, 42, 43, 44, 45, 46, 47, 48, 49, 50, 51, 52, 53, 54, 55, 56, 57, 58, 59, 60, 61, 62, 63, 64, 65, 66, 67, 68, 69, 70, 71, 72, 73, 74, 75, 76, 77, 78, 79, 80, 81, 82, 83, 84, 85, 86, 87, 88, 89, 90, 91, 92, 93, 94, 96, 97, 98, 99, 100, 101, 102, 103, 104, 107, 108, 109, 110, 111, 112, 114, 115, 117, 118, 119, 120, 122, 123, 125, 126, 128, 132, 133, 138, 140, 141, 143, 145, 147, 149, 153, 157, 170, 174, 176, 177, 180, 181, 183, 184, 186, 190, 192, 196, 197, 203, 205, 206, 208, 210, 212, 214, 218, 219, 223, 225, 227, 229, 232, 234, 237, 238, 239, 240, 242, 243, 248, 251, 254, 255, 259, 262, 263, 264, 266, 271, 272, 279, 282, 298, 299, 308, 309, 310, 313, 314, 315, 323, 324, 325, 347, 348, 361, 362, 367, 370, 372, 376, 381, 396, 397, 398, 401, 403, 404, 412, 416, 422, 424, 427, 431, 435, 445, 446, 447, 460, 461, 464, 472, 474, 477, 484, 486, 493, 494, 496, 503, 509, 510, 519, 522, 534, 537, 547, 549, 566, 573, 577, 584, 596, 597, 598, 610, 624, 628, 633, 638, 653, 691, 701, 719, 735, 737, 747, 750, 755, 760]"
hcci_22,AsCast,roi_22,Helios G4 PFIB CXe_BSE_10000.0kV_5000.0x,256,3,0,0,770,1,"[1, 2, 3, 4, 5, 6, 7, 8, 9, 10, 11, 12, 13, 14, 15, 16, 17, 18, 19, 20, 21, 22, 23, 24, 25, 26, 27, 28, 29, 30, 31, 32, 33, 34, 35, 36, 37, 38, 39, 40, 41, 42, 43, 44, 45, 46, 47, 48, 49, 50, 51, 52, 53, 54, 55, 56, 57, 58, 59, 60, 61, 62, 63, 64, 65, 66, 67, 68, 69, 70, 71, 72, 73, 74, 75, 76, 77, 78, 79, 80, 82, 83, 84, 85, 86, 87, 88, 89, 91, 92, 93, 94, 95, 96, 97, 99, 100, 102, 103, 104, 106, 107, 108, 109, 111, 113, 114, 115, 116, 118, 119, 120, 121, 124, 125, 126, 127, 128, 129, 130, 131, 132, 134, 135, 136, 137, 139, 140, 141, 143, 144, 145, 146, 147, 149, 151, 153, 154, 155, 156, 157, 158, 162, 163, 164, 165, 166, 167, 168, 172, 173, 174, 175, 177, 178, 183, 184, 185, 186, 188, 189, 191, 192, 195, 196, 200, 204, 209, 211, 213, 214, 216, 217, 218, 222, 223, 226, 227, 228, 229, 230, 232, 236, 238, 242, 248, 250, 257, 258, 263, 264, 267, 268, 272, 274, 280, 282, 284, 295, 297, 299, 300, 312, 317, 319, 334, 336, 342, 348, 353, 358, 364, 368, 372, 378, 379, 380, 381, 382, 383, 384, 385, 391, 398, 404, 408, 418, 432, 440, 445, 446, 449, 451, 462, 485, 487, 497, 516, 524, 537, 541, 545, 547, 551, 567, 568, 572, 577, 581, 604, 613, 627, 638, 660, 690, 705]"
hcci_220,AsCast,roi_220,Helios NanoLab_SE_5000.0kV_600.0x,256,3,0,0,770,1,"[1, 2, 3, 4, 5, 6, 7, 8, 9, 10, 11, 12, 13, 14, 15, 16, 17, 18, 19, 20, 21, 22, 23, 24, 25, 26, 27, 28, 29, 30, 31, 32, 33, 34, 35, 36, 37, 38, 39, 40, 41, 42, 43, 44, 45, 46, 47, 48, 49, 50, 51, 52, 53, 54, 55, 56, 58, 59, 60, 61, 62, 63, 64, 65, 66, 67, 68, 69, 70, 71, 72, 74, 75, 76, 77, 78, 79, 80, 81, 82, 83, 84, 85, 87, 88, 89, 90, 91, 92, 93, 94, 96, 97, 98, 99, 100, 101, 102, 104, 105, 106, 107, 108, 110, 111, 112, 113, 115, 118, 119, 120, 123, 127, 131, 133, 136, 143, 146, 148, 150, 152, 153, 156, 157, 159, 162, 165, 171, 172, 179, 182, 185, 191, 192, 199, 201, 212, 217, 220, 232, 234, 240, 241, 243, 244, 246, 251, 259, 265, 267, 270, 276, 280, 281, 289, 292, 294, 295, 299, 304, 306, 310, 316, 322, 326, 327, 329, 332, 335, 341, 347, 352, 355, 357, 358, 361, 362, 364, 383, 388, 394, 404, 406, 412, 413, 419, 423, 424, 427, 429, 431, 432, 436, 439, 449, 451, 457, 466, 469, 474, 475, 479, 480, 489, 492, 496, 498, 507, 508, 510, 516, 522, 525, 531, 532, 535, 538, 545, 546, 550, 553, 557, 569, 570, 577, 582, 583, 588, 591, 595, 598, 604, 608, 609, 611, 623, 624, 626, 629, 633, 641, 645, 652, 656, 658, 659, 671, 691, 699, 701, 729, 731, 743, 751, 754, 759]"
hcci_221,AsCast,roi_221,Helios NanoLab_BSE_5000.0kV_600.0x,256,3,0,0,770,1,"[1, 2, 3, 4, 5, 6, 7, 8, 9, 10, 11, 12, 13, 14, 15, 16, 17, 18, 19, 20, 21, 22, 23, 24, 25, 26, 27, 28, 29, 30, 31, 32, 33, 34, 35, 36, 37, 38, 39, 40, 41, 42, 43, 44, 45, 46, 47, 48, 49, 50, 51, 52, 53, 54, 55, 56, 57, 58, 59, 60, 61, 62, 63, 64, 65, 66, 67, 68, 69, 70, 71, 72, 73, 74, 75, 76, 77, 78, 79, 80, 81, 82, 83, 84, 85, 86, 87, 88, 89, 90, 91, 92, 93, 94, 95, 96, 97, 98, 99, 101, 102, 103, 104, 105, 106, 107, 108, 109, 110, 112, 114, 115, 119, 120, 121, 123, 124, 125, 126, 127, 128, 131, 132, 133, 138, 139, 140, 141, 142, 144, 145, 146, 147, 150, 152, 153, 155, 156, 161, 165, 166, 167, 168, 171, 172, 174, 176, 180, 181, 187, 191, 197, 198, 201, 203, 204, 206, 212, 213, 214, 215, 216, 221, 223, 224, 229, 231, 232, 233, 235, 236, 238, 239, 241, 245, 254, 256, 262, 266, 268, 278, 285, 300, 301, 302, 303, 306, 311, 316, 318, 330, 331, 336, 340, 341, 343, 349, 354, 358, 362, 368, 373, 377, 379, 388, 392, 395, 396, 398, 399, 402, 408, 412, 415, 426, 432, 441, 451, 458, 460, 464, 466, 472, 477, 484, 489, 490, 492, 493, 495, 503, 510, 511, 520, 528, 531, 537, 540, 550, 565, 569, 572, 577, 579, 583, 586, 596, 598, 610, 618, 657, 663, 673, 705, 732, 734]"
hcci_222,AsCast,roi_222,Helios NanoLab_BSE_5000.0kV_600.0x,256,3,0,0,770,1,"[1, 2, 3, 4, 5, 6, 7, 8, 9, 10, 11, 12, 13, 14, 15, 16, 17, 18, 19, 20, 21, 22, 23, 24, 25, 26, 27, 28, 29, 30, 31, 32, 33, 34, 35, 36, 37, 38, 39, 40, 41, 42, 43, 44, 45, 46, 47, 48, 49, 50, 51, 52, 53, 54, 55, 56, 57, 58, 59, 60, 61, 62, 63, 64, 65, 66, 67, 68, 69, 70, 71, 72, 73, 74, 75, 76, 77, 78, 79, 80, 81, 82, 83, 84, 85, 86, 87, 88, 89, 90, 92, 93, 94, 95, 96, 97, 98, 99, 100, 101, 102, 103, 104, 105, 106, 107, 108, 109, 110, 112, 114, 115, 116, 117, 119, 120, 121, 122, 123, 124, 125, 126, 127, 128, 129, 134, 135, 136, 137, 139, 140, 141, 142, 143, 144, 146, 150, 153, 154, 157, 158, 159, 163, 166, 170, 171, 175, 178, 180, 182, 183, 194, 198, 200, 202, 210, 212, 215, 221, 222, 225, 228, 230, 235, 236, 245, 246, 249, 250, 252, 259, 261, 264, 265, 269, 272, 279, 280, 282, 289, 291, 292, 294, 297, 298, 299, 300, 301, 307, 318, 321, 326, 330, 331, 334, 338, 341, 347, 353, 357, 359, 366, 367, 368, 376, 380, 392, 394, 397, 406, 407, 408, 409, 410, 413, 415, 419, 420, 424, 430, 445, 448, 449, 454, 458, 460, 464, 474, 479, 489, 498, 499, 506, 511, 519, 526, 527, 531, 536, 544, 546, 547, 553, 569, 570, 575, 578, 580, 613, 625, 626, 637, 659, 710, 732, 733]"
hcci_223,AsCast,roi_223,Helios NanoLab_InLens_5000.0kV_600.0x,256,3,0,0,770,1,"[1, 2, 3, 4, 5, 6, 7, 8, 9, 10, 11, 12, 13, 14, 15, 16, 17, 18, 19, 20, 21, 22, 23, 24, 25, 26, 27, 28, 29, 30, 31, 32, 33, 34, 35, 36, 37, 38, 39, 40, 41, 42, 43, 44, 45, 46, 47, 48, 49, 50, 51, 52, 53, 54, 55, 56, 57, 58, 59, 60, 61, 62, 63, 64, 65, 66, 67, 68, 69, 70, 71, 72, 73, 74, 75, 76, 77, 78, 79, 80, 81, 82, 83, 84, 85, 86, 87, 88, 89, 90, 91, 92, 93, 94, 95, 96, 97, 98, 99, 100, 101, 102, 103, 104, 105, 106, 107, 108, 109, 110, 111, 112, 113, 115, 116, 117, 119, 121, 123, 124, 125, 126, 129, 130, 132, 133, 134, 136, 137, 138, 141, 143, 144, 146, 153, 155, 159, 168, 172, 178, 179, 184, 186, 189, 190, 193, 194, 200, 202, 206, 210, 216, 219, 224, 228, 229, 234, 236, 239, 241, 243, 245, 247, 248, 249, 256, 259, 260, 261, 264, 265, 267, 273, 277, 279, 280, 282, 284, 286, 296, 303, 305, 308, 309, 311, 317, 318, 320, 325, 328, 332, 333, 336, 342, 343, 345, 350, 351, 354, 357, 366, 370, 377, 380, 384, 387, 388, 396, 405, 412, 418, 435, 436, 450, 456, 457, 459, 460, 476, 489, 490, 492, 496, 500, 501, 502, 503, 509, 512, 519, 522, 524, 526, 531, 538, 544, 552, 554, 566, 569, 570, 571, 573, 574, 591, 610, 616, 637, 653, 676, 692, 693, 698, 721, 732, 754]"
hcci_224,AsCast,roi_224,Helios NanoLab_InLens_5000.0kV_600.0x,256,3,0,0,770,1,"[1, 2, 3, 4, 5, 6, 7, 8, 9, 10, 11, 12, 13, 14, 15, 16, 17, 18, 19, 20, 21, 22, 23, 24, 25, 26, 27, 28, 29, 30, 31, 32, 33, 34, 35, 36, 37, 38, 39, 40, 41, 42, 43, 44, 45, 46, 47, 48, 49, 50, 51, 52, 53, 54, 55, 56, 57, 58, 59, 60, 61, 62, 63, 64, 65, 66, 67, 68, 69, 70, 72, 73, 74, 75, 76, 77, 78, 79, 80, 81, 82, 83, 84, 85, 86, 87, 88, 89, 90, 91, 92, 93, 94, 96, 97, 100, 101, 103, 106, 108, 109, 110, 111, 116, 120, 121, 123, 124, 125, 127, 129, 133, 134, 137, 138, 139, 151, 155, 156, 165, 183, 184, 190, 199, 208, 215, 217, 223, 224, 228, 236, 241, 245, 248, 253, 257, 260, 265, 266, 269, 270, 280, 281, 293, 295, 298, 302, 308, 317, 319, 332, 333, 336, 353, 354, 356, 367, 375, 376, 377, 388, 396, 397, 398, 403, 406, 422, 424, 435, 437, 458, 465, 475, 480, 487, 493, 495, 496, 497, 498, 500, 501, 502, 506, 509, 510, 513, 516, 520, 529, 532, 533, 534, 539, 540, 541, 542, 543, 544, 547, 548, 552, 557, 560, 561, 568, 570, 571, 572, 575, 582, 584, 585, 587, 588, 592, 593, 596, 597, 599, 610, 612, 617, 618, 622, 623, 625, 626, 629, 632, 637, 641, 645, 650, 651, 652, 656, 657, 658, 668, 669, 676, 677, 679, 683, 686, 693, 694, 701, 708, 712, 718, 720, 721, 725, 740]"
hcci_225,AsCast,roi_225,Helios NanoLab_SE_5000.0kV_3250.0x,256,3,0,0,770,1,"[1, 2, 3, 4, 5, 6, 7, 8, 9, 10, 11, 12, 13, 14, 15, 16, 17, 18, 19, 20, 21, 22, 23, 24, 25, 26, 27, 28, 29, 30, 31, 32, 33, 34, 35, 36, 37, 38, 39, 40, 41, 42, 43, 44, 45, 46, 47, 48, 49, 50, 51, 52, 53, 54, 55, 56, 57, 58, 59, 60, 61, 62, 63, 64, 65, 66, 67, 68, 69, 70, 71, 72, 73, 74, 75, 76, 77, 78, 79, 80, 81, 82, 83, 84, 85, 86, 87, 88, 89, 90, 91, 92, 93, 94, 95, 96, 97, 98, 99, 100, 101, 102, 103, 104, 105, 106, 107, 108, 109, 110, 111, 112, 113, 114, 115, 116, 117, 118, 119, 120, 121, 122, 123, 124, 125, 126, 127, 128, 129, 130, 131, 132, 133, 134, 135, 136, 137, 138, 139, 140, 141, 142, 143, 144, 145, 146, 147, 148, 149, 150, 152, 153, 154, 155, 156, 157, 158, 159, 160, 161, 162, 163, 164, 165, 166, 167, 168, 169, 170, 171, 172, 173, 174, 175, 176, 178, 179, 180, 181, 184, 185, 186, 187, 190, 191, 192, 193, 195, 196, 197, 198, 200, 201, 202, 203, 204, 205, 207, 208, 211, 212, 213, 216, 217, 218, 220, 221, 222, 225, 227, 228, 230, 233, 235, 236, 238, 242, 245, 246, 249, 250, 258, 259, 261, 270, 272, 273, 286, 289, 291, 292, 293, 305, 310, 317, 318, 322, 336, 339, 349, 386, 396, 399, 405, 437, 460, 493, 564, 571, 572, 582, 585, 596, 609, 664, 666]"
hcci_226,AsCast,roi_226,Helios NanoLab_SE_5000.0kV_3250.0x,256,3,0,0,770,1,"[1, 2, 3, 4, 5, 6, 7, 8, 9, 10, 11, 12, 13, 14, 15, 16, 17, 18, 19, 20, 21, 22, 23, 24, 25, 26, 27, 28, 29, 30, 31, 32, 33, 34, 35, 36, 37, 38, 39, 40, 41, 42, 43, 44, 45, 46, 47, 48, 49, 50, 51, 52, 53, 54, 55, 56, 57, 58, 59, 60, 61, 62, 63, 64, 65, 66, 67, 68, 69, 70, 71, 72, 73, 74, 75, 76, 77, 78, 79, 81, 82, 83, 84, 85, 86, 87, 88, 89, 90, 91, 92, 94, 95, 96, 97, 98, 99, 100, 101, 103, 104, 105, 106, 107, 108, 109, 110, 111, 112, 113, 114, 115, 116, 117, 118, 120, 121, 122, 123, 124, 125, 126, 127, 128, 129, 132, 134, 135, 136, 137, 138, 139, 141, 142, 143, 144, 145, 147, 148, 149, 150, 151, 152, 153, 154, 155, 156, 157, 159, 160, 163, 164, 165, 166, 168, 169, 171, 172, 173, 174, 175, 177, 178, 179, 180, 181, 182, 183, 184, 188, 191, 192, 195, 196, 197, 198, 199, 200, 202, 203, 204, 205, 206, 207, 212, 214, 215, 219, 220, 221, 223, 225, 230, 233, 234, 235, 236, 237, 239, 241, 242, 248, 253, 257, 260, 262, 264, 265, 273, 274, 276, 282, 287, 289, 296, 298, 300, 303, 304, 308, 313, 314, 315, 318, 319, 320, 339, 340, 348, 352, 353, 357, 364, 366, 369, 372, 373, 374, 431, 432, 463, 476, 481, 504, 505, 517, 525, 537, 546, 558, 608, 640, 656, 660, 678, 710]"
hcci_227,AsCast,roi_227,Helios NanoLab_BSE_5000.0kV_3250.0x,256,3,0,0,770,1,"[1, 2, 3, 4, 5, 6, 7, 8, 9, 10, 11, 12, 13, 14, 15, 16, 17, 18, 19, 20, 21, 22, 23, 24, 25, 26, 27, 28, 29, 30, 31, 32, 33, 34, 35, 36, 37, 38, 39, 40, 41, 42, 43, 44, 45, 46, 47, 48, 49, 50, 51, 52, 53, 54, 55, 56, 57, 58, 59, 60, 61, 62, 63, 65, 66, 67, 68, 69, 70, 71, 72, 73, 76, 77, 78, 79, 80, 81, 82, 83, 84, 85, 86, 87, 88, 90, 91, 92, 93, 94, 95, 96, 97, 98, 99, 100, 101, 103, 104, 105, 106, 109, 110, 111, 112, 113, 114, 115, 116, 117, 118, 119, 120, 121, 122, 123, 124, 125, 126, 127, 129, 130, 131, 133, 135, 136, 138, 139, 143, 145, 147, 149, 150, 151, 152, 153, 155, 156, 157, 158, 159, 160, 161, 164, 165, 168, 169, 170, 171, 173, 174, 179, 183, 184, 185, 186, 189, 191, 193, 195, 196, 197, 199, 200, 201, 202, 203, 205, 206, 207, 211, 213, 216, 217, 218, 222, 223, 224, 225, 226, 228, 231, 232, 233, 237, 239, 244, 245, 246, 247, 248, 252, 254, 256, 259, 261, 263, 265, 274, 276, 279, 284, 285, 295, 296, 303, 304, 306, 324, 326, 332, 335, 345, 356, 363, 364, 365, 369, 370, 380, 382, 394, 398, 402, 405, 408, 417, 421, 422, 427, 443, 456, 458, 460, 464, 466, 467, 493, 503, 507, 508, 515, 530, 536, 571, 573, 593, 606, 637, 652, 662, 678, 703, 704, 711, 715]"
hcci_228,AsCast,roi_228,Helios NanoLab_BSE_5000.0kV_3250.0x,256,3,0,0,770,1,"[1, 2, 3, 4, 5, 6, 7, 8, 9, 10, 11, 12, 13, 14, 15, 16, 17, 18, 19, 20, 21, 22, 23, 24, 25, 26, 27, 28, 29, 30, 31, 32, 33, 34, 35, 36, 37, 38, 39, 40, 41, 42, 43, 44, 45, 46, 47, 48, 49, 50, 51, 52, 53, 54, 56, 57, 58, 59, 60, 61, 62, 63, 64, 65, 67, 68, 70, 71, 72, 73, 74, 75, 76, 78, 79, 80, 81, 82, 83, 84, 86, 87, 88, 89, 90, 91, 92, 93, 94, 95, 96, 98, 99, 100, 101, 102, 103, 104, 105, 106, 107, 110, 111, 113, 114, 115, 116, 117, 119, 121, 122, 123, 124, 125, 126, 127, 128, 129, 130, 131, 132, 133, 135, 136, 137, 139, 140, 141, 142, 143, 144, 146, 147, 148, 149, 150, 151, 152, 153, 154, 155, 156, 158, 160, 161, 163, 164, 165, 167, 168, 170, 171, 172, 173, 174, 175, 176, 178, 180, 183, 184, 190, 191, 197, 198, 199, 200, 203, 206, 207, 208, 209, 210, 213, 214, 215, 216, 217, 219, 220, 224, 227, 231, 232, 236, 240, 241, 245, 247, 248, 251, 253, 254, 259, 262, 265, 269, 277, 280, 283, 284, 285, 287, 289, 291, 292, 293, 303, 307, 313, 314, 318, 322, 323, 328, 330, 331, 333, 338, 343, 348, 350, 352, 355, 362, 375, 393, 398, 414, 428, 436, 439, 443, 457, 472, 478, 486, 499, 506, 514, 518, 526, 530, 531, 540, 547, 559, 576, 592, 596, 597, 601, 621, 627, 652, 671]"
hcci_229,AsCast,roi_229,Helios NanoLab_InLens_5000.0kV_3250.0x,256,3,0,0,770,1,"[1, 2, 3, 4, 5, 6, 7, 8, 9, 10, 11, 12, 13, 14, 15, 16, 17, 18, 19, 20, 21, 22, 23, 24, 25, 26, 27, 28, 29, 30, 31, 32, 33, 34, 35, 36, 37, 38, 39, 40, 41, 42, 43, 44, 45, 46, 47, 48, 49, 50, 51, 52, 53, 54, 55, 56, 57, 58, 59, 60, 61, 62, 63, 64, 65, 66, 67, 68, 69, 70, 71, 72, 73, 74, 75, 76, 77, 78, 80, 81, 82, 83, 84, 85, 86, 87, 88, 89, 90, 91, 92, 93, 94, 95, 96, 97, 98, 99, 100, 101, 102, 103, 104, 105, 106, 107, 108, 109, 110, 112, 113, 114, 115, 116, 117, 118, 119, 120, 121, 124, 125, 126, 127, 128, 129, 130, 131, 132, 133, 134, 136, 137, 139, 140, 141, 143, 144, 145, 146, 147, 148, 149, 150, 151, 152, 153, 154, 156, 158, 159, 160, 161, 162, 163, 164, 165, 166, 167, 170, 171, 172, 175, 177, 178, 179, 181, 182, 183, 184, 185, 186, 187, 188, 190, 191, 192, 194, 197, 198, 200, 201, 202, 203, 207, 209, 211, 213, 214, 215, 217, 219, 220, 221, 223, 225, 227, 231, 232, 235, 237, 238, 239, 241, 243, 246, 248, 249, 250, 253, 254, 259, 261, 262, 264, 267, 271, 274, 275, 277, 281, 282, 285, 294, 295, 296, 307, 312, 314, 316, 317, 318, 329, 340, 342, 345, 348, 350, 356, 358, 359, 366, 371, 378, 385, 397, 401, 422, 429, 450, 476, 513, 526, 550, 570, 677, 720]"
hcci_23,AsCast,roi_23,Helios G4 PFIB CXe_InLens_10000.0kV_5000.0x,256,3,0,0,770,1,"[1, 2, 3, 4, 5, 6, 7, 8, 9, 10, 11, 12, 13, 14, 15, 16, 17, 18, 19, 20, 21, 22, 23, 24, 25, 26, 27, 28, 29, 30, 31, 32, 33, 34, 35, 36, 37, 38, 39, 40, 41, 42, 43, 44, 45, 46, 47, 48, 49, 50, 51, 52, 53, 54, 55, 56, 57, 58, 59, 60, 61, 62, 63, 64, 65, 66, 67, 68, 69, 72, 73, 75, 76, 77, 78, 79, 80, 83, 84, 85, 86, 87, 88, 89, 90, 91, 93, 94, 96, 98, 99, 101, 102, 103, 105, 106, 107, 108, 110, 111, 114, 116, 121, 128, 129, 130, 131, 134, 135, 136, 137, 140, 141, 146, 147, 148, 150, 151, 155, 157, 159, 160, 161, 162, 164, 166, 169, 173, 174, 179, 180, 181, 183, 185, 188, 191, 194, 195, 198, 200, 201, 202, 203, 204, 205, 210, 212, 213, 215, 217, 219, 221, 222, 225, 226, 228, 229, 230, 233, 235, 236, 239, 245, 252, 254, 255, 258, 259, 262, 266, 269, 270, 271, 272, 274, 277, 278, 281, 285, 289, 295, 296, 300, 301, 303, 304, 306, 308, 309, 312, 313, 315, 317, 322, 327, 331, 333, 334, 338, 339, 342, 348, 351, 352, 353, 355, 360, 363, 367, 377, 379, 380, 387, 388, 390, 392, 404, 411, 416, 417, 423, 428, 431, 432, 433, 437, 439, 440, 445, 447, 464, 465, 469, 471, 477, 481, 487, 492, 495, 507, 512, 519, 528, 532, 552, 585, 598, 619, 632, 639, 646, 670, 682, 689, 706, 723]"
hcci_230,AsCast,roi_230,Helios NanoLab_InLens_5000.0kV_3250.0x,256,3,0,0,770,1,"[1, 2, 3, 4, 5, 6, 7, 8, 9, 10, 11, 12, 13, 14, 15, 16, 17, 18, 19, 20, 22, 23, 24, 25, 26, 27, 28, 29, 30, 31, 32, 33, 35, 36, 37, 38, 39, 40, 42, 43, 44, 45, 47, 48, 49, 50, 52, 53, 54, 56, 57, 58, 59, 62, 63, 64, 65, 66, 68, 69, 72, 74, 77, 78, 79, 80, 82, 84, 85, 86, 87, 88, 89, 90, 91, 92, 93, 94, 95, 96, 97, 98, 100, 101, 102, 104, 105, 106, 107, 108, 109, 110, 111, 112, 113, 114, 115, 116, 117, 118, 119, 120, 121, 122, 123, 124, 125, 126, 127, 129, 131, 132, 133, 136, 137, 138, 139, 140, 141, 142, 143, 144, 145, 147, 149, 150, 151, 153, 155, 156, 158, 159, 161, 162, 163, 164, 165, 166, 167, 168, 169, 171, 172, 174, 175, 176, 177, 180, 182, 184, 185, 187, 188, 189, 190, 191, 192, 197, 200, 202, 204, 206, 208, 209, 211, 213, 214, 218, 219, 220, 221, 222, 223, 226, 228, 230, 233, 236, 237, 239, 240, 242, 243, 244, 247, 253, 257, 261, 262, 265, 267, 272, 275, 276, 279, 281, 284, 285, 286, 291, 293, 303, 306, 315, 318, 321, 323, 324, 332, 343, 350, 351, 355, 357, 364, 367, 369, 378, 381, 389, 390, 393, 394, 397, 399, 400, 413, 417, 425, 431, 436, 445, 457, 458, 464, 465, 473, 500, 501, 511, 513, 516, 518, 531, 543, 553, 575, 581, 589, 605, 619, 637, 654, 660, 735, 744]"
hcci_231,AsCast,roi_231,Helios NanoLab_SE_10000.0kV_600.0x,256,3,0,0,770,1,"[1, 2, 3, 4, 5, 6, 7, 8, 9, 10, 11, 12, 13, 14, 15, 16, 17, 18, 19, 20, 21, 22, 23, 24, 25, 26, 27, 28, 29, 30, 31, 32, 33, 34, 35, 36, 37, 38, 39, 40, 41, 42, 43, 44, 45, 46, 47, 48, 49, 50, 51, 52, 53, 54, 55, 56, 57, 58, 59, 60, 61, 62, 63, 64, 65, 66, 67, 68, 69, 70, 71, 72, 73, 74, 75, 76, 77, 78, 79, 80, 81, 82, 83, 84, 85, 86, 87, 88, 89, 90, 91, 92, 93, 94, 95, 96, 97, 98, 99, 100, 101, 102, 103, 104, 105, 106, 107, 108, 109, 110, 111, 113, 115, 116, 117, 118, 119, 120, 121, 122, 123, 124, 126, 127, 129, 132, 133, 134, 136, 137, 140, 141, 143, 144, 145, 148, 151, 155, 159, 160, 164, 165, 168, 172, 173, 175, 176, 177, 178, 179, 180, 182, 184, 185, 186, 187, 188, 189, 191, 192, 195, 196, 198, 199, 200, 201, 208, 211, 212, 216, 217, 218, 219, 225, 227, 233, 240, 242, 244, 245, 248, 252, 255, 257, 259, 260, 261, 275, 281, 283, 287, 288, 289, 290, 292, 294, 295, 299, 303, 306, 307, 308, 317, 319, 320, 322, 326, 328, 329, 331, 335, 352, 367, 376, 377, 388, 390, 395, 398, 400, 403, 405, 420, 422, 427, 430, 431, 450, 468, 469, 489, 492, 494, 497, 503, 504, 505, 509, 515, 525, 529, 542, 543, 546, 556, 568, 586, 615, 630, 637, 668, 682, 692, 725, 733, 759]"
hcci_232,AsCast,roi_232,Helios NanoLab_SE_10000.0kV_600.0x,256,3,0,0,770,1,"[1, 2, 3, 4, 5, 6, 7, 8, 9, 10, 11, 12, 13, 14, 15, 16, 17, 18, 19, 20, 21, 22, 23, 24, 25, 26, 27, 28, 29, 30, 31, 32, 33, 34, 35, 36, 37, 38, 39, 40, 41, 42, 43, 44, 45, 46, 47, 48, 49, 50, 51, 52, 53, 54, 55, 56, 57, 58, 59, 60, 61, 62, 63, 64, 65, 66, 67, 68, 69, 70, 71, 72, 73, 74, 75, 76, 77, 78, 79, 80, 81, 82, 83, 84, 85, 86, 87, 88, 89, 90, 91, 92, 93, 94, 95, 96, 97, 98, 99, 100, 101, 102, 103, 104, 105, 106, 107, 108, 109, 110, 111, 112, 113, 114, 116, 117, 118, 119, 120, 121, 123, 125, 126, 127, 128, 129, 132, 133, 135, 137, 138, 139, 140, 141, 142, 145, 148, 151, 152, 156, 157, 158, 159, 160, 162, 163, 166, 167, 168, 169, 170, 171, 172, 174, 178, 179, 183, 185, 186, 187, 189, 190, 193, 194, 195, 197, 206, 207, 210, 211, 212, 214, 215, 216, 217, 218, 220, 223, 231, 239, 241, 245, 246, 248, 250, 256, 258, 261, 262, 263, 269, 286, 291, 297, 303, 305, 309, 310, 323, 334, 338, 351, 352, 353, 364, 369, 371, 381, 404, 408, 413, 414, 426, 427, 429, 431, 441, 443, 448, 450, 468, 480, 481, 485, 494, 496, 497, 499, 517, 518, 524, 525, 526, 529, 535, 544, 545, 558, 561, 572, 573, 574, 575, 588, 592, 596, 610, 644, 646, 648, 652, 666, 667, 706, 711, 755]"
hcci_233,AsCast,roi_233,Helios NanoLab_BSE_10000.0kV_600.0x,256,3,0,0,770,1,"[1, 2, 3, 4, 5, 6, 7, 8, 9, 10, 11, 12, 13, 14, 15, 16, 17, 18, 19, 20, 21, 22, 23, 24, 25, 26, 27, 28, 29, 30, 31, 32, 33, 34, 35, 36, 37, 38, 39, 40, 41, 42, 43, 44, 45, 46, 47, 48, 49, 50, 51, 52, 53, 54, 55, 56, 57, 58, 59, 60, 61, 62, 63, 64, 65, 66, 67, 68, 69, 70, 71, 72, 73, 74, 75, 76, 77, 78, 79, 80, 81, 82, 83, 84, 85, 86, 87, 88, 89, 90, 91, 92, 93, 94, 95, 96, 97, 98, 99, 100, 101, 102, 103, 104, 105, 106, 107, 108, 109, 110, 111, 113, 114, 115, 116, 117, 118, 119, 120, 121, 122, 123, 124, 125, 127, 128, 129, 130, 131, 132, 133, 134, 135, 136, 137, 138, 139, 140, 141, 142, 143, 144, 146, 147, 148, 149, 151, 152, 154, 155, 156, 157, 158, 159, 160, 161, 162, 164, 165, 166, 167, 169, 170, 173, 174, 175, 178, 179, 182, 183, 184, 186, 188, 189, 194, 196, 199, 200, 205, 208, 214, 215, 217, 219, 220, 222, 228, 229, 230, 235, 240, 251, 252, 254, 255, 257, 261, 263, 265, 266, 267, 274, 276, 281, 291, 292, 294, 296, 302, 307, 318, 325, 329, 332, 339, 345, 352, 353, 367, 371, 375, 379, 385, 388, 396, 406, 415, 424, 432, 443, 462, 464, 465, 466, 468, 474, 476, 477, 485, 488, 497, 498, 511, 524, 534, 540, 556, 563, 567, 571, 579, 580, 595, 606, 607, 626]"
hcci_234,AsCast,roi_234,Helios NanoLab_BSE_10000.0kV_600.0x,256,3,0,0,770,1,"[1, 2, 3, 4, 5, 6, 7, 8, 9, 10, 11, 12, 13, 14, 15, 16, 17, 18, 19, 20, 21, 22, 23, 24, 25, 26, 27, 28, 29, 30, 31, 32, 33, 34, 35, 36, 37, 38, 39, 40, 41, 42, 43, 44, 45, 46, 47, 48, 49, 50, 51, 52, 53, 54, 55, 56, 57, 58, 59, 60, 61, 62, 63, 64, 65, 66, 67, 68, 69, 70, 71, 72, 73, 74, 75, 76, 77, 78, 79, 80, 81, 82, 85, 86, 87, 88, 89, 90, 91, 92, 93, 94, 95, 96, 97, 98, 99, 100, 101, 102, 103, 104, 105, 107, 108, 109, 110, 111, 112, 113, 114, 116, 117, 118, 119, 120, 123, 124, 126, 127, 129, 130, 131, 134, 136, 137, 138, 141, 143, 144, 145, 146, 147, 148, 149, 150, 151, 154, 155, 158, 159, 163, 164, 165, 166, 170, 172, 174, 182, 184, 185, 186, 190, 191, 194, 195, 199, 201, 202, 212, 215, 223, 228, 232, 235, 236, 237, 238, 239, 243, 245, 250, 255, 256, 263, 271, 278, 282, 286, 291, 292, 295, 298, 301, 304, 307, 308, 311, 313, 314, 315, 327, 333, 335, 336, 338, 339, 341, 344, 347, 350, 353, 354, 356, 364, 370, 371, 374, 378, 386, 388, 392, 394, 401, 402, 405, 412, 425, 426, 431, 432, 440, 446, 452, 457, 461, 463, 468, 469, 472, 498, 504, 508, 525, 526, 531, 534, 542, 544, 551, 555, 558, 564, 567, 583, 596, 603, 609, 613, 619, 626, 630, 636, 637, 667, 675]"
hcci_235,AsCast,roi_235,Helios NanoLab_InLens_10000.0kV_600.0x,256,3,0,0,770,1,"[1, 2, 3, 4, 5, 6, 7, 8, 9, 10, 11, 12, 13, 14, 15, 16, 17, 18, 19, 20, 21, 22, 23, 24, 25, 26, 27, 28, 29, 30, 31, 32, 33, 34, 35, 36, 37, 38, 39, 40, 41, 42, 43, 44, 45, 46, 47, 48, 49, 50, 51, 52, 53, 54, 55, 56, 57, 58, 59, 60, 61, 62, 63, 64, 65, 66, 67, 68, 69, 70, 71, 72, 73, 74, 75, 76, 77, 78, 79, 80, 81, 82, 83, 84, 85, 86, 87, 88, 89, 90, 91, 92, 93, 94, 95, 96, 97, 98, 99, 100, 101, 102, 103, 104, 105, 106, 107, 108, 109, 110, 111, 112, 113, 114, 116, 118, 119, 121, 122, 123, 124, 125, 126, 129, 132, 135, 142, 146, 151, 158, 161, 164, 165, 167, 170, 171, 173, 175, 176, 178, 180, 188, 189, 190, 191, 194, 195, 196, 200, 203, 204, 207, 209, 212, 213, 215, 217, 219, 223, 224, 225, 228, 236, 238, 243, 244, 248, 252, 255, 257, 262, 266, 271, 272, 276, 278, 283, 293, 295, 296, 305, 306, 307, 312, 313, 318, 320, 324, 325, 330, 342, 345, 346, 348, 350, 354, 356, 362, 368, 375, 376, 377, 386, 392, 393, 400, 405, 408, 410, 412, 415, 416, 421, 422, 431, 441, 443, 444, 448, 466, 471, 472, 476, 477, 480, 495, 501, 502, 503, 510, 511, 513, 514, 515, 518, 524, 531, 533, 537, 544, 554, 556, 560, 562, 566, 596, 605, 615, 617, 627, 647, 648, 665, 682, 694, 732]"
hcci_236,AsCast,roi_236,Helios NanoLab_InLens_10000.0kV_600.0x,256,3,0,0,770,1,"[1, 2, 3, 4, 5, 6, 7, 8, 9, 10, 11, 12, 13, 14, 15, 16, 17, 18, 19, 20, 21, 22, 23, 24, 25, 26, 27, 28, 29, 30, 31, 32, 33, 34, 35, 36, 37, 38, 39, 40, 41, 42, 43, 44, 45, 46, 47, 48, 49, 50, 51, 52, 53, 54, 55, 56, 57, 58, 59, 60, 61, 62, 63, 64, 65, 66, 67, 68, 69, 70, 71, 72, 73, 74, 75, 76, 77, 79, 80, 81, 82, 83, 84, 86, 87, 89, 90, 91, 92, 93, 95, 96, 98, 99, 101, 102, 104, 108, 109, 110, 111, 112, 115, 119, 120, 122, 126, 127, 128, 129, 132, 133, 138, 141, 143, 157, 159, 162, 166, 168, 178, 184, 185, 190, 196, 199, 209, 210, 213, 217, 222, 237, 253, 255, 256, 263, 264, 267, 270, 275, 281, 287, 290, 294, 305, 306, 312, 315, 331, 333, 335, 355, 363, 364, 365, 370, 376, 377, 379, 383, 384, 387, 392, 399, 400, 401, 404, 406, 409, 413, 415, 417, 431, 435, 443, 444, 451, 460, 462, 464, 467, 481, 484, 496, 497, 500, 505, 508, 510, 520, 530, 532, 534, 535, 537, 538, 545, 550, 557, 558, 562, 563, 565, 567, 571, 572, 575, 580, 588, 590, 600, 601, 602, 609, 611, 614, 615, 621, 623, 625, 633, 637, 638, 639, 641, 644, 646, 649, 651, 655, 656, 657, 660, 661, 665, 666, 668, 669, 674, 682, 688, 690, 691, 693, 695, 698, 699, 701, 703, 705, 708, 713, 715, 719, 720, 723]"
hcci_237,AsCast,roi_237,Helios NanoLab_SE_10000.0kV_3250.0x,256,3,0,0,770,1,"[1, 2, 3, 4, 5, 6, 7, 8, 9, 10, 11, 12, 13, 14, 15, 16, 17, 18, 19, 20, 21, 22, 23, 24, 25, 26, 27, 28, 29, 30, 31, 32, 33, 34, 35, 36, 37, 38, 39, 40, 41, 42, 43, 44, 45, 46, 47, 48, 49, 50, 51, 52, 53, 54, 55, 56, 57, 58, 59, 60, 61, 62, 63, 64, 65, 66, 67, 68, 69, 70, 71, 72, 73, 74, 75, 76, 77, 78, 79, 80, 81, 82, 83, 84, 85, 86, 87, 88, 90, 91, 92, 93, 94, 95, 96, 97, 98, 99, 100, 102, 103, 104, 105, 107, 108, 109, 111, 112, 113, 114, 115, 116, 119, 122, 123, 124, 134, 139, 141, 144, 146, 148, 151, 153, 154, 158, 159, 160, 163, 164, 165, 166, 167, 168, 172, 186, 189, 198, 199, 201, 203, 204, 212, 213, 217, 218, 221, 227, 228, 229, 232, 238, 240, 241, 242, 243, 246, 248, 249, 258, 261, 262, 268, 270, 271, 273, 275, 278, 279, 280, 283, 295, 296, 297, 300, 306, 311, 312, 314, 318, 321, 323, 327, 329, 333, 334, 336, 337, 340, 341, 345, 349, 351, 355, 358, 361, 364, 366, 367, 369, 370, 372, 373, 374, 376, 383, 385, 386, 387, 397, 400, 403, 406, 409, 412, 422, 425, 427, 428, 429, 439, 443, 451, 452, 456, 460, 461, 462, 465, 466, 468, 472, 475, 480, 482, 503, 509, 522, 526, 530, 534, 545, 547, 559, 565, 569, 575, 593, 604, 630, 632, 646, 660, 662, 685, 720]"
hcci_238,AsCast,roi_238,Helios NanoLab_SE_10000.0kV_3250.0x,256,3,0,0,770,1,"[1, 2, 3, 4, 5, 6, 7, 8, 9, 10, 11, 12, 13, 14, 15, 16, 17, 18, 19, 20, 21, 22, 23, 24, 25, 26, 27, 28, 29, 30, 31, 32, 33, 34, 35, 36, 37, 38, 39, 40, 41, 42, 43, 44, 45, 46, 47, 48, 49, 50, 51, 52, 53, 54, 55, 56, 57, 58, 59, 60, 61, 62, 63, 64, 65, 66, 67, 68, 69, 70, 71, 72, 73, 74, 75, 76, 77, 78, 79, 80, 81, 82, 83, 84, 85, 86, 87, 88, 89, 90, 91, 92, 93, 94, 95, 96, 97, 98, 99, 100, 101, 102, 103, 104, 105, 107, 108, 109, 110, 111, 113, 114, 115, 116, 117, 118, 119, 120, 121, 122, 123, 125, 126, 128, 129, 131, 133, 135, 136, 137, 138, 140, 141, 142, 144, 147, 148, 149, 150, 151, 152, 153, 155, 156, 158, 160, 165, 166, 171, 175, 177, 179, 180, 182, 184, 187, 190, 191, 192, 194, 200, 204, 205, 210, 212, 213, 215, 216, 220, 221, 222, 223, 226, 228, 229, 234, 235, 236, 239, 242, 243, 244, 245, 246, 247, 251, 254, 257, 258, 259, 262, 264, 266, 267, 269, 273, 274, 275, 276, 277, 281, 282, 283, 285, 292, 294, 295, 296, 299, 301, 303, 306, 314, 315, 317, 326, 328, 332, 334, 337, 341, 342, 345, 346, 350, 354, 355, 358, 361, 363, 377, 378, 382, 387, 407, 414, 423, 444, 449, 471, 472, 474, 490, 502, 513, 514, 518, 555, 567, 571, 589, 604, 610, 616, 664, 681]"
hcci_239,AsCast,roi_239,Helios NanoLab_BSE_10000.0kV_3250.0x,256,3,0,0,770,1,"[1, 2, 3, 4, 5, 6, 7, 8, 9, 10, 11, 12, 13, 14, 15, 16, 17, 18, 19, 20, 21, 22, 23, 24, 25, 26, 27, 28, 29, 30, 31, 32, 33, 34, 35, 36, 37, 38, 39, 40, 41, 42, 43, 44, 45, 46, 47, 48, 49, 50, 51, 52, 53, 54, 55, 56, 57, 58, 59, 60, 61, 62, 63, 64, 65, 66, 67, 68, 69, 70, 71, 72, 73, 74, 75, 76, 77, 78, 79, 80, 81, 82, 83, 84, 85, 86, 88, 89, 90, 91, 92, 93, 94, 95, 96, 97, 98, 99, 100, 102, 103, 104, 106, 107, 109, 110, 113, 114, 115, 117, 118, 120, 122, 123, 124, 126, 127, 128, 129, 130, 131, 132, 134, 135, 136, 137, 138, 139, 140, 141, 142, 143, 144, 146, 147, 149, 151, 155, 156, 158, 160, 161, 163, 164, 165, 168, 169, 171, 172, 173, 175, 176, 177, 178, 179, 181, 183, 184, 185, 187, 190, 191, 192, 195, 198, 199, 200, 202, 205, 206, 207, 208, 209, 210, 212, 216, 217, 218, 219, 220, 223, 225, 227, 234, 237, 238, 239, 240, 243, 244, 247, 252, 253, 258, 259, 260, 262, 263, 264, 268, 276, 278, 289, 291, 293, 295, 306, 307, 309, 310, 314, 321, 331, 332, 334, 336, 338, 340, 345, 347, 351, 354, 359, 362, 365, 369, 374, 376, 380, 393, 400, 405, 411, 415, 421, 458, 461, 482, 485, 488, 490, 512, 530, 553, 556, 571, 593, 601, 609, 639, 648, 680, 689, 705, 707, 729]"
hcci_24,AsCast,roi_24,Helios G4 PFIB CXe_InLens_10000.0kV_5000.0x,256,3,0,0,770,1,"[1, 2, 3, 4, 5, 6, 7, 8, 9, 10, 11, 12, 13, 14, 15, 16, 17, 18, 19, 20, 21, 22, 23, 24, 25, 26, 27, 28, 29, 30, 31, 32, 33, 34, 35, 36, 37, 38, 39, 40, 41, 42, 43, 44, 45, 46, 47, 48, 49, 50, 51, 52, 53, 54, 55, 56, 57, 58, 59, 60, 61, 62, 63, 64, 65, 66, 67, 68, 69, 70, 71, 72, 73, 74, 75, 76, 77, 78, 79, 80, 81, 82, 83, 84, 85, 86, 87, 88, 89, 90, 91, 92, 93, 94, 95, 96, 97, 98, 99, 101, 102, 103, 104, 105, 106, 107, 109, 110, 111, 112, 114, 115, 116, 117, 118, 120, 123, 124, 125, 126, 127, 128, 130, 131, 132, 133, 135, 136, 137, 138, 140, 141, 143, 144, 145, 147, 149, 150, 151, 152, 153, 154, 155, 158, 159, 160, 162, 164, 166, 171, 172, 173, 178, 180, 185, 186, 189, 190, 195, 196, 197, 201, 202, 203, 206, 207, 216, 217, 218, 219, 223, 224, 226, 228, 230, 231, 232, 233, 238, 239, 242, 243, 244, 246, 248, 253, 254, 256, 260, 261, 263, 266, 269, 271, 273, 274, 275, 277, 279, 281, 285, 286, 287, 288, 289, 291, 294, 298, 301, 302, 305, 306, 309, 310, 312, 318, 320, 322, 323, 329, 331, 332, 334, 335, 336, 352, 353, 357, 360, 365, 368, 369, 370, 372, 388, 395, 396, 402, 409, 411, 415, 421, 423, 436, 441, 445, 457, 460, 463, 478, 488, 517, 539, 558, 689, 718]"
hcci_240,AsCast,roi_240,Helios NanoLab_BSE_10000.0kV_3250.0x,256,3,0,0,770,1,"[1, 2, 3, 4, 5, 6, 7, 8, 9, 10, 11, 12, 13, 14, 15, 16, 17, 18, 19, 20, 21, 22, 23, 24, 25, 26, 27, 28, 29, 30, 31, 32, 33, 34, 35, 36, 37, 38, 39, 40, 41, 42, 43, 44, 45, 46, 47, 48, 49, 50, 51, 52, 53, 54, 55, 56, 57, 58, 59, 60, 61, 62, 63, 64, 65, 66, 67, 68, 69, 70, 71, 72, 73, 74, 75, 76, 77, 78, 79, 80, 81, 82, 84, 85, 86, 87, 88, 90, 91, 92, 93, 94, 95, 97, 99, 100, 101, 102, 103, 104, 105, 106, 107, 108, 109, 110, 111, 112, 113, 114, 115, 116, 117, 118, 119, 120, 122, 123, 125, 127, 128, 129, 130, 131, 132, 133, 134, 135, 136, 137, 139, 140, 141, 142, 143, 144, 145, 147, 148, 150, 151, 152, 153, 154, 155, 156, 158, 159, 160, 161, 163, 164, 165, 166, 167, 168, 169, 170, 171, 172, 173, 174, 175, 176, 177, 179, 180, 181, 182, 184, 185, 186, 187, 188, 191, 192, 196, 197, 198, 202, 203, 204, 206, 207, 208, 210, 211, 212, 214, 215, 216, 220, 224, 227, 231, 233, 235, 237, 239, 243, 246, 247, 251, 259, 265, 270, 277, 278, 280, 287, 291, 293, 294, 297, 298, 300, 302, 307, 313, 320, 326, 328, 334, 338, 352, 355, 360, 363, 370, 376, 377, 380, 382, 386, 389, 396, 403, 407, 423, 450, 477, 480, 488, 495, 516, 522, 527, 545, 548, 550, 552, 559, 579, 617, 656, 666]"
hcci_241,AsCast,roi_241,Helios NanoLab_InLens_10000.0kV_3250.0x,256,3,0,0,770,1,"[1, 2, 3, 4, 5, 6, 7, 8, 9, 10, 11, 12, 13, 14, 15, 16, 17, 18, 19, 20, 21, 22, 23, 24, 25, 26, 27, 28, 29, 30, 31, 32, 33, 34, 35, 36, 37, 38, 39, 40, 41, 42, 43, 44, 45, 46, 47, 48, 49, 50, 51, 52, 53, 54, 55, 56, 57, 58, 59, 60, 61, 62, 63, 64, 65, 67, 68, 69, 71, 72, 74, 76, 77, 78, 79, 80, 81, 82, 84, 85, 86, 87, 88, 89, 90, 93, 94, 95, 97, 98, 99, 100, 101, 102, 104, 105, 106, 107, 108, 109, 110, 111, 112, 113, 114, 115, 116, 118, 119, 120, 121, 122, 123, 125, 126, 127, 128, 129, 130, 131, 132, 133, 134, 136, 137, 138, 139, 140, 141, 142, 143, 144, 146, 147, 148, 151, 152, 153, 155, 157, 159, 160, 161, 164, 165, 166, 168, 169, 171, 172, 176, 177, 178, 179, 180, 181, 182, 183, 184, 185, 186, 187, 188, 189, 190, 191, 192, 193, 195, 196, 197, 198, 199, 200, 205, 206, 208, 209, 210, 215, 217, 219, 223, 225, 229, 231, 232, 233, 235, 243, 250, 251, 253, 255, 257, 261, 263, 264, 265, 269, 271, 276, 278, 283, 285, 288, 295, 296, 297, 299, 303, 309, 314, 316, 317, 319, 320, 321, 322, 332, 334, 341, 345, 346, 348, 349, 350, 354, 356, 357, 359, 363, 370, 378, 383, 392, 396, 405, 409, 425, 437, 440, 442, 443, 446, 455, 459, 463, 487, 503, 505, 533, 557, 638, 681, 708]"
hcci_242,AsCast,roi_242,Helios NanoLab_InLens_10000.0kV_3250.0x,256,3,0,0,770,1,"[1, 2, 3, 4, 5, 6, 7, 8, 9, 10, 11, 12, 13, 14, 15, 16, 17, 18, 19, 20, 21, 22, 23, 24, 25, 26, 27, 28, 29, 30, 31, 32, 33, 34, 35, 37, 38, 39, 40, 41, 42, 43, 44, 45, 46, 49, 50, 51, 53, 55, 56, 57, 58, 59, 60, 61, 65, 66, 68, 69, 70, 71, 72, 73, 75, 76, 77, 80, 81, 82, 84, 85, 86, 87, 88, 89, 90, 91, 92, 93, 94, 96, 97, 99, 100, 101, 102, 103, 105, 107, 108, 109, 110, 111, 112, 113, 114, 115, 116, 117, 119, 120, 121, 122, 123, 125, 126, 127, 128, 129, 130, 131, 132, 133, 134, 135, 137, 138, 142, 143, 144, 146, 147, 152, 153, 154, 155, 156, 159, 161, 162, 167, 168, 170, 173, 174, 175, 177, 178, 179, 180, 183, 184, 186, 187, 190, 192, 194, 195, 196, 197, 198, 199, 200, 201, 203, 205, 206, 207, 210, 212, 213, 215, 216, 218, 219, 220, 221, 224, 225, 226, 227, 233, 238, 241, 242, 243, 244, 249, 251, 252, 257, 260, 261, 262, 266, 270, 276, 280, 283, 284, 286, 287, 289, 293, 295, 298, 300, 303, 304, 305, 308, 309, 312, 316, 317, 319, 322, 324, 330, 333, 335, 336, 343, 346, 348, 353, 355, 382, 384, 385, 396, 397, 398, 402, 407, 411, 415, 418, 422, 425, 428, 431, 436, 438, 447, 450, 471, 474, 494, 498, 525, 546, 553, 556, 560, 566, 569, 587, 589, 594, 650, 663, 666, 754, 755]"
hcci_243,AsCast,roi_243,Helios NanoLab_SE_20000.0kV_600.0x,256,3,0,0,770,1,"[1, 2, 3, 4, 5, 6, 7, 8, 9, 10, 11, 12, 13, 14, 15, 16, 17, 18, 19, 20, 21, 22, 23, 24, 25, 26, 27, 28, 29, 30, 31, 32, 33, 34, 35, 36, 37, 38, 39, 40, 41, 42, 43, 44, 45, 46, 47, 48, 49, 50, 51, 52, 53, 54, 55, 56, 57, 58, 59, 60, 61, 62, 63, 64, 65, 66, 67, 68, 69, 70, 71, 72, 73, 74, 75, 76, 77, 78, 79, 80, 81, 82, 83, 84, 85, 86, 87, 88, 89, 90, 91, 92, 93, 94, 95, 96, 97, 98, 99, 100, 101, 102, 103, 104, 105, 106, 107, 108, 109, 110, 111, 112, 113, 114, 115, 116, 117, 118, 119, 120, 121, 122, 123, 124, 126, 128, 129, 130, 131, 132, 133, 134, 136, 138, 139, 140, 141, 142, 143, 147, 149, 150, 152, 154, 155, 156, 159, 160, 164, 165, 166, 168, 171, 173, 174, 175, 179, 181, 183, 185, 191, 196, 198, 199, 202, 203, 204, 208, 214, 222, 224, 227, 228, 229, 230, 233, 236, 237, 240, 241, 243, 244, 247, 254, 256, 260, 262, 263, 267, 270, 277, 285, 291, 297, 305, 306, 309, 310, 311, 314, 319, 326, 327, 328, 330, 332, 352, 353, 356, 358, 362, 366, 373, 377, 381, 387, 388, 394, 397, 401, 402, 403, 407, 408, 409, 417, 427, 432, 433, 435, 437, 443, 447, 450, 458, 463, 469, 472, 480, 492, 496, 516, 527, 540, 542, 548, 559, 571, 594, 617, 619, 623, 634, 669, 702, 755]"
hcci_244,AsCast,roi_244,Helios NanoLab_SE_20000.0kV_600.0x,256,3,0,0,770,1,"[1, 2, 3, 4, 5, 6, 7, 8, 9, 10, 11, 12, 13, 14, 15, 16, 17, 18, 19, 20, 21, 22, 23, 24, 25, 26, 27, 28, 29, 30, 31, 32, 33, 34, 35, 36, 37, 38, 39, 40, 41, 42, 43, 44, 45, 46, 47, 48, 49, 50, 51, 52, 53, 54, 55, 56, 57, 58, 59, 60, 61, 62, 63, 64, 65, 66, 67, 68, 69, 70, 71, 72, 73, 74, 75, 76, 77, 78, 79, 80, 81, 82, 83, 84, 85, 86, 87, 88, 89, 90, 91, 92, 93, 94, 95, 96, 97, 98, 99, 100, 101, 102, 103, 104, 105, 106, 107, 108, 109, 110, 111, 112, 113, 114, 115, 116, 117, 118, 119, 120, 121, 122, 123, 124, 125, 126, 127, 128, 129, 130, 131, 132, 133, 134, 135, 136, 137, 139, 140, 141, 142, 143, 144, 145, 146, 147, 148, 149, 150, 151, 152, 153, 154, 155, 156, 157, 159, 161, 163, 164, 165, 166, 168, 169, 171, 172, 173, 176, 177, 179, 180, 182, 187, 189, 190, 192, 193, 194, 195, 196, 201, 203, 211, 212, 216, 222, 225, 229, 230, 234, 243, 253, 260, 263, 268, 274, 281, 285, 287, 289, 290, 292, 305, 326, 328, 333, 336, 337, 344, 349, 353, 354, 360, 371, 374, 379, 385, 396, 402, 403, 407, 408, 416, 419, 429, 432, 433, 434, 448, 451, 452, 456, 457, 459, 462, 465, 472, 474, 479, 483, 484, 492, 500, 510, 522, 527, 530, 543, 566, 568, 573, 584, 607, 645, 654, 720]"
hcci_245,AsCast,roi_245,Helios NanoLab_BSE_20000.0kV_600.0x,256,3,0,0,770,1,"[1, 2, 3, 4, 5, 6, 7, 8, 9, 10, 11, 12, 13, 14, 15, 16, 17, 18, 19, 20, 21, 22, 23, 24, 25, 26, 27, 28, 29, 30, 31, 32, 33, 34, 35, 36, 37, 38, 39, 40, 41, 42, 43, 44, 45, 46, 47, 48, 49, 50, 51, 52, 53, 54, 55, 56, 57, 58, 59, 60, 61, 62, 63, 64, 65, 66, 67, 68, 69, 70, 71, 72, 73, 74, 75, 76, 77, 78, 79, 80, 81, 82, 83, 84, 85, 86, 87, 88, 89, 90, 91, 92, 93, 94, 95, 96, 97, 98, 99, 100, 101, 102, 103, 104, 105, 106, 107, 108, 109, 110, 111, 112, 113, 114, 115, 116, 117, 118, 119, 120, 121, 122, 123, 124, 125, 126, 127, 128, 129, 130, 131, 132, 133, 134, 135, 136, 137, 138, 139, 140, 141, 142, 143, 144, 145, 146, 147, 148, 149, 150, 151, 152, 153, 154, 155, 156, 157, 158, 159, 160, 161, 162, 163, 164, 165, 166, 167, 168, 169, 170, 172, 173, 174, 177, 178, 180, 181, 182, 183, 185, 186, 187, 188, 190, 191, 192, 193, 195, 196, 197, 198, 199, 203, 210, 213, 215, 217, 218, 219, 226, 228, 230, 231, 233, 235, 243, 248, 250, 251, 252, 255, 256, 260, 263, 268, 269, 270, 272, 276, 283, 285, 293, 302, 306, 312, 313, 315, 316, 318, 325, 335, 346, 348, 360, 365, 366, 394, 397, 399, 400, 407, 408, 428, 434, 443, 455, 468, 480, 494, 495, 505, 514, 518, 530, 533, 550]"
hcci_246,AsCast,roi_246,Helios NanoLab_BSE_20000.0kV_600.0x,256,3,0,0,770,1,"[1, 2, 3, 4, 5, 6, 7, 8, 9, 10, 11, 12, 13, 14, 15, 16, 17, 18, 19, 20, 21, 22, 23, 24, 25, 26, 27, 28, 29, 30, 31, 32, 33, 34, 35, 36, 37, 38, 39, 40, 41, 42, 43, 44, 45, 46, 47, 48, 49, 50, 51, 52, 53, 54, 55, 56, 57, 58, 59, 60, 61, 62, 63, 64, 65, 66, 67, 68, 69, 70, 71, 72, 73, 74, 75, 76, 77, 78, 79, 80, 81, 82, 83, 84, 85, 86, 87, 88, 89, 90, 91, 92, 93, 94, 95, 96, 97, 98, 99, 100, 101, 102, 103, 104, 105, 106, 107, 108, 109, 110, 111, 112, 113, 114, 115, 116, 117, 118, 119, 120, 121, 122, 123, 124, 125, 126, 127, 128, 129, 130, 131, 132, 133, 134, 135, 136, 137, 138, 139, 140, 141, 142, 143, 144, 145, 146, 147, 148, 149, 150, 151, 152, 153, 154, 155, 156, 157, 158, 159, 160, 161, 162, 163, 164, 165, 167, 168, 169, 170, 171, 172, 174, 175, 176, 177, 178, 179, 180, 181, 183, 184, 185, 186, 187, 188, 189, 190, 191, 192, 193, 195, 196, 198, 199, 200, 201, 203, 205, 206, 207, 211, 214, 215, 218, 220, 222, 225, 227, 229, 232, 240, 241, 242, 245, 246, 248, 257, 267, 271, 287, 291, 300, 303, 304, 307, 308, 313, 315, 316, 322, 325, 326, 331, 346, 349, 360, 375, 379, 391, 401, 402, 414, 426, 434, 444, 448, 459, 482, 488, 491, 496, 503, 505, 550, 552, 553]"
hcci_247,AsCast,roi_247,Helios NanoLab_InLens_20000.0kV_600.0x,256,3,0,0,770,1,"[1, 2, 3, 4, 5, 6, 7, 8, 9, 10, 11, 12, 13, 14, 15, 16, 17, 18, 19, 20, 21, 22, 23, 24, 25, 26, 27, 28, 29, 30, 31, 32, 33, 34, 35, 36, 37, 38, 39, 40, 41, 42, 43, 44, 45, 46, 47, 48, 49, 50, 51, 52, 53, 54, 55, 56, 57, 58, 59, 60, 61, 62, 63, 64, 65, 66, 67, 68, 69, 70, 71, 72, 73, 74, 75, 76, 77, 78, 79, 80, 81, 82, 83, 84, 85, 86, 87, 88, 89, 90, 91, 92, 93, 94, 95, 96, 97, 98, 99, 100, 101, 102, 103, 104, 106, 107, 108, 109, 110, 112, 113, 114, 116, 117, 120, 121, 122, 124, 128, 129, 131, 136, 137, 140, 142, 144, 149, 151, 152, 155, 158, 161, 165, 166, 169, 170, 172, 173, 179, 181, 182, 183, 185, 186, 189, 190, 191, 194, 195, 196, 198, 200, 201, 206, 211, 212, 215, 221, 223, 224, 230, 231, 234, 235, 236, 243, 246, 249, 253, 260, 265, 267, 268, 273, 285, 291, 294, 296, 299, 306, 310, 312, 314, 317, 321, 323, 325, 332, 333, 340, 341, 344, 345, 347, 353, 358, 360, 365, 367, 370, 374, 398, 399, 402, 406, 415, 417, 418, 421, 424, 427, 437, 447, 450, 475, 476, 479, 484, 490, 496, 497, 500, 501, 506, 507, 510, 514, 515, 516, 527, 530, 533, 538, 541, 546, 547, 548, 552, 565, 567, 569, 571, 574, 576, 587, 588, 605, 612, 624, 625, 644, 648, 653, 665, 690, 695]"
hcci_248,AsCast,roi_248,Helios NanoLab_InLens_20000.0kV_600.0x,256,3,0,0,770,1,"[1, 2, 3, 4, 5, 6, 7, 8, 9, 10, 11, 12, 13, 14, 15, 16, 18, 19, 20, 21, 22, 24, 25, 26, 27, 28, 29, 30, 31, 32, 33, 34, 35, 36, 37, 38, 39, 41, 42, 43, 45, 46, 47, 48, 49, 51, 52, 53, 54, 55, 56, 58, 60, 62, 63, 64, 65, 66, 67, 68, 69, 70, 72, 74, 75, 76, 77, 78, 79, 80, 81, 82, 83, 84, 86, 88, 89, 91, 92, 94, 95, 96, 97, 98, 100, 101, 105, 107, 108, 110, 112, 114, 116, 117, 118, 119, 122, 125, 126, 127, 128, 130, 131, 138, 139, 146, 153, 154, 155, 161, 169, 170, 174, 175, 176, 177, 181, 183, 188, 190, 198, 203, 211, 212, 216, 224, 225, 227, 230, 231, 235, 239, 261, 262, 263, 270, 282, 284, 290, 291, 297, 298, 301, 304, 306, 307, 312, 319, 324, 330, 333, 336, 343, 344, 347, 350, 351, 360, 361, 364, 370, 385, 391, 392, 393, 402, 408, 409, 414, 415, 419, 420, 422, 427, 430, 444, 449, 453, 458, 462, 464, 470, 475, 484, 490, 494, 497, 509, 510, 511, 512, 513, 515, 524, 527, 529, 533, 534, 537, 546, 549, 550, 555, 561, 567, 578, 580, 582, 583, 586, 587, 592, 593, 598, 600, 601, 602, 606, 607, 608, 616, 620, 622, 628, 629, 630, 633, 634, 636, 641, 652, 655, 657, 660, 667, 669, 671, 672, 673, 674, 681, 682, 685, 686, 688, 689, 690, 692, 694, 708, 710, 715, 719, 726, 728, 735]"
hcci_249,AsCast,roi_249,Helios NanoLab_SE_20000.0kV_3250.0x,256,3,0,0,770,1,"[1, 2, 3, 4, 5, 6, 7, 8, 9, 10, 11, 12, 13, 14, 15, 16, 17, 18, 19, 20, 21, 22, 23, 24, 25, 26, 27, 28, 29, 30, 31, 32, 33, 34, 35, 36, 37, 38, 39, 40, 41, 42, 43, 44, 45, 46, 47, 48, 49, 50, 51, 52, 53, 54, 55, 56, 57, 58, 59, 60, 61, 62, 63, 64, 65, 66, 67, 68, 69, 70, 71, 72, 73, 74, 75, 76, 77, 78, 79, 80, 81, 82, 83, 84, 85, 86, 87, 88, 89, 90, 91, 92, 93, 94, 95, 96, 97, 98, 99, 100, 101, 102, 103, 104, 105, 106, 107, 108, 109, 110, 111, 112, 113, 114, 115, 116, 117, 118, 119, 120, 121, 122, 123, 124, 125, 126, 127, 128, 129, 130, 131, 132, 133, 134, 135, 136, 137, 138, 139, 140, 141, 142, 143, 144, 145, 146, 147, 148, 149, 150, 151, 152, 153, 154, 156, 157, 158, 159, 160, 161, 162, 163, 164, 165, 167, 168, 169, 170, 171, 172, 173, 174, 175, 177, 178, 179, 180, 181, 182, 183, 184, 185, 186, 187, 188, 189, 190, 191, 192, 194, 196, 197, 200, 202, 204, 205, 206, 208, 209, 210, 212, 214, 215, 216, 217, 221, 223, 228, 231, 232, 234, 235, 236, 238, 239, 241, 242, 248, 249, 250, 252, 253, 259, 260, 262, 271, 277, 280, 282, 283, 289, 293, 294, 298, 300, 302, 304, 308, 317, 319, 327, 328, 333, 335, 352, 356, 370, 373, 395, 437, 456, 470, 523, 555, 616, 649]"
hcci_25,AsCast,roi_25,Helios G4 PFIB CXe_SE_20000.0kV_1000.0x,256,3,0,0,770,1,"[1, 2, 3, 4, 5, 6, 7, 8, 9, 10, 11, 12, 13, 14, 15, 16, 17, 18, 19, 20, 21, 22, 23, 24, 25, 26, 27, 28, 29, 30, 31, 32, 33, 34, 35, 36, 37, 38, 39, 40, 41, 42, 43, 44, 45, 46, 47, 48, 49, 50, 51, 52, 53, 54, 55, 56, 57, 58, 59, 60, 61, 62, 63, 64, 65, 66, 67, 68, 69, 70, 71, 72, 73, 74, 75, 76, 77, 78, 79, 80, 81, 82, 83, 84, 85, 86, 87, 88, 89, 90, 91, 92, 93, 94, 95, 96, 97, 98, 99, 100, 101, 102, 103, 104, 105, 106, 107, 108, 109, 110, 111, 112, 113, 114, 115, 116, 117, 118, 119, 120, 122, 123, 125, 126, 127, 128, 129, 130, 133, 134, 135, 136, 137, 143, 144, 145, 148, 149, 150, 152, 153, 154, 157, 158, 162, 163, 164, 165, 167, 170, 173, 175, 177, 179, 181, 182, 185, 186, 188, 190, 195, 196, 198, 207, 208, 211, 213, 214, 215, 216, 218, 221, 222, 223, 225, 227, 228, 233, 235, 236, 237, 242, 243, 244, 248, 249, 251, 252, 254, 255, 259, 261, 264, 265, 267, 268, 269, 271, 272, 273, 274, 277, 282, 290, 294, 295, 305, 307, 311, 312, 316, 327, 338, 340, 344, 345, 350, 354, 370, 372, 378, 385, 404, 405, 411, 413, 419, 423, 424, 430, 433, 435, 436, 437, 440, 457, 461, 464, 470, 474, 484, 493, 497, 509, 523, 527, 544, 547, 554, 591, 593, 624, 628, 671, 681, 702]"
hcci_250,AsCast,roi_250,Helios NanoLab_SE_20000.0kV_3250.0x,256,3,0,0,770,1,"[1, 2, 3, 4, 5, 6, 7, 8, 9, 10, 11, 12, 13, 14, 15, 16, 17, 18, 19, 20, 21, 22, 23, 24, 25, 26, 27, 28, 29, 30, 31, 32, 33, 34, 35, 36, 37, 38, 39, 40, 41, 42, 43, 44, 45, 46, 47, 48, 49, 50, 51, 52, 53, 54, 55, 56, 57, 58, 59, 60, 61, 62, 63, 64, 65, 66, 67, 68, 69, 70, 71, 72, 73, 74, 75, 76, 77, 78, 79, 80, 81, 82, 83, 84, 85, 86, 87, 88, 89, 90, 91, 92, 93, 94, 95, 96, 97, 98, 99, 100, 101, 102, 103, 104, 105, 106, 107, 108, 109, 110, 111, 112, 113, 114, 116, 117, 118, 119, 120, 121, 122, 123, 124, 125, 126, 127, 128, 129, 130, 131, 132, 133, 134, 135, 136, 137, 141, 142, 143, 144, 145, 146, 147, 148, 149, 150, 151, 152, 153, 154, 155, 156, 157, 158, 160, 161, 163, 166, 167, 168, 169, 170, 171, 173, 174, 175, 176, 177, 178, 179, 180, 181, 183, 184, 186, 187, 188, 189, 190, 191, 192, 193, 194, 195, 197, 198, 199, 201, 202, 203, 207, 211, 213, 215, 216, 219, 220, 221, 222, 223, 224, 229, 230, 231, 232, 233, 234, 237, 239, 240, 242, 244, 246, 248, 250, 254, 259, 262, 263, 267, 268, 270, 272, 275, 277, 286, 287, 288, 291, 295, 296, 304, 329, 334, 337, 340, 343, 344, 350, 358, 360, 369, 378, 388, 391, 393, 407, 417, 424, 431, 439, 449, 491, 497, 623, 697]"
hcci_251,AsCast,roi_251,Helios NanoLab_BSE_20000.0kV_3250.0x,256,3,0,0,770,1,"[1, 2, 3, 4, 5, 6, 7, 8, 9, 10, 11, 12, 13, 14, 15, 16, 17, 18, 19, 20, 21, 22, 23, 24, 25, 26, 27, 28, 29, 30, 31, 32, 33, 34, 35, 36, 37, 38, 39, 40, 41, 42, 43, 44, 45, 46, 47, 48, 49, 50, 51, 52, 53, 54, 55, 56, 57, 58, 59, 60, 61, 62, 63, 64, 65, 66, 67, 68, 69, 70, 71, 72, 73, 74, 75, 76, 77, 78, 79, 80, 81, 82, 83, 85, 86, 87, 88, 89, 90, 91, 92, 93, 94, 96, 97, 98, 99, 100, 101, 102, 104, 105, 106, 108, 109, 111, 114, 115, 117, 119, 121, 126, 127, 128, 129, 130, 132, 133, 135, 137, 138, 139, 140, 141, 143, 144, 146, 148, 149, 150, 152, 154, 155, 156, 158, 161, 166, 167, 168, 169, 173, 174, 175, 176, 178, 179, 180, 182, 183, 184, 185, 186, 187, 189, 193, 195, 196, 198, 199, 200, 213, 215, 223, 226, 230, 232, 233, 235, 237, 238, 241, 245, 250, 251, 252, 254, 258, 260, 263, 264, 271, 274, 277, 278, 279, 283, 288, 291, 293, 294, 297, 299, 309, 312, 313, 319, 324, 325, 327, 333, 336, 337, 344, 346, 349, 350, 354, 356, 358, 359, 368, 370, 374, 378, 386, 390, 402, 405, 412, 420, 421, 444, 451, 460, 461, 463, 473, 477, 483, 493, 500, 501, 505, 515, 521, 523, 530, 533, 536, 550, 561, 568, 573, 580, 584, 586, 611, 618, 633, 654, 656, 664, 679, 690, 705, 714]"
hcci_252,AsCast,roi_252,Helios NanoLab_BSE_20000.0kV_3250.0x,256,3,0,0,770,1,"[1, 2, 3, 4, 5, 6, 7, 8, 9, 10, 11, 12, 13, 14, 15, 16, 17, 18, 19, 20, 21, 22, 23, 24, 25, 26, 27, 28, 29, 30, 31, 32, 33, 34, 35, 36, 37, 38, 39, 40, 41, 42, 43, 44, 45, 46, 47, 48, 49, 50, 51, 52, 53, 54, 55, 56, 57, 58, 59, 60, 61, 62, 63, 64, 65, 66, 67, 68, 69, 70, 71, 72, 73, 74, 75, 76, 77, 78, 79, 80, 81, 82, 83, 85, 86, 87, 88, 89, 90, 91, 92, 93, 95, 96, 97, 98, 99, 100, 101, 102, 103, 104, 105, 106, 107, 108, 110, 111, 112, 114, 115, 116, 117, 118, 119, 120, 121, 122, 123, 124, 125, 127, 128, 129, 130, 131, 132, 133, 134, 136, 137, 139, 140, 141, 143, 145, 147, 150, 151, 154, 158, 159, 160, 161, 162, 163, 166, 167, 168, 170, 171, 173, 174, 176, 177, 178, 181, 182, 185, 187, 190, 191, 192, 193, 194, 196, 198, 200, 201, 204, 205, 206, 207, 209, 212, 214, 216, 218, 224, 226, 227, 228, 230, 231, 233, 245, 248, 249, 252, 253, 259, 260, 261, 272, 277, 279, 281, 284, 286, 287, 290, 292, 295, 297, 299, 308, 309, 315, 317, 319, 320, 321, 326, 347, 351, 364, 365, 367, 368, 378, 379, 399, 411, 413, 419, 422, 426, 427, 428, 432, 443, 446, 448, 452, 453, 457, 468, 473, 476, 512, 521, 543, 547, 553, 564, 592, 600, 608, 620, 635, 644, 656, 657, 669, 714, 728]"
hcci_253,AsCast,roi_253,Helios NanoLab_InLens_20000.0kV_3250.0x,256,3,0,0,770,1,"[1, 2, 3, 4, 5, 6, 7, 8, 9, 10, 11, 12, 13, 14, 15, 16, 17, 18, 19, 20, 21, 22, 23, 24, 25, 26, 27, 28, 29, 30, 31, 32, 33, 34, 35, 36, 37, 38, 39, 40, 41, 42, 43, 44, 45, 46, 47, 48, 49, 50, 51, 52, 53, 54, 55, 57, 58, 59, 60, 61, 62, 63, 64, 66, 67, 69, 71, 74, 75, 76, 77, 78, 79, 80, 81, 82, 83, 84, 85, 86, 87, 88, 89, 90, 91, 93, 94, 95, 96, 97, 98, 100, 102, 103, 104, 105, 106, 108, 109, 110, 111, 112, 113, 114, 115, 116, 117, 118, 119, 122, 123, 124, 125, 126, 127, 130, 131, 132, 133, 134, 135, 136, 137, 138, 139, 140, 143, 144, 145, 148, 149, 151, 153, 154, 155, 156, 157, 161, 162, 164, 166, 167, 168, 169, 171, 174, 176, 177, 178, 181, 182, 186, 188, 189, 190, 194, 196, 197, 198, 199, 200, 201, 205, 206, 208, 213, 215, 216, 217, 218, 219, 221, 222, 225, 227, 230, 231, 232, 234, 235, 238, 240, 241, 242, 244, 247, 248, 250, 251, 252, 253, 256, 258, 259, 261, 264, 266, 268, 269, 271, 276, 278, 282, 283, 288, 289, 290, 292, 296, 299, 303, 307, 308, 309, 312, 313, 314, 316, 317, 319, 322, 328, 330, 334, 335, 341, 347, 348, 356, 357, 363, 369, 370, 375, 378, 386, 403, 412, 423, 424, 426, 428, 435, 439, 440, 445, 465, 476, 487, 492, 522, 551, 586, 601, 677, 719]"
hcci_254,AsCast,roi_254,Helios NanoLab_InLens_20000.0kV_3250.0x,256,3,0,0,770,1,"[1, 2, 3, 4, 5, 6, 7, 8, 9, 10, 11, 12, 13, 14, 15, 16, 17, 18, 19, 20, 21, 22, 23, 24, 25, 26, 28, 29, 30, 31, 33, 34, 35, 36, 37, 38, 39, 40, 41, 44, 45, 48, 49, 50, 51, 52, 53, 54, 55, 56, 57, 58, 59, 60, 61, 62, 65, 66, 68, 70, 71, 72, 73, 76, 77, 78, 79, 80, 81, 82, 83, 88, 89, 90, 91, 92, 93, 94, 95, 96, 98, 99, 100, 103, 105, 107, 109, 110, 111, 112, 113, 114, 116, 118, 120, 122, 123, 124, 125, 126, 129, 133, 135, 136, 140, 141, 142, 144, 145, 148, 153, 154, 161, 162, 164, 165, 166, 167, 168, 171, 172, 173, 177, 179, 181, 182, 184, 185, 186, 187, 190, 192, 196, 197, 198, 200, 203, 204, 205, 206, 211, 213, 214, 215, 217, 218, 220, 221, 222, 223, 224, 230, 231, 234, 237, 238, 239, 240, 242, 244, 245, 246, 247, 248, 251, 253, 254, 255, 257, 259, 260, 261, 265, 266, 268, 270, 272, 274, 275, 278, 288, 290, 292, 293, 302, 304, 306, 315, 317, 320, 321, 322, 323, 325, 326, 334, 338, 341, 344, 345, 346, 351, 352, 356, 364, 368, 370, 380, 382, 383, 389, 397, 400, 405, 412, 414, 420, 421, 422, 423, 435, 446, 451, 452, 454, 459, 470, 473, 487, 490, 493, 494, 500, 503, 505, 514, 520, 521, 522, 546, 549, 559, 566, 567, 579, 584, 600, 611, 623, 632, 658, 692, 693, 702, 755, 759]"
hcci_255,Q980_0h_WC,roi_255,Helios NanoLab_SE_5000.0kV_600.0x,254,3,0,0,770,1,"[1, 2, 3, 4, 5, 6, 7, 8, 15, 18, 21, 25, 26, 29, 35, 40, 43, 44, 45, 47, 49, 50, 54, 55, 56, 57, 59, 60, 63, 64, 65, 66, 67, 70, 73, 78, 79, 82, 84, 85, 86, 87, 88, 89, 90, 91, 92, 95, 96, 100, 101, 105, 106, 107, 108, 109, 112, 114, 115, 116, 119, 120, 124, 127, 128, 132, 134, 139, 141, 143, 145, 146, 151, 152, 154, 155, 157, 160, 164, 165, 168, 170, 174, 176, 177, 178, 179, 180, 181, 182, 183, 184, 185, 191, 193, 195, 198, 200, 204, 205, 208, 210, 212, 215, 217, 222, 225, 226, 227, 231, 232, 234, 235, 236, 238, 241, 242, 244, 245, 247, 251, 252, 253, 255, 258, 259, 260, 263, 267, 268, 269, 270, 272, 275, 276, 288, 291, 294, 295, 296, 300, 303, 305, 308, 310, 313, 318, 325, 328, 333, 342, 345, 346, 350, 353, 355, 360, 366, 373, 375, 385, 387, 398, 403, 404, 419, 424, 434, 439, 448, 455, 458, 460, 464, 467, 480, 488, 489, 492, 493, 504, 515, 518, 523, 528, 532, 533, 534, 536, 540, 542, 549, 550, 564, 571, 574, 582, 583, 586, 590, 592, 593, 594, 602, 607, 608, 609, 610, 613, 614, 618, 630, 632, 633, 639, 646, 648, 654, 658, 662, 665, 671, 675, 678, 679, 680, 691, 692, 693, 696, 699, 701, 702, 703, 710, 716, 724, 727, 728, 731, 733, 738, 739, 740, 752, 753, 757, 758, 759, 761, 764, 765, 767, 770]"
hcci_256,Q980_0h_WC,roi_256,Helios NanoLab_SE_5000.0kV_600.0x,254,3,0,0,770,1,"[1, 2, 3, 4, 5, 6, 7, 8, 9, 10, 11, 13, 14, 15, 17, 19, 20, 23, 25, 26, 27, 28, 29, 30, 32, 34, 35, 36, 37, 40, 42, 44, 47, 49, 50, 53, 54, 56, 60, 61, 62, 63, 64, 65, 66, 67, 70, 74, 75, 77, 78, 79, 80, 81, 83, 85, 91, 92, 93, 94, 95, 96, 100, 102, 103, 107, 109, 110, 111, 115, 116, 119, 120, 121, 122, 124, 126, 128, 131, 132, 133, 135, 141, 145, 150, 151, 152, 155, 156, 159, 161, 162, 163, 168, 169, 170, 172, 180, 181, 187, 188, 189, 192, 194, 198, 200, 201, 202, 207, 208, 209, 210, 212, 216, 219, 224, 229, 232, 234, 235, 237, 239, 241, 242, 243, 247, 248, 250, 256, 258, 260, 261, 263, 265, 276, 281, 287, 290, 298, 300, 303, 304, 312, 317, 318, 321, 326, 332, 337, 351, 355, 357, 364, 367, 373, 374, 379, 387, 397, 405, 407, 412, 434, 441, 447, 452, 453, 456, 457, 459, 462, 474, 477, 480, 485, 488, 489, 495, 496, 504, 506, 510, 512, 521, 529, 530, 536, 547, 564, 568, 570, 572, 573, 574, 580, 582, 583, 585, 586, 588, 589, 593, 597, 601, 606, 612, 613, 617, 621, 636, 637, 643, 645, 646, 661, 663, 664, 670, 673, 674, 675, 676, 680, 683, 687, 688, 690, 691, 693, 696, 697, 712, 713, 725, 726, 727, 728, 729, 733, 737, 738, 746, 755, 756, 760, 761, 762, 763, 764, 766, 767, 768, 769, 770]"
hcci_257,Q980_0h_WC,roi_257,Helios NanoLab_BSE_5000.0kV_600.0x,254,3,0,0,770,1,"[1, 2, 3, 4, 5, 6, 7, 8, 9, 10, 11, 12, 13, 14, 15, 16, 17, 19, 20, 21, 22, 23, 24, 26, 27, 30, 32, 33, 34, 37, 41, 44, 45, 47, 50, 54, 55, 56, 57, 59, 60, 61, 62, 66, 67, 70, 71, 73, 74, 75, 77, 80, 82, 84, 87, 89, 95, 96, 97, 99, 102, 104, 105, 108, 112, 113, 119, 123, 133, 134, 136, 138, 143, 144, 145, 148, 151, 154, 155, 158, 159, 164, 165, 171, 174, 177, 186, 192, 196, 202, 204, 205, 208, 215, 216, 218, 220, 221, 226, 227, 228, 229, 230, 231, 235, 238, 243, 244, 245, 248, 250, 253, 256, 260, 262, 263, 264, 268, 275, 277, 279, 280, 281, 285, 286, 289, 296, 303, 306, 307, 310, 312, 313, 314, 315, 316, 317, 322, 325, 326, 328, 329, 331, 332, 334, 341, 342, 357, 358, 365, 366, 370, 375, 384, 390, 392, 393, 400, 401, 403, 404, 408, 411, 417, 419, 427, 434, 435, 436, 437, 440, 441, 445, 451, 454, 468, 474, 485, 488, 489, 490, 491, 498, 504, 505, 516, 518, 519, 522, 530, 534, 535, 536, 546, 549, 564, 572, 578, 580, 581, 592, 604, 608, 611, 612, 613, 623, 625, 627, 628, 629, 630, 637, 647, 652, 653, 657, 665, 666, 668, 673, 677, 692, 693, 694, 698, 702, 703, 706, 719, 725, 727, 728, 732, 737, 740, 741, 742, 744, 748, 751, 752, 753, 755, 756, 760, 761, 762, 765, 766, 767, 768, 769, 770]"
hcci_258,Q980_0h_WC,roi_258,Helios NanoLab_BSE_5000.0kV_600.0x,254,3,0,0,770,1,"[1, 2, 3, 4, 5, 6, 7, 8, 9, 10, 11, 12, 13, 14, 15, 16, 18, 21, 23, 24, 26, 27, 28, 30, 34, 35, 37, 44, 45, 48, 49, 50, 51, 52, 53, 54, 55, 58, 59, 60, 61, 62, 64, 65, 67, 71, 74, 75, 76, 77, 78, 79, 81, 85, 86, 87, 88, 93, 96, 102, 103, 105, 106, 107, 111, 112, 114, 121, 122, 124, 127, 132, 134, 135, 137, 138, 141, 146, 155, 156, 157, 158, 163, 165, 171, 172, 173, 180, 181, 182, 189, 191, 193, 197, 199, 205, 211, 212, 214, 215, 216, 220, 227, 230, 232, 234, 244, 245, 246, 251, 253, 256, 259, 262, 264, 265, 268, 269, 270, 271, 273, 275, 278, 282, 284, 285, 286, 287, 289, 291, 294, 296, 298, 311, 313, 319, 322, 331, 333, 334, 335, 337, 338, 343, 344, 346, 347, 351, 354, 363, 365, 367, 369, 371, 373, 374, 375, 390, 391, 396, 399, 403, 410, 412, 415, 416, 418, 419, 422, 424, 428, 429, 430, 431, 437, 438, 440, 442, 446, 451, 458, 460, 463, 466, 476, 500, 513, 520, 527, 536, 538, 542, 543, 547, 548, 552, 553, 564, 565, 571, 573, 581, 585, 605, 606, 607, 609, 628, 630, 632, 640, 644, 649, 650, 651, 652, 654, 665, 668, 675, 678, 690, 691, 695, 703, 715, 723, 724, 728, 732, 733, 735, 737, 738, 740, 745, 748, 749, 750, 752, 753, 754, 755, 756, 759, 760, 762, 763, 765, 766, 767, 768, 769, 770]"
hcci_259,Q980_0h_WC,roi_259,Helios NanoLab_InLens_5000.0kV_600.0x,254,3,0,0,770,1,"[1, 2, 3, 4, 5, 6, 7, 8, 9, 11, 13, 16, 18, 23, 25, 26, 30, 32, 33, 38, 39, 43, 44, 48, 49, 53, 55, 57, 58, 62, 64, 65, 67, 68, 70, 73, 74, 75, 76, 77, 79, 80, 82, 85, 86, 87, 88, 89, 91, 94, 95, 97, 100, 101, 102, 103, 104, 107, 109, 111, 113, 114, 115, 118, 119, 120, 124, 130, 131, 133, 134, 135, 136, 138, 140, 142, 144, 145, 148, 149, 153, 154, 161, 162, 163, 164, 165, 166, 167, 177, 179, 180, 181, 186, 188, 191, 192, 193, 195, 196, 203, 204, 208, 209, 211, 212, 215, 216, 221, 225, 227, 228, 232, 233, 235, 238, 239, 245, 247, 249, 254, 258, 260, 266, 268, 272, 275, 279, 284, 289, 294, 295, 301, 303, 304, 319, 322, 331, 336, 337, 344, 352, 359, 364, 366, 368, 369, 370, 372, 379, 380, 384, 387, 392, 402, 409, 414, 423, 424, 428, 437, 440, 446, 448, 458, 461, 469, 479, 483, 493, 496, 504, 505, 508, 515, 517, 520, 530, 537, 538, 540, 546, 549, 553, 556, 557, 563, 565, 568, 580, 582, 594, 595, 604, 608, 609, 613, 614, 618, 624, 629, 641, 644, 646, 654, 655, 659, 663, 665, 666, 681, 682, 688, 689, 690, 697, 701, 705, 706, 708, 716, 717, 719, 720, 721, 723, 724, 726, 727, 732, 733, 736, 737, 738, 742, 743, 744, 745, 747, 751, 752, 754, 755, 757, 758, 759, 761, 763, 764, 765, 767, 768, 769, 770]"
hcci_26,AsCast,roi_26,Helios G4 PFIB CXe_SE_20000.0kV_1000.0x,256,3,0,0,770,1,"[1, 2, 3, 4, 5, 6, 7, 8, 9, 10, 11, 12, 13, 14, 15, 16, 17, 18, 19, 20, 21, 22, 23, 24, 25, 26, 27, 28, 29, 30, 31, 32, 33, 34, 35, 36, 37, 38, 39, 40, 41, 42, 43, 44, 45, 46, 47, 48, 49, 50, 51, 52, 53, 54, 55, 56, 57, 58, 59, 60, 61, 62, 63, 64, 65, 66, 67, 68, 69, 70, 71, 72, 73, 74, 75, 76, 77, 78, 79, 80, 81, 82, 83, 84, 85, 86, 87, 88, 89, 90, 91, 92, 93, 94, 95, 96, 97, 98, 99, 100, 101, 102, 103, 104, 105, 106, 107, 108, 109, 110, 111, 112, 113, 114, 115, 116, 117, 118, 119, 120, 121, 122, 123, 124, 125, 126, 127, 130, 131, 132, 133, 134, 136, 137, 138, 140, 142, 144, 145, 150, 151, 152, 154, 155, 157, 158, 159, 160, 162, 164, 165, 166, 167, 168, 170, 171, 172, 177, 178, 179, 181, 184, 188, 195, 197, 198, 202, 204, 205, 206, 208, 218, 219, 220, 221, 223, 225, 228, 231, 232, 233, 234, 236, 237, 238, 241, 246, 247, 249, 251, 255, 256, 258, 260, 263, 266, 267, 273, 277, 278, 279, 281, 287, 288, 291, 295, 299, 303, 306, 307, 326, 335, 347, 348, 353, 356, 359, 360, 362, 363, 376, 382, 392, 396, 402, 409, 415, 429, 430, 445, 448, 451, 456, 457, 459, 464, 469, 474, 476, 481, 486, 497, 514, 516, 524, 530, 537, 561, 568, 571, 575, 580, 589, 627, 628, 669]"
hcci_260,Q980_0h_WC,roi_260,Helios NanoLab_InLens_5000.0kV_600.0x,254,3,0,0,770,1,"[1, 2, 3, 5, 8, 9, 10, 11, 13, 14, 15, 18, 19, 20, 21, 22, 24, 27, 29, 30, 33, 37, 38, 39, 43, 44, 45, 49, 51, 53, 55, 56, 57, 59, 60, 63, 64, 65, 67, 68, 71, 72, 73, 74, 75, 77, 78, 80, 83, 84, 87, 89, 90, 91, 93, 97, 99, 101, 104, 106, 108, 110, 111, 112, 113, 114, 115, 117, 118, 121, 122, 123, 127, 128, 130, 131, 135, 136, 137, 138, 140, 142, 143, 144, 146, 147, 148, 149, 150, 151, 152, 153, 154, 157, 158, 162, 165, 168, 172, 173, 174, 177, 178, 179, 180, 186, 187, 188, 195, 197, 200, 203, 207, 210, 211, 212, 223, 227, 234, 237, 238, 241, 243, 244, 256, 261, 266, 270, 274, 276, 281, 285, 287, 288, 293, 296, 303, 306, 308, 318, 319, 323, 325, 328, 333, 342, 355, 356, 357, 359, 369, 374, 377, 378, 379, 380, 390, 394, 396, 402, 405, 406, 411, 415, 419, 446, 447, 449, 451, 459, 464, 466, 471, 472, 479, 484, 493, 501, 524, 525, 526, 528, 534, 537, 538, 543, 550, 560, 564, 567, 582, 583, 591, 600, 604, 608, 613, 614, 615, 616, 618, 625, 626, 630, 635, 639, 640, 653, 654, 659, 660, 663, 664, 669, 672, 678, 689, 697, 698, 703, 712, 716, 719, 722, 724, 727, 728, 732, 733, 735, 736, 739, 740, 741, 743, 749, 750, 751, 752, 755, 756, 757, 759, 760, 761, 762, 763, 764, 765, 766, 767, 768, 769, 770]"
hcci_261,Q980_0h_WC,roi_261,Helios NanoLab_SE_5000.0kV_3250.0x,254,3,0,0,770,1,"[1, 2, 3, 4, 5, 6, 7, 8, 9, 10, 11, 12, 13, 14, 15, 16, 17, 18, 19, 20, 21, 22, 23, 24, 25, 26, 27, 28, 29, 30, 31, 32, 33, 35, 36, 38, 39, 40, 41, 44, 45, 48, 52, 53, 56, 57, 59, 60, 61, 63, 64, 65, 66, 67, 70, 72, 73, 74, 75, 76, 79, 80, 82, 83, 85, 87, 88, 90, 92, 93, 101, 103, 110, 115, 120, 122, 124, 126, 128, 133, 135, 136, 143, 144, 146, 151, 153, 155, 161, 162, 167, 171, 172, 174, 178, 187, 188, 193, 194, 199, 211, 212, 231, 234, 236, 237, 238, 240, 241, 248, 251, 255, 257, 258, 261, 270, 271, 275, 276, 281, 286, 287, 290, 294, 295, 302, 305, 307, 324, 325, 326, 327, 328, 330, 331, 332, 335, 336, 337, 340, 343, 346, 351, 363, 373, 378, 381, 391, 393, 394, 397, 399, 402, 416, 420, 424, 439, 440, 442, 456, 458, 460, 463, 467, 471, 477, 481, 484, 486, 487, 488, 492, 493, 494, 498, 503, 505, 508, 509, 511, 512, 513, 514, 518, 520, 522, 524, 526, 527, 528, 530, 537, 539, 545, 546, 550, 551, 556, 561, 563, 565, 568, 570, 573, 575, 577, 583, 586, 588, 589, 590, 591, 594, 596, 597, 601, 602, 603, 604, 605, 610, 611, 612, 613, 615, 619, 623, 636, 643, 644, 647, 648, 656, 657, 661, 675, 683, 708, 711, 718, 721, 729, 734, 744, 745, 746, 752, 755, 757, 764, 765, 767, 769, 770]"
hcci_262,Q980_0h_WC,roi_262,Helios NanoLab_SE_5000.0kV_3250.0x,254,3,0,0,770,1,"[1, 2, 3, 4, 5, 6, 7, 8, 9, 10, 11, 12, 13, 14, 15, 16, 17, 18, 19, 20, 21, 22, 23, 24, 25, 26, 27, 28, 29, 30, 31, 32, 33, 34, 35, 36, 37, 38, 39, 40, 42, 43, 45, 46, 47, 50, 51, 53, 54, 55, 56, 57, 58, 59, 61, 63, 65, 67, 74, 77, 78, 79, 80, 81, 83, 84, 87, 88, 90, 98, 99, 102, 116, 118, 123, 124, 126, 130, 131, 133, 137, 141, 143, 144, 152, 153, 161, 163, 166, 168, 170, 171, 173, 177, 179, 184, 187, 189, 190, 191, 194, 195, 196, 197, 198, 201, 203, 204, 207, 209, 214, 215, 217, 219, 227, 230, 233, 234, 235, 240, 242, 243, 245, 246, 247, 248, 253, 256, 258, 263, 264, 269, 271, 278, 283, 285, 288, 289, 298, 301, 307, 313, 316, 330, 334, 335, 340, 344, 350, 358, 361, 365, 374, 386, 396, 400, 402, 403, 404, 413, 419, 420, 423, 433, 442, 451, 452, 453, 458, 463, 467, 469, 470, 471, 473, 474, 476, 477, 479, 480, 484, 490, 493, 497, 502, 505, 506, 507, 510, 513, 515, 518, 520, 521, 523, 525, 526, 529, 534, 539, 540, 541, 545, 549, 550, 552, 553, 554, 556, 557, 558, 559, 560, 561, 566, 568, 571, 574, 578, 583, 588, 592, 593, 597, 602, 603, 605, 610, 614, 629, 640, 643, 645, 652, 654, 662, 672, 674, 676, 677, 678, 680, 682, 686, 707, 712, 713, 720, 731, 734, 741, 755, 766, 770]"
hcci_263,Q980_0h_WC,roi_263,Helios NanoLab_BSE_5000.0kV_3250.0x,254,3,0,0,770,1,"[1, 2, 3, 4, 5, 6, 7, 8, 9, 10, 11, 12, 13, 14, 15, 16, 17, 18, 19, 20, 21, 22, 23, 24, 26, 27, 28, 29, 30, 31, 32, 33, 35, 36, 37, 38, 39, 40, 41, 44, 46, 49, 50, 52, 53, 55, 56, 58, 59, 61, 65, 66, 67, 69, 70, 75, 79, 81, 82, 83, 87, 92, 94, 96, 97, 99, 101, 103, 106, 109, 111, 119, 122, 123, 124, 129, 131, 133, 135, 136, 140, 143, 144, 146, 147, 153, 154, 157, 160, 164, 166, 167, 168, 172, 177, 178, 179, 180, 182, 189, 191, 197, 198, 199, 201, 205, 206, 207, 210, 211, 213, 216, 221, 222, 223, 225, 233, 236, 237, 241, 246, 249, 251, 255, 256, 260, 265, 268, 276, 279, 280, 284, 288, 290, 294, 295, 298, 299, 301, 305, 307, 312, 318, 319, 322, 327, 332, 333, 337, 338, 342, 343, 345, 348, 353, 354, 359, 370, 376, 379, 386, 387, 388, 392, 393, 394, 396, 397, 398, 412, 416, 419, 420, 423, 428, 436, 446, 452, 458, 460, 467, 468, 472, 476, 477, 478, 480, 482, 484, 488, 489, 493, 498, 501, 504, 507, 509, 514, 517, 530, 531, 537, 549, 556, 560, 564, 565, 572, 578, 583, 585, 590, 592, 603, 604, 609, 623, 632, 636, 643, 645, 652, 659, 672, 673, 690, 698, 700, 703, 704, 708, 710, 711, 721, 722, 726, 727, 728, 731, 732, 733, 738, 741, 742, 745, 746, 750, 751, 752, 754, 757, 759, 764, 766]"
hcci_264,Q980_0h_WC,roi_264,Helios NanoLab_BSE_5000.0kV_3250.0x,254,3,0,0,770,1,"[1, 2, 3, 4, 5, 6, 7, 8, 9, 10, 11, 13, 14, 15, 16, 17, 18, 19, 20, 21, 22, 24, 26, 27, 28, 29, 30, 31, 32, 33, 34, 35, 36, 37, 38, 39, 40, 41, 42, 43, 45, 46, 47, 48, 49, 50, 51, 52, 53, 54, 55, 57, 59, 60, 63, 67, 68, 71, 73, 74, 76, 77, 79, 80, 83, 84, 87, 89, 90, 94, 96, 98, 100, 105, 119, 125, 129, 130, 132, 133, 135, 138, 141, 142, 143, 145, 146, 150, 154, 159, 160, 161, 162, 164, 170, 173, 180, 181, 183, 187, 189, 190, 191, 195, 196, 199, 200, 201, 202, 205, 207, 208, 213, 214, 217, 227, 229, 230, 231, 235, 236, 239, 241, 244, 245, 247, 253, 255, 258, 263, 264, 269, 271, 278, 279, 280, 282, 285, 289, 297, 298, 303, 305, 310, 311, 313, 314, 315, 317, 320, 327, 330, 338, 346, 361, 371, 372, 374, 375, 376, 378, 383, 384, 386, 388, 390, 395, 401, 409, 419, 421, 427, 431, 439, 446, 447, 449, 452, 455, 461, 465, 466, 467, 469, 473, 480, 486, 487, 488, 493, 497, 501, 503, 505, 507, 512, 523, 527, 529, 531, 535, 538, 540, 542, 543, 546, 554, 555, 556, 558, 562, 568, 571, 572, 573, 577, 580, 581, 582, 594, 606, 607, 614, 620, 627, 633, 646, 647, 669, 677, 679, 685, 692, 694, 699, 702, 708, 713, 715, 721, 723, 726, 727, 729, 731, 733, 738, 739, 740, 748, 758, 760, 763, 765]"
hcci_265,Q980_0h_WC,roi_265,Helios NanoLab_InLens_5000.0kV_3250.0x,254,3,0,0,770,1,"[1, 2, 3, 4, 5, 6, 7, 8, 9, 10, 11, 12, 13, 14, 15, 16, 17, 18, 20, 21, 22, 23, 27, 32, 34, 36, 37, 38, 39, 40, 42, 43, 44, 47, 48, 49, 50, 51, 52, 53, 54, 55, 56, 58, 60, 61, 62, 68, 69, 70, 71, 73, 75, 79, 80, 81, 83, 84, 87, 88, 89, 91, 97, 100, 102, 104, 106, 110, 112, 119, 124, 127, 129, 130, 135, 138, 141, 147, 148, 149, 151, 153, 155, 157, 164, 166, 172, 176, 179, 180, 181, 187, 189, 193, 194, 195, 198, 199, 203, 205, 206, 209, 211, 218, 222, 223, 226, 232, 243, 245, 252, 256, 262, 263, 271, 272, 273, 276, 278, 279, 282, 285, 288, 289, 291, 293, 299, 300, 305, 307, 308, 310, 311, 317, 319, 321, 322, 325, 327, 328, 336, 341, 342, 343, 350, 356, 357, 359, 360, 361, 365, 367, 369, 371, 373, 378, 379, 381, 385, 391, 392, 393, 397, 402, 403, 404, 406, 407, 415, 432, 434, 435, 437, 439, 442, 448, 449, 466, 474, 477, 478, 489, 509, 519, 521, 525, 529, 540, 548, 551, 558, 562, 589, 593, 607, 617, 626, 630, 633, 639, 641, 646, 651, 653, 657, 663, 667, 669, 679, 681, 687, 689, 696, 700, 702, 706, 707, 708, 709, 711, 713, 716, 723, 725, 728, 730, 731, 734, 735, 737, 740, 741, 742, 743, 744, 745, 747, 748, 750, 751, 752, 753, 754, 755, 756, 760, 761, 762, 763, 764, 766, 767, 768, 769]"
hcci_266,Q980_0h_WC,roi_266,Helios NanoLab_InLens_5000.0kV_3250.0x,254,3,0,0,770,1,"[1, 2, 3, 4, 5, 6, 7, 8, 9, 10, 11, 12, 13, 14, 15, 17, 18, 19, 20, 21, 22, 25, 26, 27, 29, 30, 32, 35, 36, 37, 40, 42, 46, 47, 48, 49, 50, 51, 52, 54, 55, 56, 57, 58, 59, 61, 62, 64, 65, 67, 68, 69, 70, 72, 73, 74, 76, 77, 78, 80, 81, 83, 84, 85, 87, 89, 90, 91, 92, 93, 94, 96, 98, 99, 101, 102, 103, 104, 105, 106, 108, 109, 111, 112, 114, 115, 116, 117, 118, 120, 121, 125, 127, 128, 129, 131, 132, 135, 137, 138, 139, 141, 143, 145, 146, 148, 150, 151, 153, 154, 155, 157, 158, 159, 163, 165, 168, 169, 172, 176, 178, 182, 185, 186, 188, 191, 193, 196, 197, 200, 205, 207, 210, 216, 219, 220, 221, 222, 226, 231, 235, 238, 241, 243, 248, 252, 263, 268, 274, 277, 278, 280, 292, 297, 300, 302, 304, 307, 311, 312, 313, 321, 324, 327, 331, 332, 335, 336, 338, 339, 340, 342, 345, 346, 350, 354, 356, 367, 369, 373, 375, 379, 381, 390, 392, 399, 404, 406, 407, 408, 412, 414, 416, 418, 423, 427, 431, 432, 447, 455, 457, 476, 478, 490, 499, 508, 515, 524, 525, 526, 528, 540, 560, 562, 563, 575, 584, 590, 593, 595, 596, 598, 600, 634, 636, 638, 646, 650, 656, 659, 660, 664, 669, 672, 680, 681, 684, 700, 713, 715, 721, 722, 726, 732, 733, 736, 747, 748, 749, 752, 755, 756, 760, 767]"
hcci_267,Q980_0h_WC,roi_267,Helios NanoLab_SE_10000.0kV_600.0x,254,3,0,0,770,1,"[1, 2, 3, 4, 6, 7, 8, 12, 18, 21, 26, 36, 37, 44, 46, 47, 48, 49, 51, 56, 57, 58, 63, 64, 66, 68, 71, 72, 76, 78, 84, 86, 87, 88, 92, 93, 96, 97, 99, 100, 102, 103, 104, 105, 106, 107, 110, 111, 113, 118, 119, 121, 122, 123, 124, 127, 128, 129, 131, 132, 133, 136, 140, 141, 142, 146, 149, 150, 151, 153, 157, 158, 163, 164, 165, 166, 167, 169, 171, 172, 178, 179, 180, 181, 182, 183, 185, 188, 191, 192, 193, 197, 199, 201, 204, 206, 208, 211, 215, 216, 218, 220, 221, 224, 225, 228, 231, 232, 233, 236, 237, 238, 240, 241, 243, 244, 247, 254, 256, 259, 261, 264, 266, 270, 271, 273, 274, 275, 276, 284, 289, 292, 293, 297, 299, 306, 312, 317, 321, 323, 324, 325, 327, 331, 336, 340, 341, 342, 346, 353, 358, 363, 368, 369, 370, 380, 388, 389, 402, 407, 413, 425, 431, 438, 439, 442, 445, 448, 449, 452, 465, 466, 469, 476, 484, 491, 493, 500, 502, 509, 510, 513, 514, 515, 516, 523, 524, 525, 530, 533, 546, 552, 553, 556, 558, 560, 561, 566, 572, 573, 586, 590, 593, 594, 597, 598, 604, 610, 617, 619, 624, 629, 632, 636, 638, 640, 642, 645, 650, 653, 658, 659, 660, 665, 669, 670, 672, 680, 687, 688, 703, 705, 709, 711, 713, 719, 722, 723, 725, 726, 727, 728, 732, 735, 737, 739, 742, 743, 753, 762, 763, 764, 767, 770]"
hcci_268,Q980_0h_WC,roi_268,Helios NanoLab_SE_10000.0kV_600.0x,254,3,0,0,770,1,"[1, 2, 3, 4, 5, 6, 7, 8, 10, 11, 12, 13, 14, 17, 19, 21, 22, 23, 24, 27, 28, 30, 32, 33, 34, 37, 38, 40, 41, 45, 46, 47, 48, 49, 50, 52, 53, 55, 58, 60, 62, 64, 65, 67, 68, 69, 70, 74, 75, 82, 83, 84, 87, 89, 91, 92, 94, 98, 100, 101, 102, 103, 104, 108, 110, 112, 113, 115, 119, 124, 126, 131, 132, 133, 134, 136, 137, 139, 140, 143, 149, 153, 154, 156, 157, 158, 160, 164, 165, 168, 172, 179, 180, 182, 190, 192, 193, 194, 196, 197, 204, 210, 212, 213, 214, 216, 218, 220, 227, 228, 230, 231, 233, 238, 239, 245, 247, 249, 251, 253, 260, 261, 263, 264, 267, 268, 270, 273, 274, 277, 285, 289, 302, 303, 305, 315, 317, 319, 320, 321, 325, 328, 338, 339, 342, 369, 371, 382, 387, 392, 394, 404, 406, 408, 428, 434, 442, 444, 447, 449, 451, 454, 458, 459, 463, 466, 477, 482, 487, 503, 504, 507, 510, 514, 515, 516, 528, 529, 532, 533, 534, 535, 541, 542, 545, 555, 562, 563, 566, 569, 572, 576, 581, 583, 587, 590, 596, 597, 613, 616, 626, 627, 632, 633, 636, 639, 642, 643, 648, 650, 655, 660, 661, 662, 664, 665, 666, 675, 679, 689, 690, 693, 694, 695, 697, 698, 701, 704, 705, 710, 714, 720, 722, 726, 728, 735, 736, 738, 740, 742, 744, 751, 752, 753, 756, 757, 758, 763, 764, 765, 766, 767, 768, 770]"
hcci_269,Q980_0h_WC,roi_269,Helios NanoLab_BSE_10000.0kV_600.0x,254,3,0,0,770,1,"[1, 2, 3, 4, 5, 6, 7, 8, 9, 10, 11, 12, 13, 14, 15, 16, 17, 18, 19, 20, 21, 22, 23, 24, 25, 26, 27, 28, 32, 34, 35, 38, 39, 42, 43, 45, 48, 50, 51, 52, 53, 54, 55, 56, 60, 61, 63, 64, 65, 66, 75, 76, 80, 83, 88, 89, 90, 91, 92, 93, 94, 97, 100, 101, 105, 106, 108, 109, 111, 112, 115, 123, 124, 127, 128, 129, 132, 133, 134, 135, 136, 138, 140, 142, 144, 152, 153, 155, 157, 158, 161, 162, 163, 169, 171, 181, 189, 191, 194, 195, 196, 198, 199, 200, 201, 203, 205, 208, 212, 222, 224, 225, 228, 230, 236, 237, 238, 248, 253, 256, 257, 258, 262, 266, 268, 272, 291, 297, 300, 302, 304, 307, 308, 311, 315, 319, 323, 327, 330, 331, 334, 344, 348, 356, 357, 366, 368, 373, 377, 379, 380, 384, 388, 389, 393, 395, 401, 404, 413, 414, 424, 427, 430, 439, 440, 448, 451, 454, 455, 456, 461, 469, 473, 475, 485, 506, 508, 511, 516, 518, 522, 523, 533, 547, 548, 549, 553, 560, 561, 562, 578, 582, 586, 589, 596, 597, 598, 599, 608, 609, 610, 612, 618, 628, 633, 635, 640, 647, 657, 658, 660, 663, 671, 675, 678, 679, 680, 681, 687, 688, 690, 698, 699, 702, 705, 706, 707, 710, 712, 713, 721, 722, 727, 728, 730, 733, 734, 738, 743, 744, 746, 749, 751, 752, 755, 756, 761, 764, 765, 766, 767, 768, 769, 770]"
hcci_27,AsCast,roi_27,Helios G4 PFIB CXe_BSE_20000.0kV_1000.0x,256,3,0,0,770,1,"[1, 2, 3, 4, 5, 6, 7, 8, 9, 10, 11, 12, 13, 14, 15, 16, 17, 18, 19, 20, 21, 22, 23, 24, 25, 26, 27, 28, 29, 30, 31, 32, 33, 34, 35, 36, 37, 38, 39, 40, 41, 42, 43, 44, 45, 46, 47, 48, 49, 50, 51, 52, 53, 54, 55, 56, 57, 58, 59, 60, 61, 62, 63, 64, 65, 66, 67, 68, 69, 70, 71, 72, 73, 74, 75, 76, 77, 78, 79, 80, 81, 82, 83, 84, 85, 86, 87, 88, 89, 90, 91, 92, 93, 94, 95, 96, 97, 98, 99, 100, 101, 102, 103, 104, 105, 106, 107, 108, 109, 110, 111, 112, 113, 114, 115, 116, 117, 118, 119, 120, 121, 122, 123, 124, 125, 126, 127, 128, 129, 130, 131, 132, 133, 134, 135, 137, 138, 141, 143, 144, 145, 146, 147, 148, 149, 150, 151, 152, 153, 154, 155, 156, 157, 158, 159, 160, 162, 164, 165, 166, 167, 169, 171, 174, 176, 177, 178, 179, 180, 182, 183, 184, 185, 186, 189, 191, 192, 193, 194, 195, 197, 200, 204, 205, 206, 208, 209, 213, 214, 217, 218, 219, 220, 221, 222, 223, 225, 226, 227, 228, 230, 234, 235, 236, 237, 238, 239, 243, 246, 247, 248, 249, 253, 258, 259, 271, 276, 281, 283, 284, 293, 294, 297, 303, 307, 308, 312, 316, 327, 334, 338, 341, 347, 351, 355, 357, 362, 375, 383, 384, 399, 409, 411, 428, 429, 433, 443, 447, 458, 468, 483, 490, 510, 524, 531, 545]"
hcci_270,Q980_0h_WC,roi_270,Helios NanoLab_BSE_10000.0kV_600.0x,254,3,0,0,770,1,"[1, 2, 3, 4, 5, 6, 7, 8, 9, 10, 11, 12, 13, 14, 15, 16, 17, 18, 19, 20, 21, 22, 23, 24, 26, 27, 28, 29, 30, 31, 33, 34, 35, 36, 37, 38, 39, 40, 41, 43, 45, 46, 47, 48, 49, 50, 52, 54, 56, 57, 58, 59, 60, 61, 62, 63, 64, 67, 68, 69, 71, 72, 73, 74, 76, 77, 82, 84, 85, 86, 87, 89, 90, 91, 94, 96, 97, 98, 100, 101, 102, 104, 105, 106, 107, 108, 109, 110, 111, 112, 118, 120, 123, 129, 131, 137, 140, 144, 145, 146, 155, 159, 167, 168, 170, 180, 184, 185, 201, 202, 204, 207, 212, 218, 220, 233, 236, 237, 242, 254, 257, 262, 269, 271, 273, 283, 285, 286, 289, 310, 322, 333, 340, 358, 362, 366, 371, 372, 375, 381, 384, 390, 392, 396, 400, 411, 413, 420, 436, 466, 468, 469, 470, 471, 473, 478, 481, 485, 487, 493, 494, 495, 498, 512, 517, 521, 527, 530, 532, 533, 534, 536, 540, 541, 544, 556, 559, 562, 563, 567, 568, 570, 572, 582, 588, 589, 599, 605, 607, 609, 611, 613, 614, 624, 628, 629, 630, 631, 635, 644, 645, 656, 662, 664, 665, 672, 674, 675, 677, 678, 679, 682, 684, 687, 688, 690, 692, 693, 696, 698, 702, 703, 706, 708, 713, 721, 723, 724, 727, 729, 731, 732, 736, 738, 739, 742, 744, 745, 746, 747, 748, 750, 754, 758, 759, 762, 763, 764, 765, 766, 767, 768, 769, 770]"
hcci_271,Q980_0h_WC,roi_271,Helios NanoLab_InLens_10000.0kV_600.0x,254,3,0,0,770,1,"[1, 2, 3, 5, 6, 7, 8, 9, 10, 11, 12, 14, 15, 16, 17, 19, 22, 23, 24, 25, 26, 27, 28, 32, 36, 40, 42, 47, 52, 54, 61, 66, 69, 71, 74, 75, 78, 79, 81, 83, 84, 85, 87, 88, 90, 91, 98, 99, 105, 108, 110, 111, 120, 124, 129, 131, 132, 133, 135, 139, 143, 144, 150, 151, 152, 153, 157, 158, 159, 163, 164, 171, 172, 173, 175, 176, 178, 179, 180, 182, 186, 191, 193, 195, 198, 200, 201, 203, 206, 211, 212, 215, 226, 227, 229, 232, 234, 235, 237, 238, 239, 240, 246, 251, 252, 258, 260, 261, 262, 265, 267, 273, 275, 282, 283, 285, 287, 290, 293, 294, 296, 299, 301, 304, 306, 315, 319, 327, 330, 335, 337, 339, 340, 350, 351, 353, 355, 358, 360, 362, 364, 369, 370, 372, 378, 380, 382, 386, 390, 393, 395, 397, 405, 408, 410, 420, 421, 422, 430, 437, 438, 449, 451, 452, 453, 456, 471, 481, 487, 488, 497, 499, 503, 506, 509, 514, 520, 523, 530, 531, 536, 537, 541, 542, 549, 553, 557, 563, 565, 567, 572, 573, 575, 577, 582, 585, 596, 599, 605, 609, 620, 627, 631, 641, 649, 652, 657, 661, 664, 667, 671, 677, 679, 681, 683, 685, 686, 687, 688, 699, 701, 703, 709, 710, 717, 718, 719, 723, 725, 726, 735, 737, 739, 740, 741, 743, 744, 745, 746, 747, 748, 751, 752, 753, 754, 756, 759, 762, 763, 764, 765, 766, 767, 770]"
hcci_272,Q980_0h_WC,roi_272,Helios NanoLab_InLens_10000.0kV_600.0x,254,3,0,0,770,1,"[1, 4, 5, 6, 9, 10, 11, 13, 14, 21, 31, 35, 36, 38, 41, 42, 43, 44, 45, 46, 50, 52, 59, 64, 66, 67, 68, 71, 72, 73, 77, 79, 80, 83, 88, 90, 93, 95, 96, 98, 99, 101, 102, 103, 104, 105, 111, 113, 114, 115, 119, 120, 121, 122, 123, 124, 125, 128, 129, 131, 132, 135, 138, 139, 140, 142, 144, 147, 148, 149, 151, 152, 154, 155, 156, 158, 161, 162, 163, 166, 171, 172, 175, 183, 184, 188, 189, 190, 192, 194, 199, 202, 207, 208, 209, 211, 212, 214, 216, 217, 220, 224, 226, 228, 230, 231, 232, 234, 235, 236, 239, 241, 245, 248, 249, 252, 259, 260, 261, 264, 265, 266, 268, 272, 273, 277, 278, 280, 282, 285, 291, 298, 299, 304, 307, 308, 311, 314, 315, 324, 325, 327, 328, 329, 331, 333, 352, 353, 355, 356, 363, 364, 366, 367, 368, 370, 379, 383, 390, 392, 393, 396, 403, 406, 418, 419, 423, 424, 432, 436, 437, 440, 451, 454, 465, 466, 470, 471, 474, 489, 491, 498, 499, 507, 512, 514, 516, 521, 525, 541, 545, 547, 549, 552, 554, 557, 559, 561, 563, 567, 575, 576, 578, 583, 588, 613, 620, 626, 630, 637, 641, 642, 643, 647, 654, 661, 673, 675, 681, 690, 691, 697, 699, 704, 706, 707, 708, 721, 724, 727, 734, 735, 742, 744, 745, 748, 749, 750, 751, 754, 755, 757, 758, 759, 760, 761, 763, 764, 765, 766, 767, 768, 769, 770]"
hcci_273,Q980_0h_WC,roi_273,Helios NanoLab_SE_10000.0kV_3250.0x,254,3,0,0,770,1,"[1, 2, 3, 4, 5, 6, 7, 8, 9, 10, 11, 12, 13, 14, 15, 16, 17, 18, 19, 20, 21, 22, 23, 24, 25, 26, 27, 28, 29, 31, 32, 33, 34, 35, 37, 38, 39, 40, 42, 45, 46, 47, 48, 49, 50, 51, 55, 57, 60, 62, 64, 66, 68, 71, 76, 80, 82, 83, 84, 86, 89, 91, 92, 94, 95, 97, 99, 105, 107, 109, 117, 119, 120, 121, 130, 132, 140, 150, 151, 156, 158, 166, 181, 185, 200, 203, 206, 208, 217, 218, 222, 235, 247, 250, 251, 262, 267, 271, 272, 273, 276, 278, 279, 284, 288, 292, 300, 301, 303, 305, 306, 312, 315, 317, 321, 322, 323, 328, 336, 339, 340, 343, 344, 349, 352, 353, 355, 360, 361, 365, 369, 374, 376, 377, 378, 379, 383, 390, 392, 393, 394, 398, 404, 424, 428, 435, 446, 452, 455, 457, 458, 463, 466, 471, 479, 485, 487, 492, 493, 494, 501, 503, 506, 507, 509, 510, 516, 522, 532, 533, 535, 541, 547, 550, 560, 563, 567, 570, 571, 572, 576, 579, 583, 584, 591, 592, 593, 595, 597, 600, 602, 604, 605, 607, 610, 620, 631, 632, 634, 636, 649, 653, 654, 658, 663, 671, 672, 673, 676, 678, 680, 685, 687, 688, 690, 695, 697, 699, 704, 707, 708, 710, 712, 713, 718, 719, 721, 723, 725, 728, 731, 733, 735, 736, 740, 741, 744, 746, 748, 749, 753, 754, 755, 756, 758, 761, 762, 763, 765, 766, 767, 768, 769, 770]"
hcci_274,Q980_0h_WC,roi_274,Helios NanoLab_SE_10000.0kV_3250.0x,254,3,0,0,770,1,"[1, 2, 3, 4, 5, 6, 7, 8, 9, 10, 11, 12, 13, 14, 15, 16, 17, 18, 19, 20, 21, 22, 23, 24, 25, 26, 27, 28, 29, 30, 31, 32, 33, 34, 35, 36, 37, 38, 39, 40, 43, 44, 45, 46, 47, 48, 50, 51, 53, 54, 55, 57, 59, 60, 61, 63, 64, 68, 69, 74, 76, 78, 81, 82, 83, 87, 96, 98, 99, 100, 103, 104, 107, 110, 113, 118, 119, 122, 123, 125, 131, 135, 142, 144, 146, 147, 148, 155, 156, 164, 165, 168, 169, 172, 175, 180, 182, 186, 191, 198, 199, 200, 201, 202, 204, 206, 207, 211, 216, 227, 228, 233, 238, 242, 245, 270, 271, 273, 276, 279, 281, 282, 291, 292, 295, 296, 297, 299, 300, 301, 304, 306, 308, 313, 314, 320, 322, 327, 329, 331, 333, 335, 337, 338, 349, 357, 365, 368, 373, 388, 393, 399, 407, 418, 421, 422, 423, 428, 439, 442, 444, 448, 451, 452, 455, 457, 459, 463, 464, 472, 476, 478, 481, 490, 497, 503, 504, 505, 506, 507, 512, 517, 519, 522, 523, 526, 534, 537, 540, 543, 544, 546, 547, 550, 553, 556, 557, 558, 559, 561, 562, 567, 568, 570, 572, 576, 579, 581, 582, 585, 587, 591, 593, 600, 601, 602, 616, 617, 618, 620, 621, 624, 625, 634, 639, 643, 650, 652, 655, 656, 657, 658, 662, 672, 674, 679, 694, 698, 702, 704, 708, 709, 710, 712, 713, 715, 725, 727, 747, 758, 761, 764, 768, 770]"
hcci_275,Q980_0h_WC,roi_275,Helios NanoLab_BSE_10000.0kV_3250.0x,254,3,0,0,770,1,"[1, 2, 3, 4, 5, 6, 7, 8, 9, 10, 11, 12, 13, 14, 15, 16, 17, 18, 19, 20, 21, 22, 23, 24, 25, 26, 27, 28, 29, 30, 31, 32, 33, 34, 35, 36, 37, 38, 39, 41, 44, 45, 46, 49, 50, 51, 52, 53, 54, 55, 56, 57, 58, 60, 62, 64, 65, 66, 68, 69, 71, 74, 76, 77, 78, 81, 86, 94, 95, 96, 97, 98, 99, 100, 102, 107, 108, 111, 116, 117, 118, 119, 123, 124, 129, 130, 131, 132, 135, 137, 139, 143, 144, 145, 150, 154, 156, 159, 160, 166, 169, 170, 171, 173, 179, 182, 183, 184, 185, 189, 193, 194, 200, 203, 204, 212, 213, 214, 215, 217, 219, 220, 221, 223, 224, 225, 227, 228, 230, 234, 242, 243, 249, 250, 251, 253, 259, 263, 268, 270, 271, 276, 282, 285, 289, 290, 295, 297, 305, 310, 318, 323, 326, 331, 336, 338, 340, 343, 358, 363, 367, 370, 373, 376, 387, 394, 396, 410, 419, 421, 425, 432, 438, 446, 461, 466, 467, 471, 486, 492, 497, 505, 511, 517, 519, 520, 523, 527, 532, 534, 536, 541, 543, 544, 551, 552, 556, 559, 560, 564, 567, 568, 574, 576, 583, 586, 593, 600, 606, 607, 610, 627, 629, 630, 631, 633, 650, 652, 655, 667, 686, 687, 690, 692, 700, 710, 713, 715, 719, 723, 725, 728, 730, 731, 733, 734, 735, 736, 739, 741, 742, 744, 746, 749, 750, 752, 754, 757, 759, 760, 761, 762, 764, 767]"
hcci_276,Q980_0h_WC,roi_276,Helios NanoLab_BSE_10000.0kV_3250.0x,254,3,0,0,770,1,"[1, 2, 3, 4, 5, 6, 7, 8, 9, 10, 11, 12, 13, 14, 15, 16, 17, 18, 19, 20, 21, 22, 23, 24, 25, 26, 27, 28, 29, 30, 31, 32, 33, 34, 35, 36, 37, 38, 39, 40, 41, 42, 43, 44, 45, 46, 47, 48, 49, 50, 51, 52, 53, 54, 55, 56, 58, 59, 60, 61, 63, 65, 66, 67, 69, 70, 74, 77, 78, 79, 80, 81, 82, 85, 87, 88, 90, 91, 95, 96, 99, 100, 102, 103, 105, 108, 109, 111, 113, 114, 116, 119, 120, 126, 127, 129, 132, 133, 134, 135, 139, 140, 142, 148, 152, 155, 156, 159, 160, 161, 162, 165, 167, 168, 169, 170, 175, 181, 184, 190, 191, 193, 198, 199, 209, 213, 214, 215, 218, 219, 221, 222, 232, 233, 234, 236, 237, 238, 240, 243, 245, 246, 247, 250, 253, 256, 258, 259, 261, 267, 268, 275, 282, 292, 294, 297, 298, 311, 314, 315, 317, 328, 331, 332, 338, 340, 341, 342, 363, 366, 368, 377, 380, 385, 399, 401, 413, 416, 421, 422, 423, 428, 432, 439, 451, 462, 467, 471, 476, 478, 479, 480, 484, 487, 495, 497, 499, 502, 506, 508, 513, 515, 517, 522, 529, 537, 547, 552, 563, 577, 578, 584, 585, 589, 592, 611, 627, 629, 633, 634, 664, 667, 672, 676, 677, 678, 684, 685, 699, 704, 705, 712, 713, 717, 723, 725, 727, 731, 741, 742, 744, 746, 748, 749, 751, 752, 755, 757, 758, 759, 760, 762, 764, 766]"
hcci_277,Q980_0h_WC,roi_277,Helios NanoLab_InLens_10000.0kV_3250.0x,254,3,0,0,770,1,"[1, 2, 3, 4, 5, 6, 7, 8, 9, 10, 11, 12, 13, 15, 16, 18, 19, 20, 23, 24, 25, 26, 27, 31, 32, 33, 39, 40, 43, 45, 47, 49, 50, 51, 52, 54, 55, 57, 64, 65, 67, 69, 70, 71, 72, 74, 75, 76, 78, 79, 80, 82, 83, 90, 92, 93, 96, 97, 99, 100, 101, 104, 105, 106, 108, 113, 118, 119, 120, 121, 124, 129, 130, 131, 132, 134, 139, 140, 143, 144, 146, 148, 150, 154, 161, 162, 163, 166, 168, 169, 171, 173, 179, 184, 187, 188, 189, 195, 198, 208, 213, 220, 223, 229, 232, 234, 235, 239, 250, 251, 255, 262, 266, 274, 275, 276, 283, 294, 295, 299, 304, 307, 314, 316, 322, 323, 324, 326, 329, 330, 331, 336, 337, 344, 352, 361, 362, 366, 369, 371, 372, 376, 383, 386, 387, 388, 400, 402, 410, 411, 412, 414, 415, 417, 427, 430, 439, 440, 441, 442, 446, 449, 460, 464, 467, 469, 476, 480, 485, 487, 500, 504, 506, 511, 515, 521, 524, 527, 530, 534, 541, 547, 549, 551, 552, 561, 562, 563, 577, 581, 584, 606, 609, 613, 617, 622, 639, 645, 647, 649, 661, 663, 679, 681, 685, 687, 690, 692, 693, 695, 702, 703, 704, 706, 707, 708, 710, 715, 721, 722, 723, 724, 726, 729, 731, 734, 737, 739, 742, 743, 744, 745, 746, 747, 748, 749, 750, 751, 752, 753, 754, 755, 757, 758, 759, 760, 761, 762, 763, 764, 766, 767, 768, 769]"
hcci_278,Q980_0h_WC,roi_278,Helios NanoLab_InLens_10000.0kV_3250.0x,254,3,0,0,770,1,"[1, 2, 3, 4, 5, 6, 7, 8, 9, 10, 11, 12, 13, 14, 15, 17, 18, 19, 21, 22, 23, 24, 30, 31, 33, 34, 35, 36, 39, 40, 42, 43, 45, 47, 48, 50, 51, 52, 53, 56, 58, 59, 60, 61, 64, 66, 67, 68, 69, 70, 71, 72, 73, 74, 75, 77, 78, 80, 84, 85, 87, 89, 90, 93, 94, 95, 96, 97, 98, 99, 100, 104, 105, 106, 108, 109, 110, 112, 113, 114, 116, 117, 118, 122, 125, 127, 128, 129, 131, 132, 135, 139, 142, 143, 144, 145, 148, 149, 154, 156, 157, 158, 159, 160, 161, 163, 164, 165, 168, 169, 173, 174, 178, 179, 180, 183, 184, 185, 189, 194, 198, 199, 201, 202, 206, 209, 210, 211, 215, 218, 219, 220, 222, 227, 230, 235, 240, 244, 247, 248, 250, 252, 253, 264, 266, 268, 270, 271, 275, 279, 281, 288, 294, 299, 302, 303, 305, 307, 310, 312, 314, 321, 326, 327, 329, 331, 332, 333, 336, 341, 350, 361, 363, 369, 372, 373, 382, 386, 388, 402, 403, 404, 405, 406, 416, 426, 427, 429, 433, 438, 442, 455, 461, 463, 468, 469, 479, 486, 488, 492, 498, 508, 518, 519, 530, 536, 539, 542, 543, 556, 562, 565, 590, 594, 599, 608, 610, 614, 620, 634, 660, 667, 677, 682, 683, 685, 688, 689, 697, 698, 700, 707, 710, 717, 720, 723, 724, 726, 727, 732, 733, 734, 736, 738, 741, 742, 744, 750, 754, 756, 763, 764, 765, 769]"
hcci_279,Q980_0h_WC,roi_279,Helios NanoLab_SE_20000.0kV_600.0x,254,3,0,0,770,1,"[1, 2, 3, 4, 6, 7, 8, 9, 11, 14, 15, 16, 19, 25, 28, 29, 31, 34, 35, 36, 40, 42, 46, 47, 48, 49, 50, 51, 54, 58, 59, 60, 61, 68, 70, 73, 74, 75, 76, 77, 78, 79, 82, 84, 85, 88, 90, 94, 95, 99, 101, 102, 104, 106, 109, 112, 113, 114, 116, 118, 119, 120, 122, 123, 124, 125, 126, 127, 128, 129, 132, 133, 134, 137, 138, 139, 141, 144, 146, 147, 151, 155, 156, 157, 158, 160, 162, 163, 164, 165, 174, 175, 178, 181, 182, 188, 189, 193, 194, 196, 199, 201, 203, 204, 205, 207, 208, 210, 213, 215, 216, 217, 218, 219, 220, 221, 228, 230, 232, 233, 234, 237, 242, 243, 253, 256, 258, 260, 261, 263, 265, 266, 268, 270, 271, 274, 280, 281, 283, 285, 286, 291, 292, 294, 297, 298, 299, 301, 302, 303, 304, 306, 313, 316, 318, 319, 320, 323, 324, 327, 329, 332, 333, 336, 343, 345, 349, 352, 356, 359, 361, 363, 364, 369, 376, 380, 384, 387, 395, 399, 408, 410, 412, 415, 416, 430, 431, 448, 449, 467, 469, 473, 476, 490, 497, 498, 503, 504, 510, 520, 531, 539, 540, 541, 542, 543, 546, 556, 558, 564, 570, 586, 591, 595, 596, 615, 631, 636, 640, 642, 644, 652, 659, 660, 661, 664, 667, 672, 673, 676, 677, 682, 685, 688, 692, 701, 706, 715, 716, 719, 725, 727, 729, 740, 743, 751, 753, 754, 758, 761, 762, 763, 767, 769]"
hcci_28,AsCast,roi_28,Helios G4 PFIB CXe_BSE_20000.0kV_1000.0x,256,3,0,0,770,1,"[1, 2, 3, 4, 5, 6, 7, 8, 9, 10, 11, 12, 13, 14, 15, 16, 17, 18, 19, 20, 21, 22, 23, 24, 25, 26, 27, 28, 29, 30, 31, 32, 33, 34, 35, 36, 37, 38, 39, 40, 41, 42, 43, 44, 45, 46, 47, 48, 49, 50, 51, 52, 53, 54, 55, 56, 57, 58, 59, 60, 61, 62, 63, 64, 65, 66, 67, 68, 69, 70, 71, 72, 73, 74, 75, 76, 77, 78, 79, 80, 81, 82, 83, 84, 85, 86, 87, 88, 89, 90, 91, 92, 93, 94, 95, 96, 97, 98, 99, 100, 101, 102, 103, 104, 105, 106, 107, 108, 109, 110, 111, 112, 113, 114, 115, 116, 117, 118, 119, 120, 121, 122, 123, 124, 125, 126, 127, 128, 129, 130, 131, 132, 133, 134, 135, 136, 137, 138, 139, 140, 141, 142, 143, 144, 145, 146, 147, 148, 149, 150, 151, 152, 153, 154, 155, 156, 157, 158, 159, 160, 161, 162, 163, 164, 165, 166, 167, 169, 170, 171, 172, 173, 174, 175, 176, 177, 178, 180, 181, 184, 185, 186, 187, 188, 190, 191, 196, 197, 198, 199, 202, 203, 205, 207, 208, 209, 210, 211, 217, 220, 224, 226, 231, 232, 235, 239, 242, 246, 247, 251, 252, 255, 261, 267, 272, 273, 278, 280, 282, 284, 301, 302, 303, 304, 306, 307, 308, 313, 322, 323, 326, 333, 349, 350, 351, 352, 354, 365, 374, 376, 393, 408, 422, 426, 428, 438, 458, 477, 479, 488, 495, 500, 508, 517, 530, 534]"
hcci_280,Q980_0h_WC,roi_280,Helios NanoLab_SE_20000.0kV_600.0x,254,3,0,0,770,1,"[1, 5, 10, 11, 14, 15, 16, 22, 23, 24, 28, 29, 34, 37, 39, 40, 43, 44, 46, 47, 51, 53, 54, 55, 63, 65, 66, 67, 69, 70, 75, 76, 78, 80, 81, 83, 85, 87, 91, 96, 97, 98, 100, 103, 104, 105, 107, 112, 114, 118, 119, 123, 124, 125, 126, 127, 128, 130, 132, 133, 134, 135, 136, 137, 138, 140, 144, 146, 147, 148, 149, 155, 156, 157, 162, 164, 166, 168, 169, 170, 175, 176, 177, 179, 181, 186, 188, 192, 193, 194, 195, 203, 205, 208, 209, 211, 212, 213, 214, 216, 222, 223, 225, 235, 237, 238, 240, 241, 242, 243, 244, 248, 249, 250, 251, 252, 256, 258, 259, 264, 268, 269, 282, 285, 287, 288, 291, 294, 296, 297, 301, 303, 304, 306, 310, 317, 321, 327, 329, 332, 334, 345, 347, 348, 352, 357, 364, 366, 374, 375, 377, 379, 382, 383, 387, 388, 392, 396, 397, 404, 407, 411, 421, 425, 431, 432, 433, 437, 438, 439, 440, 443, 448, 449, 457, 462, 470, 471, 473, 476, 479, 481, 485, 489, 495, 499, 509, 513, 514, 526, 538, 542, 566, 573, 576, 580, 585, 594, 598, 602, 610, 611, 612, 613, 629, 633, 638, 648, 650, 652, 654, 656, 658, 663, 665, 667, 685, 693, 697, 699, 700, 701, 703, 705, 707, 710, 715, 718, 720, 723, 726, 731, 732, 734, 736, 743, 747, 749, 750, 751, 753, 754, 757, 758, 759, 760, 761, 763, 765, 766, 767, 768, 769, 770]"
hcci_281,Q980_0h_WC,roi_281,Helios NanoLab_BSE_20000.0kV_600.0x,254,3,0,0,770,1,"[1, 2, 3, 4, 5, 6, 7, 8, 9, 10, 11, 12, 13, 14, 15, 16, 17, 18, 19, 20, 21, 22, 23, 24, 25, 26, 27, 28, 29, 30, 31, 32, 33, 34, 37, 38, 40, 41, 42, 43, 44, 45, 46, 47, 48, 50, 51, 53, 54, 55, 56, 57, 59, 60, 61, 62, 63, 66, 67, 69, 71, 75, 78, 80, 81, 83, 85, 86, 89, 90, 91, 94, 96, 97, 99, 103, 105, 106, 108, 110, 112, 114, 118, 119, 120, 122, 124, 125, 128, 132, 133, 138, 146, 164, 170, 174, 175, 177, 190, 201, 202, 207, 208, 212, 214, 216, 217, 235, 239, 265, 267, 276, 279, 282, 283, 293, 294, 295, 303, 304, 308, 312, 315, 327, 329, 330, 332, 333, 338, 340, 345, 347, 352, 353, 354, 356, 359, 360, 362, 376, 377, 390, 398, 399, 406, 413, 419, 424, 428, 431, 433, 436, 439, 440, 445, 446, 448, 449, 450, 451, 452, 457, 460, 466, 471, 480, 484, 486, 490, 491, 495, 497, 501, 507, 514, 519, 522, 524, 525, 526, 542, 543, 544, 547, 552, 555, 558, 562, 572, 573, 584, 587, 590, 597, 598, 601, 605, 619, 621, 632, 643, 649, 650, 652, 653, 661, 662, 668, 669, 672, 676, 681, 685, 686, 687, 690, 695, 696, 697, 698, 700, 705, 710, 711, 712, 713, 715, 716, 717, 724, 726, 727, 729, 731, 734, 737, 738, 741, 744, 746, 749, 750, 752, 754, 755, 758, 760, 764, 765, 766, 767, 768, 769, 770]"
hcci_282,Q980_0h_WC,roi_282,Helios NanoLab_BSE_20000.0kV_600.0x,254,3,0,0,770,1,"[1, 2, 3, 4, 5, 6, 7, 8, 9, 10, 11, 12, 13, 14, 15, 16, 17, 18, 19, 20, 21, 23, 24, 25, 26, 27, 29, 30, 34, 35, 37, 38, 39, 41, 42, 44, 46, 47, 48, 49, 50, 51, 54, 55, 57, 59, 60, 63, 65, 66, 68, 69, 70, 73, 75, 78, 79, 82, 83, 85, 91, 93, 99, 100, 102, 103, 106, 107, 109, 111, 112, 114, 115, 117, 118, 119, 120, 125, 126, 128, 129, 134, 135, 137, 141, 144, 145, 149, 153, 157, 165, 166, 169, 172, 173, 175, 176, 185, 193, 194, 195, 196, 201, 206, 210, 224, 225, 229, 232, 233, 239, 253, 257, 263, 274, 275, 276, 277, 285, 286, 294, 299, 301, 302, 304, 306, 314, 315, 316, 317, 319, 325, 327, 330, 333, 335, 341, 349, 350, 353, 356, 360, 363, 365, 366, 374, 383, 396, 397, 400, 414, 415, 419, 425, 427, 434, 435, 439, 441, 442, 446, 448, 460, 462, 464, 467, 473, 474, 484, 502, 504, 514, 518, 527, 530, 535, 536, 545, 546, 548, 556, 560, 568, 569, 573, 577, 580, 585, 601, 602, 605, 606, 611, 624, 626, 627, 633, 637, 638, 646, 651, 657, 662, 665, 669, 670, 673, 675, 680, 681, 684, 686, 688, 691, 696, 697, 701, 703, 704, 705, 707, 710, 712, 716, 720, 722, 723, 725, 726, 728, 733, 737, 740, 743, 744, 746, 747, 748, 751, 752, 753, 755, 756, 757, 758, 762, 763, 764, 765, 766, 767, 768, 769, 770]"
hcci_283,Q980_0h_WC,roi_283,Helios NanoLab_InLens_20000.0kV_600.0x,254,3,0,0,770,1,"[1, 2, 3, 4, 5, 9, 10, 11, 13, 14, 16, 17, 19, 20, 21, 23, 24, 27, 28, 31, 37, 40, 41, 42, 45, 46, 48, 49, 50, 54, 56, 58, 61, 63, 70, 71, 74, 75, 77, 78, 81, 85, 88, 90, 94, 95, 100, 101, 105, 108, 112, 113, 114, 120, 121, 123, 124, 135, 137, 141, 142, 143, 145, 152, 153, 154, 155, 157, 163, 164, 165, 169, 171, 176, 177, 182, 183, 184, 185, 187, 190, 192, 198, 199, 200, 202, 206, 210, 215, 221, 228, 242, 246, 249, 251, 258, 259, 261, 262, 266, 267, 271, 275, 279, 281, 286, 287, 297, 299, 300, 301, 318, 321, 322, 328, 331, 334, 339, 342, 344, 345, 350, 357, 360, 363, 372, 376, 377, 378, 384, 387, 390, 396, 399, 406, 412, 416, 426, 427, 428, 431, 436, 439, 443, 445, 449, 451, 454, 457, 460, 461, 465, 467, 468, 474, 480, 484, 485, 489, 490, 495, 496, 502, 504, 506, 508, 509, 513, 516, 517, 519, 521, 525, 526, 527, 530, 532, 533, 538, 540, 551, 552, 554, 555, 561, 562, 567, 575, 577, 578, 581, 584, 587, 598, 599, 603, 607, 639, 641, 643, 648, 650, 652, 654, 659, 673, 677, 678, 681, 684, 691, 692, 693, 695, 698, 699, 700, 703, 706, 707, 708, 711, 712, 719, 720, 721, 722, 727, 729, 733, 735, 738, 739, 740, 741, 743, 744, 745, 746, 748, 749, 750, 751, 752, 755, 756, 757, 758, 763, 764, 765, 767, 768, 770]"
hcci_284,Q980_0h_WC,roi_284,Helios NanoLab_InLens_20000.0kV_600.0x,254,3,0,0,770,1,"[1, 2, 3, 4, 5, 6, 7, 8, 9, 10, 11, 12, 13, 15, 16, 17, 18, 19, 22, 25, 26, 31, 32, 33, 35, 36, 37, 38, 39, 41, 42, 44, 45, 46, 47, 48, 50, 51, 52, 53, 54, 55, 57, 59, 67, 68, 70, 72, 73, 74, 75, 76, 77, 79, 80, 82, 86, 87, 93, 96, 97, 100, 101, 103, 104, 105, 108, 109, 110, 111, 113, 114, 116, 117, 123, 125, 128, 131, 135, 136, 139, 141, 143, 144, 145, 146, 148, 151, 153, 156, 162, 163, 164, 169, 170, 172, 183, 184, 185, 189, 192, 194, 197, 198, 207, 212, 213, 215, 217, 220, 225, 226, 230, 231, 233, 239, 242, 243, 246, 247, 251, 256, 258, 263, 266, 269, 277, 281, 285, 296, 297, 298, 303, 310, 311, 315, 321, 323, 329, 332, 338, 345, 349, 351, 359, 362, 366, 368, 372, 374, 378, 379, 387, 397, 400, 402, 412, 421, 426, 427, 429, 432, 438, 439, 446, 447, 450, 452, 453, 456, 462, 469, 473, 474, 488, 497, 503, 507, 510, 520, 524, 532, 536, 538, 545, 546, 550, 564, 565, 569, 570, 578, 581, 583, 585, 595, 608, 617, 621, 625, 628, 631, 634, 635, 642, 646, 653, 656, 658, 661, 663, 667, 672, 674, 687, 688, 691, 695, 707, 709, 711, 713, 716, 720, 722, 724, 728, 729, 730, 731, 732, 737, 739, 740, 744, 745, 747, 749, 752, 753, 754, 756, 757, 759, 760, 761, 763, 764, 765, 766, 767, 768, 769, 770]"
hcci_285,Q980_0h_WC,roi_285,Helios NanoLab_SE_20000.0kV_3250.0x,254,3,0,0,770,1,"[1, 2, 3, 4, 5, 6, 7, 8, 9, 10, 11, 12, 13, 14, 15, 16, 17, 18, 19, 20, 21, 22, 23, 24, 25, 26, 27, 28, 29, 31, 32, 33, 34, 35, 36, 37, 38, 39, 40, 41, 43, 44, 45, 46, 49, 50, 53, 54, 56, 57, 58, 59, 60, 67, 73, 75, 77, 79, 80, 85, 87, 88, 90, 92, 93, 94, 103, 104, 105, 112, 117, 120, 124, 125, 128, 139, 140, 146, 152, 170, 176, 179, 181, 184, 187, 188, 191, 199, 200, 203, 206, 207, 208, 209, 211, 212, 218, 236, 237, 247, 258, 273, 274, 275, 285, 288, 303, 306, 308, 316, 321, 334, 339, 344, 346, 352, 353, 354, 373, 375, 383, 387, 389, 392, 395, 397, 398, 401, 403, 404, 405, 412, 413, 416, 423, 424, 425, 427, 430, 434, 438, 440, 443, 446, 457, 461, 468, 477, 484, 492, 493, 495, 498, 504, 506, 508, 513, 517, 521, 526, 528, 538, 539, 545, 551, 554, 557, 561, 567, 576, 580, 581, 591, 595, 605, 606, 607, 608, 615, 621, 624, 626, 627, 628, 629, 632, 637, 638, 642, 643, 649, 652, 655, 661, 662, 669, 671, 672, 676, 677, 683, 688, 689, 695, 700, 701, 704, 707, 708, 709, 710, 711, 712, 714, 715, 716, 720, 722, 724, 725, 726, 727, 728, 731, 732, 733, 735, 737, 738, 740, 741, 743, 744, 745, 746, 747, 749, 750, 751, 752, 753, 754, 755, 756, 759, 760, 762, 763, 764, 766, 767, 768, 769, 770]"
hcci_286,Q980_0h_WC,roi_286,Helios NanoLab_SE_20000.0kV_3250.0x,254,3,0,0,770,1,"[1, 2, 3, 4, 5, 6, 7, 8, 9, 10, 11, 12, 13, 14, 15, 16, 17, 18, 19, 20, 21, 22, 23, 24, 25, 26, 27, 28, 29, 30, 31, 33, 34, 35, 36, 37, 38, 39, 40, 41, 42, 43, 44, 45, 46, 47, 48, 49, 50, 53, 54, 55, 61, 62, 63, 64, 65, 66, 67, 69, 70, 71, 73, 74, 76, 78, 80, 83, 85, 87, 92, 93, 99, 100, 105, 109, 113, 115, 118, 121, 126, 132, 137, 140, 142, 144, 145, 146, 151, 154, 162, 163, 164, 165, 169, 175, 189, 190, 193, 194, 195, 197, 199, 200, 203, 205, 208, 210, 216, 219, 226, 227, 229, 231, 233, 235, 239, 240, 241, 242, 248, 250, 252, 255, 261, 274, 276, 279, 282, 283, 285, 287, 289, 290, 291, 293, 297, 300, 318, 321, 330, 341, 354, 359, 373, 377, 383, 389, 393, 394, 401, 415, 419, 420, 422, 434, 443, 450, 453, 454, 475, 482, 484, 487, 495, 499, 505, 510, 522, 524, 534, 537, 541, 543, 545, 552, 555, 556, 557, 560, 561, 569, 570, 574, 577, 578, 580, 590, 594, 596, 603, 611, 613, 620, 631, 632, 633, 634, 635, 641, 647, 649, 651, 653, 655, 663, 664, 667, 669, 673, 677, 678, 679, 681, 686, 694, 695, 698, 699, 700, 701, 705, 707, 708, 709, 713, 719, 720, 722, 723, 730, 731, 733, 734, 736, 740, 741, 742, 743, 744, 746, 748, 750, 751, 755, 759, 760, 763, 764, 765, 766, 767, 769, 770]"
hcci_287,Q980_0h_WC,roi_287,Helios NanoLab_BSE_20000.0kV_3250.0x,254,3,0,0,770,1,"[1, 2, 3, 4, 5, 6, 8, 9, 10, 11, 13, 14, 15, 16, 17, 18, 19, 20, 21, 22, 23, 24, 25, 26, 27, 28, 29, 30, 31, 32, 33, 35, 36, 39, 40, 46, 49, 54, 55, 56, 61, 64, 67, 73, 74, 77, 78, 80, 81, 83, 86, 88, 90, 95, 96, 104, 105, 106, 109, 115, 117, 128, 134, 135, 137, 141, 142, 147, 148, 154, 156, 157, 161, 162, 174, 178, 182, 183, 187, 188, 191, 192, 195, 224, 230, 238, 253, 260, 261, 262, 263, 269, 274, 278, 283, 286, 294, 295, 296, 298, 300, 306, 310, 311, 312, 314, 318, 320, 322, 327, 331, 332, 336, 337, 339, 347, 348, 349, 350, 353, 354, 357, 358, 362, 363, 367, 368, 376, 379, 389, 393, 394, 396, 397, 399, 402, 409, 411, 413, 414, 415, 417, 420, 423, 425, 429, 430, 433, 434, 435, 436, 437, 440, 441, 442, 444, 452, 459, 466, 467, 468, 472, 479, 480, 484, 486, 490, 496, 497, 518, 521, 522, 524, 530, 531, 533, 537, 538, 542, 549, 552, 557, 559, 567, 568, 570, 572, 575, 576, 582, 585, 587, 592, 594, 598, 601, 608, 613, 615, 618, 623, 625, 643, 646, 649, 658, 660, 664, 665, 666, 668, 669, 674, 678, 682, 688, 690, 692, 694, 696, 697, 699, 703, 706, 714, 717, 718, 719, 720, 721, 722, 724, 726, 727, 728, 730, 734, 736, 739, 740, 741, 745, 747, 751, 752, 753, 755, 756, 757, 758, 761, 762, 763, 765]"
hcci_288,Q980_0h_WC,roi_288,Helios NanoLab_BSE_20000.0kV_3250.0x,254,3,0,0,770,1,"[1, 2, 3, 4, 5, 6, 7, 8, 9, 10, 11, 12, 13, 15, 16, 17, 18, 19, 20, 21, 22, 23, 24, 25, 26, 28, 29, 30, 31, 32, 33, 34, 35, 36, 39, 40, 43, 45, 46, 48, 50, 51, 53, 54, 55, 57, 59, 60, 72, 73, 75, 76, 78, 83, 84, 88, 90, 92, 97, 98, 106, 118, 120, 122, 125, 127, 128, 129, 133, 134, 139, 143, 144, 147, 155, 156, 157, 162, 164, 170, 180, 182, 189, 196, 197, 198, 201, 210, 213, 216, 219, 224, 227, 229, 231, 232, 234, 235, 236, 237, 240, 241, 248, 255, 261, 262, 269, 271, 273, 279, 281, 282, 283, 284, 300, 303, 308, 315, 317, 318, 319, 321, 324, 326, 330, 337, 350, 354, 355, 357, 359, 360, 361, 362, 363, 367, 369, 372, 375, 385, 386, 387, 390, 394, 398, 399, 400, 401, 403, 405, 407, 409, 412, 416, 418, 420, 421, 422, 424, 425, 428, 440, 441, 443, 449, 450, 458, 460, 467, 472, 480, 485, 489, 491, 493, 495, 496, 498, 501, 502, 508, 511, 512, 516, 517, 518, 524, 531, 532, 534, 537, 538, 543, 555, 558, 559, 562, 566, 574, 580, 581, 590, 594, 600, 607, 617, 620, 626, 629, 633, 636, 638, 640, 646, 650, 656, 657, 660, 662, 663, 670, 682, 687, 695, 709, 712, 716, 719, 721, 724, 725, 726, 727, 728, 730, 733, 736, 737, 738, 739, 741, 743, 745, 746, 748, 749, 751, 752, 754, 758, 760, 761, 763, 766]"
hcci_289,Q980_0h_WC,roi_289,Helios NanoLab_InLens_20000.0kV_3250.0x,254,3,0,0,770,1,"[1, 2, 3, 4, 5, 6, 7, 8, 9, 10, 11, 12, 13, 14, 16, 17, 18, 23, 24, 25, 26, 27, 29, 31, 35, 38, 41, 42, 43, 45, 48, 50, 51, 53, 58, 62, 63, 65, 66, 68, 69, 71, 73, 76, 79, 80, 82, 83, 85, 86, 90, 92, 95, 96, 98, 100, 101, 103, 104, 108, 109, 111, 119, 120, 124, 126, 129, 131, 137, 139, 141, 144, 148, 149, 151, 154, 155, 156, 158, 159, 162, 164, 167, 176, 184, 185, 192, 193, 199, 200, 201, 205, 213, 215, 218, 220, 223, 226, 244, 252, 253, 255, 257, 265, 274, 275, 277, 280, 283, 290, 292, 299, 304, 305, 308, 311, 317, 321, 337, 345, 363, 367, 371, 373, 376, 392, 395, 397, 398, 400, 406, 407, 409, 413, 414, 445, 447, 449, 454, 455, 458, 464, 469, 470, 472, 473, 474, 476, 479, 485, 489, 490, 492, 493, 495, 500, 510, 512, 517, 519, 521, 525, 528, 537, 543, 548, 549, 553, 554, 556, 559, 567, 568, 576, 577, 581, 583, 588, 593, 594, 596, 601, 606, 610, 616, 620, 623, 626, 630, 631, 633, 644, 645, 650, 651, 653, 654, 655, 660, 661, 663, 664, 665, 676, 678, 686, 690, 694, 696, 700, 704, 705, 708, 710, 711, 712, 717, 720, 721, 727, 728, 729, 730, 732, 735, 736, 738, 739, 740, 741, 742, 743, 744, 745, 746, 747, 748, 750, 751, 752, 753, 755, 756, 758, 759, 760, 761, 762, 763, 764, 765, 766, 768, 770]"
hcci_29,AsCast,roi_29,Helios G4 PFIB CXe_InLens_20000.0kV_1000.0x,257,2,0,0,771,1,"[1, 2, 3, 4, 5, 6, 7, 8, 9, 10, 11, 12, 13, 14, 15, 16, 17, 18, 19, 20, 21, 22, 23, 24, 25, 26, 27, 28, 29, 30, 31, 32, 33, 34, 35, 36, 37, 38, 39, 40, 41, 42, 43, 44, 45, 46, 47, 48, 49, 50, 51, 52, 53, 54, 55, 56, 57, 58, 59, 60, 61, 62, 63, 64, 65, 66, 67, 68, 69, 70, 71, 72, 73, 74, 75, 76, 77, 78, 79, 80, 81, 82, 83, 84, 85, 86, 87, 88, 89, 90, 91, 92, 93, 94, 95, 96, 97, 98, 99, 100, 101, 102, 103, 104, 105, 106, 107, 108, 109, 110, 111, 112, 113, 114, 116, 117, 120, 123, 126, 128, 129, 132, 133, 135, 136, 137, 139, 141, 142, 143, 146, 148, 159, 165, 169, 172, 173, 175, 176, 178, 179, 181, 184, 185, 186, 190, 192, 197, 198, 205, 207, 208, 211, 213, 214, 221, 222, 223, 225, 226, 232, 234, 236, 238, 242, 243, 244, 247, 248, 250, 251, 252, 257, 261, 267, 270, 273, 274, 276, 278, 279, 280, 282, 283, 285, 288, 291, 292, 299, 301, 305, 307, 310, 317, 319, 327, 329, 330, 331, 332, 336, 348, 349, 350, 357, 363, 374, 382, 389, 394, 398, 399, 404, 412, 419, 421, 425, 434, 435, 436, 444, 446, 447, 449, 453, 464, 466, 474, 478, 479, 481, 494, 501, 503, 511, 512, 515, 519, 522, 524, 527, 538, 541, 542, 548, 551, 569, 579, 595, 601, 612, 619, 641, 660, 684, 693, 719]"
hcci_290,Q980_0h_WC,roi_290,Helios NanoLab_InLens_20000.0kV_3250.0x,254,3,0,0,770,1,"[1, 2, 3, 4, 12, 13, 14, 16, 19, 22, 24, 25, 26, 27, 29, 30, 33, 35, 36, 37, 38, 39, 40, 41, 43, 46, 49, 51, 53, 54, 55, 56, 57, 59, 61, 62, 63, 65, 66, 67, 73, 74, 75, 76, 77, 78, 79, 82, 84, 85, 86, 88, 92, 93, 94, 96, 97, 98, 99, 100, 101, 104, 106, 107, 108, 113, 114, 115, 116, 120, 121, 125, 126, 128, 129, 132, 136, 137, 140, 141, 142, 143, 144, 148, 150, 152, 155, 156, 159, 160, 162, 166, 167, 169, 170, 171, 175, 179, 181, 183, 187, 191, 193, 200, 201, 204, 205, 206, 207, 208, 209, 211, 213, 217, 231, 234, 236, 237, 240, 243, 245, 247, 248, 253, 258, 262, 263, 266, 269, 271, 272, 273, 281, 282, 283, 284, 285, 286, 291, 292, 294, 296, 299, 301, 302, 303, 306, 307, 309, 310, 311, 312, 313, 315, 321, 322, 325, 326, 328, 329, 332, 333, 338, 343, 344, 347, 349, 354, 358, 359, 364, 367, 369, 371, 372, 382, 384, 390, 391, 397, 400, 402, 405, 406, 412, 413, 415, 421, 426, 433, 442, 443, 447, 448, 450, 451, 456, 457, 460, 461, 463, 467, 473, 479, 480, 481, 482, 483, 487, 489, 501, 502, 520, 525, 526, 534, 537, 538, 541, 545, 547, 561, 570, 575, 581, 582, 601, 605, 609, 618, 619, 620, 626, 632, 639, 642, 645, 647, 648, 657, 660, 668, 670, 672, 673, 674, 676, 701, 705, 718, 728, 731, 740, 756]"
hcci_291,Q980_9h_AC,roi_291,Helios NanoLab_SE_5000.0kV_600.0x,252,3,0,0,770,1,"[1, 2, 3, 4, 5, 6, 7, 8, 9, 10, 11, 12, 13, 14, 16, 17, 18, 19, 20, 21, 22, 23, 24, 26, 27, 28, 29, 31, 32, 33, 34, 35, 38, 39, 40, 41, 42, 43, 44, 45, 46, 48, 49, 50, 51, 54, 55, 56, 57, 58, 60, 61, 62, 63, 64, 66, 67, 68, 71, 72, 75, 77, 78, 79, 80, 82, 83, 84, 85, 92, 94, 95, 100, 102, 104, 106, 108, 109, 110, 111, 114, 116, 119, 121, 125, 126, 128, 131, 132, 135, 141, 142, 143, 144, 150, 151, 152, 155, 159, 162, 163, 164, 172, 173, 175, 177, 181, 184, 185, 191, 192, 193, 195, 198, 208, 213, 218, 220, 223, 225, 228, 229, 233, 234, 239, 240, 245, 248, 252, 255, 260, 261, 262, 272, 279, 280, 283, 288, 292, 294, 295, 310, 313, 317, 321, 323, 326, 333, 335, 349, 353, 354, 355, 369, 372, 373, 375, 379, 382, 386, 389, 391, 393, 398, 399, 401, 403, 407, 408, 410, 411, 420, 423, 432, 433, 434, 447, 448, 452, 453, 460, 461, 462, 469, 471, 478, 483, 485, 487, 489, 492, 494, 499, 503, 512, 513, 515, 518, 519, 520, 525, 530, 538, 541, 545, 546, 558, 559, 561, 570, 579, 581, 584, 585, 587, 592, 593, 600, 603, 608, 612, 614, 618, 619, 628, 638, 646, 647, 651, 654, 660, 662, 675, 680, 683, 689, 696, 697, 703, 704, 707, 718, 720, 724, 726, 750, 757, 761, 763, 764, 767, 768]"
hcci_292,Q980_9h_AC,roi_292,Helios NanoLab_SE_5000.0kV_600.0x,252,3,0,0,770,1,"[1, 2, 3, 4, 5, 8, 9, 10, 11, 12, 13, 14, 15, 17, 18, 19, 20, 21, 22, 23, 24, 25, 26, 27, 28, 30, 31, 32, 33, 34, 35, 36, 37, 38, 40, 41, 42, 43, 44, 45, 47, 48, 49, 50, 51, 52, 53, 54, 55, 57, 58, 59, 60, 62, 63, 64, 65, 66, 68, 69, 70, 73, 74, 75, 76, 77, 78, 79, 81, 82, 83, 85, 86, 88, 90, 91, 92, 93, 96, 98, 101, 103, 104, 110, 113, 121, 134, 135, 137, 138, 139, 142, 143, 153, 165, 170, 171, 182, 184, 186, 192, 193, 194, 197, 199, 209, 211, 212, 215, 222, 225, 231, 232, 237, 240, 246, 249, 251, 252, 253, 256, 257, 259, 260, 264, 266, 274, 275, 277, 278, 281, 285, 287, 289, 294, 295, 296, 297, 304, 311, 313, 314, 318, 323, 327, 334, 341, 345, 348, 349, 359, 361, 367, 369, 371, 381, 382, 388, 389, 390, 391, 392, 393, 401, 402, 404, 418, 420, 431, 433, 435, 437, 443, 446, 447, 456, 464, 466, 480, 485, 487, 488, 492, 493, 495, 506, 513, 515, 516, 517, 520, 521, 522, 525, 528, 540, 542, 545, 549, 553, 554, 559, 566, 568, 569, 570, 583, 584, 588, 589, 590, 594, 596, 598, 603, 612, 613, 614, 617, 619, 621, 624, 628, 647, 651, 657, 659, 671, 675, 676, 681, 683, 684, 694, 702, 710, 716, 717, 718, 723, 729, 738, 739, 741, 747, 749, 755, 758, 759, 761, 762, 765]"
hcci_293,Q980_9h_AC,roi_293,Helios NanoLab_BSE_5000.0kV_600.0x,252,3,0,0,770,1,"[1, 2, 3, 4, 5, 6, 7, 8, 13, 14, 15, 16, 17, 18, 19, 20, 21, 22, 23, 24, 25, 27, 29, 30, 31, 32, 33, 35, 36, 37, 38, 39, 40, 41, 42, 43, 44, 47, 48, 49, 50, 52, 53, 54, 56, 57, 58, 64, 65, 66, 69, 70, 72, 75, 77, 78, 79, 81, 82, 83, 84, 91, 92, 96, 97, 98, 99, 100, 101, 102, 103, 104, 105, 109, 110, 111, 113, 116, 117, 119, 120, 121, 123, 124, 131, 132, 133, 135, 143, 144, 149, 150, 151, 153, 154, 157, 158, 161, 163, 169, 170, 172, 173, 175, 176, 177, 181, 182, 183, 184, 185, 187, 189, 190, 191, 193, 194, 195, 197, 198, 200, 203, 205, 207, 209, 210, 214, 216, 220, 222, 223, 225, 227, 228, 229, 235, 248, 252, 254, 258, 259, 261, 262, 265, 268, 270, 273, 274, 276, 278, 280, 282, 283, 284, 285, 286, 287, 290, 296, 299, 300, 302, 303, 304, 306, 308, 310, 311, 314, 321, 323, 326, 327, 328, 330, 333, 334, 335, 336, 339, 342, 345, 347, 351, 364, 365, 372, 377, 384, 385, 398, 400, 406, 407, 408, 413, 421, 424, 429, 430, 437, 447, 453, 466, 476, 491, 493, 503, 505, 509, 514, 531, 548, 570, 571, 575, 578, 581, 590, 593, 594, 596, 616, 618, 622, 623, 625, 629, 633, 634, 639, 641, 642, 653, 661, 664, 673, 678, 680, 682, 694, 708, 709, 712, 724, 726, 750, 757, 763, 767, 768, 769]"
hcci_294,Q980_9h_AC,roi_294,Helios NanoLab_BSE_5000.0kV_600.0x,252,3,0,0,770,1,"[1, 2, 3, 4, 6, 8, 13, 14, 15, 16, 18, 19, 20, 21, 23, 24, 25, 26, 27, 28, 29, 32, 34, 35, 36, 38, 39, 40, 41, 42, 43, 46, 50, 52, 54, 56, 59, 60, 61, 64, 65, 66, 67, 68, 70, 71, 74, 75, 77, 78, 91, 92, 93, 95, 96, 97, 99, 102, 105, 106, 109, 110, 113, 114, 126, 127, 128, 130, 132, 135, 138, 140, 141, 147, 148, 150, 151, 152, 153, 154, 157, 159, 167, 169, 174, 175, 176, 180, 183, 186, 190, 191, 195, 204, 205, 207, 213, 219, 221, 222, 227, 228, 232, 234, 235, 237, 241, 242, 244, 246, 247, 257, 259, 260, 261, 271, 275, 276, 282, 283, 285, 290, 291, 294, 303, 304, 305, 310, 312, 315, 318, 320, 321, 326, 327, 329, 333, 335, 336, 339, 342, 343, 345, 346, 351, 352, 353, 359, 361, 362, 366, 370, 376, 381, 388, 392, 394, 398, 400, 401, 403, 405, 406, 408, 419, 421, 423, 426, 437, 438, 444, 449, 451, 453, 455, 456, 460, 464, 466, 467, 472, 475, 476, 477, 482, 485, 487, 488, 491, 494, 497, 505, 513, 515, 521, 529, 538, 549, 553, 554, 556, 557, 567, 569, 573, 577, 580, 582, 583, 606, 608, 611, 614, 615, 619, 622, 628, 631, 638, 645, 650, 656, 657, 660, 662, 665, 670, 675, 684, 688, 689, 697, 704, 707, 708, 711, 712, 719, 724, 732, 733, 735, 736, 740, 744, 746, 748, 751, 753, 755, 760, 765]"
hcci_295,Q980_9h_AC,roi_295,Helios NanoLab_InLens_5000.0kV_600.0x,252,3,0,0,770,1,"[1, 2, 3, 4, 5, 6, 7, 8, 9, 10, 11, 12, 13, 14, 15, 16, 17, 18, 19, 21, 22, 23, 24, 25, 26, 27, 28, 29, 30, 31, 32, 33, 34, 35, 36, 37, 38, 39, 40, 41, 42, 43, 45, 46, 47, 49, 51, 52, 54, 55, 56, 57, 60, 61, 63, 64, 66, 68, 69, 70, 72, 73, 74, 76, 78, 82, 83, 84, 87, 90, 91, 95, 96, 103, 104, 107, 110, 112, 113, 114, 116, 117, 121, 123, 124, 125, 127, 130, 132, 133, 137, 139, 145, 150, 151, 153, 154, 155, 157, 161, 162, 167, 169, 173, 174, 177, 178, 179, 180, 181, 185, 187, 188, 190, 193, 195, 196, 199, 201, 202, 205, 206, 210, 211, 213, 215, 216, 218, 221, 223, 224, 229, 232, 236, 239, 240, 241, 245, 247, 248, 249, 252, 253, 254, 261, 263, 265, 269, 270, 271, 272, 273, 277, 280, 281, 282, 290, 291, 295, 297, 304, 305, 309, 310, 316, 317, 324, 333, 336, 338, 345, 347, 352, 357, 359, 360, 361, 368, 370, 371, 377, 383, 385, 396, 398, 399, 401, 403, 419, 425, 426, 432, 442, 449, 452, 459, 461, 463, 467, 470, 476, 481, 483, 484, 488, 491, 492, 495, 501, 504, 513, 532, 533, 536, 537, 538, 550, 559, 562, 578, 579, 586, 587, 595, 596, 597, 599, 621, 629, 644, 649, 650, 651, 656, 659, 660, 680, 683, 687, 700, 701, 709, 714, 715, 719, 725, 730, 737, 746, 754, 758, 762]"
hcci_296,Q980_9h_AC,roi_296,Helios NanoLab_InLens_5000.0kV_600.0x,252,3,0,0,770,1,"[1, 2, 3, 4, 5, 7, 8, 10, 11, 12, 13, 14, 15, 16, 17, 18, 19, 20, 21, 22, 23, 24, 25, 26, 27, 28, 29, 30, 32, 33, 35, 37, 38, 41, 45, 46, 49, 50, 51, 52, 53, 55, 59, 60, 64, 65, 66, 67, 70, 72, 73, 74, 76, 77, 80, 81, 82, 85, 87, 89, 90, 91, 92, 94, 95, 97, 98, 99, 101, 102, 103, 105, 107, 108, 116, 118, 121, 122, 127, 128, 129, 132, 136, 137, 144, 145, 146, 149, 152, 154, 155, 158, 160, 161, 164, 168, 169, 176, 177, 179, 183, 184, 189, 192, 194, 195, 197, 200, 201, 202, 204, 206, 210, 211, 214, 216, 219, 220, 222, 223, 226, 227, 228, 229, 230, 231, 232, 234, 235, 242, 244, 248, 250, 254, 259, 263, 264, 268, 275, 282, 287, 289, 293, 297, 299, 301, 310, 311, 312, 315, 317, 319, 320, 323, 328, 333, 334, 337, 339, 340, 344, 347, 348, 351, 352, 363, 367, 381, 383, 384, 387, 388, 391, 394, 395, 399, 401, 403, 406, 407, 409, 411, 418, 419, 421, 428, 429, 430, 437, 438, 439, 443, 448, 449, 450, 453, 462, 464, 466, 474, 490, 493, 497, 503, 506, 517, 520, 532, 533, 534, 539, 541, 542, 543, 545, 546, 557, 558, 559, 561, 566, 570, 578, 582, 609, 617, 621, 623, 629, 637, 639, 641, 643, 644, 645, 651, 652, 660, 662, 684, 686, 692, 693, 699, 713, 724, 725, 728, 733, 734, 751, 752]"
hcci_297,Q980_9h_AC,roi_297,Helios NanoLab_SE_5000.0kV_3250.0x,252,3,0,0,770,1,"[1, 2, 3, 4, 5, 6, 7, 8, 9, 10, 11, 12, 13, 14, 15, 16, 17, 18, 19, 20, 21, 22, 23, 24, 25, 26, 27, 28, 29, 30, 31, 32, 33, 34, 35, 36, 37, 38, 39, 40, 41, 42, 43, 45, 46, 47, 48, 50, 52, 53, 55, 56, 58, 59, 60, 62, 64, 65, 66, 67, 70, 71, 74, 76, 77, 79, 80, 81, 82, 84, 88, 90, 93, 94, 95, 96, 97, 98, 99, 101, 102, 109, 110, 114, 115, 116, 117, 118, 119, 126, 130, 133, 135, 139, 142, 145, 146, 149, 153, 154, 155, 157, 159, 164, 167, 168, 175, 178, 182, 183, 184, 188, 189, 194, 196, 198, 201, 211, 212, 216, 222, 223, 236, 246, 247, 248, 252, 253, 254, 260, 268, 269, 273, 274, 281, 282, 284, 288, 289, 297, 303, 306, 309, 315, 316, 319, 322, 324, 326, 332, 334, 335, 337, 345, 347, 348, 349, 353, 354, 355, 357, 364, 370, 376, 377, 378, 383, 387, 396, 400, 403, 407, 408, 412, 414, 415, 416, 417, 418, 419, 421, 424, 425, 432, 435, 437, 439, 448, 451, 455, 459, 463, 469, 473, 475, 477, 479, 485, 489, 490, 495, 515, 520, 522, 529, 533, 534, 539, 542, 545, 555, 563, 576, 579, 580, 586, 593, 599, 605, 606, 621, 630, 633, 651, 652, 654, 662, 672, 673, 674, 678, 679, 703, 705, 706, 709, 719, 725, 728, 737, 738, 744, 745, 749, 750, 752, 756, 759, 766, 767, 768, 769]"
hcci_298,Q980_9h_AC,roi_298,Helios NanoLab_SE_5000.0kV_3250.0x,252,3,0,0,770,1,"[1, 2, 3, 4, 5, 6, 7, 8, 9, 10, 11, 12, 13, 14, 15, 16, 17, 18, 19, 20, 21, 22, 23, 24, 25, 26, 27, 28, 29, 30, 31, 32, 33, 34, 35, 36, 37, 38, 39, 40, 41, 42, 43, 44, 45, 47, 48, 49, 51, 52, 53, 54, 55, 56, 57, 58, 59, 60, 62, 63, 64, 66, 68, 70, 72, 76, 77, 78, 80, 81, 82, 83, 84, 85, 87, 88, 90, 91, 94, 96, 99, 100, 102, 105, 110, 115, 118, 120, 125, 127, 128, 129, 130, 134, 137, 138, 139, 140, 143, 149, 154, 157, 161, 165, 167, 170, 172, 176, 178, 180, 185, 186, 187, 188, 190, 192, 194, 197, 199, 201, 203, 205, 207, 211, 212, 213, 218, 221, 222, 225, 229, 234, 235, 236, 246, 248, 250, 263, 265, 274, 281, 287, 293, 300, 306, 307, 308, 309, 311, 312, 316, 320, 321, 322, 324, 325, 326, 330, 337, 343, 348, 349, 350, 352, 363, 364, 375, 377, 379, 382, 389, 391, 393, 395, 401, 405, 410, 414, 415, 418, 421, 427, 428, 434, 435, 437, 439, 450, 456, 460, 462, 465, 467, 469, 472, 475, 476, 483, 484, 489, 494, 500, 503, 505, 518, 522, 524, 525, 536, 537, 544, 546, 551, 552, 553, 554, 558, 569, 576, 581, 583, 586, 599, 601, 606, 607, 611, 627, 633, 650, 655, 656, 679, 681, 685, 694, 697, 701, 705, 709, 710, 722, 732, 737, 740, 753, 754, 764, 766, 767, 768, 769]"
hcci_299,Q980_9h_AC,roi_299,Helios NanoLab_BSE_5000.0kV_3250.0x,252,3,0,0,770,1,"[1, 2, 3, 4, 5, 6, 7, 8, 9, 10, 11, 12, 13, 14, 15, 16, 17, 18, 19, 20, 21, 22, 23, 24, 25, 26, 27, 28, 29, 30, 31, 33, 34, 35, 36, 37, 38, 39, 40, 41, 42, 43, 44, 45, 46, 48, 50, 52, 53, 54, 55, 56, 59, 63, 64, 65, 67, 68, 69, 70, 78, 81, 83, 86, 88, 89, 90, 91, 92, 95, 101, 102, 105, 107, 108, 110, 111, 113, 116, 117, 121, 125, 126, 127, 128, 130, 132, 133, 134, 135, 141, 144, 148, 151, 153, 156, 162, 164, 165, 166, 168, 171, 172, 174, 176, 182, 185, 189, 190, 191, 192, 197, 201, 206, 207, 209, 214, 217, 221, 222, 224, 227, 228, 231, 232, 234, 235, 242, 251, 252, 254, 260, 265, 267, 269, 271, 277, 278, 281, 288, 289, 290, 299, 301, 305, 307, 308, 311, 312, 313, 317, 321, 323, 325, 328, 330, 331, 337, 346, 349, 354, 355, 360, 362, 364, 368, 372, 378, 381, 383, 384, 390, 396, 397, 398, 401, 402, 403, 404, 405, 409, 410, 412, 413, 414, 428, 432, 433, 436, 441, 442, 450, 451, 456, 457, 469, 472, 476, 480, 497, 500, 504, 513, 519, 522, 526, 530, 531, 536, 542, 543, 550, 553, 554, 559, 570, 578, 588, 594, 595, 604, 606, 607, 608, 610, 614, 626, 628, 629, 651, 654, 655, 660, 688, 700, 703, 705, 710, 718, 719, 722, 729, 735, 743, 744, 748, 752, 759, 760, 764, 765, 768]"
hcci_3,AsCast,roi_3,Helios G4 PFIB CXe_BSE_5000.0kV_1000.0x,256,3,0,0,770,1,"[1, 2, 3, 4, 5, 6, 7, 8, 9, 10, 11, 12, 13, 14, 15, 16, 17, 18, 19, 20, 21, 22, 23, 24, 25, 26, 27, 28, 29, 30, 31, 32, 33, 34, 35, 36, 37, 38, 39, 40, 41, 42, 43, 44, 45, 46, 47, 48, 49, 50, 51, 52, 53, 54, 55, 56, 57, 58, 59, 60, 61, 62, 63, 64, 65, 66, 68, 69, 70, 71, 73, 74, 75, 76, 77, 78, 79, 81, 83, 84, 85, 86, 88, 89, 90, 91, 92, 93, 94, 95, 97, 99, 100, 105, 106, 107, 108, 109, 110, 114, 115, 116, 117, 118, 122, 126, 128, 130, 131, 132, 136, 137, 138, 142, 144, 145, 146, 148, 150, 153, 156, 157, 161, 171, 174, 176, 178, 179, 183, 186, 195, 200, 201, 202, 203, 206, 209, 212, 214, 217, 218, 222, 223, 230, 231, 232, 236, 238, 240, 243, 244, 248, 253, 256, 258, 261, 270, 281, 284, 286, 297, 310, 312, 319, 324, 329, 331, 335, 337, 339, 340, 346, 357, 369, 370, 382, 383, 388, 392, 394, 395, 396, 397, 398, 401, 404, 405, 414, 419, 420, 421, 425, 427, 436, 437, 440, 441, 444, 450, 455, 456, 461, 468, 472, 474, 476, 477, 479, 480, 483, 484, 485, 488, 495, 497, 498, 501, 505, 507, 510, 517, 519, 521, 530, 535, 536, 537, 544, 546, 548, 555, 557, 560, 561, 562, 564, 569, 570, 579, 580, 582, 585, 589, 594, 599, 606, 614, 617, 645, 655, 666, 674, 676, 723, 740, 749]"
hcci_300,Q980_9h_AC,roi_300,Helios NanoLab_BSE_5000.0kV_3250.0x,252,3,0,0,770,1,"[1, 2, 3, 4, 5, 6, 7, 8, 9, 10, 11, 12, 13, 14, 15, 16, 17, 18, 19, 20, 21, 22, 23, 24, 25, 26, 27, 28, 29, 30, 31, 32, 33, 34, 35, 36, 37, 38, 39, 40, 41, 42, 43, 44, 45, 46, 47, 48, 49, 50, 51, 52, 53, 54, 55, 56, 57, 58, 59, 60, 61, 62, 63, 64, 65, 66, 67, 69, 70, 71, 74, 79, 82, 83, 84, 85, 89, 91, 94, 95, 96, 97, 100, 102, 103, 105, 107, 109, 111, 112, 113, 120, 121, 122, 128, 131, 133, 135, 142, 145, 150, 154, 159, 161, 165, 166, 170, 171, 173, 180, 181, 182, 183, 186, 187, 189, 195, 196, 198, 200, 201, 202, 203, 205, 206, 209, 210, 212, 214, 215, 216, 217, 220, 224, 225, 228, 232, 233, 234, 244, 245, 250, 251, 255, 256, 258, 259, 260, 261, 265, 266, 268, 269, 270, 272, 273, 275, 278, 280, 282, 285, 287, 290, 291, 297, 300, 301, 306, 308, 311, 316, 318, 319, 327, 332, 334, 335, 336, 338, 339, 340, 347, 352, 353, 354, 358, 360, 363, 366, 368, 375, 377, 379, 381, 389, 391, 409, 414, 416, 423, 441, 446, 447, 457, 458, 462, 464, 466, 467, 472, 476, 478, 480, 482, 484, 485, 489, 495, 498, 519, 531, 538, 543, 544, 547, 561, 571, 580, 586, 589, 597, 611, 616, 621, 633, 635, 673, 676, 686, 689, 696, 703, 704, 710, 714, 720, 725, 758, 759, 762, 765, 766]"
hcci_301,Q980_9h_AC,roi_301,Helios NanoLab_InLens_5000.0kV_3250.0x,252,3,0,0,770,1,"[1, 2, 3, 4, 5, 6, 7, 8, 9, 10, 11, 12, 13, 14, 15, 16, 17, 18, 19, 20, 21, 22, 23, 24, 25, 26, 27, 28, 29, 30, 32, 33, 34, 35, 36, 37, 38, 39, 40, 41, 42, 43, 45, 46, 47, 48, 49, 50, 51, 52, 53, 54, 55, 56, 57, 58, 60, 61, 62, 63, 64, 65, 66, 67, 68, 69, 73, 74, 75, 77, 79, 80, 81, 82, 83, 84, 85, 86, 89, 90, 92, 94, 96, 97, 98, 101, 102, 104, 107, 109, 110, 111, 115, 116, 117, 118, 120, 121, 124, 126, 129, 133, 134, 137, 138, 144, 146, 150, 151, 154, 155, 156, 157, 159, 160, 161, 162, 167, 168, 170, 171, 173, 177, 179, 180, 185, 188, 189, 190, 192, 194, 197, 198, 199, 203, 205, 208, 214, 217, 218, 220, 221, 224, 225, 227, 228, 230, 231, 236, 237, 241, 242, 245, 248, 249, 250, 254, 256, 257, 259, 260, 262, 264, 265, 266, 267, 269, 270, 271, 279, 280, 282, 290, 296, 298, 299, 300, 304, 317, 318, 319, 322, 324, 330, 331, 333, 334, 335, 336, 338, 351, 356, 357, 358, 363, 368, 371, 374, 377, 380, 394, 396, 399, 404, 407, 409, 412, 428, 433, 437, 438, 444, 445, 452, 453, 459, 470, 479, 483, 485, 488, 509, 516, 518, 520, 528, 541, 549, 550, 557, 569, 574, 590, 593, 595, 601, 613, 623, 631, 641, 657, 658, 665, 689, 696, 706, 711, 753, 754, 764, 767, 770]"
hcci_302,Q980_9h_AC,roi_302,Helios NanoLab_InLens_5000.0kV_3250.0x,252,3,0,0,770,1,"[1, 2, 3, 4, 5, 6, 7, 8, 9, 10, 11, 12, 13, 14, 15, 16, 17, 18, 19, 20, 21, 22, 23, 24, 25, 26, 27, 28, 29, 30, 31, 32, 33, 34, 35, 36, 37, 38, 39, 40, 43, 44, 46, 48, 49, 53, 54, 55, 56, 57, 58, 59, 60, 61, 62, 63, 64, 65, 66, 67, 68, 71, 72, 73, 74, 76, 78, 79, 80, 82, 83, 84, 85, 86, 87, 88, 89, 90, 91, 92, 93, 95, 96, 97, 98, 99, 100, 102, 103, 104, 105, 108, 109, 110, 112, 114, 115, 120, 123, 124, 125, 127, 129, 131, 132, 133, 136, 139, 140, 141, 142, 143, 145, 146, 147, 149, 150, 151, 152, 154, 156, 158, 160, 161, 162, 166, 167, 170, 171, 172, 173, 176, 178, 179, 180, 182, 183, 184, 186, 187, 189, 194, 196, 197, 200, 206, 209, 211, 212, 216, 217, 219, 222, 223, 224, 225, 228, 231, 232, 234, 235, 236, 238, 242, 246, 249, 250, 252, 253, 257, 258, 260, 261, 262, 263, 264, 265, 268, 271, 272, 277, 278, 279, 280, 282, 286, 289, 290, 295, 296, 299, 302, 307, 308, 309, 311, 321, 327, 329, 330, 331, 333, 335, 336, 346, 351, 354, 356, 364, 369, 371, 372, 373, 377, 378, 381, 387, 391, 402, 403, 404, 405, 418, 422, 425, 436, 445, 446, 452, 453, 463, 480, 481, 483, 495, 508, 510, 542, 549, 572, 582, 583, 587, 600, 632, 650, 658, 660, 677, 689, 767, 770]"
hcci_303,Q980_9h_AC,roi_303,Helios NanoLab_SE_10000.0kV_600.0x,252,3,0,0,770,1,"[1, 2, 3, 4, 5, 6, 7, 8, 9, 10, 11, 12, 13, 14, 15, 16, 17, 18, 19, 20, 21, 22, 24, 25, 26, 27, 29, 30, 31, 32, 33, 34, 35, 36, 37, 38, 39, 40, 41, 42, 43, 45, 46, 47, 49, 50, 51, 52, 53, 54, 57, 58, 60, 63, 65, 66, 68, 70, 71, 72, 74, 75, 76, 77, 78, 79, 84, 85, 86, 87, 90, 91, 93, 97, 101, 102, 106, 108, 109, 110, 112, 115, 116, 119, 120, 125, 127, 128, 130, 132, 135, 138, 139, 140, 144, 148, 150, 154, 156, 158, 161, 163, 165, 166, 171, 175, 176, 178, 181, 182, 184, 188, 192, 193, 195, 201, 202, 203, 205, 206, 215, 216, 218, 221, 222, 223, 229, 232, 234, 236, 241, 243, 249, 252, 253, 254, 255, 256, 257, 259, 261, 263, 265, 268, 269, 270, 277, 280, 285, 286, 289, 291, 296, 299, 311, 321, 329, 330, 331, 336, 343, 344, 346, 351, 357, 358, 359, 370, 373, 374, 375, 378, 384, 390, 398, 406, 411, 412, 414, 423, 427, 429, 431, 435, 447, 449, 452, 455, 457, 458, 465, 467, 469, 470, 472, 474, 476, 486, 489, 493, 494, 495, 497, 499, 509, 510, 515, 516, 517, 524, 536, 540, 546, 547, 560, 566, 577, 581, 583, 584, 589, 592, 593, 604, 607, 618, 624, 627, 629, 634, 642, 647, 649, 653, 654, 666, 668, 686, 689, 697, 699, 704, 713, 720, 724, 728, 734, 739, 753, 757, 760, 765]"
hcci_304,Q980_9h_AC,roi_304,Helios NanoLab_SE_10000.0kV_600.0x,252,3,0,0,770,1,"[1, 2, 3, 4, 5, 6, 7, 8, 10, 12, 13, 14, 15, 17, 18, 19, 20, 21, 22, 23, 26, 28, 29, 30, 31, 32, 34, 35, 36, 37, 39, 40, 41, 42, 43, 44, 45, 46, 48, 49, 50, 51, 52, 55, 56, 57, 58, 59, 60, 61, 62, 64, 65, 66, 67, 69, 71, 72, 73, 74, 75, 79, 80, 81, 83, 84, 85, 86, 88, 91, 94, 95, 97, 98, 99, 101, 105, 111, 112, 114, 119, 121, 122, 123, 125, 126, 128, 130, 131, 133, 135, 136, 151, 154, 156, 157, 159, 164, 165, 166, 169, 171, 177, 183, 190, 198, 202, 203, 204, 205, 212, 213, 217, 218, 220, 223, 224, 230, 232, 236, 242, 247, 249, 252, 254, 258, 260, 262, 263, 271, 272, 274, 277, 278, 280, 288, 295, 305, 312, 316, 319, 321, 323, 326, 334, 339, 340, 342, 347, 348, 351, 358, 360, 361, 363, 364, 370, 371, 374, 379, 384, 392, 393, 401, 402, 404, 406, 408, 411, 419, 420, 421, 422, 423, 426, 428, 429, 435, 438, 443, 444, 447, 449, 456, 457, 464, 467, 472, 477, 478, 484, 488, 492, 493, 495, 497, 498, 502, 503, 511, 512, 515, 526, 528, 534, 535, 538, 546, 548, 549, 555, 565, 574, 575, 586, 590, 592, 598, 600, 602, 603, 604, 605, 607, 608, 609, 615, 618, 630, 632, 641, 650, 652, 660, 661, 667, 668, 673, 678, 683, 685, 702, 706, 710, 714, 718, 725, 730, 733, 735, 739, 746]"
hcci_305,Q980_9h_AC,roi_305,Helios NanoLab_BSE_10000.0kV_600.0x,252,3,0,0,770,1,"[1, 2, 3, 4, 5, 6, 7, 8, 9, 10, 11, 12, 13, 14, 15, 16, 17, 18, 19, 20, 21, 22, 23, 24, 25, 26, 27, 28, 30, 31, 33, 34, 35, 37, 39, 40, 41, 43, 44, 45, 46, 48, 50, 51, 53, 54, 55, 56, 58, 59, 60, 63, 66, 67, 68, 69, 71, 73, 75, 76, 77, 79, 81, 82, 83, 86, 87, 89, 90, 97, 98, 107, 108, 109, 110, 111, 117, 123, 124, 125, 126, 127, 128, 130, 136, 139, 143, 145, 147, 148, 150, 155, 156, 157, 158, 159, 161, 162, 165, 167, 169, 170, 176, 177, 178, 179, 180, 181, 184, 188, 189, 191, 192, 197, 198, 199, 200, 202, 203, 204, 205, 208, 209, 210, 211, 212, 213, 215, 216, 217, 221, 222, 223, 225, 226, 228, 229, 230, 231, 232, 234, 235, 237, 238, 243, 247, 249, 250, 252, 253, 259, 260, 262, 264, 265, 271, 272, 276, 279, 281, 283, 284, 285, 288, 296, 297, 298, 301, 304, 307, 317, 319, 321, 327, 335, 338, 340, 341, 342, 343, 344, 349, 351, 353, 358, 365, 371, 381, 389, 392, 393, 394, 396, 397, 402, 406, 411, 414, 432, 437, 439, 446, 449, 450, 458, 462, 464, 467, 478, 484, 495, 500, 503, 505, 516, 522, 525, 527, 533, 534, 535, 541, 558, 562, 573, 578, 579, 585, 592, 599, 604, 608, 613, 614, 628, 631, 670, 683, 694, 700, 707, 720, 725, 730, 734, 736, 741, 748, 751, 752, 765, 770]"
hcci_306,Q980_9h_AC,roi_306,Helios NanoLab_BSE_10000.0kV_600.0x,252,3,0,0,770,1,"[1, 2, 4, 5, 6, 7, 8, 9, 10, 11, 14, 15, 16, 17, 18, 19, 20, 21, 22, 23, 25, 26, 27, 28, 30, 32, 33, 34, 37, 38, 39, 41, 42, 46, 47, 48, 49, 52, 53, 54, 55, 57, 58, 60, 61, 62, 70, 71, 73, 75, 76, 81, 85, 89, 96, 98, 104, 106, 112, 116, 117, 119, 124, 126, 127, 129, 130, 131, 133, 134, 135, 136, 139, 140, 141, 148, 149, 153, 154, 155, 156, 159, 161, 164, 166, 167, 170, 171, 181, 182, 193, 198, 200, 201, 203, 204, 205, 207, 210, 211, 214, 216, 217, 220, 222, 223, 226, 227, 228, 233, 234, 235, 237, 238, 239, 241, 242, 244, 252, 256, 263, 272, 281, 282, 289, 290, 293, 294, 298, 299, 300, 309, 311, 316, 320, 322, 327, 330, 345, 353, 361, 363, 364, 365, 366, 369, 370, 371, 372, 376, 377, 382, 387, 396, 399, 400, 406, 413, 414, 418, 419, 422, 431, 432, 435, 436, 439, 441, 443, 447, 451, 455, 458, 464, 469, 473, 474, 477, 486, 487, 498, 515, 518, 526, 530, 539, 547, 565, 572, 578, 590, 595, 597, 598, 600, 610, 615, 620, 621, 625, 626, 627, 630, 631, 640, 641, 644, 649, 655, 656, 657, 659, 660, 664, 670, 671, 676, 677, 678, 680, 682, 684, 686, 689, 690, 697, 699, 703, 704, 705, 706, 707, 708, 714, 718, 723, 726, 727, 729, 733, 734, 735, 736, 738, 739, 748, 751, 754, 755, 760, 762, 767]"
hcci_307,Q980_9h_AC,roi_307,Helios NanoLab_InLens_10000.0kV_600.0x,252,3,0,0,770,1,"[1, 2, 3, 4, 5, 6, 7, 8, 9, 10, 11, 12, 13, 14, 15, 16, 17, 18, 20, 21, 22, 23, 24, 25, 26, 28, 29, 30, 31, 32, 33, 34, 35, 36, 37, 38, 40, 42, 44, 45, 46, 47, 48, 49, 51, 53, 54, 55, 57, 58, 59, 61, 66, 68, 69, 70, 71, 72, 73, 75, 78, 79, 80, 82, 83, 84, 91, 94, 98, 99, 100, 104, 107, 109, 116, 118, 120, 123, 126, 127, 128, 129, 130, 132, 135, 137, 138, 141, 142, 146, 149, 156, 157, 165, 169, 171, 172, 174, 175, 179, 180, 181, 182, 183, 185, 186, 188, 189, 190, 192, 196, 197, 198, 199, 200, 203, 204, 205, 206, 207, 208, 210, 213, 214, 216, 217, 218, 219, 220, 221, 222, 223, 226, 228, 232, 233, 235, 237, 240, 241, 242, 244, 245, 248, 249, 250, 254, 255, 259, 260, 261, 262, 263, 264, 265, 267, 268, 271, 272, 274, 275, 277, 278, 279, 281, 282, 284, 285, 289, 290, 294, 295, 296, 298, 299, 303, 304, 305, 306, 308, 311, 313, 319, 322, 325, 329, 331, 334, 336, 339, 340, 353, 359, 360, 366, 371, 373, 377, 378, 383, 384, 389, 397, 405, 409, 410, 421, 426, 427, 428, 429, 431, 433, 441, 443, 465, 469, 470, 474, 476, 479, 492, 509, 514, 515, 522, 532, 539, 540, 548, 551, 554, 556, 572, 587, 592, 600, 603, 633, 644, 658, 661, 666, 697, 699, 705, 716, 722, 723, 727, 754, 756]"
hcci_308,Q980_9h_AC,roi_308,Helios NanoLab_InLens_10000.0kV_600.0x,252,3,0,0,770,1,"[1, 2, 3, 4, 5, 7, 8, 11, 13, 14, 15, 17, 19, 20, 22, 23, 24, 26, 28, 29, 30, 31, 33, 34, 35, 38, 40, 41, 42, 43, 49, 50, 52, 54, 55, 56, 59, 60, 61, 63, 64, 65, 66, 67, 71, 78, 79, 80, 82, 83, 88, 92, 94, 95, 97, 98, 100, 102, 106, 109, 110, 113, 114, 124, 126, 127, 128, 129, 130, 131, 134, 136, 141, 142, 143, 147, 148, 149, 150, 153, 154, 159, 164, 170, 171, 174, 175, 176, 180, 183, 184, 185, 186, 188, 190, 191, 194, 195, 197, 199, 204, 205, 206, 207, 212, 213, 214, 215, 217, 221, 222, 223, 227, 229, 230, 232, 233, 235, 236, 237, 240, 242, 244, 245, 248, 249, 253, 260, 262, 263, 265, 267, 270, 271, 274, 275, 281, 286, 288, 290, 294, 300, 301, 304, 306, 310, 313, 314, 315, 316, 318, 322, 323, 324, 325, 329, 330, 333, 337, 339, 340, 348, 355, 359, 363, 369, 370, 371, 372, 374, 376, 379, 381, 383, 384, 386, 389, 397, 399, 400, 417, 418, 424, 427, 429, 436, 437, 448, 450, 452, 453, 468, 477, 481, 482, 490, 501, 510, 513, 514, 515, 517, 520, 526, 527, 531, 533, 536, 539, 548, 552, 554, 559, 560, 564, 574, 579, 593, 599, 601, 603, 609, 619, 621, 625, 639, 641, 643, 652, 657, 658, 667, 668, 672, 681, 686, 693, 697, 700, 704, 708, 709, 713, 714, 721, 725, 726, 728, 733, 736, 747, 749]"
hcci_309,Q980_9h_AC,roi_309,Helios NanoLab_SE_10000.0kV_3250.0x,252,3,0,0,770,1,"[1, 2, 3, 4, 5, 6, 7, 8, 9, 10, 11, 12, 13, 14, 15, 16, 17, 18, 19, 20, 21, 22, 23, 24, 25, 26, 27, 28, 29, 30, 31, 32, 33, 35, 36, 37, 38, 39, 40, 41, 43, 45, 46, 48, 50, 52, 54, 55, 57, 58, 59, 60, 63, 64, 67, 68, 69, 71, 72, 73, 74, 75, 76, 80, 83, 85, 86, 88, 92, 98, 99, 101, 102, 104, 105, 107, 108, 109, 111, 113, 114, 115, 120, 137, 139, 140, 145, 146, 147, 149, 153, 168, 169, 174, 175, 185, 187, 191, 196, 198, 201, 202, 206, 208, 215, 220, 224, 226, 228, 231, 232, 239, 240, 241, 242, 244, 245, 251, 252, 255, 266, 268, 276, 277, 287, 288, 290, 296, 297, 299, 302, 303, 313, 314, 320, 321, 324, 328, 329, 334, 337, 341, 343, 345, 347, 351, 360, 366, 371, 377, 378, 380, 387, 391, 392, 393, 394, 396, 400, 406, 412, 416, 417, 425, 427, 432, 444, 447, 452, 455, 458, 460, 465, 469, 474, 477, 484, 488, 489, 490, 492, 494, 496, 506, 509, 510, 511, 513, 516, 535, 545, 547, 548, 561, 562, 569, 574, 575, 586, 587, 590, 591, 601, 602, 606, 609, 613, 621, 622, 630, 631, 633, 639, 642, 645, 646, 647, 653, 655, 658, 665, 670, 677, 678, 682, 687, 690, 693, 705, 706, 707, 713, 714, 719, 723, 727, 729, 737, 740, 742, 743, 744, 747, 749, 750, 753, 761, 764, 766, 767, 769, 770]"
hcci_31,AsCast,roi_31,Helios G4 PFIB CXe_SE_20000.0kV_5000.0x,256,3,0,0,770,1,"[1, 2, 3, 4, 5, 6, 7, 8, 9, 10, 11, 12, 13, 14, 15, 16, 17, 18, 19, 20, 21, 22, 23, 24, 25, 26, 27, 28, 29, 30, 31, 32, 33, 34, 35, 36, 37, 38, 39, 40, 41, 42, 43, 44, 45, 46, 47, 48, 50, 52, 53, 54, 55, 56, 57, 58, 59, 60, 61, 62, 63, 64, 65, 66, 67, 68, 69, 70, 71, 72, 73, 74, 75, 76, 77, 78, 79, 80, 81, 82, 83, 84, 85, 87, 88, 89, 90, 91, 92, 93, 95, 96, 97, 98, 101, 102, 104, 105, 106, 107, 108, 113, 116, 117, 118, 119, 120, 123, 128, 130, 131, 132, 136, 137, 140, 141, 142, 143, 145, 146, 147, 148, 150, 154, 157, 159, 160, 166, 168, 171, 172, 178, 180, 184, 191, 192, 194, 196, 197, 198, 199, 200, 203, 207, 208, 209, 216, 217, 221, 222, 223, 224, 227, 229, 231, 235, 236, 238, 241, 242, 243, 248, 249, 250, 253, 258, 260, 261, 264, 265, 266, 267, 269, 270, 271, 273, 274, 279, 283, 284, 287, 288, 289, 290, 293, 298, 299, 300, 302, 307, 308, 309, 313, 317, 320, 321, 323, 327, 328, 333, 337, 342, 344, 352, 367, 374, 376, 381, 384, 390, 393, 395, 397, 400, 401, 402, 403, 406, 408, 411, 417, 419, 420, 425, 427, 434, 436, 439, 443, 445, 462, 465, 471, 472, 475, 478, 482, 486, 489, 506, 519, 524, 528, 543, 551, 569, 581, 617, 634, 653, 675, 682, 684, 687, 691, 699]"
hcci_310,Q980_9h_AC,roi_310,Helios NanoLab_SE_10000.0kV_3250.0x,252,3,0,0,770,1,"[1, 2, 3, 4, 5, 6, 7, 8, 9, 10, 11, 12, 13, 14, 15, 16, 17, 18, 19, 20, 21, 22, 23, 24, 25, 26, 27, 28, 29, 30, 31, 32, 33, 34, 35, 36, 37, 38, 39, 40, 41, 42, 43, 44, 45, 46, 47, 48, 49, 50, 51, 53, 56, 57, 58, 61, 62, 63, 65, 68, 69, 71, 72, 73, 74, 76, 78, 80, 82, 84, 86, 89, 90, 91, 92, 94, 96, 99, 101, 102, 105, 119, 127, 128, 131, 133, 135, 137, 139, 141, 142, 143, 144, 145, 151, 152, 155, 158, 163, 165, 167, 171, 172, 182, 183, 185, 189, 196, 200, 203, 206, 207, 208, 209, 211, 216, 218, 220, 221, 223, 228, 230, 233, 239, 241, 253, 255, 257, 258, 262, 265, 269, 270, 271, 272, 279, 280, 281, 294, 295, 297, 299, 303, 309, 311, 312, 316, 319, 321, 322, 323, 324, 326, 329, 332, 334, 344, 360, 362, 366, 371, 373, 382, 388, 389, 402, 418, 421, 425, 427, 429, 431, 438, 445, 448, 451, 452, 455, 458, 461, 466, 467, 469, 480, 481, 486, 487, 492, 499, 503, 504, 505, 507, 510, 511, 513, 518, 524, 533, 535, 537, 540, 547, 550, 553, 554, 555, 556, 560, 562, 563, 574, 576, 580, 581, 582, 585, 588, 591, 601, 613, 617, 620, 622, 624, 633, 644, 645, 647, 660, 663, 668, 674, 679, 680, 685, 692, 698, 701, 708, 716, 721, 736, 744, 754, 755, 756, 760, 765, 766, 769, 770]"
hcci_311,Q980_9h_AC,roi_311,Helios NanoLab_BSE_10000.0kV_3250.0x,252,3,0,0,770,1,"[1, 2, 3, 4, 5, 6, 7, 8, 9, 10, 11, 12, 13, 14, 15, 16, 17, 18, 19, 20, 21, 22, 23, 24, 25, 27, 28, 29, 31, 32, 33, 34, 35, 36, 37, 38, 40, 41, 44, 45, 46, 47, 48, 49, 50, 52, 55, 57, 58, 60, 64, 66, 67, 69, 71, 72, 73, 76, 77, 79, 80, 81, 82, 83, 87, 88, 89, 90, 91, 100, 102, 103, 107, 109, 112, 117, 120, 121, 125, 127, 128, 131, 132, 135, 136, 139, 140, 141, 143, 146, 148, 150, 153, 158, 163, 171, 173, 175, 176, 177, 179, 181, 183, 186, 192, 193, 195, 198, 204, 210, 220, 221, 226, 231, 232, 234, 235, 243, 244, 245, 246, 253, 257, 261, 263, 265, 267, 268, 273, 274, 276, 277, 283, 286, 288, 289, 292, 297, 303, 305, 308, 311, 312, 317, 318, 320, 323, 324, 325, 327, 329, 333, 335, 336, 338, 342, 343, 345, 347, 349, 353, 358, 359, 361, 362, 365, 371, 372, 379, 380, 387, 390, 391, 392, 395, 399, 400, 403, 404, 406, 414, 418, 424, 427, 428, 432, 434, 435, 436, 441, 442, 443, 445, 448, 452, 455, 458, 460, 465, 466, 474, 477, 478, 480, 486, 495, 497, 498, 502, 507, 516, 517, 527, 533, 542, 543, 545, 546, 560, 568, 572, 579, 581, 591, 603, 607, 617, 624, 625, 627, 635, 636, 642, 649, 663, 668, 687, 695, 701, 705, 708, 718, 724, 731, 740, 758, 760, 764, 766, 767, 768, 769]"
hcci_312,Q980_9h_AC,roi_312,Helios NanoLab_BSE_10000.0kV_3250.0x,252,3,0,0,770,1,"[1, 2, 3, 4, 5, 6, 7, 8, 9, 10, 11, 12, 13, 14, 15, 16, 17, 18, 19, 20, 21, 22, 23, 24, 25, 26, 27, 28, 29, 30, 31, 32, 33, 34, 35, 36, 37, 38, 39, 40, 41, 42, 43, 44, 45, 46, 47, 48, 49, 50, 51, 52, 55, 56, 57, 58, 59, 62, 64, 65, 66, 67, 68, 72, 73, 74, 75, 76, 77, 79, 80, 81, 84, 85, 90, 91, 92, 93, 94, 95, 100, 101, 102, 103, 106, 109, 112, 117, 121, 126, 127, 128, 129, 130, 134, 141, 147, 151, 154, 155, 159, 161, 162, 163, 164, 169, 170, 172, 175, 179, 187, 189, 197, 198, 200, 205, 206, 210, 215, 217, 219, 226, 227, 230, 238, 239, 240, 243, 244, 249, 250, 256, 265, 269, 270, 272, 274, 275, 277, 278, 281, 290, 291, 293, 294, 296, 303, 315, 317, 320, 321, 324, 326, 331, 332, 333, 334, 335, 340, 342, 344, 345, 346, 347, 352, 357, 358, 361, 364, 367, 373, 375, 381, 386, 388, 393, 394, 396, 398, 400, 409, 410, 411, 412, 414, 416, 420, 424, 430, 432, 435, 440, 441, 444, 457, 459, 462, 465, 466, 473, 475, 480, 481, 484, 489, 492, 493, 494, 502, 506, 507, 511, 533, 538, 549, 553, 554, 555, 563, 564, 568, 570, 585, 587, 593, 599, 602, 607, 613, 618, 631, 636, 643, 648, 650, 656, 693, 694, 696, 698, 701, 719, 720, 723, 725, 729, 737, 755, 763, 767, 768, 770]"
hcci_313,Q980_9h_AC,roi_313,Helios NanoLab_InLens_10000.0kV_3250.0x,252,3,0,0,770,1,"[1, 2, 3, 4, 5, 6, 7, 8, 9, 10, 11, 12, 13, 14, 15, 16, 17, 18, 19, 20, 21, 22, 23, 24, 25, 26, 27, 28, 29, 30, 31, 32, 33, 34, 35, 36, 37, 38, 39, 41, 43, 44, 45, 46, 47, 48, 49, 50, 52, 54, 55, 56, 61, 62, 64, 65, 66, 67, 68, 70, 71, 72, 74, 80, 82, 85, 87, 96, 97, 98, 99, 101, 105, 106, 110, 114, 119, 120, 122, 124, 126, 128, 129, 131, 132, 134, 138, 146, 149, 151, 153, 159, 160, 162, 165, 168, 169, 173, 174, 175, 179, 189, 191, 195, 196, 198, 201, 204, 205, 206, 208, 220, 222, 224, 226, 227, 229, 233, 235, 237, 240, 241, 246, 247, 251, 257, 263, 265, 266, 268, 278, 283, 294, 298, 300, 304, 305, 311, 315, 316, 324, 325, 327, 328, 333, 335, 340, 341, 343, 345, 348, 352, 359, 360, 365, 367, 369, 370, 372, 377, 379, 382, 385, 396, 398, 399, 400, 402, 407, 408, 409, 410, 411, 412, 413, 414, 419, 420, 422, 423, 426, 429, 430, 432, 434, 435, 442, 448, 452, 453, 459, 463, 464, 469, 470, 480, 482, 487, 489, 491, 493, 496, 500, 501, 508, 512, 514, 515, 519, 520, 529, 531, 544, 545, 548, 549, 552, 554, 557, 558, 568, 570, 572, 577, 580, 583, 584, 589, 590, 591, 595, 610, 613, 621, 642, 643, 650, 652, 656, 662, 669, 676, 695, 704, 709, 726, 727, 734, 748, 752, 769, 770]"
hcci_314,Q980_9h_AC,roi_314,Helios NanoLab_InLens_10000.0kV_3250.0x,252,3,0,0,770,1,"[1, 2, 3, 4, 5, 6, 7, 8, 9, 10, 11, 12, 13, 14, 15, 16, 17, 18, 19, 20, 21, 22, 23, 24, 26, 27, 28, 30, 31, 32, 33, 34, 35, 36, 37, 38, 39, 40, 41, 42, 43, 44, 45, 46, 47, 48, 49, 50, 52, 53, 54, 55, 56, 59, 60, 61, 62, 63, 64, 65, 66, 67, 68, 69, 70, 71, 74, 75, 76, 77, 79, 81, 82, 89, 90, 91, 92, 93, 96, 97, 104, 109, 110, 114, 116, 117, 118, 120, 121, 123, 126, 129, 130, 132, 135, 136, 138, 139, 141, 143, 144, 145, 146, 151, 153, 155, 156, 161, 164, 165, 166, 168, 169, 170, 171, 172, 173, 175, 181, 182, 184, 188, 191, 193, 196, 197, 198, 199, 200, 203, 204, 207, 211, 212, 213, 215, 221, 223, 225, 226, 233, 235, 237, 238, 240, 241, 243, 244, 245, 248, 249, 251, 252, 255, 258, 261, 264, 265, 269, 275, 277, 283, 286, 288, 291, 292, 296, 297, 302, 304, 305, 306, 307, 308, 309, 312, 313, 316, 320, 328, 337, 338, 340, 345, 347, 351, 354, 356, 363, 366, 367, 369, 372, 375, 378, 379, 380, 381, 386, 389, 399, 403, 407, 409, 418, 420, 422, 427, 429, 430, 431, 432, 435, 440, 442, 444, 447, 454, 458, 463, 470, 471, 473, 476, 478, 479, 481, 482, 495, 524, 526, 528, 540, 545, 547, 560, 584, 587, 589, 590, 593, 616, 627, 629, 638, 651, 658, 692, 737, 740, 768, 770]"
hcci_315,Q980_9h_AC,roi_315,Helios NanoLab_SE_20000.0kV_600.0x,252,3,0,0,770,1,"[1, 2, 3, 4, 5, 6, 7, 8, 9, 10, 11, 12, 13, 14, 15, 16, 17, 18, 19, 20, 21, 22, 23, 24, 25, 26, 27, 29, 30, 31, 32, 33, 34, 35, 36, 37, 38, 39, 40, 41, 42, 43, 44, 46, 47, 48, 49, 50, 51, 52, 53, 54, 55, 56, 57, 59, 61, 63, 64, 66, 67, 68, 69, 72, 73, 74, 75, 79, 81, 82, 87, 89, 91, 92, 96, 97, 99, 100, 103, 104, 105, 108, 110, 111, 115, 118, 123, 124, 131, 135, 142, 148, 150, 152, 156, 157, 160, 162, 164, 169, 174, 175, 176, 181, 182, 184, 185, 188, 190, 191, 195, 197, 198, 199, 200, 201, 202, 204, 205, 212, 215, 216, 218, 222, 224, 230, 232, 234, 237, 238, 239, 240, 241, 245, 246, 254, 257, 264, 265, 269, 271, 276, 277, 278, 284, 286, 297, 298, 308, 310, 312, 315, 316, 323, 327, 328, 331, 336, 343, 348, 349, 354, 357, 360, 363, 364, 370, 372, 373, 377, 385, 390, 393, 397, 399, 403, 409, 412, 416, 420, 421, 422, 423, 425, 428, 434, 449, 450, 451, 461, 466, 467, 471, 475, 480, 483, 489, 496, 497, 503, 508, 513, 518, 525, 529, 531, 532, 538, 541, 543, 559, 560, 568, 574, 581, 589, 603, 604, 605, 606, 613, 615, 616, 618, 625, 630, 632, 644, 645, 646, 648, 651, 654, 659, 673, 677, 686, 688, 689, 690, 698, 712, 713, 714, 722, 723, 732, 735, 741, 746, 747, 752]"
hcci_316,Q980_9h_AC,roi_316,Helios NanoLab_SE_20000.0kV_600.0x,252,3,0,0,770,1,"[1, 2, 3, 4, 5, 8, 9, 10, 11, 12, 14, 15, 16, 18, 19, 20, 21, 22, 23, 24, 25, 26, 27, 28, 29, 30, 32, 34, 35, 36, 37, 39, 40, 41, 42, 43, 44, 45, 48, 52, 54, 57, 59, 61, 62, 63, 66, 68, 72, 74, 75, 76, 77, 78, 81, 82, 86, 91, 93, 96, 97, 98, 100, 101, 105, 106, 107, 109, 110, 112, 113, 117, 118, 119, 120, 123, 126, 127, 128, 129, 132, 136, 141, 143, 145, 150, 151, 153, 155, 158, 159, 162, 165, 168, 171, 172, 173, 176, 178, 179, 181, 184, 187, 189, 192, 195, 196, 200, 204, 208, 214, 215, 217, 219, 221, 222, 225, 226, 227, 228, 229, 231, 232, 233, 234, 235, 237, 238, 240, 243, 245, 251, 252, 254, 255, 256, 258, 262, 268, 271, 275, 276, 277, 282, 283, 284, 291, 292, 297, 298, 304, 308, 312, 313, 314, 320, 323, 324, 331, 333, 338, 339, 343, 359, 364, 366, 370, 374, 382, 389, 390, 405, 410, 415, 416, 419, 423, 424, 426, 427, 430, 432, 436, 438, 444, 445, 447, 453, 469, 483, 486, 490, 493, 495, 497, 498, 508, 510, 512, 513, 515, 516, 521, 525, 534, 535, 539, 544, 553, 558, 561, 568, 571, 577, 578, 591, 601, 603, 606, 608, 612, 620, 621, 622, 630, 638, 641, 646, 652, 655, 659, 665, 667, 673, 674, 675, 684, 686, 687, 698, 699, 700, 715, 716, 720, 722, 726, 727, 733, 748, 749, 758]"
hcci_317,Q980_9h_AC,roi_317,Helios NanoLab_BSE_20000.0kV_600.0x,252,3,0,0,770,1,"[1, 2, 3, 4, 5, 6, 7, 8, 9, 10, 11, 12, 13, 14, 15, 16, 17, 18, 19, 20, 21, 22, 23, 24, 25, 26, 27, 28, 29, 30, 31, 32, 34, 35, 36, 37, 39, 41, 43, 44, 46, 48, 49, 51, 54, 56, 57, 60, 61, 65, 66, 68, 71, 72, 74, 76, 78, 81, 82, 84, 85, 86, 87, 89, 93, 95, 96, 97, 99, 101, 102, 103, 104, 106, 109, 118, 120, 121, 125, 128, 130, 133, 135, 136, 137, 138, 142, 143, 144, 145, 146, 147, 148, 150, 153, 156, 158, 159, 160, 161, 162, 164, 165, 166, 167, 168, 169, 170, 172, 173, 176, 179, 182, 184, 189, 191, 195, 198, 199, 200, 202, 204, 207, 208, 209, 210, 214, 218, 222, 223, 225, 227, 228, 231, 232, 234, 236, 237, 239, 240, 241, 242, 246, 247, 248, 253, 271, 273, 276, 278, 283, 284, 287, 288, 289, 294, 296, 304, 308, 311, 314, 317, 319, 321, 322, 323, 324, 327, 337, 339, 342, 343, 345, 346, 347, 349, 352, 355, 357, 363, 371, 372, 373, 375, 376, 378, 382, 385, 386, 389, 394, 403, 406, 423, 428, 430, 433, 434, 435, 437, 438, 441, 448, 460, 461, 468, 471, 476, 477, 482, 483, 489, 490, 491, 495, 502, 511, 512, 517, 520, 523, 528, 529, 530, 539, 545, 555, 559, 571, 572, 573, 587, 601, 609, 615, 617, 619, 622, 637, 640, 643, 645, 653, 658, 662, 671, 678, 722, 732, 734, 758, 768]"
hcci_318,Q980_9h_AC,roi_318,Helios NanoLab_BSE_20000.0kV_600.0x,252,3,0,0,770,1,"[1, 2, 3, 4, 5, 6, 7, 8, 9, 10, 11, 12, 13, 14, 15, 16, 17, 18, 19, 20, 21, 22, 23, 24, 25, 26, 28, 29, 30, 32, 33, 35, 36, 37, 40, 41, 42, 43, 45, 46, 47, 48, 50, 51, 52, 53, 54, 56, 58, 60, 62, 64, 65, 67, 69, 72, 73, 75, 76, 77, 80, 81, 82, 85, 86, 87, 89, 90, 91, 93, 94, 95, 96, 97, 98, 99, 100, 101, 102, 103, 106, 107, 109, 110, 111, 112, 114, 117, 120, 121, 123, 125, 128, 130, 131, 133, 134, 135, 137, 140, 141, 142, 152, 154, 155, 159, 160, 161, 162, 166, 167, 170, 174, 177, 178, 179, 180, 181, 183, 185, 186, 187, 193, 194, 195, 196, 201, 202, 206, 208, 209, 214, 217, 220, 226, 231, 233, 236, 239, 240, 245, 254, 256, 258, 260, 263, 264, 266, 269, 271, 273, 275, 276, 279, 283, 286, 292, 296, 307, 311, 312, 314, 316, 318, 326, 329, 330, 340, 342, 343, 345, 348, 350, 352, 360, 368, 370, 374, 380, 382, 386, 392, 394, 395, 396, 404, 405, 407, 422, 428, 431, 432, 449, 452, 462, 470, 472, 474, 475, 477, 481, 491, 496, 497, 504, 517, 527, 529, 531, 532, 535, 538, 540, 549, 550, 567, 573, 578, 581, 584, 585, 589, 596, 601, 602, 617, 623, 632, 634, 647, 649, 653, 658, 670, 671, 685, 688, 692, 695, 698, 715, 716, 718, 721, 723, 730, 744, 747, 749, 755, 769, 770]"
hcci_319,Q980_9h_AC,roi_319,Helios NanoLab_InLens_20000.0kV_600.0x,253,2,0,0,771,1,"[1, 2, 3, 4, 5, 6, 7, 8, 9, 10, 11, 12, 13, 14, 15, 16, 17, 18, 19, 20, 21, 22, 23, 24, 25, 26, 27, 29, 30, 31, 32, 33, 34, 35, 36, 37, 38, 41, 43, 44, 45, 46, 49, 50, 51, 52, 55, 56, 59, 60, 61, 62, 63, 64, 65, 66, 67, 68, 69, 70, 72, 74, 75, 76, 77, 79, 80, 82, 83, 85, 86, 89, 91, 92, 93, 94, 96, 100, 101, 103, 104, 106, 107, 110, 113, 114, 115, 116, 117, 118, 119, 121, 122, 123, 124, 125, 126, 129, 130, 135, 136, 137, 138, 139, 140, 144, 148, 153, 155, 157, 158, 161, 162, 163, 164, 166, 168, 172, 173, 174, 175, 177, 178, 184, 185, 186, 190, 191, 195, 197, 198, 200, 201, 206, 210, 211, 217, 220, 222, 223, 224, 225, 228, 232, 234, 240, 242, 247, 251, 255, 257, 259, 260, 267, 268, 270, 275, 280, 281, 286, 287, 288, 294, 297, 298, 299, 300, 301, 305, 318, 321, 325, 336, 338, 340, 341, 342, 365, 372, 374, 376, 390, 400, 402, 406, 409, 412, 415, 420, 424, 429, 436, 442, 453, 459, 461, 463, 464, 466, 474, 479, 485, 497, 499, 500, 504, 513, 515, 523, 527, 537, 539, 540, 541, 543, 545, 546, 551, 567, 569, 570, 587, 590, 594, 602, 606, 617, 618, 619, 625, 626, 638, 641, 645, 653, 656, 660, 665, 669, 675, 680, 681, 686, 688, 691, 692, 697, 707, 711, 724, 740, 746, 760]"
hcci_32,AsCast,roi_32,Helios G4 PFIB CXe_SE_20000.0kV_5000.0x,256,3,0,0,770,1,"[1, 2, 3, 4, 5, 6, 7, 8, 9, 10, 11, 12, 13, 14, 15, 16, 17, 18, 19, 20, 21, 22, 23, 24, 25, 26, 27, 28, 29, 30, 31, 32, 33, 34, 35, 36, 37, 38, 39, 40, 41, 42, 43, 44, 45, 46, 47, 48, 49, 50, 51, 52, 53, 54, 55, 56, 57, 58, 59, 60, 61, 62, 64, 65, 66, 67, 68, 69, 70, 71, 72, 73, 74, 75, 76, 78, 79, 80, 81, 82, 84, 85, 86, 87, 88, 89, 90, 91, 93, 94, 95, 99, 100, 101, 103, 104, 105, 106, 107, 108, 109, 110, 111, 113, 115, 117, 118, 120, 121, 122, 124, 125, 128, 129, 132, 135, 137, 138, 139, 142, 146, 150, 151, 152, 156, 157, 158, 159, 161, 164, 166, 167, 168, 169, 173, 174, 176, 177, 183, 187, 189, 191, 192, 193, 194, 197, 199, 200, 203, 204, 206, 209, 211, 212, 213, 217, 219, 220, 222, 223, 225, 226, 227, 231, 233, 235, 236, 245, 257, 263, 264, 265, 266, 268, 269, 273, 278, 281, 283, 284, 285, 290, 294, 298, 299, 301, 310, 312, 318, 320, 321, 323, 324, 332, 335, 336, 339, 341, 342, 344, 345, 346, 350, 352, 354, 366, 367, 368, 371, 384, 385, 396, 399, 401, 404, 408, 410, 411, 415, 419, 421, 433, 442, 443, 444, 452, 466, 470, 472, 475, 479, 482, 491, 496, 510, 513, 518, 535, 544, 545, 547, 554, 557, 559, 571, 575, 579, 595, 608, 624, 660, 676, 697, 702, 725, 730]"
hcci_320,Q980_9h_AC,roi_320,Helios NanoLab_InLens_20000.0kV_600.0x,253,2,0,0,771,1,"[1, 2, 4, 5, 6, 7, 8, 10, 12, 16, 17, 20, 21, 22, 25, 27, 28, 29, 30, 33, 34, 35, 36, 37, 39, 40, 41, 42, 43, 46, 47, 48, 49, 51, 55, 59, 60, 61, 62, 63, 64, 65, 66, 67, 72, 76, 79, 81, 83, 84, 90, 92, 93, 95, 96, 97, 98, 100, 102, 103, 106, 107, 113, 114, 118, 119, 121, 123, 124, 126, 127, 130, 133, 137, 138, 139, 140, 143, 147, 148, 149, 152, 154, 160, 161, 162, 163, 165, 168, 171, 172, 173, 177, 179, 180, 181, 182, 183, 184, 189, 191, 192, 194, 195, 198, 199, 200, 207, 211, 212, 213, 216, 219, 223, 224, 225, 226, 230, 231, 233, 234, 235, 237, 238, 243, 244, 245, 250, 251, 253, 255, 257, 259, 260, 262, 264, 267, 274, 276, 280, 285, 286, 288, 289, 291, 292, 293, 294, 298, 302, 303, 304, 306, 310, 313, 316, 324, 327, 329, 332, 333, 337, 340, 345, 348, 356, 371, 379, 382, 384, 396, 399, 402, 409, 418, 420, 423, 425, 426, 431, 432, 433, 440, 444, 447, 458, 459, 470, 474, 488, 495, 497, 503, 505, 513, 515, 518, 522, 524, 525, 529, 537, 540, 556, 557, 589, 591, 592, 597, 598, 599, 601, 606, 609, 613, 615, 618, 619, 621, 622, 627, 635, 642, 647, 648, 654, 664, 665, 668, 670, 678, 679, 682, 684, 688, 689, 692, 699, 701, 703, 710, 713, 714, 718, 725, 726, 731, 732, 739, 740, 745, 748, 751]"
hcci_321,Q980_9h_AC,roi_321,Helios NanoLab_SE_20000.0kV_3250.0x,252,3,0,0,770,1,"[1, 2, 3, 4, 5, 6, 7, 8, 9, 10, 11, 12, 13, 14, 15, 16, 17, 18, 19, 20, 21, 22, 24, 25, 26, 28, 29, 30, 31, 33, 34, 36, 37, 38, 39, 41, 42, 45, 46, 47, 48, 49, 50, 52, 56, 57, 58, 59, 62, 67, 70, 71, 72, 73, 75, 81, 85, 86, 87, 91, 93, 95, 98, 104, 105, 106, 107, 111, 113, 114, 115, 118, 123, 124, 125, 132, 135, 137, 140, 141, 149, 154, 158, 163, 173, 183, 186, 191, 195, 196, 201, 205, 208, 214, 215, 224, 225, 227, 228, 232, 234, 241, 245, 248, 250, 252, 258, 259, 260, 262, 265, 266, 268, 269, 273, 276, 277, 279, 284, 294, 295, 301, 305, 306, 308, 309, 314, 316, 318, 321, 323, 334, 339, 342, 346, 347, 350, 359, 360, 362, 367, 372, 376, 378, 379, 382, 385, 390, 391, 392, 393, 395, 398, 399, 407, 409, 411, 414, 419, 426, 432, 434, 436, 446, 448, 449, 451, 452, 455, 470, 472, 473, 475, 476, 487, 488, 491, 496, 502, 506, 512, 516, 517, 518, 519, 523, 524, 528, 540, 544, 546, 551, 567, 569, 579, 581, 584, 591, 597, 600, 602, 603, 610, 613, 616, 617, 621, 625, 627, 630, 633, 638, 644, 645, 646, 652, 653, 654, 656, 657, 668, 670, 671, 680, 682, 690, 691, 694, 702, 710, 712, 718, 720, 721, 727, 729, 730, 733, 734, 736, 737, 739, 743, 747, 756, 758, 761, 763, 766, 767, 768, 769]"
hcci_322,Q980_9h_AC,roi_322,Helios NanoLab_SE_20000.0kV_3250.0x,252,3,0,0,770,1,"[1, 2, 3, 4, 5, 6, 7, 8, 9, 10, 11, 12, 13, 14, 15, 16, 17, 18, 19, 20, 21, 22, 23, 24, 25, 26, 27, 28, 29, 30, 32, 33, 34, 35, 36, 38, 39, 40, 41, 42, 43, 44, 46, 47, 48, 50, 51, 54, 55, 56, 58, 60, 61, 62, 65, 67, 68, 69, 70, 71, 72, 74, 77, 79, 81, 82, 84, 87, 91, 92, 93, 96, 100, 101, 102, 104, 109, 110, 120, 132, 135, 139, 142, 150, 151, 152, 153, 156, 158, 159, 160, 161, 163, 165, 167, 172, 175, 176, 181, 184, 185, 192, 194, 196, 198, 199, 201, 207, 208, 209, 215, 218, 224, 225, 226, 227, 232, 237, 241, 245, 247, 250, 252, 258, 260, 261, 264, 273, 276, 278, 280, 282, 283, 284, 286, 288, 298, 300, 307, 311, 312, 318, 320, 323, 324, 325, 332, 335, 338, 349, 350, 351, 357, 358, 361, 367, 374, 385, 388, 397, 403, 404, 409, 411, 419, 423, 424, 425, 427, 429, 430, 432, 434, 435, 439, 442, 448, 449, 450, 451, 454, 463, 464, 467, 471, 481, 482, 483, 492, 494, 499, 500, 503, 504, 508, 509, 510, 515, 520, 522, 525, 530, 531, 535, 536, 543, 546, 547, 559, 561, 562, 563, 567, 573, 577, 581, 585, 591, 605, 606, 611, 615, 622, 627, 631, 635, 636, 638, 646, 647, 657, 658, 664, 686, 687, 689, 694, 696, 702, 703, 713, 718, 735, 737, 753, 755, 762, 765, 766, 767, 769, 770]"
hcci_323,Q980_9h_AC,roi_323,Helios NanoLab_BSE_20000.0kV_3250.0x,252,3,0,0,770,1,"[1, 2, 3, 4, 5, 6, 7, 8, 9, 10, 11, 12, 13, 14, 15, 16, 17, 18, 19, 20, 21, 22, 23, 24, 25, 26, 27, 28, 30, 31, 32, 33, 34, 36, 37, 38, 39, 40, 43, 45, 46, 47, 50, 51, 52, 53, 55, 57, 58, 63, 64, 65, 66, 68, 70, 71, 72, 76, 77, 79, 80, 82, 83, 84, 89, 90, 92, 95, 96, 97, 98, 99, 100, 101, 107, 109, 110, 111, 113, 114, 116, 117, 119, 120, 121, 122, 123, 125, 127, 128, 136, 137, 143, 144, 145, 146, 147, 152, 155, 158, 159, 160, 162, 164, 167, 168, 169, 170, 172, 176, 178, 185, 187, 189, 192, 195, 196, 197, 200, 205, 207, 208, 209, 215, 220, 221, 223, 224, 225, 226, 227, 231, 237, 240, 246, 251, 252, 257, 258, 259, 263, 264, 267, 272, 273, 276, 277, 278, 281, 282, 283, 287, 288, 291, 293, 295, 299, 304, 307, 310, 311, 313, 314, 315, 317, 318, 321, 322, 325, 328, 329, 331, 332, 333, 339, 341, 348, 350, 354, 355, 356, 362, 363, 364, 372, 375, 378, 384, 386, 392, 393, 395, 398, 399, 406, 407, 410, 411, 417, 420, 423, 429, 432, 433, 436, 445, 447, 452, 469, 470, 471, 472, 485, 492, 494, 495, 502, 506, 509, 511, 516, 524, 527, 537, 542, 549, 550, 557, 558, 559, 567, 569, 570, 574, 575, 594, 607, 611, 614, 617, 649, 662, 686, 713, 725, 751, 762, 764, 765, 766, 768, 769]"
hcci_324,Q980_9h_AC,roi_324,Helios NanoLab_BSE_20000.0kV_3250.0x,252,3,0,0,770,1,"[1, 2, 3, 4, 5, 6, 7, 8, 9, 10, 11, 12, 13, 14, 15, 16, 17, 18, 19, 20, 21, 22, 23, 24, 26, 28, 29, 30, 31, 32, 33, 34, 37, 38, 40, 42, 43, 44, 45, 46, 47, 49, 50, 51, 52, 54, 56, 58, 59, 60, 67, 68, 70, 72, 73, 74, 75, 77, 78, 79, 80, 86, 87, 90, 92, 93, 96, 100, 101, 103, 105, 108, 110, 112, 114, 116, 117, 118, 120, 122, 124, 129, 130, 131, 134, 138, 139, 142, 143, 145, 148, 149, 150, 151, 153, 154, 156, 157, 161, 163, 165, 171, 172, 175, 177, 179, 181, 184, 186, 187, 199, 203, 204, 205, 207, 208, 210, 211, 216, 217, 220, 221, 222, 224, 225, 226, 230, 231, 233, 234, 239, 240, 244, 247, 250, 251, 252, 256, 258, 261, 263, 264, 267, 268, 282, 285, 290, 296, 300, 302, 303, 304, 310, 311, 312, 313, 314, 324, 325, 327, 330, 331, 335, 336, 337, 343, 347, 349, 350, 351, 354, 355, 358, 362, 366, 367, 368, 369, 373, 374, 376, 377, 380, 386, 387, 388, 391, 393, 394, 395, 400, 406, 408, 411, 412, 418, 421, 422, 430, 433, 437, 443, 444, 449, 455, 456, 457, 468, 469, 470, 471, 473, 474, 488, 493, 497, 500, 502, 506, 512, 513, 519, 520, 530, 535, 544, 548, 552, 553, 559, 560, 570, 574, 576, 582, 598, 599, 618, 623, 627, 643, 647, 709, 715, 730, 744, 753, 757, 762, 766, 769, 770]"
hcci_325,Q980_9h_AC,roi_325,Helios NanoLab_InLens_20000.0kV_3250.0x,252,3,0,0,770,1,"[1, 2, 3, 4, 5, 6, 7, 8, 9, 10, 11, 12, 13, 14, 15, 16, 17, 18, 19, 20, 21, 22, 23, 24, 25, 26, 27, 29, 31, 32, 33, 34, 36, 37, 38, 39, 40, 41, 42, 44, 45, 47, 48, 49, 50, 53, 55, 56, 57, 61, 62, 65, 71, 79, 80, 84, 86, 87, 88, 89, 90, 95, 96, 97, 98, 101, 103, 104, 105, 107, 112, 115, 116, 119, 120, 129, 130, 131, 133, 135, 137, 139, 140, 144, 146, 147, 149, 153, 165, 168, 174, 178, 179, 182, 183, 184, 185, 192, 193, 196, 197, 199, 203, 205, 215, 221, 223, 228, 231, 234, 248, 251, 258, 261, 262, 269, 273, 274, 281, 282, 295, 304, 314, 315, 318, 319, 323, 328, 330, 332, 335, 342, 344, 355, 360, 361, 362, 364, 368, 369, 370, 372, 375, 376, 382, 385, 386, 393, 394, 396, 398, 399, 401, 403, 406, 408, 411, 412, 413, 415, 416, 417, 418, 422, 423, 425, 426, 427, 428, 430, 431, 437, 441, 442, 447, 448, 449, 452, 456, 458, 461, 462, 463, 465, 470, 473, 475, 483, 489, 492, 493, 500, 503, 505, 510, 511, 512, 516, 520, 525, 526, 529, 533, 540, 546, 547, 553, 560, 561, 568, 573, 579, 580, 585, 587, 589, 593, 597, 611, 615, 617, 618, 620, 621, 629, 630, 635, 637, 639, 641, 642, 647, 659, 660, 662, 663, 670, 679, 683, 684, 686, 689, 693, 705, 713, 714, 725, 728, 729, 736, 767, 770]"
hcci_326,Q980_9h_AC,roi_326,Helios NanoLab_InLens_20000.0kV_3250.0x,252,3,0,0,770,1,"[1, 2, 3, 4, 5, 6, 7, 8, 9, 10, 11, 12, 13, 17, 18, 19, 22, 23, 24, 27, 28, 29, 30, 31, 32, 33, 34, 36, 37, 38, 39, 43, 46, 47, 50, 53, 54, 55, 56, 58, 60, 64, 66, 68, 69, 70, 73, 74, 75, 77, 78, 79, 80, 82, 83, 84, 86, 89, 94, 95, 96, 100, 101, 102, 103, 104, 108, 111, 113, 114, 117, 119, 120, 121, 123, 124, 126, 127, 135, 136, 139, 142, 143, 145, 146, 147, 148, 149, 150, 152, 154, 156, 158, 159, 163, 164, 165, 166, 167, 168, 171, 172, 177, 182, 183, 184, 187, 189, 191, 192, 195, 196, 198, 201, 202, 203, 204, 206, 212, 214, 217, 218, 219, 226, 228, 232, 234, 235, 238, 239, 240, 245, 248, 249, 251, 252, 264, 265, 266, 267, 269, 275, 279, 280, 281, 282, 283, 285, 286, 290, 292, 294, 297, 298, 303, 304, 307, 309, 311, 312, 313, 316, 317, 319, 320, 322, 328, 330, 331, 339, 340, 350, 353, 362, 363, 364, 368, 369, 372, 373, 378, 380, 381, 383, 385, 386, 387, 390, 391, 392, 394, 395, 397, 399, 401, 407, 411, 412, 415, 417, 418, 420, 432, 436, 440, 441, 443, 451, 454, 455, 458, 460, 466, 467, 470, 471, 472, 474, 477, 478, 484, 493, 501, 519, 538, 559, 561, 566, 568, 572, 583, 586, 587, 594, 599, 602, 604, 609, 613, 618, 631, 636, 640, 641, 643, 646, 652, 661, 700, 726, 767, 770]"
hcci_327,AsCast,roi_327,Zeiss Gemini_SE_5000.0kV_500.0x,256,3,0,0,770,1,"[1, 2, 3, 4, 5, 6, 7, 8, 9, 10, 11, 12, 13, 14, 15, 16, 17, 18, 19, 20, 21, 22, 23, 24, 25, 26, 27, 28, 29, 30, 31, 32, 33, 34, 35, 37, 38, 39, 41, 42, 43, 44, 45, 47, 48, 49, 50, 51, 52, 53, 55, 56, 57, 58, 59, 60, 61, 62, 63, 64, 65, 66, 67, 68, 69, 70, 71, 73, 74, 75, 76, 77, 78, 79, 80, 81, 82, 83, 84, 86, 87, 88, 90, 92, 93, 95, 96, 97, 98, 99, 100, 101, 103, 104, 105, 106, 107, 108, 110, 111, 112, 113, 115, 116, 117, 118, 119, 120, 121, 122, 123, 124, 125, 126, 127, 129, 130, 131, 132, 133, 135, 136, 137, 138, 139, 140, 141, 142, 143, 144, 145, 146, 150, 151, 152, 153, 154, 155, 157, 158, 159, 160, 161, 162, 163, 164, 165, 166, 168, 170, 171, 172, 175, 177, 178, 179, 180, 181, 182, 183, 184, 185, 187, 189, 191, 192, 193, 194, 195, 196, 197, 199, 200, 201, 202, 204, 206, 208, 209, 214, 216, 218, 219, 220, 221, 225, 226, 229, 231, 232, 233, 234, 236, 243, 244, 245, 246, 247, 249, 252, 253, 254, 255, 256, 257, 259, 267, 271, 272, 276, 278, 282, 284, 287, 288, 289, 293, 298, 300, 303, 306, 307, 308, 312, 319, 320, 323, 325, 327, 333, 337, 338, 339, 358, 362, 365, 372, 374, 376, 386, 388, 390, 404, 408, 420, 422, 430, 439, 459, 481, 489, 508, 529, 545, 550, 555]"
hcci_328,AsCast,roi_328,Zeiss Gemini_SE_5000.0kV_500.0x,256,3,0,0,770,1,"[1, 2, 3, 4, 5, 6, 7, 8, 9, 10, 11, 12, 13, 14, 15, 16, 17, 18, 19, 20, 21, 22, 23, 24, 25, 26, 27, 28, 29, 30, 31, 32, 34, 35, 36, 37, 38, 39, 40, 41, 42, 44, 45, 46, 47, 48, 49, 50, 51, 52, 54, 55, 56, 57, 58, 59, 61, 62, 64, 65, 66, 67, 68, 69, 70, 71, 73, 74, 75, 76, 77, 78, 79, 81, 82, 83, 84, 85, 86, 88, 89, 90, 92, 93, 95, 96, 97, 100, 101, 102, 103, 104, 105, 106, 108, 109, 110, 111, 112, 114, 115, 116, 117, 118, 119, 120, 121, 122, 123, 124, 125, 126, 127, 128, 129, 130, 131, 132, 133, 134, 135, 136, 137, 138, 139, 140, 141, 142, 143, 145, 146, 147, 148, 150, 152, 153, 154, 155, 157, 158, 159, 160, 162, 163, 164, 165, 167, 168, 169, 170, 171, 173, 175, 176, 180, 181, 182, 183, 184, 185, 186, 187, 189, 192, 193, 194, 195, 196, 198, 199, 201, 204, 205, 207, 208, 209, 212, 213, 214, 215, 216, 220, 222, 223, 224, 228, 232, 236, 238, 239, 240, 241, 242, 246, 250, 253, 254, 258, 260, 261, 262, 267, 271, 273, 276, 277, 278, 282, 286, 289, 294, 296, 297, 299, 300, 304, 309, 314, 321, 327, 331, 333, 334, 337, 349, 364, 373, 374, 388, 389, 396, 406, 411, 417, 418, 434, 436, 441, 459, 462, 467, 469, 470, 480, 481, 501, 527, 531, 559, 560, 568, 573, 591, 604, 620, 623]"
hcci_329,AsCast,roi_329,Zeiss Gemini_BSE_5000.0kV_500.0x,256,3,0,0,770,1,"[1, 2, 3, 4, 5, 6, 7, 8, 9, 10, 11, 12, 13, 14, 15, 16, 17, 18, 19, 20, 21, 22, 23, 24, 25, 26, 27, 28, 29, 30, 31, 32, 33, 34, 35, 36, 37, 38, 39, 40, 41, 42, 43, 44, 45, 46, 47, 48, 49, 50, 51, 52, 53, 54, 55, 56, 57, 58, 59, 60, 61, 62, 63, 64, 65, 66, 67, 68, 69, 70, 71, 72, 73, 74, 75, 76, 77, 78, 79, 80, 81, 82, 83, 84, 85, 86, 87, 88, 89, 90, 91, 92, 93, 94, 96, 97, 99, 100, 101, 102, 103, 104, 105, 106, 109, 110, 111, 114, 116, 119, 120, 121, 122, 123, 124, 125, 127, 128, 129, 130, 131, 132, 133, 136, 138, 140, 141, 143, 144, 147, 149, 151, 153, 156, 159, 160, 162, 163, 164, 166, 168, 169, 170, 172, 176, 179, 180, 183, 187, 191, 192, 195, 196, 197, 198, 200, 201, 202, 203, 207, 211, 218, 222, 227, 230, 231, 233, 240, 248, 249, 260, 261, 262, 265, 273, 274, 275, 280, 282, 283, 285, 287, 288, 290, 291, 304, 307, 309, 310, 314, 317, 318, 324, 325, 326, 327, 336, 337, 347, 351, 352, 354, 355, 360, 362, 363, 381, 382, 384, 387, 388, 393, 396, 409, 417, 420, 422, 430, 432, 436, 440, 441, 442, 445, 447, 448, 450, 452, 453, 456, 461, 462, 464, 465, 470, 471, 477, 486, 493, 514, 522, 523, 524, 526, 536, 539, 541, 543, 546, 549, 570, 574, 615, 648, 665, 678]"
hcci_33,AsCast,roi_33,Helios G4 PFIB CXe_BSE_20000.0kV_5000.0x,256,3,0,0,770,1,"[1, 2, 3, 4, 5, 6, 7, 8, 9, 10, 11, 12, 13, 14, 15, 16, 17, 18, 19, 20, 21, 22, 23, 24, 25, 26, 27, 28, 29, 30, 31, 32, 33, 34, 35, 36, 37, 38, 39, 40, 41, 42, 43, 44, 45, 46, 47, 48, 49, 50, 51, 52, 53, 54, 55, 56, 57, 58, 59, 60, 61, 62, 63, 64, 65, 66, 67, 68, 69, 70, 71, 72, 73, 74, 75, 76, 77, 78, 79, 80, 81, 83, 84, 85, 86, 87, 88, 89, 90, 91, 92, 93, 94, 95, 96, 97, 98, 100, 101, 102, 103, 104, 105, 106, 107, 108, 109, 110, 111, 112, 113, 114, 117, 119, 120, 121, 122, 123, 124, 125, 126, 129, 130, 131, 132, 133, 134, 135, 136, 138, 141, 143, 144, 145, 147, 148, 149, 150, 151, 152, 153, 154, 155, 156, 157, 159, 160, 161, 163, 164, 166, 167, 168, 169, 170, 171, 172, 174, 175, 176, 179, 180, 182, 183, 184, 185, 187, 188, 189, 190, 191, 193, 195, 196, 197, 199, 202, 204, 205, 206, 211, 216, 217, 218, 219, 220, 221, 226, 227, 228, 229, 231, 236, 241, 243, 244, 245, 249, 254, 258, 262, 264, 265, 269, 270, 273, 274, 279, 280, 283, 286, 289, 294, 295, 301, 302, 308, 313, 317, 323, 335, 337, 343, 354, 357, 359, 362, 363, 366, 375, 381, 382, 391, 394, 398, 399, 402, 421, 423, 439, 447, 474, 476, 503, 533, 539, 551, 558, 567, 597, 611, 615, 624, 651, 682, 703]"
hcci_330,AsCast,roi_330,Zeiss Gemini_BSE_5000.0kV_500.0x,256,3,0,0,770,1,"[1, 2, 3, 4, 5, 6, 7, 8, 9, 10, 11, 12, 13, 14, 15, 16, 17, 18, 19, 20, 21, 22, 23, 24, 25, 26, 27, 28, 29, 30, 31, 32, 33, 34, 35, 36, 37, 38, 39, 40, 41, 42, 43, 44, 45, 46, 47, 48, 49, 50, 51, 52, 53, 54, 55, 56, 57, 59, 60, 61, 62, 64, 65, 66, 67, 69, 71, 72, 73, 74, 75, 76, 77, 79, 80, 82, 83, 84, 86, 88, 89, 90, 91, 92, 93, 96, 97, 98, 100, 102, 104, 105, 106, 107, 108, 110, 112, 113, 115, 116, 118, 121, 122, 123, 125, 126, 127, 129, 130, 132, 136, 137, 138, 139, 140, 141, 142, 144, 146, 148, 151, 152, 153, 154, 156, 158, 160, 162, 163, 164, 166, 169, 171, 172, 174, 182, 183, 184, 186, 188, 190, 194, 198, 201, 207, 208, 210, 217, 219, 220, 221, 224, 233, 238, 239, 244, 253, 255, 260, 261, 262, 267, 272, 274, 275, 277, 278, 279, 283, 284, 286, 289, 290, 299, 306, 312, 314, 325, 328, 343, 344, 345, 346, 348, 349, 352, 353, 366, 369, 371, 372, 373, 376, 380, 381, 383, 386, 388, 393, 395, 398, 401, 404, 405, 410, 411, 415, 416, 422, 426, 429, 431, 434, 437, 439, 446, 454, 457, 458, 460, 463, 467, 468, 469, 474, 475, 476, 482, 486, 488, 492, 493, 498, 499, 502, 506, 509, 510, 511, 519, 522, 525, 530, 535, 544, 550, 562, 564, 567, 569, 576, 577, 603, 640, 665, 673]"
hcci_331,AsCast,roi_331,Zeiss Gemini_InLens_5000.0kV_500.0x,256,3,0,0,770,1,"[1, 2, 3, 4, 5, 6, 7, 8, 9, 10, 11, 12, 13, 14, 15, 16, 17, 18, 19, 20, 21, 22, 23, 24, 25, 26, 27, 28, 29, 30, 31, 32, 33, 34, 35, 36, 37, 38, 39, 40, 41, 42, 43, 44, 45, 46, 47, 48, 49, 50, 51, 52, 53, 54, 55, 56, 57, 58, 59, 60, 61, 62, 63, 64, 65, 66, 67, 68, 69, 70, 71, 72, 73, 74, 75, 76, 77, 78, 79, 80, 81, 82, 83, 84, 85, 87, 88, 89, 90, 91, 92, 93, 94, 95, 96, 97, 98, 99, 102, 104, 106, 108, 109, 110, 112, 113, 115, 116, 117, 118, 119, 122, 123, 124, 125, 126, 127, 128, 129, 130, 135, 139, 140, 141, 144, 146, 151, 152, 153, 155, 159, 162, 164, 166, 175, 178, 180, 182, 186, 188, 193, 194, 195, 202, 204, 205, 207, 211, 213, 215, 224, 226, 228, 229, 232, 234, 237, 238, 242, 244, 245, 246, 247, 251, 254, 255, 257, 258, 259, 260, 261, 266, 274, 276, 277, 283, 286, 293, 294, 295, 296, 297, 299, 302, 304, 305, 306, 311, 313, 320, 324, 326, 330, 332, 333, 334, 337, 339, 341, 343, 346, 349, 353, 354, 364, 371, 374, 378, 389, 390, 404, 422, 424, 432, 435, 446, 447, 449, 450, 452, 465, 471, 476, 496, 502, 508, 521, 523, 529, 531, 533, 537, 539, 540, 555, 556, 557, 559, 572, 583, 584, 585, 595, 599, 622, 623, 629, 637, 677, 698, 718, 723, 724, 732, 738, 756]"
hcci_332,AsCast,roi_332,Zeiss Gemini_InLens_5000.0kV_500.0x,256,3,0,0,770,1,"[1, 2, 3, 4, 5, 6, 7, 8, 9, 10, 11, 12, 13, 14, 15, 16, 17, 18, 19, 20, 21, 22, 23, 24, 25, 26, 27, 28, 29, 30, 31, 32, 33, 34, 35, 36, 37, 38, 39, 40, 41, 42, 43, 44, 45, 46, 47, 48, 49, 50, 51, 52, 53, 54, 55, 56, 57, 58, 59, 60, 61, 62, 63, 64, 65, 66, 67, 68, 69, 70, 71, 72, 73, 74, 75, 76, 77, 78, 79, 80, 81, 82, 83, 84, 87, 88, 89, 90, 91, 92, 93, 94, 95, 97, 98, 99, 100, 102, 103, 104, 106, 107, 108, 110, 111, 113, 114, 115, 117, 119, 120, 122, 123, 124, 125, 126, 127, 128, 130, 133, 134, 135, 138, 139, 141, 148, 151, 155, 156, 157, 159, 161, 164, 171, 175, 179, 180, 181, 182, 183, 185, 191, 194, 198, 202, 205, 212, 214, 217, 219, 223, 224, 226, 227, 231, 234, 237, 240, 242, 243, 245, 249, 251, 253, 254, 256, 257, 260, 261, 262, 265, 266, 267, 276, 280, 283, 285, 287, 288, 293, 296, 297, 298, 301, 303, 308, 310, 312, 314, 317, 319, 323, 324, 327, 328, 329, 331, 332, 335, 338, 340, 341, 343, 348, 350, 353, 361, 367, 368, 370, 392, 394, 398, 412, 420, 422, 428, 434, 436, 447, 459, 461, 464, 468, 473, 493, 498, 501, 505, 506, 512, 517, 528, 537, 540, 552, 555, 556, 561, 563, 571, 579, 589, 595, 605, 608, 609, 623, 667, 691, 713, 715, 717, 729, 743, 747]"
hcci_333,AsCast,roi_333,Zeiss Gemini_SE_5000.0kV_2800.0x,256,3,0,0,770,1,"[1, 2, 3, 4, 5, 6, 7, 8, 9, 10, 11, 12, 13, 14, 15, 16, 17, 18, 19, 20, 21, 22, 23, 24, 25, 26, 27, 28, 29, 30, 31, 32, 33, 34, 35, 36, 37, 38, 39, 40, 41, 42, 43, 44, 45, 46, 47, 48, 49, 50, 51, 52, 53, 54, 55, 56, 57, 58, 59, 60, 61, 62, 63, 64, 65, 66, 67, 68, 69, 70, 71, 72, 73, 74, 75, 76, 77, 78, 79, 80, 81, 82, 83, 84, 86, 87, 88, 89, 90, 91, 93, 95, 96, 97, 99, 100, 101, 102, 103, 104, 105, 106, 107, 108, 109, 112, 114, 115, 116, 117, 118, 119, 120, 122, 123, 124, 125, 126, 129, 130, 131, 132, 133, 134, 135, 138, 139, 140, 141, 142, 143, 145, 146, 147, 148, 149, 150, 151, 152, 153, 155, 158, 159, 160, 162, 163, 164, 165, 167, 168, 170, 171, 173, 174, 175, 177, 178, 179, 180, 181, 183, 184, 185, 186, 188, 189, 190, 191, 193, 194, 195, 196, 197, 200, 201, 202, 205, 206, 207, 209, 215, 216, 217, 218, 220, 222, 223, 225, 226, 230, 232, 233, 235, 238, 239, 240, 241, 243, 244, 245, 246, 247, 249, 251, 255, 256, 258, 259, 261, 263, 265, 266, 268, 271, 273, 274, 284, 290, 294, 298, 299, 301, 305, 309, 315, 316, 317, 318, 321, 322, 324, 326, 328, 330, 332, 333, 335, 337, 338, 340, 346, 348, 351, 368, 374, 409, 418, 421, 432, 455, 459, 465, 478, 490, 529, 611]"
hcci_334,AsCast,roi_334,Zeiss Gemini_SE_5000.0kV_2800.0x,256,3,0,0,770,1,"[1, 2, 3, 4, 5, 6, 7, 8, 9, 10, 11, 12, 13, 14, 15, 16, 17, 18, 19, 20, 21, 22, 23, 24, 25, 26, 27, 28, 29, 30, 31, 32, 33, 34, 35, 36, 37, 38, 39, 40, 41, 42, 43, 44, 45, 46, 47, 48, 49, 50, 51, 52, 53, 54, 55, 56, 57, 58, 59, 60, 61, 62, 63, 65, 67, 68, 69, 70, 71, 72, 73, 74, 75, 76, 77, 80, 82, 83, 84, 85, 86, 87, 88, 89, 90, 91, 92, 93, 95, 96, 97, 99, 102, 103, 104, 107, 108, 109, 114, 115, 117, 118, 119, 120, 121, 123, 124, 125, 127, 128, 129, 130, 131, 132, 133, 134, 135, 137, 138, 140, 141, 142, 143, 144, 145, 146, 147, 148, 153, 154, 155, 158, 159, 160, 161, 162, 163, 164, 166, 167, 169, 170, 171, 172, 173, 174, 175, 176, 177, 179, 180, 181, 182, 183, 185, 186, 187, 191, 192, 193, 194, 195, 199, 200, 201, 204, 205, 206, 210, 211, 213, 214, 216, 217, 219, 221, 222, 223, 224, 226, 227, 228, 229, 230, 231, 232, 236, 237, 239, 240, 243, 244, 247, 248, 249, 252, 254, 255, 257, 258, 259, 262, 263, 268, 269, 270, 273, 276, 278, 279, 284, 288, 291, 292, 293, 294, 297, 299, 300, 302, 303, 304, 307, 309, 317, 318, 319, 320, 324, 326, 329, 330, 337, 338, 342, 343, 351, 358, 368, 374, 377, 380, 383, 390, 391, 417, 444, 446, 452, 459, 464, 465, 470, 479, 504, 554]"
hcci_335,AsCast,roi_335,Zeiss Gemini_BSE_5000.0kV_2800.0x,256,3,0,0,770,1,"[1, 2, 3, 4, 5, 6, 7, 8, 9, 10, 11, 12, 13, 14, 15, 16, 17, 18, 19, 20, 21, 22, 23, 24, 25, 26, 27, 28, 29, 30, 31, 32, 33, 34, 35, 36, 37, 38, 39, 40, 41, 42, 43, 44, 45, 46, 47, 48, 49, 50, 51, 52, 53, 55, 56, 58, 61, 62, 63, 64, 66, 67, 68, 70, 71, 74, 75, 77, 78, 80, 81, 83, 84, 85, 86, 88, 91, 92, 95, 97, 98, 99, 100, 101, 102, 104, 105, 106, 108, 109, 110, 111, 112, 114, 116, 120, 122, 123, 125, 126, 127, 128, 130, 131, 133, 134, 137, 138, 139, 140, 141, 142, 144, 146, 147, 150, 152, 153, 154, 155, 157, 158, 159, 160, 163, 166, 170, 171, 172, 174, 176, 179, 182, 184, 185, 188, 189, 190, 191, 192, 194, 196, 198, 200, 201, 204, 206, 210, 213, 215, 216, 217, 220, 222, 223, 225, 226, 232, 234, 236, 237, 238, 240, 241, 244, 245, 248, 253, 255, 256, 258, 259, 261, 262, 263, 266, 268, 270, 271, 273, 278, 279, 280, 299, 306, 307, 309, 310, 311, 314, 316, 330, 335, 347, 351, 354, 355, 364, 365, 366, 367, 370, 371, 384, 387, 388, 389, 392, 393, 395, 396, 400, 403, 404, 406, 410, 411, 412, 413, 421, 429, 430, 435, 443, 448, 452, 465, 472, 473, 476, 479, 480, 492, 499, 500, 515, 520, 533, 538, 550, 552, 554, 570, 611, 613, 620, 624, 626, 633, 637, 645, 666, 673, 676, 681, 682]"
hcci_336,AsCast,roi_336,Zeiss Gemini_BSE_5000.0kV_2800.0x,256,3,0,0,770,1,"[1, 2, 3, 4, 5, 6, 7, 8, 9, 10, 11, 12, 13, 14, 15, 16, 17, 18, 19, 20, 21, 22, 23, 24, 25, 26, 27, 28, 29, 30, 31, 32, 33, 34, 35, 36, 37, 38, 39, 40, 41, 42, 43, 44, 45, 46, 47, 48, 49, 50, 51, 52, 53, 54, 55, 56, 57, 58, 59, 60, 61, 62, 63, 64, 65, 66, 67, 68, 69, 70, 71, 72, 73, 74, 75, 76, 77, 78, 79, 80, 81, 82, 83, 84, 85, 86, 87, 88, 89, 90, 91, 92, 93, 94, 95, 96, 97, 98, 103, 104, 105, 108, 109, 110, 111, 112, 113, 116, 117, 119, 121, 122, 123, 125, 126, 127, 128, 129, 132, 133, 134, 135, 136, 137, 139, 140, 141, 142, 144, 145, 146, 148, 149, 150, 151, 152, 154, 155, 156, 157, 158, 159, 160, 161, 164, 166, 169, 170, 172, 173, 174, 175, 176, 177, 178, 180, 182, 184, 186, 188, 191, 193, 194, 195, 197, 198, 201, 202, 206, 208, 210, 213, 214, 218, 220, 221, 223, 226, 229, 233, 234, 236, 237, 242, 244, 246, 247, 249, 255, 257, 262, 265, 270, 274, 276, 277, 279, 287, 288, 289, 292, 297, 299, 301, 304, 305, 306, 309, 313, 314, 316, 317, 318, 322, 326, 329, 330, 334, 335, 344, 346, 351, 353, 357, 365, 369, 375, 392, 393, 403, 429, 436, 437, 438, 439, 442, 444, 446, 447, 453, 474, 486, 493, 506, 509, 512, 528, 541, 548, 569, 584, 592, 598, 606, 622, 669]"
hcci_337,AsCast,roi_337,Zeiss Gemini_InLens_5000.0kV_2800.0x,256,3,0,0,770,1,"[1, 2, 3, 4, 5, 6, 7, 8, 9, 10, 11, 12, 13, 14, 15, 16, 17, 18, 19, 20, 21, 22, 23, 24, 25, 26, 27, 28, 29, 30, 31, 32, 33, 34, 35, 36, 37, 38, 39, 40, 41, 42, 43, 44, 45, 46, 47, 48, 49, 50, 51, 52, 53, 54, 55, 56, 57, 58, 59, 60, 61, 62, 63, 64, 65, 66, 67, 68, 69, 70, 71, 72, 73, 74, 75, 76, 77, 78, 79, 80, 81, 82, 83, 84, 85, 86, 87, 88, 89, 90, 91, 92, 93, 94, 95, 96, 98, 99, 100, 101, 102, 103, 104, 105, 106, 107, 108, 109, 110, 111, 112, 113, 114, 115, 116, 117, 118, 119, 120, 122, 123, 124, 125, 126, 127, 128, 129, 130, 131, 132, 133, 134, 135, 136, 137, 138, 139, 140, 141, 142, 143, 144, 145, 147, 149, 150, 151, 154, 155, 156, 157, 159, 163, 164, 165, 166, 167, 168, 169, 171, 172, 173, 175, 176, 177, 178, 180, 181, 182, 183, 184, 185, 187, 188, 189, 191, 194, 196, 198, 199, 200, 201, 203, 204, 205, 206, 207, 209, 212, 213, 215, 216, 222, 226, 230, 232, 233, 234, 236, 237, 240, 241, 242, 243, 244, 250, 255, 256, 258, 260, 262, 263, 264, 266, 268, 272, 275, 281, 282, 288, 291, 305, 307, 309, 310, 312, 319, 337, 345, 356, 376, 382, 384, 388, 393, 395, 402, 407, 428, 441, 465, 490, 515, 528, 532, 537, 598, 620, 630, 645, 663, 717, 723, 724, 728, 746]"
hcci_338,AsCast,roi_338,Zeiss Gemini_InLens_5000.0kV_2800.0x,256,3,0,0,770,1,"[1, 2, 3, 4, 5, 6, 7, 8, 9, 10, 11, 12, 13, 14, 15, 16, 17, 18, 19, 20, 21, 22, 23, 24, 25, 26, 27, 28, 29, 30, 31, 32, 33, 34, 35, 36, 37, 38, 39, 40, 41, 42, 43, 44, 45, 46, 47, 48, 49, 50, 51, 52, 53, 54, 55, 56, 57, 58, 59, 60, 61, 62, 63, 64, 65, 66, 67, 68, 69, 70, 71, 72, 73, 74, 75, 76, 77, 78, 79, 80, 82, 83, 84, 85, 86, 87, 88, 89, 90, 91, 92, 93, 94, 95, 96, 97, 98, 99, 100, 101, 102, 103, 104, 105, 106, 107, 108, 109, 110, 111, 112, 113, 115, 116, 117, 118, 119, 120, 122, 123, 124, 125, 126, 128, 129, 131, 132, 133, 134, 136, 137, 138, 139, 140, 141, 142, 143, 144, 145, 146, 147, 148, 149, 150, 151, 155, 156, 157, 158, 160, 161, 163, 164, 166, 167, 168, 169, 171, 172, 173, 174, 178, 179, 181, 182, 184, 185, 186, 187, 188, 190, 192, 193, 194, 195, 196, 197, 198, 199, 201, 203, 204, 205, 206, 209, 213, 215, 217, 219, 220, 222, 223, 225, 228, 231, 233, 234, 236, 237, 240, 241, 243, 245, 246, 250, 251, 252, 253, 256, 257, 258, 260, 262, 268, 272, 273, 278, 280, 285, 289, 292, 302, 303, 312, 318, 319, 336, 339, 342, 348, 354, 355, 367, 374, 389, 393, 406, 409, 410, 412, 429, 432, 441, 485, 496, 525, 545, 574, 598, 607, 656, 703, 719, 727, 729, 739]"
hcci_34,AsCast,roi_34,Helios G4 PFIB CXe_BSE_20000.0kV_5000.0x,256,3,0,0,770,1,"[1, 2, 3, 4, 5, 6, 7, 8, 9, 10, 11, 12, 13, 14, 15, 16, 17, 18, 19, 20, 21, 22, 23, 24, 25, 26, 27, 28, 29, 30, 31, 32, 33, 34, 35, 36, 37, 38, 39, 40, 41, 42, 43, 44, 45, 46, 47, 48, 49, 50, 51, 52, 53, 54, 55, 56, 57, 58, 59, 60, 61, 62, 63, 64, 65, 66, 67, 68, 69, 70, 71, 72, 73, 74, 75, 76, 77, 78, 79, 80, 81, 82, 83, 84, 85, 86, 87, 88, 89, 90, 91, 92, 93, 94, 95, 96, 97, 98, 102, 103, 104, 105, 106, 107, 108, 110, 113, 114, 116, 117, 118, 119, 120, 121, 122, 123, 124, 125, 126, 128, 130, 131, 132, 134, 137, 138, 139, 140, 141, 142, 144, 145, 147, 149, 151, 152, 154, 156, 159, 160, 161, 163, 165, 166, 167, 168, 169, 170, 171, 172, 173, 174, 176, 178, 183, 184, 188, 189, 190, 193, 196, 197, 198, 201, 202, 203, 206, 207, 208, 209, 211, 212, 214, 215, 216, 217, 221, 222, 226, 227, 234, 237, 240, 241, 243, 244, 245, 252, 255, 256, 258, 259, 262, 266, 267, 268, 274, 275, 276, 277, 285, 286, 292, 297, 308, 309, 313, 315, 316, 319, 323, 326, 328, 339, 349, 368, 370, 372, 373, 379, 383, 388, 402, 407, 410, 412, 413, 415, 419, 423, 424, 428, 437, 438, 450, 451, 466, 479, 486, 492, 495, 498, 510, 578, 589, 590, 596, 599, 623, 628, 632, 643, 644, 655, 692, 702]"
hcci_340,AsCast,roi_340,Zeiss Gemini_SE_10000.0kV_500.0x,257,2,0,0,771,1,"[1, 2, 3, 4, 5, 6, 7, 8, 9, 10, 11, 12, 13, 14, 15, 18, 20, 21, 22, 24, 25, 27, 28, 29, 31, 32, 33, 34, 35, 36, 37, 38, 40, 41, 42, 43, 44, 45, 46, 47, 48, 50, 51, 53, 54, 56, 57, 60, 61, 62, 63, 64, 65, 66, 67, 68, 69, 70, 73, 74, 75, 77, 78, 79, 80, 81, 82, 83, 84, 85, 86, 87, 89, 90, 91, 92, 93, 94, 95, 96, 97, 98, 101, 103, 106, 107, 109, 111, 112, 113, 114, 115, 116, 117, 119, 120, 121, 122, 123, 124, 125, 126, 127, 128, 131, 133, 134, 135, 136, 138, 139, 140, 141, 143, 145, 147, 148, 149, 150, 151, 152, 153, 154, 155, 156, 158, 159, 160, 161, 162, 164, 166, 167, 168, 172, 176, 179, 180, 181, 183, 186, 187, 191, 192, 193, 194, 195, 198, 199, 202, 205, 210, 211, 213, 217, 218, 219, 222, 223, 224, 225, 228, 230, 232, 235, 239, 240, 246, 247, 249, 251, 253, 254, 256, 258, 260, 263, 265, 269, 272, 279, 281, 282, 283, 284, 285, 290, 293, 296, 303, 308, 309, 312, 313, 316, 318, 329, 330, 332, 336, 338, 342, 343, 358, 377, 382, 391, 403, 408, 409, 414, 416, 422, 430, 436, 441, 442, 444, 446, 451, 464, 467, 475, 479, 485, 492, 494, 495, 496, 497, 502, 506, 526, 532, 540, 543, 561, 563, 566, 569, 574, 579, 584, 586, 590, 604, 615, 619, 637, 640, 652, 655, 663, 674, 683, 689, 703]"
hcci_341,AsCast,roi_341,Zeiss Gemini_BSE_10000.0kV_500.0x,256,3,0,0,770,1,"[1, 2, 3, 4, 5, 6, 7, 8, 9, 10, 11, 12, 13, 14, 15, 16, 17, 18, 19, 20, 21, 22, 23, 24, 25, 26, 27, 28, 29, 30, 31, 32, 33, 34, 35, 36, 37, 38, 39, 40, 41, 42, 43, 44, 45, 46, 47, 48, 49, 50, 51, 52, 53, 54, 55, 56, 57, 58, 59, 60, 61, 62, 63, 64, 65, 66, 67, 68, 69, 70, 71, 72, 73, 74, 75, 76, 77, 78, 79, 80, 81, 82, 83, 84, 85, 86, 87, 88, 89, 90, 91, 92, 93, 94, 95, 96, 97, 98, 100, 101, 102, 103, 104, 105, 106, 107, 108, 109, 111, 113, 114, 115, 116, 117, 119, 120, 121, 122, 123, 124, 125, 127, 128, 130, 132, 135, 137, 138, 139, 140, 141, 146, 149, 152, 153, 154, 155, 156, 158, 164, 165, 166, 167, 168, 169, 170, 171, 172, 174, 183, 184, 185, 191, 194, 198, 199, 200, 202, 203, 208, 212, 214, 215, 216, 221, 224, 235, 237, 238, 241, 242, 248, 249, 256, 258, 259, 261, 271, 274, 276, 280, 281, 284, 289, 290, 294, 298, 302, 305, 307, 315, 319, 321, 327, 329, 330, 331, 342, 346, 347, 349, 354, 359, 362, 366, 377, 379, 380, 384, 388, 390, 393, 395, 396, 399, 402, 406, 418, 427, 431, 433, 434, 435, 444, 448, 449, 451, 453, 455, 457, 458, 462, 463, 467, 471, 475, 483, 484, 485, 490, 492, 496, 501, 512, 518, 522, 525, 545, 555, 556, 565, 575, 590, 608, 662, 686]"
hcci_342,AsCast,roi_342,Zeiss Gemini_BSE_10000.0kV_500.0x,256,3,0,0,770,1,"[1, 2, 3, 4, 5, 6, 7, 8, 9, 10, 11, 12, 13, 14, 15, 16, 17, 18, 19, 20, 21, 22, 23, 24, 25, 26, 27, 28, 29, 30, 31, 32, 33, 34, 35, 36, 37, 38, 39, 40, 41, 42, 43, 44, 45, 46, 47, 48, 49, 50, 51, 52, 53, 54, 55, 56, 57, 58, 59, 60, 61, 62, 63, 64, 65, 66, 67, 68, 69, 70, 71, 72, 73, 74, 75, 76, 77, 78, 79, 80, 81, 82, 83, 84, 85, 86, 87, 88, 89, 90, 92, 94, 95, 96, 97, 98, 99, 100, 101, 102, 103, 104, 105, 106, 107, 109, 111, 113, 115, 116, 117, 119, 120, 121, 122, 123, 125, 132, 135, 138, 140, 145, 150, 151, 153, 154, 156, 157, 158, 159, 161, 165, 167, 168, 170, 174, 179, 181, 183, 191, 192, 193, 198, 201, 202, 206, 209, 214, 215, 216, 217, 221, 227, 231, 232, 234, 236, 238, 245, 248, 252, 255, 263, 272, 279, 291, 293, 298, 303, 310, 315, 320, 325, 327, 331, 338, 342, 345, 347, 349, 355, 358, 359, 361, 362, 364, 369, 370, 371, 377, 379, 382, 383, 390, 391, 392, 397, 399, 403, 407, 409, 416, 434, 435, 441, 443, 445, 448, 449, 450, 451, 452, 461, 469, 471, 478, 480, 481, 484, 485, 488, 489, 492, 494, 496, 497, 499, 501, 504, 505, 513, 514, 518, 519, 520, 521, 525, 527, 529, 532, 534, 536, 543, 544, 547, 550, 559, 561, 571, 575, 593, 599, 608, 628, 657, 667]"
hcci_343,AsCast,roi_343,Zeiss Gemini_InLens_10000.0kV_500.0x,256,3,0,0,770,1,"[1, 2, 3, 4, 5, 6, 7, 8, 9, 10, 11, 12, 13, 14, 15, 16, 17, 18, 19, 20, 21, 22, 23, 24, 25, 26, 27, 28, 29, 30, 31, 32, 33, 34, 35, 36, 37, 38, 39, 40, 41, 42, 43, 44, 45, 46, 47, 48, 49, 51, 52, 53, 54, 55, 56, 57, 59, 60, 61, 62, 63, 64, 65, 66, 67, 68, 69, 70, 71, 72, 73, 74, 75, 76, 77, 78, 79, 80, 81, 82, 83, 84, 85, 86, 87, 88, 89, 90, 91, 92, 93, 94, 95, 96, 97, 98, 99, 100, 101, 102, 103, 105, 106, 107, 108, 110, 111, 112, 113, 114, 115, 117, 119, 120, 121, 122, 123, 125, 126, 127, 128, 129, 130, 131, 132, 135, 137, 138, 140, 141, 142, 143, 144, 150, 152, 154, 155, 157, 160, 168, 170, 171, 176, 177, 179, 184, 185, 187, 189, 190, 191, 196, 198, 201, 202, 203, 204, 206, 208, 209, 210, 213, 216, 219, 220, 222, 224, 230, 232, 234, 239, 241, 242, 246, 249, 251, 255, 257, 261, 267, 268, 278, 284, 286, 287, 292, 295, 296, 297, 298, 302, 303, 304, 311, 312, 313, 314, 316, 321, 323, 329, 346, 348, 352, 358, 359, 360, 361, 362, 363, 368, 369, 370, 372, 378, 382, 390, 403, 404, 411, 412, 418, 421, 422, 423, 424, 428, 429, 439, 448, 449, 458, 464, 465, 466, 476, 478, 484, 495, 511, 517, 525, 540, 549, 562, 565, 567, 594, 601, 611, 617, 636, 649, 670, 732, 760]"
hcci_344,AsCast,roi_344,Zeiss Gemini_InLens_10000.0kV_500.0x,256,3,0,0,770,1,"[1, 2, 3, 4, 5, 6, 7, 8, 9, 10, 11, 12, 13, 14, 15, 16, 17, 18, 20, 21, 22, 23, 24, 25, 26, 27, 28, 29, 30, 31, 32, 33, 34, 35, 36, 37, 38, 39, 40, 41, 42, 43, 44, 45, 46, 47, 49, 50, 51, 52, 53, 54, 55, 56, 59, 60, 61, 62, 63, 65, 66, 67, 68, 69, 70, 71, 72, 73, 74, 75, 76, 77, 78, 79, 82, 83, 84, 85, 86, 87, 88, 89, 90, 91, 92, 93, 94, 95, 96, 97, 98, 100, 101, 103, 104, 105, 106, 108, 109, 110, 111, 112, 113, 114, 115, 116, 117, 118, 119, 120, 121, 122, 124, 125, 126, 127, 128, 129, 131, 137, 138, 140, 141, 143, 145, 146, 148, 151, 152, 154, 155, 156, 158, 164, 166, 169, 171, 172, 173, 174, 180, 188, 193, 194, 196, 201, 202, 208, 211, 215, 216, 217, 220, 223, 225, 227, 229, 233, 235, 240, 241, 253, 255, 263, 264, 266, 267, 275, 282, 285, 292, 293, 302, 305, 310, 311, 317, 320, 323, 325, 326, 328, 332, 339, 346, 348, 353, 359, 361, 363, 365, 366, 367, 368, 372, 373, 375, 379, 386, 388, 391, 395, 398, 399, 403, 411, 420, 421, 423, 430, 432, 438, 439, 446, 451, 454, 455, 467, 469, 472, 476, 477, 479, 483, 486, 487, 495, 497, 500, 503, 505, 512, 528, 533, 536, 548, 555, 556, 567, 568, 578, 579, 588, 593, 595, 601, 615, 636, 642, 644, 659, 680, 694, 707, 739, 762]"
hcci_345,AsCast,roi_345,Zeiss Gemini_SE_10000.0kV_2800.0x,256,3,0,0,770,1,"[1, 2, 3, 4, 5, 6, 7, 8, 9, 10, 11, 12, 13, 14, 15, 16, 17, 18, 19, 20, 21, 22, 23, 24, 25, 26, 27, 28, 29, 30, 31, 32, 33, 34, 35, 36, 37, 38, 39, 40, 41, 42, 43, 44, 45, 46, 47, 49, 51, 52, 53, 54, 55, 57, 58, 59, 60, 61, 62, 63, 64, 65, 66, 67, 68, 69, 70, 71, 73, 74, 75, 76, 77, 79, 80, 81, 82, 83, 84, 85, 86, 87, 90, 91, 92, 93, 94, 95, 96, 97, 98, 99, 101, 102, 103, 104, 105, 106, 107, 108, 109, 110, 111, 112, 113, 115, 116, 117, 118, 119, 123, 124, 125, 126, 131, 132, 133, 134, 136, 137, 138, 139, 140, 141, 142, 144, 145, 146, 147, 150, 152, 154, 155, 156, 159, 160, 161, 162, 164, 167, 169, 172, 173, 175, 176, 177, 178, 179, 180, 181, 182, 183, 185, 186, 187, 188, 190, 191, 192, 194, 195, 196, 197, 198, 200, 201, 204, 205, 206, 209, 210, 212, 213, 214, 215, 217, 218, 219, 221, 222, 226, 227, 230, 231, 232, 234, 236, 237, 238, 239, 242, 244, 248, 249, 250, 251, 253, 255, 257, 258, 259, 260, 262, 263, 264, 268, 269, 273, 274, 275, 278, 279, 280, 283, 284, 290, 291, 292, 299, 302, 305, 306, 307, 308, 310, 312, 317, 318, 321, 324, 330, 332, 334, 335, 336, 340, 342, 351, 362, 364, 366, 369, 375, 380, 381, 393, 398, 431, 443, 448, 451, 466, 530, 538, 542, 606]"
hcci_346,AsCast,roi_346,Zeiss Gemini_SE_10000.0kV_2800.0x,256,3,0,0,770,1,"[1, 2, 3, 4, 5, 6, 7, 8, 9, 10, 11, 12, 13, 14, 15, 16, 17, 18, 19, 20, 21, 22, 23, 24, 25, 26, 27, 28, 29, 30, 31, 32, 33, 34, 35, 36, 37, 38, 39, 40, 41, 42, 43, 44, 45, 46, 47, 50, 51, 52, 53, 54, 55, 56, 58, 59, 60, 62, 63, 64, 65, 67, 68, 69, 71, 72, 73, 74, 75, 76, 77, 78, 79, 80, 81, 82, 83, 84, 85, 87, 88, 89, 90, 91, 93, 94, 95, 96, 97, 99, 100, 102, 103, 104, 105, 107, 108, 109, 115, 116, 117, 118, 120, 121, 124, 125, 127, 128, 129, 131, 132, 135, 136, 137, 138, 139, 141, 143, 145, 146, 147, 149, 150, 151, 155, 156, 157, 159, 160, 161, 164, 166, 167, 168, 169, 171, 173, 174, 175, 176, 177, 178, 179, 180, 182, 183, 184, 186, 187, 190, 191, 194, 195, 196, 197, 198, 200, 201, 202, 204, 205, 207, 210, 211, 212, 213, 215, 217, 218, 219, 220, 223, 224, 226, 227, 229, 233, 235, 236, 237, 239, 240, 243, 244, 246, 247, 250, 251, 253, 254, 255, 258, 259, 260, 262, 264, 269, 271, 272, 275, 276, 278, 280, 283, 285, 286, 287, 294, 297, 298, 301, 302, 306, 312, 315, 316, 317, 319, 320, 322, 323, 331, 334, 337, 344, 345, 348, 349, 353, 356, 357, 360, 369, 379, 384, 396, 402, 403, 404, 406, 411, 415, 423, 442, 443, 450, 464, 465, 500, 502, 514, 523, 542, 545, 637, 658]"
hcci_347,AsCast,roi_347,Zeiss Gemini_BSE_10000.0kV_2800.0x,256,3,0,0,770,1,"[1, 2, 3, 4, 5, 6, 7, 8, 9, 10, 11, 12, 13, 14, 15, 16, 17, 18, 19, 20, 21, 22, 23, 24, 25, 26, 27, 28, 29, 30, 31, 32, 33, 34, 35, 36, 37, 38, 39, 40, 41, 42, 43, 44, 45, 46, 47, 48, 49, 50, 51, 52, 53, 54, 55, 56, 57, 58, 59, 60, 61, 62, 63, 64, 65, 66, 67, 68, 69, 70, 71, 72, 73, 74, 75, 76, 77, 78, 79, 80, 81, 82, 83, 84, 85, 86, 87, 88, 89, 90, 91, 92, 93, 94, 95, 96, 97, 98, 99, 100, 101, 102, 103, 104, 106, 107, 108, 109, 110, 111, 112, 113, 114, 115, 116, 117, 118, 119, 120, 121, 122, 123, 124, 125, 126, 127, 128, 129, 130, 132, 133, 135, 136, 137, 138, 139, 140, 141, 142, 143, 144, 145, 146, 147, 148, 149, 150, 152, 153, 154, 156, 157, 159, 160, 162, 163, 166, 167, 168, 169, 170, 171, 172, 173, 174, 175, 176, 177, 178, 185, 190, 192, 195, 196, 197, 199, 200, 201, 202, 205, 206, 207, 209, 210, 212, 213, 215, 216, 217, 218, 219, 220, 221, 222, 225, 227, 228, 229, 232, 236, 239, 240, 241, 243, 245, 247, 248, 249, 251, 255, 256, 262, 263, 266, 269, 274, 276, 283, 286, 288, 289, 291, 295, 296, 297, 298, 304, 309, 311, 313, 314, 316, 317, 320, 322, 328, 329, 330, 337, 371, 393, 396, 403, 404, 405, 419, 436, 451, 476, 490, 497, 513, 516, 531, 554, 567]"
hcci_348,AsCast,roi_348,Zeiss Gemini_BSE_10000.0kV_2800.0x,256,3,0,0,770,1,"[1, 2, 3, 4, 5, 6, 7, 8, 9, 10, 11, 12, 13, 14, 15, 16, 17, 18, 19, 20, 21, 22, 23, 24, 25, 26, 27, 28, 29, 30, 31, 32, 33, 34, 35, 36, 37, 38, 39, 40, 41, 42, 43, 44, 45, 46, 47, 48, 49, 50, 51, 52, 53, 54, 55, 56, 57, 58, 59, 60, 61, 62, 63, 64, 65, 66, 67, 68, 69, 70, 71, 72, 73, 74, 75, 76, 77, 78, 79, 80, 81, 82, 83, 84, 85, 86, 87, 88, 89, 90, 91, 92, 93, 94, 95, 96, 97, 98, 99, 100, 101, 102, 103, 104, 105, 107, 108, 109, 110, 111, 112, 113, 114, 116, 117, 118, 119, 120, 121, 122, 123, 124, 125, 126, 127, 128, 129, 130, 131, 132, 133, 134, 135, 136, 138, 139, 140, 141, 142, 143, 144, 145, 146, 147, 149, 150, 151, 152, 153, 155, 156, 157, 158, 160, 161, 162, 163, 164, 165, 166, 167, 168, 170, 171, 172, 176, 178, 180, 182, 184, 185, 186, 187, 189, 193, 194, 196, 198, 199, 200, 202, 203, 204, 205, 213, 216, 217, 218, 219, 222, 225, 228, 230, 234, 235, 238, 239, 240, 241, 242, 243, 245, 247, 250, 256, 258, 259, 261, 262, 267, 269, 271, 273, 275, 276, 280, 282, 284, 288, 289, 291, 294, 301, 305, 306, 309, 310, 315, 319, 321, 322, 323, 324, 328, 329, 340, 341, 347, 357, 360, 365, 366, 367, 372, 385, 388, 389, 397, 419, 428, 437, 467, 469, 485, 571, 602]"
hcci_349,AsCast,roi_349,Zeiss Gemini_InLens_10000.0kV_2800.0x,256,3,0,0,770,1,"[1, 2, 3, 4, 5, 6, 7, 8, 9, 10, 11, 12, 13, 14, 15, 16, 17, 18, 20, 21, 22, 23, 25, 26, 27, 28, 29, 30, 32, 33, 35, 36, 37, 38, 39, 44, 45, 46, 47, 48, 49, 50, 51, 52, 53, 54, 55, 57, 58, 59, 61, 62, 63, 64, 65, 68, 70, 71, 76, 78, 81, 82, 85, 86, 88, 89, 90, 92, 93, 95, 98, 99, 102, 104, 105, 109, 110, 111, 114, 115, 117, 118, 119, 122, 124, 127, 129, 130, 136, 140, 147, 151, 152, 158, 160, 161, 164, 167, 168, 170, 171, 173, 174, 177, 178, 180, 181, 183, 185, 186, 187, 188, 190, 191, 194, 196, 197, 198, 202, 204, 209, 210, 212, 213, 215, 217, 220, 221, 222, 225, 228, 229, 230, 236, 238, 240, 242, 243, 244, 247, 252, 254, 256, 262, 266, 270, 271, 278, 283, 286, 288, 289, 293, 294, 298, 301, 302, 307, 309, 311, 312, 313, 315, 318, 321, 323, 330, 333, 337, 344, 345, 350, 353, 354, 359, 361, 362, 363, 364, 366, 368, 370, 373, 375, 385, 387, 392, 398, 399, 401, 404, 406, 408, 411, 413, 414, 420, 421, 422, 423, 430, 431, 437, 439, 442, 446, 450, 454, 456, 458, 461, 463, 466, 468, 470, 474, 482, 484, 493, 494, 496, 499, 503, 509, 512, 514, 516, 517, 519, 528, 530, 534, 535, 538, 547, 550, 551, 554, 558, 560, 575, 576, 577, 589, 596, 602, 608, 611, 624, 631, 637, 646, 664, 671, 674, 692]"
hcci_35,AsCast,roi_35,Helios G4 PFIB CXe_InLens_20000.0kV_5000.0x,256,3,0,0,770,1,"[1, 2, 3, 4, 5, 6, 7, 8, 9, 10, 11, 12, 13, 14, 15, 16, 17, 18, 19, 20, 21, 22, 23, 24, 25, 26, 27, 28, 29, 30, 31, 32, 33, 34, 35, 36, 37, 38, 39, 40, 41, 42, 43, 44, 45, 46, 47, 48, 49, 50, 51, 52, 53, 54, 55, 56, 57, 58, 59, 60, 61, 62, 63, 64, 65, 66, 67, 68, 69, 70, 71, 72, 73, 74, 75, 76, 77, 79, 80, 81, 82, 84, 85, 86, 88, 89, 90, 91, 92, 94, 95, 96, 97, 98, 99, 101, 102, 104, 105, 106, 108, 109, 110, 112, 113, 114, 115, 117, 118, 119, 120, 121, 122, 123, 124, 125, 126, 127, 128, 130, 133, 135, 136, 140, 141, 142, 144, 149, 150, 152, 153, 155, 156, 158, 159, 160, 162, 163, 164, 165, 166, 167, 168, 173, 174, 175, 177, 179, 181, 183, 186, 189, 190, 192, 193, 196, 199, 200, 201, 202, 203, 210, 211, 212, 214, 215, 217, 218, 219, 221, 222, 223, 229, 235, 237, 241, 242, 243, 244, 247, 249, 250, 253, 255, 257, 259, 263, 265, 268, 269, 273, 275, 276, 280, 282, 283, 284, 285, 287, 289, 291, 296, 306, 312, 315, 321, 322, 324, 332, 336, 337, 340, 343, 344, 348, 354, 356, 357, 358, 361, 373, 377, 379, 386, 393, 395, 398, 400, 405, 408, 410, 416, 418, 422, 424, 434, 443, 451, 455, 469, 475, 479, 516, 518, 519, 559, 564, 569, 578, 581, 594, 597, 604, 622, 690, 709]"
hcci_350,AsCast,roi_350,Zeiss Gemini_InLens_10000.0kV_2800.0x,256,3,0,0,770,1,"[1, 2, 3, 4, 5, 6, 7, 8, 9, 10, 11, 12, 13, 14, 15, 16, 17, 18, 19, 20, 21, 22, 23, 24, 25, 26, 27, 30, 31, 32, 33, 34, 35, 36, 37, 38, 39, 41, 42, 43, 44, 46, 48, 49, 52, 53, 54, 55, 56, 57, 58, 59, 61, 64, 65, 66, 67, 69, 72, 74, 75, 76, 77, 78, 80, 81, 82, 83, 84, 85, 88, 95, 96, 97, 101, 102, 106, 107, 110, 111, 112, 115, 118, 119, 120, 121, 122, 126, 129, 133, 136, 139, 140, 141, 142, 143, 144, 148, 150, 151, 152, 154, 155, 156, 158, 161, 162, 163, 171, 175, 177, 178, 180, 181, 184, 185, 186, 189, 190, 192, 193, 194, 195, 200, 201, 203, 205, 207, 209, 210, 213, 214, 216, 217, 222, 223, 226, 228, 230, 232, 233, 234, 241, 245, 246, 248, 249, 251, 254, 257, 258, 259, 260, 261, 262, 267, 268, 269, 275, 279, 283, 288, 289, 292, 293, 296, 297, 298, 299, 303, 310, 312, 315, 319, 321, 326, 329, 331, 334, 341, 342, 345, 346, 348, 351, 353, 361, 367, 368, 370, 371, 373, 374, 381, 387, 388, 389, 392, 395, 396, 398, 400, 403, 404, 407, 411, 415, 421, 428, 431, 435, 439, 440, 441, 444, 445, 453, 454, 456, 457, 461, 464, 466, 471, 472, 478, 482, 483, 485, 488, 489, 497, 501, 505, 506, 507, 509, 510, 516, 529, 530, 531, 544, 545, 558, 561, 564, 583, 590, 599, 617, 626, 629, 662, 665, 728]"
hcci_351,AsCast,roi_351,Zeiss Gemini_SE_20000.0kV_500.0x,256,3,0,0,770,1,"[1, 2, 3, 4, 5, 6, 7, 8, 9, 10, 11, 12, 13, 14, 15, 16, 17, 18, 19, 20, 22, 24, 25, 26, 27, 28, 29, 30, 31, 32, 34, 35, 39, 40, 41, 42, 43, 44, 45, 46, 47, 49, 51, 52, 53, 55, 56, 58, 60, 61, 62, 63, 64, 65, 66, 67, 68, 69, 70, 71, 72, 74, 76, 77, 78, 79, 80, 81, 82, 83, 86, 87, 88, 89, 90, 91, 92, 93, 94, 95, 96, 97, 98, 99, 100, 101, 102, 103, 104, 105, 106, 108, 109, 110, 111, 112, 113, 114, 116, 117, 118, 119, 120, 121, 122, 123, 124, 126, 127, 129, 130, 131, 133, 134, 137, 138, 140, 141, 142, 143, 146, 149, 150, 151, 152, 153, 155, 156, 157, 158, 159, 160, 163, 165, 167, 168, 169, 170, 171, 172, 177, 179, 181, 183, 184, 185, 188, 189, 192, 193, 194, 195, 196, 198, 199, 200, 201, 202, 203, 204, 205, 206, 207, 209, 210, 211, 214, 219, 221, 222, 223, 224, 225, 226, 228, 229, 230, 231, 233, 234, 235, 237, 239, 243, 244, 245, 246, 248, 253, 255, 256, 259, 260, 263, 265, 267, 269, 270, 271, 272, 276, 277, 278, 282, 283, 284, 285, 286, 290, 292, 293, 301, 302, 304, 306, 309, 311, 314, 315, 318, 330, 334, 342, 354, 362, 367, 375, 377, 385, 391, 393, 396, 402, 405, 411, 415, 416, 422, 428, 431, 432, 436, 450, 458, 461, 463, 465, 500, 504, 507, 509, 545, 547, 549, 583, 588]"
hcci_352,AsCast,roi_352,Zeiss Gemini_SE_20000.0kV_500.0x,256,3,0,0,770,1,"[1, 2, 3, 4, 5, 6, 7, 8, 9, 10, 11, 12, 13, 14, 15, 16, 17, 18, 19, 20, 21, 22, 23, 25, 26, 27, 28, 30, 31, 32, 34, 37, 38, 40, 41, 42, 43, 46, 47, 48, 49, 50, 51, 52, 53, 54, 55, 56, 57, 58, 59, 61, 62, 63, 64, 65, 66, 67, 68, 70, 71, 72, 74, 75, 76, 78, 79, 80, 81, 82, 83, 84, 85, 87, 88, 89, 90, 91, 92, 93, 94, 95, 96, 98, 99, 100, 101, 102, 103, 104, 105, 106, 107, 108, 109, 110, 111, 112, 113, 115, 116, 117, 119, 120, 121, 123, 125, 126, 127, 128, 131, 132, 134, 135, 136, 139, 140, 142, 143, 144, 145, 146, 147, 148, 149, 150, 151, 153, 154, 155, 156, 158, 160, 161, 162, 163, 164, 165, 168, 169, 172, 173, 174, 176, 179, 180, 181, 183, 187, 188, 189, 190, 192, 193, 196, 198, 199, 202, 203, 204, 205, 206, 208, 210, 211, 212, 215, 218, 219, 220, 222, 223, 224, 225, 226, 227, 231, 232, 233, 234, 237, 240, 241, 243, 247, 250, 251, 254, 255, 256, 257, 264, 265, 269, 270, 273, 274, 275, 276, 277, 278, 279, 280, 281, 282, 285, 287, 288, 290, 295, 297, 298, 303, 304, 318, 322, 323, 324, 327, 332, 336, 347, 354, 367, 376, 377, 381, 384, 395, 406, 407, 421, 424, 425, 428, 437, 444, 446, 464, 470, 477, 486, 487, 490, 491, 512, 515, 522, 534, 545, 568, 586, 592, 603, 612, 615]"
hcci_353,AsCast,roi_353,Zeiss Gemini_BSE_20000.0kV_500.0x,256,3,0,0,770,1,"[1, 2, 3, 4, 5, 6, 7, 8, 9, 10, 11, 12, 13, 14, 15, 16, 17, 18, 19, 20, 21, 22, 23, 24, 25, 26, 27, 28, 29, 30, 31, 32, 33, 34, 35, 36, 37, 38, 39, 40, 41, 42, 43, 44, 45, 46, 47, 48, 49, 50, 51, 52, 53, 54, 55, 56, 57, 58, 59, 60, 61, 62, 63, 64, 65, 66, 67, 68, 69, 70, 71, 72, 73, 74, 75, 76, 77, 78, 79, 80, 81, 82, 83, 84, 85, 86, 87, 88, 89, 90, 91, 92, 93, 94, 95, 96, 97, 98, 99, 100, 101, 102, 103, 104, 105, 106, 107, 108, 109, 110, 112, 113, 114, 115, 116, 117, 120, 121, 123, 124, 125, 127, 128, 129, 132, 134, 136, 137, 139, 140, 141, 142, 143, 144, 147, 148, 150, 151, 153, 154, 156, 157, 158, 159, 160, 161, 162, 164, 165, 166, 167, 168, 170, 171, 172, 173, 174, 176, 177, 180, 181, 183, 184, 185, 186, 187, 188, 189, 190, 192, 194, 195, 196, 197, 200, 201, 202, 203, 204, 205, 208, 209, 211, 212, 215, 216, 217, 219, 223, 227, 230, 231, 232, 233, 236, 238, 239, 243, 244, 246, 247, 249, 251, 252, 257, 258, 259, 261, 265, 272, 279, 280, 283, 289, 291, 292, 293, 296, 299, 313, 314, 315, 316, 319, 326, 329, 331, 337, 341, 347, 350, 354, 358, 361, 378, 383, 387, 401, 405, 414, 419, 422, 423, 429, 453, 454, 462, 463, 486, 487, 501, 506, 527, 536, 541, 574]"
hcci_354,AsCast,roi_354,Zeiss Gemini_BSE_20000.0kV_500.0x,256,3,0,0,770,1,"[1, 2, 3, 4, 5, 6, 7, 8, 9, 10, 11, 12, 13, 14, 15, 16, 17, 18, 19, 20, 21, 22, 23, 24, 25, 26, 27, 28, 29, 30, 31, 32, 33, 34, 35, 36, 37, 38, 39, 40, 41, 42, 43, 44, 45, 46, 47, 48, 49, 50, 51, 52, 53, 54, 55, 56, 57, 58, 59, 60, 61, 62, 63, 64, 65, 66, 67, 68, 69, 70, 71, 72, 73, 74, 75, 76, 77, 78, 79, 80, 81, 82, 83, 84, 85, 86, 87, 88, 89, 90, 91, 92, 93, 94, 95, 96, 97, 98, 99, 100, 101, 102, 103, 104, 105, 106, 107, 108, 109, 110, 111, 112, 113, 114, 115, 116, 117, 118, 119, 121, 122, 123, 124, 125, 126, 128, 129, 131, 135, 137, 139, 140, 143, 145, 146, 148, 150, 151, 152, 153, 154, 157, 160, 161, 164, 165, 166, 167, 169, 173, 174, 175, 179, 181, 182, 183, 184, 186, 187, 188, 194, 196, 197, 198, 199, 201, 203, 205, 206, 207, 208, 209, 210, 211, 212, 213, 214, 217, 221, 223, 224, 226, 229, 230, 231, 232, 233, 236, 237, 244, 248, 250, 254, 262, 282, 284, 287, 291, 294, 296, 298, 299, 300, 301, 303, 304, 306, 307, 313, 318, 321, 331, 340, 344, 345, 356, 367, 369, 393, 399, 401, 402, 411, 416, 417, 419, 424, 430, 431, 437, 443, 455, 459, 460, 462, 478, 479, 480, 481, 483, 496, 505, 515, 525, 527, 530, 532, 534, 536, 545, 565, 608, 612, 631, 636, 640]"
hcci_355,AsCast,roi_355,Zeiss Gemini_InLens_20000.0kV_500.0x,256,3,0,0,770,1,"[1, 2, 3, 4, 5, 6, 7, 8, 9, 10, 11, 12, 13, 14, 15, 16, 17, 18, 19, 20, 21, 22, 23, 24, 25, 26, 27, 28, 29, 30, 31, 32, 33, 34, 35, 36, 37, 38, 39, 40, 41, 42, 43, 44, 45, 46, 47, 48, 49, 50, 51, 52, 53, 54, 55, 56, 57, 58, 59, 60, 61, 62, 63, 64, 65, 66, 67, 68, 69, 70, 71, 72, 73, 74, 76, 77, 78, 79, 80, 81, 82, 83, 84, 85, 86, 87, 89, 90, 91, 92, 94, 95, 96, 97, 98, 99, 100, 102, 103, 104, 107, 108, 109, 110, 111, 112, 114, 115, 117, 119, 120, 121, 122, 123, 124, 125, 126, 127, 128, 129, 131, 133, 136, 137, 138, 141, 142, 143, 144, 148, 154, 157, 158, 159, 160, 161, 166, 169, 170, 173, 175, 178, 181, 183, 184, 185, 186, 187, 188, 189, 191, 192, 193, 194, 195, 198, 199, 200, 201, 202, 203, 205, 208, 209, 210, 211, 212, 214, 215, 216, 218, 219, 221, 222, 223, 225, 227, 231, 232, 234, 235, 236, 238, 241, 243, 247, 248, 249, 250, 252, 253, 255, 256, 257, 259, 263, 265, 266, 269, 270, 271, 273, 276, 277, 282, 284, 288, 290, 291, 296, 298, 300, 301, 310, 316, 317, 321, 322, 323, 324, 325, 326, 327, 334, 346, 347, 357, 358, 363, 367, 368, 372, 391, 400, 404, 412, 415, 417, 426, 427, 428, 434, 446, 457, 461, 473, 478, 510, 523, 551, 552, 563, 580, 608, 629, 686]"
hcci_356,AsCast,roi_356,Zeiss Gemini_InLens_20000.0kV_500.0x,256,3,0,0,770,1,"[1, 2, 3, 4, 5, 6, 7, 8, 9, 10, 11, 12, 13, 14, 15, 16, 17, 18, 19, 20, 21, 22, 23, 24, 25, 26, 27, 28, 29, 30, 31, 32, 33, 34, 35, 36, 37, 38, 39, 40, 41, 42, 43, 44, 45, 46, 47, 48, 49, 50, 51, 52, 53, 54, 55, 56, 57, 58, 59, 60, 61, 62, 63, 64, 65, 66, 67, 68, 69, 70, 71, 72, 74, 75, 76, 77, 78, 79, 80, 81, 82, 83, 84, 85, 86, 87, 88, 89, 91, 93, 94, 95, 96, 97, 98, 99, 100, 101, 102, 103, 104, 107, 108, 109, 110, 111, 112, 114, 115, 117, 118, 119, 120, 121, 123, 124, 125, 128, 129, 130, 131, 132, 133, 136, 137, 138, 139, 141, 143, 145, 146, 148, 154, 156, 157, 158, 160, 161, 164, 166, 169, 170, 171, 172, 175, 176, 177, 178, 181, 182, 183, 185, 186, 187, 189, 191, 192, 194, 195, 197, 199, 200, 201, 202, 203, 204, 205, 209, 210, 211, 212, 213, 217, 218, 219, 220, 221, 223, 226, 227, 228, 230, 231, 233, 235, 236, 237, 239, 240, 243, 244, 245, 246, 248, 249, 250, 251, 252, 254, 256, 257, 259, 260, 265, 270, 275, 276, 277, 281, 282, 283, 285, 286, 291, 293, 296, 298, 300, 310, 311, 325, 326, 329, 331, 334, 336, 340, 349, 352, 358, 365, 379, 381, 382, 396, 399, 401, 402, 419, 421, 423, 428, 441, 442, 454, 457, 469, 495, 516, 527, 534, 535, 562, 603, 604, 682]"
hcci_357,AsCast,roi_357,Zeiss Gemini_SE_20000.0kV_2800.0x,256,3,0,0,770,1,"[1, 2, 3, 4, 5, 6, 7, 8, 9, 10, 11, 12, 13, 14, 15, 16, 17, 18, 19, 20, 21, 22, 23, 24, 25, 26, 27, 28, 29, 30, 31, 32, 33, 34, 35, 36, 37, 38, 39, 40, 41, 42, 43, 44, 45, 46, 47, 48, 49, 50, 51, 52, 53, 54, 55, 56, 57, 58, 60, 61, 62, 64, 65, 66, 68, 69, 70, 71, 72, 73, 74, 75, 76, 77, 78, 80, 81, 82, 84, 85, 86, 87, 88, 89, 91, 94, 96, 97, 98, 99, 102, 104, 107, 108, 109, 110, 111, 112, 113, 115, 116, 119, 121, 123, 124, 125, 126, 127, 129, 131, 133, 134, 135, 136, 137, 138, 139, 141, 142, 143, 144, 145, 146, 148, 149, 150, 152, 154, 156, 157, 159, 160, 161, 162, 163, 164, 165, 167, 170, 172, 176, 177, 179, 181, 182, 184, 186, 189, 190, 192, 194, 195, 197, 198, 200, 201, 202, 203, 204, 208, 209, 210, 211, 212, 213, 214, 216, 219, 226, 229, 230, 232, 233, 234, 235, 236, 238, 239, 240, 242, 256, 259, 260, 263, 265, 266, 269, 270, 271, 276, 280, 282, 283, 285, 286, 293, 298, 300, 303, 313, 318, 319, 321, 326, 327, 329, 331, 336, 340, 348, 351, 353, 355, 362, 363, 364, 367, 372, 376, 398, 402, 404, 406, 413, 414, 415, 420, 424, 452, 468, 470, 473, 474, 482, 486, 491, 492, 512, 526, 541, 560, 577, 591, 596, 601, 602, 616, 631, 644, 647, 671, 674, 681, 687, 705, 709]"
hcci_358,AsCast,roi_358,Zeiss Gemini_SE_20000.0kV_2800.0x,256,3,0,0,770,1,"[1, 2, 3, 4, 5, 6, 7, 8, 9, 10, 11, 12, 13, 14, 15, 16, 17, 18, 19, 20, 21, 22, 23, 24, 25, 26, 27, 28, 29, 30, 31, 32, 33, 34, 35, 36, 37, 38, 39, 40, 41, 42, 43, 44, 45, 46, 47, 49, 50, 51, 52, 53, 54, 55, 56, 57, 58, 59, 61, 62, 63, 64, 65, 66, 67, 68, 69, 70, 72, 73, 74, 75, 76, 77, 78, 80, 83, 84, 85, 86, 88, 90, 92, 93, 94, 95, 96, 97, 98, 100, 101, 102, 103, 105, 106, 107, 108, 111, 112, 114, 116, 117, 123, 124, 125, 126, 128, 129, 130, 131, 133, 134, 135, 136, 138, 139, 141, 142, 144, 146, 147, 149, 150, 151, 152, 153, 154, 155, 156, 158, 160, 161, 162, 164, 165, 169, 170, 171, 172, 173, 176, 178, 181, 183, 186, 187, 188, 190, 191, 194, 195, 196, 197, 198, 201, 202, 203, 206, 207, 208, 209, 211, 213, 215, 216, 217, 219, 220, 222, 226, 227, 229, 230, 231, 239, 243, 244, 245, 249, 253, 255, 257, 258, 259, 263, 264, 267, 271, 272, 273, 276, 277, 281, 282, 287, 289, 291, 298, 306, 307, 311, 322, 325, 327, 328, 330, 331, 335, 345, 353, 354, 356, 360, 366, 370, 377, 385, 388, 392, 401, 415, 421, 423, 426, 428, 431, 440, 441, 447, 452, 462, 466, 470, 478, 492, 495, 508, 523, 524, 539, 542, 561, 571, 584, 589, 632, 637, 644, 649, 655, 657, 662, 674, 676, 679, 691]"
hcci_359,AsCast,roi_359,Zeiss Gemini_BSE_20000.0kV_2800.0x,256,3,0,0,770,1,"[1, 2, 3, 4, 5, 6, 7, 8, 9, 10, 11, 12, 13, 14, 15, 16, 17, 18, 19, 20, 21, 22, 23, 24, 25, 26, 27, 28, 29, 30, 31, 32, 33, 34, 35, 36, 37, 38, 39, 40, 41, 42, 43, 44, 45, 46, 47, 48, 49, 50, 51, 52, 53, 54, 55, 56, 57, 58, 59, 60, 61, 62, 63, 64, 65, 66, 67, 68, 69, 70, 71, 72, 73, 74, 75, 76, 77, 78, 79, 80, 81, 82, 84, 85, 86, 87, 88, 89, 90, 91, 92, 93, 94, 95, 96, 97, 98, 99, 100, 101, 102, 104, 105, 107, 108, 111, 112, 113, 115, 119, 120, 122, 125, 127, 128, 129, 132, 133, 134, 135, 136, 137, 138, 139, 140, 142, 143, 144, 146, 147, 148, 149, 150, 151, 152, 153, 155, 156, 157, 158, 159, 162, 163, 165, 166, 167, 168, 169, 170, 174, 177, 178, 182, 183, 184, 185, 186, 187, 188, 190, 191, 194, 195, 197, 201, 204, 205, 206, 214, 216, 217, 218, 219, 220, 221, 224, 230, 231, 232, 234, 235, 239, 242, 243, 245, 248, 250, 251, 253, 255, 259, 266, 273, 290, 293, 297, 300, 304, 305, 307, 312, 314, 315, 322, 325, 332, 334, 335, 344, 345, 346, 348, 352, 363, 368, 369, 375, 376, 380, 384, 395, 414, 418, 427, 439, 448, 460, 468, 472, 476, 478, 480, 481, 493, 504, 518, 520, 524, 539, 540, 550, 555, 557, 569, 596, 602, 608, 627, 629, 640, 650, 666, 679, 681, 708, 724]"
hcci_36,AsCast,roi_36,Helios G4 PFIB CXe_InLens_20000.0kV_5000.0x,256,3,0,0,770,1,"[1, 2, 3, 4, 5, 6, 7, 8, 9, 10, 11, 12, 13, 14, 15, 16, 17, 18, 19, 20, 21, 22, 23, 24, 25, 26, 27, 28, 29, 30, 31, 32, 33, 34, 35, 36, 37, 38, 39, 40, 41, 42, 43, 44, 45, 46, 47, 48, 49, 50, 51, 52, 53, 54, 55, 56, 57, 58, 59, 60, 61, 62, 63, 64, 65, 66, 67, 68, 69, 70, 71, 72, 73, 74, 76, 77, 78, 79, 82, 83, 84, 85, 86, 88, 89, 90, 91, 93, 94, 95, 96, 98, 100, 101, 102, 103, 104, 105, 107, 109, 110, 111, 112, 113, 116, 117, 118, 119, 120, 121, 122, 123, 124, 125, 127, 128, 129, 130, 132, 134, 135, 136, 137, 141, 142, 144, 145, 146, 150, 151, 152, 153, 154, 155, 156, 157, 159, 161, 162, 163, 165, 166, 167, 168, 170, 171, 172, 173, 177, 178, 182, 183, 186, 187, 188, 189, 191, 192, 193, 194, 195, 196, 197, 200, 201, 205, 209, 210, 211, 216, 218, 219, 220, 222, 226, 229, 230, 232, 233, 234, 235, 236, 239, 240, 242, 244, 245, 247, 248, 250, 251, 252, 255, 256, 262, 264, 265, 266, 268, 276, 279, 282, 283, 284, 286, 288, 289, 290, 294, 296, 298, 301, 304, 309, 310, 316, 321, 324, 325, 331, 335, 337, 338, 341, 343, 345, 356, 358, 363, 366, 379, 383, 389, 411, 419, 431, 433, 440, 442, 450, 457, 462, 469, 477, 486, 492, 493, 497, 499, 504, 507, 556, 577, 579, 726, 737]"
hcci_360,AsCast,roi_360,Zeiss Gemini_BSE_20000.0kV_2800.0x,256,3,0,0,770,1,"[1, 2, 3, 4, 5, 6, 7, 8, 9, 10, 11, 12, 13, 14, 15, 16, 17, 18, 19, 20, 21, 22, 23, 24, 25, 26, 27, 28, 29, 30, 31, 32, 33, 34, 35, 36, 37, 38, 39, 40, 41, 42, 43, 44, 45, 46, 47, 48, 49, 50, 51, 52, 53, 54, 55, 56, 57, 58, 59, 60, 61, 62, 63, 64, 65, 66, 67, 68, 69, 70, 71, 72, 73, 74, 75, 76, 77, 78, 79, 80, 81, 82, 83, 84, 85, 86, 87, 88, 89, 90, 91, 92, 93, 94, 95, 96, 97, 98, 99, 100, 101, 102, 103, 104, 105, 106, 107, 108, 109, 110, 111, 112, 113, 114, 115, 116, 117, 118, 119, 120, 121, 122, 123, 124, 125, 126, 127, 128, 129, 130, 131, 132, 133, 134, 135, 136, 137, 138, 139, 140, 141, 142, 143, 144, 145, 146, 147, 148, 149, 150, 151, 152, 153, 154, 155, 156, 157, 158, 159, 160, 161, 162, 163, 164, 165, 166, 167, 168, 169, 170, 171, 172, 173, 174, 175, 176, 177, 178, 179, 180, 181, 182, 183, 184, 185, 186, 187, 188, 189, 190, 191, 192, 193, 194, 195, 196, 197, 198, 199, 200, 201, 202, 203, 204, 205, 206, 207, 208, 209, 210, 211, 212, 213, 214, 215, 216, 217, 218, 219, 220, 221, 222, 225, 227, 228, 229, 230, 231, 232, 233, 234, 235, 237, 242, 243, 244, 246, 247, 248, 251, 258, 259, 272, 273, 287, 291, 293, 305, 312, 319, 322, 324, 333, 372, 415, 453]"
hcci_361,AsCast,roi_361,Zeiss Gemini_InLens_20000.0kV_2800.0x,256,3,0,0,770,1,"[1, 2, 3, 4, 5, 6, 7, 8, 9, 10, 11, 12, 13, 14, 15, 16, 17, 18, 19, 20, 21, 22, 23, 24, 25, 26, 27, 28, 29, 30, 31, 32, 33, 34, 35, 36, 37, 38, 39, 40, 41, 42, 43, 44, 45, 46, 47, 48, 49, 50, 51, 52, 53, 54, 55, 56, 57, 58, 59, 60, 61, 62, 63, 64, 65, 66, 67, 68, 70, 72, 73, 74, 75, 76, 77, 79, 80, 82, 83, 85, 86, 87, 88, 89, 90, 91, 92, 93, 95, 97, 98, 99, 100, 101, 102, 104, 105, 106, 107, 109, 111, 112, 113, 115, 116, 117, 118, 119, 120, 122, 123, 124, 125, 127, 128, 129, 130, 131, 132, 133, 134, 135, 136, 137, 138, 139, 141, 142, 143, 145, 146, 147, 148, 149, 150, 152, 153, 154, 156, 157, 160, 161, 162, 163, 164, 165, 166, 167, 169, 172, 173, 174, 175, 176, 177, 178, 179, 182, 183, 184, 186, 188, 190, 191, 192, 195, 196, 197, 198, 199, 200, 201, 202, 203, 204, 205, 206, 207, 208, 209, 210, 211, 213, 215, 216, 219, 220, 221, 225, 227, 229, 230, 231, 234, 237, 239, 240, 241, 242, 243, 245, 246, 247, 248, 249, 251, 253, 254, 255, 257, 259, 261, 262, 271, 272, 274, 276, 281, 285, 287, 290, 294, 300, 301, 303, 304, 307, 316, 317, 319, 322, 326, 327, 329, 335, 336, 350, 352, 355, 359, 360, 385, 395, 433, 436, 455, 499, 519, 523, 546, 548, 573, 622, 666, 673, 705]"
hcci_362,AsCast,roi_362,Zeiss Gemini_InLens_20000.0kV_2800.0x,256,3,0,0,770,1,"[1, 2, 3, 4, 5, 6, 7, 8, 9, 10, 11, 12, 13, 14, 15, 16, 17, 18, 19, 20, 21, 22, 23, 24, 25, 26, 27, 28, 29, 30, 31, 32, 33, 34, 35, 36, 37, 38, 39, 40, 41, 42, 43, 44, 45, 46, 47, 48, 49, 50, 52, 53, 55, 56, 57, 58, 59, 60, 61, 62, 63, 64, 65, 66, 68, 69, 70, 71, 72, 75, 76, 77, 78, 79, 80, 81, 82, 84, 85, 86, 89, 90, 93, 94, 95, 96, 97, 98, 99, 100, 101, 102, 103, 104, 105, 106, 107, 108, 110, 112, 114, 115, 116, 117, 118, 119, 120, 121, 123, 124, 125, 126, 128, 129, 130, 131, 132, 135, 137, 138, 139, 141, 142, 143, 144, 145, 146, 147, 149, 150, 151, 152, 153, 154, 155, 156, 157, 158, 159, 160, 161, 162, 164, 165, 166, 168, 169, 171, 172, 173, 174, 175, 177, 178, 179, 180, 181, 182, 183, 186, 187, 188, 190, 191, 193, 194, 195, 197, 198, 199, 200, 201, 202, 204, 205, 206, 209, 210, 212, 213, 214, 216, 220, 222, 223, 225, 227, 228, 229, 230, 231, 232, 233, 234, 235, 236, 240, 241, 242, 244, 245, 246, 248, 249, 250, 251, 256, 258, 259, 262, 263, 266, 268, 273, 274, 275, 277, 281, 284, 288, 289, 290, 292, 294, 302, 316, 322, 323, 324, 326, 331, 336, 337, 342, 345, 353, 355, 356, 361, 373, 382, 392, 394, 397, 452, 453, 462, 494, 511, 526, 528, 544, 589, 646, 657, 692]"
hcci_363,Q980_0h_WC,roi_363,Zeiss Gemini_SE_5000.0kV_500.0x,254,3,0,0,770,1,"[1, 2, 3, 4, 5, 6, 17, 18, 19, 20, 24, 33, 40, 43, 50, 59, 61, 84, 85, 98, 108, 126, 155, 159, 167, 171, 197, 200, 202, 205, 207, 212, 214, 219, 220, 222, 225, 232, 233, 238, 241, 248, 251, 256, 257, 262, 266, 273, 281, 284, 287, 292, 293, 296, 298, 300, 306, 307, 309, 314, 318, 319, 321, 322, 333, 334, 335, 342, 347, 351, 354, 355, 357, 358, 362, 363, 365, 368, 372, 373, 374, 376, 380, 388, 391, 395, 396, 405, 407, 408, 409, 411, 416, 418, 421, 424, 426, 430, 432, 436, 437, 438, 439, 446, 451, 457, 459, 461, 463, 465, 466, 472, 474, 479, 480, 481, 485, 486, 489, 496, 501, 502, 504, 505, 507, 508, 509, 511, 517, 518, 522, 523, 525, 526, 529, 531, 532, 534, 541, 543, 545, 548, 549, 552, 553, 558, 561, 562, 563, 566, 570, 572, 573, 575, 577, 579, 589, 590, 592, 594, 595, 597, 611, 612, 613, 614, 615, 617, 618, 619, 620, 621, 622, 623, 626, 630, 632, 633, 636, 638, 639, 643, 644, 647, 648, 649, 650, 653, 654, 655, 658, 660, 663, 665, 667, 670, 671, 672, 673, 674, 675, 676, 678, 680, 683, 685, 686, 687, 690, 692, 693, 694, 695, 697, 699, 701, 702, 704, 706, 707, 708, 709, 711, 713, 716, 720, 722, 723, 727, 728, 729, 735, 736, 739, 743, 744, 745, 746, 747, 749, 751, 752, 754, 755, 756, 758, 759, 760, 761, 762, 764, 767, 768, 770]"
hcci_364,Q980_0h_WC,roi_364,Zeiss Gemini_SE_5000.0kV_500.0x,254,3,0,0,770,1,"[1, 2, 3, 4, 5, 6, 10, 17, 19, 21, 22, 30, 31, 48, 52, 66, 81, 90, 92, 107, 120, 125, 138, 155, 159, 162, 172, 188, 192, 194, 196, 207, 209, 211, 214, 217, 228, 232, 233, 237, 249, 263, 265, 270, 271, 273, 278, 282, 285, 291, 294, 295, 296, 297, 301, 309, 314, 315, 316, 320, 321, 323, 325, 326, 327, 332, 333, 334, 341, 353, 355, 356, 361, 362, 363, 366, 370, 372, 374, 376, 379, 381, 383, 384, 385, 386, 389, 390, 391, 394, 395, 397, 398, 399, 406, 407, 409, 412, 415, 418, 419, 420, 421, 425, 428, 430, 433, 435, 436, 437, 438, 445, 446, 449, 454, 456, 459, 461, 462, 470, 475, 476, 482, 484, 487, 488, 489, 491, 494, 496, 502, 504, 511, 513, 515, 518, 521, 524, 525, 526, 528, 530, 534, 540, 541, 547, 552, 554, 555, 558, 563, 564, 565, 566, 569, 570, 571, 573, 580, 581, 583, 588, 591, 592, 602, 603, 604, 606, 607, 611, 613, 614, 615, 616, 618, 621, 623, 624, 625, 631, 632, 637, 638, 641, 642, 646, 649, 650, 652, 656, 658, 660, 661, 663, 664, 668, 672, 674, 676, 679, 681, 685, 688, 689, 690, 691, 693, 694, 695, 696, 697, 698, 701, 702, 704, 705, 707, 708, 709, 711, 712, 714, 717, 719, 722, 723, 727, 729, 730, 734, 735, 737, 738, 741, 742, 743, 745, 746, 747, 748, 749, 750, 752, 753, 757, 759, 760, 762, 763, 764, 765, 766, 769, 770]"
hcci_365,Q980_0h_WC,roi_365,Zeiss Gemini_BSE_5000.0kV_500.0x,254,3,0,0,770,1,"[1, 2, 3, 4, 5, 6, 7, 8, 9, 10, 11, 12, 13, 16, 17, 18, 19, 21, 22, 25, 27, 28, 31, 33, 35, 37, 38, 40, 45, 48, 49, 50, 53, 54, 55, 56, 57, 60, 61, 62, 63, 64, 67, 68, 70, 72, 73, 76, 78, 81, 83, 84, 86, 87, 89, 90, 91, 96, 101, 102, 103, 104, 111, 115, 120, 121, 134, 136, 138, 139, 141, 142, 144, 146, 147, 154, 168, 172, 176, 177, 178, 179, 181, 192, 195, 196, 198, 199, 201, 204, 207, 209, 211, 217, 219, 224, 225, 226, 227, 240, 245, 247, 251, 255, 256, 260, 261, 267, 269, 273, 274, 279, 281, 283, 287, 290, 299, 301, 303, 305, 307, 309, 310, 312, 320, 326, 331, 333, 335, 343, 344, 347, 349, 350, 358, 360, 361, 364, 366, 367, 371, 374, 375, 376, 378, 379, 382, 383, 389, 404, 405, 408, 410, 411, 414, 418, 421, 427, 431, 444, 447, 450, 455, 457, 464, 466, 492, 493, 501, 505, 510, 516, 524, 531, 539, 546, 547, 553, 558, 571, 573, 574, 575, 577, 578, 581, 584, 587, 588, 590, 592, 593, 602, 606, 607, 613, 619, 620, 624, 631, 633, 641, 651, 655, 667, 668, 671, 672, 677, 678, 679, 682, 684, 685, 686, 687, 688, 701, 703, 711, 712, 717, 718, 727, 728, 731, 734, 736, 737, 740, 741, 742, 744, 747, 748, 749, 751, 752, 754, 755, 756, 757, 758, 759, 760, 761, 763, 764, 765, 766, 767, 768, 769, 770]"
hcci_366,Q980_0h_WC,roi_366,Zeiss Gemini_BSE_5000.0kV_500.0x,254,3,0,0,770,2,"[2, 4, 6, 7, 8, 12, 13, 14, 15, 16, 17, 18, 21, 22, 23, 27, 29, 30, 31, 35, 36, 37, 38, 40, 41, 42, 45, 46, 47, 48, 50, 53, 54, 56, 58, 60, 63, 65, 68, 69, 71, 72, 75, 77, 79, 81, 85, 90, 92, 95, 97, 100, 102, 103, 105, 106, 107, 108, 113, 116, 119, 121, 123, 127, 132, 138, 141, 142, 143, 146, 148, 150, 152, 153, 155, 156, 162, 164, 167, 169, 170, 171, 172, 177, 179, 180, 183, 186, 192, 193, 194, 203, 206, 210, 214, 224, 227, 233, 239, 250, 254, 256, 265, 267, 269, 270, 271, 273, 274, 275, 277, 287, 288, 297, 298, 307, 308, 309, 310, 315, 319, 321, 326, 329, 334, 336, 342, 343, 344, 360, 365, 374, 385, 391, 395, 396, 403, 411, 414, 423, 439, 444, 446, 451, 455, 458, 459, 460, 469, 470, 481, 482, 489, 493, 495, 499, 506, 509, 513, 520, 522, 528, 533, 539, 545, 546, 559, 560, 566, 567, 568, 569, 572, 573, 578, 581, 588, 592, 595, 612, 614, 620, 629, 633, 634, 640, 641, 648, 650, 651, 652, 654, 655, 658, 660, 665, 668, 669, 673, 674, 678, 681, 684, 687, 688, 689, 690, 691, 693, 694, 697, 703, 704, 705, 709, 717, 718, 720, 728, 729, 730, 731, 732, 733, 734, 736, 739, 741, 745, 746, 747, 748, 749, 750, 751, 752, 753, 754, 755, 756, 757, 758, 759, 760, 761, 762, 763, 764, 765, 766, 767, 768, 769, 770]"
hcci_367,Q980_0h_WC,roi_367,Zeiss Gemini_InLens_5000.0kV_500.0x,254,3,0,0,770,2,"[2, 5, 6, 8, 11, 12, 14, 15, 18, 22, 23, 25, 26, 29, 31, 35, 37, 40, 41, 42, 44, 49, 51, 52, 53, 54, 56, 59, 63, 64, 68, 69, 73, 77, 81, 82, 83, 84, 86, 87, 88, 91, 94, 96, 97, 99, 102, 104, 108, 109, 110, 111, 112, 113, 115, 117, 118, 124, 125, 126, 127, 128, 130, 132, 137, 138, 140, 141, 142, 143, 144, 149, 152, 153, 154, 156, 160, 161, 163, 164, 165, 168, 170, 172, 174, 175, 178, 182, 183, 185, 187, 190, 193, 196, 197, 199, 206, 208, 210, 213, 215, 218, 231, 232, 233, 235, 236, 237, 239, 240, 242, 259, 264, 268, 276, 277, 279, 281, 283, 284, 288, 293, 311, 320, 322, 326, 328, 342, 346, 348, 352, 356, 358, 360, 361, 372, 375, 382, 384, 396, 399, 401, 407, 408, 409, 417, 431, 432, 440, 442, 445, 466, 472, 473, 475, 478, 481, 482, 484, 485, 487, 490, 499, 508, 512, 520, 521, 529, 530, 536, 539, 552, 554, 558, 563, 565, 568, 572, 582, 592, 597, 601, 602, 606, 608, 613, 614, 618, 623, 627, 629, 632, 634, 639, 646, 648, 649, 656, 657, 660, 661, 664, 665, 666, 671, 672, 674, 676, 677, 679, 681, 683, 686, 688, 689, 694, 698, 699, 700, 701, 702, 703, 705, 706, 707, 711, 715, 718, 720, 722, 723, 727, 731, 733, 734, 736, 739, 740, 742, 746, 747, 748, 750, 757, 759, 760, 761, 762, 764, 765, 766, 768, 769, 770]"
hcci_368,Q980_0h_WC,roi_368,Zeiss Gemini_InLens_5000.0kV_500.0x,254,3,0,0,770,2,"[2, 3, 5, 7, 8, 11, 12, 16, 18, 21, 22, 29, 31, 32, 33, 34, 36, 38, 39, 40, 42, 45, 46, 47, 48, 49, 52, 53, 55, 56, 62, 67, 70, 71, 73, 74, 75, 78, 80, 83, 84, 87, 88, 89, 91, 93, 95, 97, 101, 103, 104, 108, 110, 111, 113, 115, 117, 118, 119, 121, 122, 123, 125, 127, 130, 131, 132, 133, 134, 135, 136, 140, 141, 144, 148, 155, 156, 157, 158, 159, 163, 165, 167, 168, 170, 173, 176, 178, 180, 182, 183, 184, 185, 188, 191, 193, 195, 198, 200, 202, 210, 211, 214, 220, 224, 225, 235, 236, 241, 247, 251, 261, 265, 266, 268, 271, 277, 280, 281, 285, 287, 295, 312, 318, 331, 333, 341, 342, 343, 355, 357, 363, 364, 366, 368, 369, 372, 380, 383, 385, 394, 396, 399, 401, 402, 407, 415, 418, 442, 448, 453, 460, 463, 465, 466, 467, 474, 475, 485, 486, 495, 500, 507, 508, 513, 515, 523, 524, 525, 526, 534, 546, 557, 562, 563, 572, 573, 580, 587, 588, 591, 592, 604, 615, 620, 621, 626, 627, 631, 632, 633, 636, 640, 641, 646, 648, 651, 653, 657, 658, 659, 661, 665, 666, 671, 674, 675, 676, 678, 679, 681, 685, 686, 688, 691, 692, 693, 694, 695, 697, 700, 701, 703, 705, 706, 708, 709, 720, 721, 722, 723, 725, 732, 733, 734, 736, 737, 738, 742, 743, 745, 751, 753, 757, 758, 759, 761, 763, 764, 765, 766, 768, 769, 770]"
hcci_369,Q980_0h_WC,roi_369,Zeiss Gemini_SE_5000.0kV_2800.0x,254,3,0,0,770,1,"[1, 2, 3, 4, 5, 6, 7, 10, 14, 15, 17, 18, 19, 20, 21, 22, 23, 24, 25, 26, 27, 28, 29, 30, 31, 32, 33, 35, 37, 38, 39, 40, 41, 42, 43, 44, 47, 50, 52, 57, 58, 60, 62, 64, 65, 67, 68, 69, 70, 74, 75, 76, 79, 82, 83, 87, 88, 89, 90, 92, 93, 94, 97, 102, 104, 105, 109, 110, 111, 113, 116, 119, 121, 134, 136, 138, 139, 142, 144, 148, 155, 156, 165, 169, 171, 173, 174, 175, 176, 180, 181, 183, 186, 187, 192, 197, 205, 208, 210, 213, 214, 215, 216, 219, 220, 221, 222, 223, 227, 236, 237, 238, 242, 248, 258, 260, 261, 264, 266, 276, 281, 286, 287, 293, 305, 307, 308, 315, 318, 321, 322, 330, 332, 335, 357, 362, 369, 372, 375, 387, 391, 396, 404, 405, 418, 428, 436, 437, 441, 442, 446, 448, 451, 452, 455, 463, 464, 467, 472, 474, 481, 482, 486, 493, 496, 497, 502, 510, 511, 512, 513, 514, 517, 521, 527, 539, 540, 545, 546, 550, 553, 556, 558, 561, 576, 579, 586, 587, 590, 593, 595, 599, 600, 603, 617, 624, 640, 646, 649, 654, 663, 667, 668, 669, 675, 681, 685, 686, 691, 694, 695, 698, 699, 700, 701, 702, 713, 714, 715, 717, 718, 719, 721, 722, 723, 724, 725, 728, 729, 732, 733, 735, 736, 744, 745, 749, 750, 751, 752, 753, 754, 755, 756, 757, 759, 760, 761, 762, 763, 764, 766, 767, 768, 769]"
hcci_37,Q980_0h_WC,roi_37,Helios G4 PFIB CXe_SE_5000.0kV_1000.0x,254,3,0,0,770,1,"[1, 2, 3, 4, 5, 6, 7, 8, 9, 10, 11, 13, 14, 16, 17, 18, 19, 20, 21, 24, 30, 33, 35, 36, 37, 38, 41, 43, 44, 46, 47, 48, 49, 50, 52, 53, 54, 56, 57, 58, 59, 60, 61, 63, 66, 67, 69, 71, 75, 76, 77, 78, 79, 80, 84, 86, 88, 89, 90, 91, 93, 94, 97, 102, 104, 107, 109, 110, 111, 113, 114, 115, 117, 132, 135, 136, 140, 144, 145, 148, 154, 155, 157, 161, 162, 163, 164, 166, 167, 169, 170, 173, 175, 176, 177, 182, 183, 185, 191, 192, 196, 197, 200, 202, 205, 212, 213, 215, 220, 221, 224, 230, 231, 233, 237, 239, 240, 241, 246, 252, 253, 254, 255, 265, 266, 268, 274, 277, 278, 279, 284, 292, 296, 301, 302, 307, 315, 318, 328, 332, 337, 338, 340, 344, 348, 352, 356, 358, 360, 361, 363, 383, 397, 402, 404, 405, 413, 416, 418, 421, 423, 424, 430, 432, 437, 443, 444, 474, 476, 482, 491, 504, 506, 508, 514, 517, 520, 521, 526, 527, 529, 530, 531, 532, 534, 537, 543, 548, 549, 558, 559, 560, 561, 562, 565, 569, 573, 575, 577, 578, 579, 581, 586, 588, 603, 604, 606, 608, 611, 614, 618, 621, 633, 645, 648, 650, 653, 658, 659, 662, 668, 669, 675, 676, 679, 681, 684, 687, 691, 692, 694, 695, 697, 705, 708, 709, 710, 713, 717, 723, 724, 728, 732, 739, 745, 746, 748, 752, 753, 756, 757, 760, 764, 768]"
hcci_370,Q980_0h_WC,roi_370,Zeiss Gemini_SE_5000.0kV_2800.0x,254,3,0,0,770,1,"[1, 2, 3, 4, 5, 6, 7, 10, 12, 15, 16, 17, 19, 20, 21, 22, 23, 24, 25, 26, 27, 28, 29, 32, 33, 34, 36, 37, 38, 39, 42, 43, 44, 49, 51, 52, 53, 54, 56, 57, 59, 61, 62, 63, 64, 70, 71, 72, 77, 79, 82, 83, 84, 85, 89, 90, 94, 99, 100, 101, 102, 103, 105, 106, 107, 108, 109, 110, 113, 114, 127, 129, 136, 137, 139, 140, 148, 150, 155, 156, 157, 158, 159, 167, 168, 173, 175, 176, 183, 184, 188, 190, 198, 200, 204, 212, 216, 218, 220, 227, 229, 230, 231, 235, 238, 241, 244, 245, 251, 257, 258, 260, 262, 266, 270, 271, 273, 278, 283, 285, 286, 287, 298, 302, 305, 309, 310, 315, 317, 353, 355, 358, 360, 361, 362, 363, 367, 369, 371, 375, 379, 382, 387, 396, 402, 405, 407, 411, 418, 419, 421, 426, 428, 433, 448, 452, 455, 457, 458, 459, 461, 477, 482, 489, 490, 499, 500, 503, 507, 518, 521, 523, 524, 525, 529, 533, 534, 539, 542, 544, 546, 554, 564, 567, 570, 577, 578, 581, 588, 594, 595, 597, 610, 612, 614, 617, 626, 631, 639, 642, 646, 649, 660, 666, 669, 675, 676, 678, 686, 688, 693, 694, 701, 702, 703, 707, 709, 710, 713, 716, 718, 719, 721, 724, 725, 726, 727, 728, 729, 730, 732, 735, 738, 743, 746, 747, 750, 751, 753, 754, 755, 756, 757, 758, 759, 760, 761, 762, 763, 764, 765, 767, 768, 769]"
hcci_371,Q980_0h_WC,roi_371,Zeiss Gemini_BSE_5000.0kV_2800.0x,254,3,0,0,770,1,"[1, 2, 3, 4, 5, 6, 7, 8, 9, 10, 13, 14, 15, 17, 18, 19, 20, 21, 22, 23, 24, 26, 27, 28, 29, 30, 32, 34, 35, 36, 37, 38, 39, 42, 43, 44, 45, 46, 47, 48, 49, 50, 53, 54, 55, 58, 61, 62, 66, 70, 71, 73, 75, 76, 80, 81, 84, 85, 86, 93, 95, 96, 97, 106, 107, 114, 122, 125, 127, 136, 137, 144, 159, 162, 170, 173, 176, 190, 192, 195, 196, 201, 205, 206, 207, 210, 214, 216, 218, 230, 237, 240, 243, 247, 248, 253, 255, 256, 261, 262, 263, 264, 265, 269, 273, 276, 279, 280, 282, 283, 284, 285, 290, 292, 297, 298, 300, 303, 306, 308, 318, 323, 324, 327, 335, 336, 338, 340, 342, 343, 345, 349, 353, 357, 358, 359, 361, 362, 368, 375, 380, 381, 399, 404, 405, 407, 408, 413, 414, 419, 420, 425, 426, 431, 432, 434, 443, 446, 463, 464, 465, 466, 474, 478, 479, 482, 485, 489, 499, 504, 507, 509, 510, 512, 514, 518, 528, 531, 537, 539, 540, 541, 542, 549, 552, 554, 555, 557, 560, 561, 563, 565, 567, 575, 586, 588, 591, 592, 594, 595, 599, 602, 604, 607, 611, 618, 620, 624, 626, 630, 632, 634, 637, 638, 640, 645, 648, 651, 657, 659, 666, 671, 672, 681, 682, 683, 684, 685, 687, 692, 693, 696, 697, 701, 706, 707, 715, 717, 718, 720, 725, 729, 730, 733, 734, 737, 738, 739, 740, 747, 750, 752, 762, 765]"
hcci_372,Q980_0h_WC,roi_372,Zeiss Gemini_BSE_5000.0kV_2800.0x,254,3,0,0,770,1,"[1, 2, 3, 4, 5, 6, 7, 9, 10, 12, 13, 14, 15, 16, 18, 24, 26, 32, 35, 36, 37, 39, 41, 42, 43, 47, 49, 50, 52, 53, 54, 57, 58, 59, 61, 65, 68, 69, 71, 75, 80, 84, 86, 88, 92, 96, 98, 99, 101, 102, 104, 106, 107, 109, 112, 113, 117, 118, 119, 121, 122, 125, 126, 128, 136, 137, 141, 142, 150, 151, 157, 160, 163, 164, 168, 174, 175, 177, 181, 182, 186, 191, 192, 200, 205, 207, 208, 210, 215, 220, 225, 229, 230, 232, 233, 237, 239, 240, 246, 251, 253, 255, 256, 260, 263, 267, 268, 272, 274, 280, 281, 284, 286, 287, 288, 289, 294, 304, 306, 307, 312, 313, 314, 319, 321, 326, 331, 333, 335, 337, 339, 344, 352, 353, 355, 356, 357, 359, 365, 372, 373, 375, 379, 386, 388, 389, 392, 404, 407, 414, 417, 425, 426, 427, 429, 430, 434, 436, 439, 440, 441, 443, 444, 449, 450, 460, 461, 467, 468, 471, 473, 477, 484, 485, 489, 490, 503, 511, 515, 516, 518, 522, 524, 530, 533, 537, 538, 542, 544, 549, 557, 561, 563, 564, 568, 577, 581, 582, 587, 590, 593, 599, 603, 604, 610, 612, 613, 617, 620, 623, 624, 629, 634, 635, 637, 639, 642, 643, 651, 654, 655, 657, 665, 667, 675, 683, 685, 693, 694, 696, 697, 699, 701, 704, 708, 711, 712, 714, 717, 721, 722, 726, 736, 743, 744, 747, 753, 754, 756, 761, 762, 763, 765, 770]"
hcci_373,Q980_0h_WC,roi_373,Zeiss Gemini_InLens_5000.0kV_2800.0x,254,3,0,0,770,1,"[1, 2, 3, 4, 5, 6, 7, 8, 9, 10, 11, 12, 13, 14, 15, 16, 17, 18, 19, 20, 21, 22, 23, 24, 25, 26, 27, 28, 29, 30, 31, 32, 33, 34, 35, 36, 37, 38, 39, 40, 41, 42, 43, 44, 45, 46, 47, 48, 49, 50, 51, 52, 53, 54, 55, 56, 57, 58, 60, 61, 62, 64, 66, 67, 68, 69, 70, 71, 72, 73, 74, 77, 79, 83, 84, 88, 90, 93, 96, 103, 104, 106, 108, 109, 111, 112, 114, 115, 116, 119, 120, 123, 127, 128, 130, 136, 137, 141, 146, 148, 151, 152, 158, 164, 166, 169, 173, 175, 180, 182, 184, 187, 189, 192, 196, 198, 199, 203, 208, 214, 221, 224, 225, 226, 234, 237, 238, 239, 245, 248, 249, 257, 268, 269, 283, 293, 294, 297, 304, 307, 311, 315, 316, 318, 321, 324, 325, 327, 329, 335, 338, 344, 346, 350, 352, 354, 355, 357, 360, 366, 367, 368, 373, 374, 382, 383, 387, 391, 398, 403, 406, 407, 409, 412, 417, 419, 422, 425, 427, 429, 431, 436, 437, 444, 445, 448, 452, 456, 463, 467, 475, 488, 491, 492, 494, 500, 501, 506, 507, 516, 517, 521, 525, 526, 537, 542, 550, 552, 563, 571, 577, 585, 586, 591, 597, 615, 622, 623, 626, 628, 633, 643, 646, 655, 663, 671, 672, 673, 675, 693, 695, 705, 707, 710, 715, 719, 724, 725, 726, 740, 744, 749, 751, 752, 753, 756, 757, 760, 761, 762, 763, 765, 767, 768]"
hcci_374,Q980_0h_WC,roi_374,Zeiss Gemini_InLens_5000.0kV_2800.0x,254,3,0,0,770,1,"[1, 2, 3, 4, 5, 6, 7, 8, 9, 10, 11, 12, 13, 14, 15, 16, 17, 18, 19, 20, 21, 22, 23, 24, 25, 26, 27, 28, 29, 30, 31, 32, 33, 34, 35, 36, 37, 38, 39, 40, 41, 42, 43, 44, 45, 46, 47, 48, 49, 50, 51, 52, 53, 54, 55, 56, 57, 58, 60, 61, 62, 63, 64, 65, 66, 68, 69, 70, 72, 74, 75, 77, 81, 82, 84, 86, 89, 92, 94, 98, 107, 109, 110, 111, 115, 116, 122, 132, 133, 136, 139, 140, 141, 142, 147, 152, 155, 157, 158, 164, 165, 168, 172, 175, 178, 182, 183, 185, 187, 188, 189, 191, 193, 194, 198, 201, 206, 207, 214, 223, 224, 225, 231, 232, 236, 240, 241, 242, 247, 252, 258, 264, 277, 281, 282, 296, 297, 298, 304, 307, 308, 315, 317, 321, 324, 326, 327, 329, 331, 332, 334, 336, 339, 341, 345, 347, 350, 352, 353, 357, 358, 364, 365, 370, 374, 386, 389, 390, 391, 392, 393, 394, 398, 401, 405, 408, 409, 412, 413, 415, 416, 423, 434, 435, 441, 442, 444, 446, 452, 453, 455, 458, 460, 462, 463, 466, 469, 471, 479, 482, 487, 491, 492, 495, 498, 501, 509, 512, 516, 527, 548, 550, 551, 554, 583, 586, 595, 598, 599, 601, 606, 614, 621, 628, 637, 638, 643, 646, 653, 679, 692, 695, 698, 701, 717, 722, 723, 725, 728, 730, 731, 737, 739, 741, 742, 748, 749, 754, 759, 760, 761, 763, 764, 767]"
hcci_375,Q980_0h_WC,roi_375,Zeiss Gemini_SE_10000.0kV_500.0x,254,3,0,0,770,1,"[1, 2, 3, 4, 5, 6, 8, 15, 18, 20, 25, 33, 39, 41, 44, 52, 54, 57, 84, 85, 99, 112, 119, 167, 178, 183, 203, 206, 208, 210, 219, 221, 224, 227, 234, 239, 240, 243, 244, 246, 249, 252, 253, 255, 256, 257, 264, 266, 267, 268, 273, 276, 279, 281, 287, 288, 289, 291, 293, 294, 299, 301, 304, 306, 312, 316, 322, 326, 328, 334, 336, 341, 349, 350, 352, 353, 354, 359, 361, 363, 364, 365, 373, 374, 378, 382, 386, 387, 388, 391, 394, 395, 396, 398, 401, 402, 403, 404, 406, 410, 411, 413, 415, 418, 419, 423, 429, 434, 435, 440, 442, 447, 449, 454, 455, 456, 460, 461, 463, 464, 467, 471, 473, 475, 476, 479, 480, 482, 488, 491, 496, 500, 501, 503, 506, 507, 508, 509, 510, 512, 513, 517, 523, 525, 528, 530, 531, 534, 539, 548, 551, 552, 553, 555, 556, 563, 564, 567, 569, 576, 577, 581, 588, 592, 595, 598, 599, 601, 602, 604, 605, 611, 614, 618, 619, 620, 621, 622, 625, 629, 631, 638, 639, 642, 643, 644, 645, 647, 651, 656, 657, 660, 662, 664, 665, 666, 668, 670, 672, 673, 674, 675, 677, 679, 680, 681, 683, 685, 689, 690, 692, 695, 696, 697, 704, 705, 707, 709, 710, 711, 712, 715, 716, 718, 720, 721, 722, 723, 725, 727, 729, 730, 731, 734, 739, 740, 741, 748, 749, 750, 751, 752, 753, 754, 757, 758, 759, 760, 761, 763, 764, 766, 768, 770]"
hcci_376,Q980_0h_WC,roi_376,Zeiss Gemini_SE_10000.0kV_500.0x,254,3,0,0,770,1,"[1, 2, 3, 4, 5, 6, 7, 8, 9, 14, 21, 22, 33, 49, 64, 68, 70, 74, 77, 79, 81, 82, 86, 102, 115, 118, 130, 141, 144, 152, 155, 161, 170, 172, 175, 182, 196, 200, 201, 214, 216, 218, 226, 236, 237, 239, 241, 243, 247, 251, 253, 257, 261, 264, 276, 283, 284, 285, 291, 293, 300, 301, 304, 307, 308, 319, 326, 335, 337, 338, 339, 341, 342, 351, 353, 354, 356, 357, 362, 364, 365, 371, 374, 375, 376, 380, 381, 383, 386, 390, 391, 394, 395, 397, 399, 403, 405, 409, 419, 420, 421, 422, 424, 427, 428, 429, 430, 432, 434, 439, 441, 443, 448, 449, 455, 458, 459, 461, 462, 463, 469, 473, 484, 491, 493, 499, 500, 502, 504, 505, 512, 514, 515, 516, 521, 522, 526, 527, 528, 531, 534, 536, 537, 547, 548, 549, 552, 555, 558, 559, 560, 562, 563, 568, 569, 571, 572, 575, 576, 580, 584, 586, 588, 589, 594, 595, 598, 603, 605, 606, 609, 610, 612, 613, 614, 615, 617, 618, 622, 623, 628, 636, 637, 639, 642, 645, 647, 648, 652, 653, 654, 655, 656, 657, 658, 659, 660, 664, 668, 669, 671, 674, 675, 678, 684, 686, 687, 689, 690, 691, 692, 697, 698, 702, 705, 706, 707, 713, 714, 716, 717, 718, 720, 722, 723, 727, 730, 731, 732, 733, 735, 737, 738, 739, 745, 746, 747, 749, 750, 751, 752, 754, 756, 757, 758, 759, 760, 763, 764, 765, 766, 767, 768, 770]"
hcci_377,Q980_0h_WC,roi_377,Zeiss Gemini_BSE_10000.0kV_500.0x,254,3,0,0,770,1,"[1, 2, 3, 4, 5, 6, 7, 8, 9, 10, 11, 12, 13, 14, 15, 16, 17, 18, 19, 20, 21, 22, 23, 24, 25, 26, 27, 28, 29, 30, 31, 33, 34, 36, 37, 38, 42, 44, 46, 48, 50, 51, 52, 56, 57, 58, 61, 64, 69, 76, 82, 84, 88, 90, 92, 96, 97, 100, 102, 104, 106, 108, 111, 112, 115, 116, 117, 118, 120, 122, 125, 129, 134, 138, 139, 140, 142, 144, 145, 151, 153, 157, 158, 160, 163, 164, 168, 169, 170, 171, 172, 176, 177, 178, 180, 182, 184, 186, 191, 192, 194, 195, 198, 199, 200, 201, 203, 212, 214, 218, 222, 223, 224, 227, 229, 234, 238, 239, 249, 261, 264, 272, 274, 275, 280, 292, 293, 300, 304, 309, 316, 319, 323, 324, 328, 333, 338, 340, 348, 354, 356, 375, 376, 380, 382, 386, 388, 396, 403, 410, 411, 412, 413, 424, 425, 426, 433, 436, 437, 441, 443, 444, 445, 448, 453, 457, 458, 476, 481, 485, 488, 493, 501, 504, 510, 512, 515, 517, 521, 525, 528, 534, 539, 540, 545, 552, 553, 554, 562, 568, 573, 582, 583, 591, 594, 605, 606, 626, 627, 630, 634, 637, 641, 642, 643, 653, 655, 666, 667, 672, 673, 676, 677, 679, 681, 683, 695, 698, 699, 701, 703, 707, 713, 716, 718, 721, 724, 733, 734, 740, 742, 744, 745, 746, 747, 748, 749, 750, 753, 755, 756, 757, 758, 759, 760, 762, 763, 764, 765, 766, 767, 768, 769, 770]"
hcci_378,Q980_0h_WC,roi_378,Zeiss Gemini_BSE_10000.0kV_500.0x,254,3,0,0,770,1,"[1, 2, 3, 4, 7, 8, 9, 11, 12, 13, 15, 16, 17, 18, 19, 20, 21, 23, 25, 26, 27, 28, 29, 30, 31, 33, 37, 38, 39, 40, 41, 42, 44, 47, 49, 50, 51, 53, 56, 57, 58, 59, 63, 68, 70, 73, 75, 76, 78, 79, 81, 83, 84, 86, 89, 90, 91, 94, 95, 97, 98, 100, 101, 102, 103, 105, 113, 114, 117, 118, 120, 123, 125, 126, 127, 129, 135, 137, 141, 143, 149, 150, 153, 155, 157, 162, 163, 165, 166, 175, 176, 178, 184, 185, 189, 193, 195, 196, 204, 207, 209, 217, 223, 228, 230, 232, 234, 238, 245, 247, 249, 255, 256, 260, 261, 263, 265, 268, 273, 278, 279, 280, 286, 293, 301, 322, 325, 335, 342, 344, 358, 360, 361, 364, 365, 368, 370, 379, 381, 395, 404, 405, 409, 417, 431, 432, 438, 443, 453, 456, 462, 467, 470, 471, 477, 484, 487, 492, 494, 497, 503, 518, 520, 522, 525, 530, 548, 549, 550, 554, 555, 563, 569, 572, 579, 583, 586, 588, 594, 597, 606, 612, 616, 623, 628, 632, 636, 642, 647, 650, 653, 654, 657, 658, 659, 663, 664, 665, 666, 667, 670, 674, 675, 676, 679, 683, 685, 688, 690, 692, 695, 696, 705, 714, 718, 719, 720, 722, 725, 727, 729, 730, 733, 734, 735, 737, 738, 741, 743, 744, 745, 746, 747, 748, 750, 752, 753, 754, 755, 756, 757, 758, 759, 760, 761, 762, 763, 764, 765, 766, 767, 768, 769, 770]"
hcci_379,Q980_0h_WC,roi_379,Zeiss Gemini_InLens_10000.0kV_500.0x,254,3,0,0,770,3,"[3, 4, 7, 10, 11, 14, 17, 18, 19, 20, 21, 22, 23, 24, 25, 26, 27, 28, 29, 30, 31, 32, 33, 34, 35, 36, 37, 38, 40, 41, 42, 43, 45, 46, 47, 48, 49, 50, 51, 52, 54, 55, 57, 58, 59, 61, 62, 63, 64, 65, 66, 67, 68, 69, 73, 74, 76, 79, 82, 83, 85, 86, 87, 89, 90, 92, 94, 96, 97, 99, 100, 101, 105, 109, 110, 112, 113, 116, 117, 122, 123, 124, 126, 128, 129, 131, 134, 135, 138, 147, 149, 150, 157, 158, 164, 168, 170, 171, 172, 176, 178, 183, 186, 189, 190, 197, 200, 202, 203, 206, 208, 223, 224, 226, 228, 233, 235, 239, 240, 241, 244, 248, 255, 257, 261, 264, 267, 269, 270, 271, 273, 276, 277, 284, 289, 292, 293, 295, 300, 325, 327, 330, 335, 338, 342, 353, 361, 372, 378, 380, 381, 383, 387, 391, 400, 404, 417, 430, 439, 441, 450, 452, 456, 459, 464, 467, 468, 471, 484, 488, 497, 510, 513, 515, 518, 524, 526, 542, 548, 549, 550, 551, 552, 554, 558, 572, 575, 581, 589, 590, 594, 598, 604, 609, 610, 612, 613, 621, 636, 641, 651, 653, 654, 657, 658, 659, 662, 672, 676, 678, 680, 681, 682, 685, 686, 690, 693, 694, 699, 703, 705, 713, 716, 717, 718, 725, 730, 731, 733, 734, 738, 740, 741, 742, 743, 745, 746, 747, 751, 752, 756, 758, 759, 760, 761, 762, 763, 764, 765, 766, 767, 768, 769, 770]"
hcci_38,Q980_0h_WC,roi_38,Helios G4 PFIB CXe_SE_5000.0kV_1000.0x,254,3,0,0,770,1,"[1, 2, 3, 4, 5, 6, 7, 8, 9, 10, 11, 13, 14, 15, 16, 17, 18, 19, 20, 23, 24, 26, 29, 31, 32, 34, 35, 37, 38, 39, 40, 41, 46, 47, 48, 49, 50, 51, 54, 55, 56, 57, 58, 59, 60, 62, 63, 65, 67, 69, 71, 72, 74, 76, 78, 81, 82, 83, 85, 88, 90, 92, 94, 95, 96, 99, 100, 101, 104, 106, 108, 120, 121, 123, 125, 131, 132, 133, 134, 136, 139, 148, 149, 150, 153, 154, 155, 156, 162, 163, 165, 166, 167, 173, 174, 176, 177, 181, 183, 186, 191, 192, 194, 196, 198, 206, 207, 208, 209, 215, 217, 220, 222, 224, 225, 230, 231, 232, 233, 234, 237, 248, 250, 251, 256, 257, 261, 264, 280, 282, 283, 286, 288, 289, 292, 297, 303, 307, 310, 311, 316, 320, 321, 323, 329, 336, 338, 340, 343, 346, 350, 355, 359, 361, 363, 367, 384, 391, 396, 402, 405, 412, 420, 421, 431, 433, 446, 447, 448, 451, 452, 455, 463, 465, 467, 469, 478, 482, 487, 495, 502, 509, 522, 523, 524, 528, 531, 535, 538, 541, 543, 550, 554, 558, 561, 562, 563, 564, 566, 567, 568, 569, 572, 575, 578, 586, 587, 599, 602, 603, 607, 611, 613, 624, 630, 634, 640, 642, 652, 654, 655, 656, 659, 669, 670, 684, 685, 687, 688, 689, 692, 694, 700, 702, 708, 709, 711, 715, 719, 721, 724, 740, 748, 750, 752, 753, 755, 756, 758, 761, 763, 764, 765, 768]"
hcci_380,Q980_0h_WC,roi_380,Zeiss Gemini_InLens_10000.0kV_500.0x,254,3,0,0,770,3,"[3, 4, 8, 9, 11, 13, 14, 15, 18, 19, 20, 22, 23, 24, 25, 26, 27, 28, 29, 30, 31, 32, 33, 34, 35, 36, 37, 38, 39, 40, 41, 42, 43, 44, 45, 46, 47, 48, 50, 52, 55, 57, 58, 59, 61, 63, 65, 66, 68, 70, 74, 75, 76, 78, 80, 82, 83, 85, 87, 88, 89, 91, 92, 93, 95, 96, 97, 98, 100, 101, 102, 103, 107, 108, 111, 112, 114, 115, 116, 119, 120, 122, 123, 124, 125, 127, 132, 138, 141, 143, 145, 146, 155, 158, 161, 165, 166, 170, 173, 174, 175, 178, 184, 193, 195, 208, 214, 217, 229, 230, 237, 239, 243, 246, 254, 256, 259, 261, 265, 267, 269, 272, 273, 276, 282, 284, 292, 293, 302, 307, 308, 310, 313, 316, 318, 320, 321, 325, 334, 339, 341, 345, 348, 358, 368, 371, 372, 376, 377, 389, 396, 397, 399, 402, 407, 414, 424, 435, 436, 437, 443, 453, 464, 469, 475, 480, 489, 492, 493, 503, 510, 518, 519, 532, 533, 545, 551, 555, 563, 571, 572, 574, 575, 584, 594, 595, 598, 600, 605, 606, 612, 615, 616, 617, 620, 621, 624, 629, 640, 641, 651, 661, 663, 665, 669, 670, 672, 673, 678, 679, 687, 690, 694, 698, 700, 708, 709, 711, 713, 716, 717, 718, 723, 727, 728, 730, 731, 734, 738, 739, 740, 742, 743, 744, 746, 747, 748, 750, 752, 754, 757, 758, 759, 760, 761, 762, 763, 764, 765, 766, 767, 768, 769, 770]"
hcci_381,Q980_0h_WC,roi_381,Zeiss Gemini_SE_10000.0kV_2800.0x,254,3,0,0,770,1,"[1, 2, 3, 4, 5, 6, 8, 14, 15, 16, 17, 18, 19, 20, 21, 22, 23, 24, 26, 27, 28, 29, 30, 31, 32, 34, 35, 37, 38, 39, 40, 41, 43, 44, 45, 46, 47, 48, 49, 51, 52, 53, 54, 56, 57, 58, 64, 65, 66, 67, 70, 72, 75, 76, 77, 80, 81, 82, 83, 84, 85, 90, 92, 96, 97, 98, 105, 110, 111, 114, 115, 118, 125, 129, 131, 133, 135, 137, 140, 142, 146, 148, 155, 157, 158, 168, 172, 175, 178, 179, 180, 181, 190, 195, 196, 204, 206, 210, 211, 212, 213, 214, 215, 217, 229, 233, 234, 236, 238, 239, 249, 254, 256, 257, 260, 261, 263, 271, 273, 274, 284, 289, 290, 291, 298, 300, 307, 308, 315, 318, 319, 325, 327, 328, 346, 347, 351, 355, 356, 357, 358, 360, 361, 363, 365, 367, 373, 374, 377, 379, 384, 400, 402, 403, 417, 419, 429, 435, 453, 457, 458, 466, 467, 473, 478, 484, 489, 490, 505, 507, 510, 519, 525, 526, 535, 545, 547, 552, 553, 556, 561, 565, 568, 575, 576, 578, 581, 584, 585, 586, 587, 588, 590, 593, 597, 601, 603, 609, 613, 614, 620, 622, 625, 626, 632, 633, 638, 644, 649, 651, 652, 653, 656, 657, 659, 661, 664, 671, 679, 691, 692, 694, 699, 700, 704, 712, 713, 717, 720, 722, 723, 732, 733, 738, 741, 745, 747, 749, 750, 752, 754, 755, 756, 757, 758, 759, 760, 762, 763, 764, 765, 767, 768, 769]"
hcci_382,Q980_0h_WC,roi_382,Zeiss Gemini_SE_10000.0kV_2800.0x,254,3,0,0,770,1,"[1, 2, 3, 4, 5, 6, 7, 14, 15, 16, 17, 18, 19, 20, 21, 22, 23, 24, 25, 26, 28, 29, 30, 31, 32, 33, 34, 35, 36, 38, 39, 40, 41, 42, 44, 45, 46, 47, 48, 49, 52, 53, 55, 56, 57, 58, 59, 61, 64, 66, 67, 69, 70, 74, 75, 77, 82, 83, 84, 85, 86, 87, 88, 90, 92, 93, 96, 98, 103, 105, 108, 114, 118, 119, 121, 124, 125, 126, 127, 129, 134, 139, 142, 143, 145, 146, 148, 149, 153, 156, 158, 164, 167, 168, 170, 175, 176, 187, 192, 193, 197, 198, 211, 214, 216, 221, 225, 232, 233, 237, 240, 242, 253, 254, 258, 261, 263, 267, 268, 270, 273, 279, 281, 288, 291, 293, 294, 295, 297, 298, 306, 307, 308, 312, 313, 323, 329, 332, 335, 337, 339, 342, 343, 350, 355, 356, 360, 361, 365, 367, 370, 372, 384, 386, 396, 408, 415, 426, 428, 437, 441, 448, 453, 457, 466, 467, 469, 482, 485, 494, 497, 501, 506, 512, 516, 523, 525, 527, 534, 535, 536, 540, 541, 549, 550, 561, 568, 574, 581, 585, 586, 592, 595, 598, 600, 606, 608, 609, 612, 613, 620, 623, 624, 627, 628, 630, 631, 633, 639, 645, 646, 648, 653, 659, 661, 663, 668, 677, 678, 681, 686, 693, 694, 696, 697, 703, 707, 714, 717, 718, 722, 728, 729, 731, 733, 741, 743, 745, 749, 751, 752, 754, 755, 757, 758, 759, 760, 761, 763, 764, 766, 767, 768, 769]"
hcci_383,Q980_0h_WC,roi_383,Zeiss Gemini_BSE_10000.0kV_2800.0x,254,3,0,0,770,1,"[1, 2, 3, 4, 5, 6, 7, 8, 9, 10, 11, 12, 13, 14, 15, 16, 18, 19, 20, 21, 22, 23, 24, 26, 28, 29, 30, 32, 36, 38, 39, 40, 41, 43, 47, 48, 49, 50, 51, 59, 61, 63, 70, 72, 75, 77, 82, 84, 85, 87, 89, 90, 93, 96, 97, 101, 102, 104, 105, 107, 112, 115, 134, 147, 150, 152, 154, 162, 165, 166, 168, 170, 171, 173, 174, 176, 178, 179, 181, 187, 191, 196, 198, 215, 219, 222, 226, 232, 233, 235, 238, 242, 250, 251, 252, 255, 256, 259, 261, 268, 275, 277, 278, 291, 292, 294, 298, 299, 302, 320, 323, 326, 328, 332, 333, 336, 339, 341, 347, 352, 353, 355, 361, 362, 364, 366, 367, 371, 372, 375, 379, 381, 382, 393, 394, 395, 397, 398, 400, 404, 413, 416, 417, 419, 422, 423, 426, 427, 431, 433, 436, 438, 439, 446, 447, 469, 471, 472, 478, 493, 498, 499, 503, 506, 508, 509, 510, 512, 513, 516, 519, 522, 530, 537, 541, 544, 552, 553, 556, 557, 560, 561, 562, 564, 565, 567, 570, 576, 582, 585, 586, 594, 604, 609, 610, 612, 617, 618, 619, 620, 622, 623, 624, 625, 628, 633, 634, 645, 647, 648, 649, 650, 653, 654, 655, 656, 658, 662, 664, 666, 670, 673, 678, 682, 686, 689, 690, 694, 695, 697, 699, 702, 705, 710, 711, 716, 717, 718, 725, 729, 730, 731, 733, 734, 736, 737, 739, 740, 742, 744, 748, 749, 754, 758]"
hcci_384,Q980_0h_WC,roi_384,Zeiss Gemini_BSE_10000.0kV_2800.0x,254,3,0,0,770,1,"[1, 2, 3, 4, 5, 6, 7, 8, 9, 10, 13, 14, 15, 17, 18, 22, 24, 27, 29, 31, 32, 36, 38, 39, 44, 46, 47, 58, 59, 64, 67, 68, 69, 71, 72, 73, 77, 78, 80, 83, 84, 85, 86, 87, 89, 90, 91, 93, 94, 97, 99, 106, 110, 114, 115, 117, 121, 123, 124, 127, 130, 131, 134, 138, 140, 146, 148, 151, 156, 165, 167, 178, 179, 182, 185, 187, 190, 196, 197, 200, 201, 203, 209, 210, 213, 214, 217, 221, 229, 232, 235, 238, 239, 244, 245, 246, 252, 259, 261, 262, 265, 267, 274, 279, 284, 293, 302, 306, 308, 315, 319, 320, 322, 323, 329, 332, 334, 336, 340, 341, 342, 344, 346, 351, 352, 358, 360, 364, 366, 368, 372, 376, 377, 378, 382, 384, 385, 389, 392, 394, 399, 403, 404, 405, 406, 410, 412, 415, 416, 419, 420, 424, 433, 435, 438, 443, 447, 450, 452, 457, 459, 466, 469, 472, 476, 491, 499, 500, 501, 506, 511, 513, 514, 515, 516, 518, 519, 520, 525, 530, 531, 534, 546, 547, 548, 550, 555, 560, 561, 562, 563, 565, 566, 568, 569, 571, 573, 577, 578, 579, 580, 586, 598, 599, 600, 601, 614, 617, 619, 622, 623, 628, 630, 631, 632, 637, 641, 645, 651, 653, 666, 667, 669, 673, 674, 683, 689, 695, 697, 700, 701, 703, 705, 706, 707, 708, 715, 716, 719, 726, 730, 732, 733, 735, 740, 747, 751, 754, 755, 756, 762, 764, 766, 770]"
hcci_385,Q980_0h_WC,roi_385,Zeiss Gemini_InLens_10000.0kV_2800.0x,254,3,0,0,770,1,"[1, 2, 4, 8, 9, 11, 13, 15, 16, 19, 20, 21, 22, 25, 28, 29, 30, 31, 32, 38, 39, 40, 41, 42, 43, 44, 53, 60, 62, 70, 71, 72, 74, 84, 91, 108, 112, 124, 126, 131, 142, 145, 152, 154, 156, 164, 165, 172, 174, 180, 183, 184, 187, 189, 190, 192, 218, 219, 226, 233, 234, 235, 237, 242, 243, 247, 248, 251, 253, 255, 256, 258, 263, 273, 274, 284, 289, 298, 301, 304, 330, 331, 349, 350, 351, 355, 356, 364, 366, 369, 381, 388, 389, 391, 393, 399, 403, 408, 409, 412, 413, 418, 423, 427, 429, 430, 433, 434, 436, 437, 438, 440, 441, 442, 444, 445, 454, 460, 463, 464, 466, 469, 471, 475, 477, 478, 482, 488, 489, 498, 501, 502, 506, 508, 511, 513, 516, 517, 519, 521, 526, 527, 529, 537, 540, 542, 543, 550, 553, 555, 560, 561, 562, 566, 567, 570, 571, 578, 583, 585, 586, 588, 589, 590, 591, 594, 596, 597, 599, 601, 602, 603, 606, 611, 616, 621, 622, 623, 626, 629, 630, 631, 636, 638, 639, 643, 644, 645, 647, 648, 650, 651, 652, 653, 667, 668, 671, 672, 673, 674, 677, 678, 683, 685, 686, 687, 689, 692, 693, 694, 695, 697, 703, 704, 709, 710, 713, 715, 716, 717, 719, 720, 721, 723, 726, 728, 729, 730, 731, 732, 734, 736, 737, 739, 740, 741, 742, 743, 744, 745, 746, 747, 749, 750, 754, 755, 757, 759, 760, 761, 762, 763, 764, 769]"
hcci_386,Q980_0h_WC,roi_386,Zeiss Gemini_InLens_10000.0kV_2800.0x,254,3,0,0,770,1,"[1, 2, 3, 4, 6, 7, 8, 10, 11, 13, 15, 16, 17, 18, 19, 20, 21, 22, 23, 24, 29, 30, 33, 34, 40, 44, 50, 55, 61, 65, 67, 69, 70, 71, 76, 80, 81, 86, 87, 91, 95, 97, 99, 100, 103, 106, 120, 122, 133, 136, 137, 141, 142, 144, 147, 156, 158, 163, 164, 166, 169, 176, 177, 178, 179, 182, 186, 198, 199, 201, 205, 206, 209, 217, 224, 225, 226, 228, 238, 246, 255, 264, 266, 270, 272, 273, 274, 277, 278, 282, 288, 290, 291, 303, 306, 310, 315, 322, 325, 331, 334, 342, 346, 353, 356, 363, 369, 373, 374, 375, 376, 377, 378, 381, 382, 383, 384, 389, 391, 394, 396, 397, 398, 404, 407, 411, 418, 421, 423, 424, 425, 430, 432, 436, 439, 442, 444, 450, 453, 454, 456, 464, 469, 471, 478, 480, 483, 485, 487, 492, 494, 496, 497, 498, 499, 508, 514, 518, 520, 523, 527, 528, 530, 531, 533, 542, 548, 552, 560, 567, 569, 573, 574, 577, 578, 579, 590, 591, 592, 593, 594, 603, 606, 620, 625, 626, 628, 630, 633, 636, 643, 647, 648, 650, 651, 653, 655, 656, 657, 658, 660, 662, 663, 664, 668, 671, 672, 673, 674, 679, 682, 683, 685, 688, 689, 690, 692, 694, 695, 696, 699, 701, 703, 705, 707, 709, 718, 719, 720, 722, 724, 725, 729, 731, 732, 734, 735, 736, 737, 739, 742, 743, 746, 748, 749, 752, 753, 755, 757, 761, 762, 763, 764, 766]"
hcci_387,Q980_0h_WC,roi_387,Zeiss Gemini_SE_20000.0kV_500.0x,254,3,0,0,770,1,"[1, 2, 3, 4, 5, 6, 8, 14, 15, 16, 20, 29, 35, 38, 43, 44, 45, 63, 64, 65, 68, 79, 89, 96, 116, 119, 121, 123, 131, 133, 138, 145, 156, 158, 172, 179, 184, 187, 190, 191, 194, 203, 207, 211, 214, 219, 228, 232, 233, 237, 242, 243, 246, 254, 259, 263, 265, 266, 275, 282, 285, 287, 288, 289, 290, 291, 297, 303, 308, 311, 319, 321, 322, 325, 327, 329, 330, 331, 334, 336, 341, 342, 347, 349, 353, 355, 356, 358, 360, 361, 365, 371, 374, 378, 380, 381, 390, 391, 401, 402, 404, 405, 411, 419, 420, 422, 426, 429, 431, 434, 436, 440, 443, 445, 446, 447, 450, 454, 461, 463, 468, 473, 474, 478, 479, 485, 486, 487, 498, 500, 503, 504, 505, 506, 509, 513, 514, 515, 522, 523, 524, 526, 527, 531, 532, 534, 535, 539, 542, 543, 545, 547, 548, 553, 554, 555, 556, 557, 562, 563, 565, 568, 570, 576, 577, 578, 581, 588, 590, 592, 595, 597, 600, 601, 606, 608, 616, 618, 620, 621, 622, 625, 626, 628, 631, 632, 634, 635, 636, 637, 638, 642, 643, 647, 650, 651, 657, 658, 662, 665, 667, 668, 672, 678, 679, 680, 682, 683, 686, 689, 691, 692, 695, 696, 698, 699, 701, 703, 704, 707, 710, 711, 713, 715, 719, 720, 722, 724, 726, 727, 729, 731, 733, 735, 737, 742, 744, 747, 748, 750, 751, 753, 754, 756, 757, 758, 761, 763, 764, 765, 766, 767, 769, 770]"
hcci_388,Q980_0h_WC,roi_388,Zeiss Gemini_SE_20000.0kV_500.0x,254,3,0,0,770,1,"[1, 2, 3, 4, 5, 6, 7, 8, 9, 16, 19, 22, 33, 43, 45, 46, 47, 49, 55, 59, 71, 88, 91, 100, 106, 112, 113, 119, 126, 128, 136, 137, 150, 152, 154, 161, 166, 171, 174, 185, 192, 193, 196, 199, 208, 212, 214, 238, 240, 241, 242, 243, 244, 246, 248, 249, 250, 251, 255, 256, 257, 258, 260, 265, 283, 284, 285, 294, 295, 301, 307, 308, 309, 314, 317, 318, 322, 323, 328, 331, 332, 334, 335, 338, 347, 352, 355, 359, 360, 363, 365, 371, 374, 379, 382, 383, 384, 386, 387, 388, 391, 402, 404, 406, 408, 411, 413, 414, 415, 416, 418, 429, 431, 434, 435, 437, 441, 446, 457, 465, 467, 468, 469, 475, 476, 478, 487, 493, 494, 496, 499, 503, 504, 505, 507, 508, 509, 510, 513, 515, 516, 517, 519, 521, 524, 530, 534, 537, 541, 543, 546, 547, 548, 551, 556, 563, 564, 567, 571, 572, 573, 574, 576, 577, 579, 580, 583, 584, 588, 590, 592, 593, 596, 597, 599, 600, 603, 607, 612, 618, 619, 621, 627, 628, 631, 634, 635, 636, 637, 638, 639, 640, 645, 646, 652, 653, 654, 657, 659, 661, 664, 665, 666, 668, 670, 673, 679, 682, 683, 686, 687, 688, 695, 700, 704, 706, 707, 708, 709, 712, 713, 714, 715, 717, 720, 721, 723, 725, 727, 729, 733, 734, 736, 740, 742, 743, 744, 746, 748, 750, 751, 754, 755, 756, 759, 760, 761, 762, 763, 765, 766, 767, 769, 770]"
hcci_389,Q980_0h_WC,roi_389,Zeiss Gemini_BSE_20000.0kV_500.0x,254,3,0,0,770,1,"[1, 2, 3, 4, 5, 6, 7, 8, 9, 10, 11, 12, 13, 14, 15, 16, 17, 18, 19, 20, 21, 22, 23, 24, 25, 26, 27, 28, 29, 30, 31, 32, 33, 34, 36, 37, 38, 39, 42, 43, 44, 45, 47, 49, 50, 51, 52, 55, 57, 58, 59, 60, 62, 64, 65, 66, 68, 69, 70, 74, 76, 79, 80, 83, 89, 90, 91, 97, 99, 101, 102, 104, 105, 107, 108, 109, 110, 112, 116, 119, 122, 123, 126, 128, 129, 131, 134, 135, 141, 149, 151, 156, 161, 162, 164, 167, 171, 177, 186, 191, 193, 197, 201, 215, 219, 220, 224, 225, 226, 229, 230, 233, 241, 244, 245, 248, 249, 253, 269, 270, 280, 289, 291, 294, 302, 304, 308, 318, 323, 326, 336, 349, 353, 358, 365, 368, 369, 375, 376, 381, 388, 389, 393, 395, 403, 404, 407, 408, 409, 411, 414, 419, 423, 429, 430, 437, 440, 443, 445, 447, 449, 451, 458, 464, 465, 472, 476, 495, 497, 500, 508, 511, 517, 521, 525, 526, 530, 535, 538, 543, 553, 554, 558, 563, 564, 567, 572, 576, 588, 589, 590, 592, 593, 598, 612, 613, 620, 621, 625, 631, 635, 638, 640, 644, 647, 649, 652, 656, 662, 677, 679, 681, 686, 690, 692, 696, 698, 700, 701, 703, 704, 706, 710, 711, 713, 719, 720, 721, 722, 724, 726, 727, 731, 732, 736, 737, 738, 739, 743, 745, 746, 747, 748, 749, 754, 755, 759, 762, 764, 765, 767, 768, 769, 770]"
hcci_39,Q980_0h_WC,roi_39,Helios G4 PFIB CXe_BSE_5000.0kV_1000.0x,254,3,0,0,770,1,"[1, 2, 3, 4, 5, 6, 7, 8, 10, 11, 13, 15, 16, 17, 18, 19, 23, 24, 26, 27, 28, 29, 30, 31, 34, 35, 36, 40, 42, 43, 44, 45, 46, 48, 49, 51, 52, 53, 54, 55, 56, 57, 58, 59, 60, 61, 69, 70, 73, 74, 75, 77, 80, 81, 82, 83, 85, 88, 90, 92, 93, 98, 99, 104, 106, 108, 111, 112, 113, 114, 115, 117, 121, 126, 128, 134, 135, 140, 141, 144, 145, 150, 151, 155, 157, 158, 159, 160, 162, 164, 166, 169, 171, 176, 179, 180, 182, 184, 187, 190, 194, 199, 202, 204, 208, 209, 210, 214, 219, 221, 223, 224, 225, 231, 234, 235, 240, 242, 244, 250, 252, 254, 255, 259, 267, 268, 271, 278, 279, 282, 288, 294, 296, 301, 302, 304, 306, 310, 311, 313, 315, 319, 321, 326, 335, 337, 338, 339, 340, 341, 344, 347, 349, 351, 353, 362, 365, 367, 371, 372, 373, 380, 385, 393, 396, 398, 410, 411, 428, 433, 436, 437, 438, 453, 454, 465, 476, 480, 484, 519, 521, 527, 529, 531, 535, 539, 543, 545, 547, 548, 549, 553, 558, 560, 561, 563, 565, 567, 570, 577, 582, 585, 587, 594, 602, 613, 614, 617, 618, 620, 629, 634, 635, 638, 639, 641, 648, 653, 654, 655, 660, 667, 668, 671, 675, 676, 677, 682, 701, 702, 703, 706, 707, 710, 711, 712, 716, 717, 729, 731, 733, 735, 736, 742, 746, 749, 754, 755, 759, 762, 765, 768, 769, 770]"
hcci_390,Q980_0h_WC,roi_390,Zeiss Gemini_BSE_20000.0kV_500.0x,254,3,0,0,770,1,"[1, 2, 3, 4, 5, 6, 7, 8, 9, 10, 11, 12, 13, 14, 15, 16, 17, 18, 19, 20, 21, 22, 23, 24, 25, 26, 27, 28, 29, 30, 31, 32, 33, 34, 35, 36, 39, 40, 42, 43, 44, 46, 47, 48, 54, 55, 56, 57, 58, 59, 60, 61, 62, 63, 64, 65, 67, 68, 71, 77, 80, 81, 84, 93, 95, 97, 99, 104, 105, 106, 109, 110, 112, 113, 114, 115, 121, 122, 123, 124, 125, 129, 130, 133, 134, 142, 145, 146, 148, 149, 150, 152, 156, 159, 163, 164, 170, 172, 173, 180, 186, 191, 196, 198, 205, 207, 209, 210, 213, 221, 223, 226, 237, 242, 255, 256, 257, 259, 262, 266, 268, 269, 270, 276, 279, 290, 295, 299, 300, 303, 315, 322, 353, 361, 370, 373, 376, 378, 382, 389, 396, 403, 405, 413, 421, 422, 425, 432, 434, 439, 441, 446, 448, 449, 455, 456, 468, 473, 474, 478, 491, 498, 501, 508, 510, 512, 518, 526, 536, 547, 549, 553, 555, 556, 557, 562, 564, 565, 568, 573, 574, 580, 581, 586, 587, 596, 602, 603, 604, 607, 611, 615, 619, 620, 633, 636, 638, 652, 653, 658, 661, 664, 666, 667, 671, 676, 677, 678, 679, 680, 685, 687, 688, 694, 699, 703, 704, 705, 706, 708, 709, 710, 712, 714, 715, 716, 721, 726, 728, 729, 731, 734, 735, 737, 739, 740, 741, 742, 745, 749, 750, 751, 752, 754, 755, 759, 760, 762, 764, 766, 767, 768, 769, 770]"
hcci_391,Q980_0h_WC,roi_391,Zeiss Gemini_InLens_20000.0kV_500.0x,254,3,0,0,770,3,"[3, 4, 5, 6, 7, 16, 17, 18, 21, 27, 28, 29, 30, 32, 33, 35, 36, 37, 38, 40, 41, 42, 44, 50, 52, 53, 56, 57, 58, 60, 62, 63, 64, 66, 67, 69, 70, 72, 74, 78, 79, 80, 81, 83, 85, 88, 90, 91, 92, 93, 96, 97, 99, 100, 101, 105, 106, 108, 109, 110, 111, 114, 115, 116, 117, 118, 123, 126, 127, 130, 134, 135, 136, 138, 143, 144, 150, 159, 163, 165, 171, 177, 197, 200, 201, 205, 206, 207, 213, 224, 226, 233, 234, 236, 240, 246, 248, 259, 261, 263, 266, 269, 272, 276, 277, 279, 286, 296, 297, 299, 300, 301, 304, 309, 331, 332, 336, 337, 338, 341, 351, 354, 357, 360, 364, 378, 379, 384, 388, 390, 394, 400, 403, 410, 411, 417, 420, 421, 429, 432, 435, 440, 442, 447, 460, 461, 464, 465, 466, 474, 478, 482, 484, 487, 519, 524, 540, 543, 544, 545, 548, 549, 550, 552, 554, 555, 562, 566, 568, 573, 578, 579, 590, 591, 592, 598, 604, 605, 606, 613, 614, 616, 618, 623, 624, 625, 626, 635, 636, 637, 639, 641, 642, 646, 648, 649, 650, 652, 655, 661, 662, 665, 666, 667, 670, 672, 675, 678, 683, 686, 688, 689, 695, 696, 698, 700, 701, 702, 704, 705, 706, 708, 711, 713, 715, 721, 722, 725, 727, 728, 733, 734, 735, 736, 737, 742, 743, 744, 746, 747, 748, 749, 751, 752, 756, 757, 759, 760, 761, 763, 764, 765, 766, 770]"
hcci_392,Q980_0h_WC,roi_392,Zeiss Gemini_InLens_20000.0kV_500.0x,254,3,0,0,770,3,"[3, 4, 5, 6, 8, 13, 16, 17, 19, 21, 27, 28, 30, 31, 33, 35, 38, 42, 43, 48, 49, 51, 52, 53, 56, 57, 58, 60, 61, 63, 64, 66, 67, 69, 70, 71, 74, 76, 78, 79, 81, 82, 86, 89, 90, 92, 93, 94, 95, 96, 97, 99, 100, 101, 102, 103, 105, 106, 107, 108, 110, 112, 113, 114, 116, 118, 127, 128, 133, 136, 139, 146, 148, 149, 151, 152, 156, 160, 163, 171, 181, 182, 186, 189, 193, 196, 198, 199, 200, 203, 206, 219, 220, 231, 233, 236, 238, 242, 243, 244, 248, 249, 253, 255, 259, 264, 270, 280, 288, 292, 294, 300, 301, 306, 307, 313, 321, 322, 323, 333, 337, 338, 341, 359, 363, 365, 368, 370, 371, 374, 380, 382, 387, 389, 396, 401, 403, 405, 412, 414, 420, 427, 431, 432, 440, 441, 444, 447, 463, 467, 468, 470, 475, 476, 489, 490, 493, 501, 502, 506, 515, 520, 533, 535, 552, 560, 561, 569, 570, 579, 580, 582, 584, 586, 587, 599, 603, 605, 607, 608, 611, 612, 619, 621, 622, 623, 624, 629, 632, 634, 635, 643, 645, 648, 650, 651, 652, 654, 657, 658, 659, 664, 670, 672, 674, 679, 681, 683, 684, 686, 688, 689, 693, 695, 696, 699, 700, 701, 705, 706, 707, 709, 714, 716, 717, 720, 722, 723, 724, 725, 727, 732, 736, 737, 739, 741, 742, 743, 746, 750, 751, 753, 754, 756, 757, 758, 759, 761, 762, 763, 765, 766, 768, 770]"
hcci_393,Q980_0h_WC,roi_393,Zeiss Gemini_SE_20000.0kV_2800.0x,254,3,0,0,770,1,"[1, 2, 3, 4, 7, 8, 9, 11, 12, 15, 17, 18, 19, 20, 23, 24, 25, 26, 28, 29, 30, 31, 32, 33, 34, 35, 36, 37, 38, 39, 40, 41, 42, 43, 46, 48, 49, 50, 51, 54, 55, 57, 58, 59, 60, 64, 66, 69, 70, 73, 75, 81, 82, 85, 86, 91, 92, 98, 99, 101, 102, 105, 109, 113, 115, 122, 123, 126, 132, 134, 144, 148, 149, 153, 154, 156, 158, 161, 162, 169, 175, 181, 186, 189, 191, 193, 198, 205, 210, 212, 215, 217, 220, 223, 230, 238, 244, 249, 259, 261, 267, 269, 270, 273, 274, 276, 277, 285, 291, 292, 293, 295, 297, 302, 307, 308, 316, 317, 326, 331, 336, 337, 340, 345, 346, 347, 352, 355, 358, 359, 362, 365, 371, 374, 384, 401, 409, 410, 414, 415, 419, 425, 426, 429, 436, 439, 444, 451, 460, 462, 469, 472, 475, 477, 490, 501, 504, 506, 511, 514, 523, 527, 534, 536, 537, 542, 549, 553, 554, 557, 562, 565, 566, 568, 570, 572, 573, 574, 575, 578, 581, 585, 590, 597, 598, 602, 605, 607, 608, 612, 613, 616, 618, 620, 623, 631, 634, 635, 636, 645, 646, 650, 656, 657, 665, 667, 668, 670, 680, 684, 688, 690, 697, 704, 705, 708, 713, 714, 716, 717, 718, 720, 721, 722, 724, 728, 729, 731, 732, 735, 737, 738, 739, 740, 741, 743, 744, 748, 749, 751, 752, 753, 754, 756, 757, 758, 759, 763, 764, 765, 766, 767, 768, 769]"
hcci_394,Q980_0h_WC,roi_394,Zeiss Gemini_SE_20000.0kV_2800.0x,254,3,0,0,770,1,"[1, 2, 3, 4, 5, 6, 7, 8, 11, 14, 15, 17, 19, 20, 21, 22, 23, 24, 25, 26, 27, 29, 30, 31, 32, 33, 34, 35, 37, 38, 39, 41, 42, 43, 44, 45, 46, 49, 50, 51, 52, 53, 54, 55, 58, 60, 61, 63, 64, 69, 72, 75, 77, 80, 81, 82, 87, 94, 95, 96, 97, 98, 102, 105, 107, 113, 116, 121, 127, 129, 135, 138, 141, 143, 144, 147, 153, 154, 159, 161, 163, 165, 173, 176, 177, 180, 185, 193, 196, 204, 207, 210, 213, 222, 226, 232, 234, 235, 241, 243, 246, 247, 250, 252, 254, 258, 262, 265, 270, 271, 272, 275, 277, 282, 284, 289, 290, 293, 295, 303, 304, 305, 313, 329, 330, 332, 333, 341, 345, 357, 363, 365, 366, 371, 373, 375, 382, 385, 386, 397, 402, 406, 413, 433, 439, 444, 458, 464, 467, 468, 477, 482, 485, 487, 491, 495, 496, 500, 511, 516, 519, 521, 528, 533, 539, 540, 545, 549, 557, 558, 563, 566, 571, 573, 574, 575, 577, 579, 584, 585, 590, 591, 592, 594, 598, 605, 607, 612, 613, 615, 618, 619, 620, 623, 638, 642, 650, 654, 656, 659, 661, 667, 670, 673, 678, 688, 689, 695, 697, 698, 701, 703, 709, 711, 712, 715, 716, 717, 718, 719, 724, 725, 726, 727, 728, 729, 731, 732, 734, 736, 737, 739, 744, 745, 747, 748, 749, 750, 751, 752, 753, 755, 756, 757, 758, 759, 760, 763, 764, 765, 766, 767, 768, 769]"
hcci_395,Q980_0h_WC,roi_395,Zeiss Gemini_BSE_20000.0kV_2800.0x,254,3,0,0,770,1,"[1, 2, 3, 4, 5, 6, 7, 8, 9, 10, 11, 12, 13, 14, 15, 16, 17, 18, 19, 20, 21, 22, 23, 24, 25, 26, 27, 28, 29, 31, 32, 34, 35, 37, 38, 39, 40, 43, 44, 47, 48, 49, 53, 55, 56, 58, 59, 61, 62, 63, 65, 66, 67, 70, 71, 72, 75, 77, 78, 79, 82, 90, 91, 94, 95, 100, 102, 106, 115, 119, 120, 124, 127, 131, 133, 134, 144, 146, 166, 170, 171, 172, 176, 191, 195, 199, 208, 213, 215, 219, 231, 232, 240, 261, 265, 277, 281, 282, 287, 288, 290, 294, 296, 303, 304, 305, 310, 311, 312, 313, 321, 328, 331, 337, 340, 341, 346, 350, 355, 358, 360, 364, 370, 371, 379, 381, 387, 391, 393, 397, 408, 415, 419, 422, 428, 429, 431, 437, 438, 442, 443, 453, 456, 458, 464, 465, 467, 477, 479, 484, 487, 489, 493, 502, 507, 515, 521, 526, 528, 536, 537, 538, 542, 545, 550, 553, 558, 560, 565, 577, 587, 590, 595, 599, 601, 602, 604, 607, 609, 614, 616, 620, 623, 625, 627, 628, 629, 632, 634, 636, 638, 642, 644, 648, 649, 650, 653, 656, 657, 660, 663, 667, 668, 669, 671, 673, 674, 676, 677, 678, 679, 681, 683, 684, 688, 691, 692, 693, 694, 695, 698, 699, 702, 704, 715, 716, 718, 720, 722, 725, 726, 727, 734, 735, 736, 738, 740, 741, 743, 745, 746, 747, 752, 753, 754, 755, 756, 758, 761, 762, 763, 765, 767, 768]"
hcci_396,Q980_0h_WC,roi_396,Zeiss Gemini_BSE_20000.0kV_2800.0x,254,3,0,0,770,1,"[1, 2, 3, 4, 5, 6, 7, 8, 9, 10, 11, 12, 13, 14, 15, 16, 17, 18, 19, 20, 21, 22, 23, 24, 25, 26, 27, 28, 29, 30, 31, 32, 33, 35, 36, 37, 38, 40, 41, 42, 43, 45, 46, 48, 49, 50, 53, 54, 57, 61, 62, 66, 67, 70, 72, 74, 84, 85, 86, 88, 90, 91, 94, 95, 98, 100, 109, 113, 119, 121, 123, 124, 125, 129, 131, 135, 151, 158, 167, 188, 189, 194, 206, 208, 220, 222, 225, 226, 227, 235, 236, 248, 250, 251, 252, 262, 268, 274, 277, 278, 279, 282, 285, 296, 298, 306, 308, 309, 310, 315, 318, 322, 335, 346, 352, 356, 358, 361, 362, 363, 364, 365, 368, 376, 377, 379, 381, 383, 384, 387, 398, 400, 401, 402, 403, 404, 409, 420, 421, 424, 427, 436, 446, 455, 457, 461, 462, 469, 482, 483, 488, 492, 501, 504, 505, 508, 509, 510, 513, 516, 517, 520, 535, 537, 540, 541, 544, 545, 558, 559, 564, 570, 579, 580, 581, 585, 588, 593, 596, 597, 602, 603, 604, 605, 609, 610, 612, 616, 618, 620, 621, 622, 631, 634, 635, 638, 644, 645, 650, 652, 653, 658, 659, 660, 665, 666, 667, 670, 671, 675, 676, 677, 681, 682, 683, 687, 688, 690, 696, 697, 698, 699, 700, 701, 710, 711, 715, 718, 720, 724, 725, 728, 730, 731, 733, 736, 738, 739, 743, 745, 749, 750, 751, 752, 754, 755, 757, 758, 759, 762, 763, 764, 766, 767]"
hcci_397,Q980_0h_WC,roi_397,Zeiss Gemini_InLens_20000.0kV_2800.0x,254,3,0,0,770,1,"[1, 2, 3, 4, 5, 6, 7, 8, 9, 11, 12, 13, 14, 15, 16, 17, 18, 20, 21, 22, 24, 25, 27, 28, 29, 30, 31, 32, 33, 35, 37, 38, 41, 42, 43, 44, 45, 46, 47, 48, 51, 52, 53, 54, 55, 57, 60, 64, 66, 68, 73, 74, 77, 78, 81, 83, 88, 95, 96, 99, 100, 104, 109, 111, 118, 120, 122, 123, 124, 127, 129, 135, 145, 148, 158, 160, 161, 169, 174, 181, 183, 187, 191, 196, 201, 208, 211, 221, 225, 230, 235, 248, 255, 256, 264, 265, 268, 269, 282, 287, 294, 295, 297, 301, 304, 305, 308, 309, 315, 337, 345, 349, 355, 359, 364, 370, 372, 378, 379, 380, 385, 386, 399, 405, 423, 428, 434, 442, 443, 447, 449, 450, 451, 457, 458, 459, 462, 463, 466, 470, 472, 479, 481, 483, 489, 492, 493, 494, 495, 499, 502, 504, 507, 510, 519, 524, 525, 527, 528, 530, 536, 537, 539, 540, 542, 543, 545, 553, 554, 556, 558, 568, 569, 577, 586, 589, 590, 592, 598, 602, 603, 605, 611, 612, 623, 626, 632, 634, 635, 638, 639, 642, 645, 650, 651, 658, 660, 668, 670, 675, 677, 679, 694, 697, 703, 704, 708, 709, 710, 711, 713, 714, 715, 718, 720, 721, 722, 723, 724, 727, 730, 731, 732, 733, 734, 736, 737, 738, 740, 741, 742, 744, 745, 746, 747, 748, 749, 751, 752, 753, 754, 755, 756, 758, 760, 761, 762, 763, 764, 765, 766, 767, 768, 770]"
hcci_398,Q980_0h_WC,roi_398,Zeiss Gemini_InLens_20000.0kV_2800.0x,254,3,0,0,770,1,"[1, 2, 3, 4, 5, 7, 9, 11, 14, 15, 17, 18, 19, 20, 21, 22, 23, 25, 26, 27, 28, 30, 31, 32, 33, 34, 35, 36, 39, 42, 43, 45, 47, 49, 50, 51, 52, 54, 55, 59, 62, 63, 64, 65, 66, 67, 68, 70, 72, 75, 77, 79, 92, 94, 96, 103, 110, 118, 122, 125, 128, 131, 136, 141, 144, 148, 152, 159, 164, 176, 179, 183, 184, 191, 217, 219, 225, 233, 237, 248, 252, 255, 258, 263, 264, 268, 269, 274, 280, 281, 282, 283, 286, 288, 295, 308, 309, 314, 315, 323, 326, 328, 331, 336, 338, 343, 344, 347, 349, 356, 359, 363, 379, 380, 386, 389, 392, 399, 409, 410, 413, 416, 422, 425, 428, 431, 432, 435, 441, 442, 446, 447, 461, 462, 464, 465, 472, 477, 479, 484, 486, 487, 489, 491, 494, 495, 496, 500, 503, 504, 506, 507, 510, 513, 516, 517, 519, 520, 522, 526, 528, 530, 533, 534, 538, 541, 545, 548, 551, 555, 556, 561, 562, 564, 576, 577, 578, 579, 580, 581, 586, 588, 590, 594, 595, 598, 600, 605, 606, 609, 626, 629, 632, 636, 637, 642, 646, 652, 656, 658, 668, 672, 673, 676, 679, 684, 688, 692, 695, 699, 700, 704, 705, 706, 707, 708, 711, 715, 717, 718, 724, 727, 728, 732, 733, 734, 735, 737, 739, 741, 742, 743, 744, 745, 746, 747, 748, 749, 750, 751, 754, 755, 756, 758, 759, 761, 762, 763, 764, 765, 766, 767, 769, 770]"
hcci_399,Q980_9h_AC,roi_399,Zeiss Gemini_SE_5000.0kV_500.0x,252,3,0,0,770,1,"[1, 2, 3, 4, 7, 11, 13, 21, 22, 24, 25, 26, 27, 29, 30, 32, 36, 38, 40, 41, 42, 44, 47, 49, 50, 51, 54, 55, 56, 58, 59, 61, 62, 63, 65, 67, 68, 71, 73, 74, 75, 76, 78, 79, 81, 83, 84, 86, 87, 89, 90, 91, 92, 93, 94, 95, 96, 99, 102, 103, 104, 105, 106, 108, 110, 114, 115, 118, 119, 123, 124, 126, 128, 129, 131, 132, 133, 134, 135, 137, 138, 139, 140, 142, 145, 147, 148, 152, 153, 157, 159, 161, 162, 165, 167, 173, 174, 175, 176, 178, 180, 182, 186, 192, 194, 196, 197, 201, 202, 203, 204, 208, 209, 212, 213, 215, 216, 218, 219, 220, 224, 225, 228, 229, 231, 235, 236, 242, 244, 249, 253, 255, 257, 259, 260, 261, 262, 271, 272, 274, 275, 283, 285, 286, 287, 290, 294, 295, 303, 305, 306, 307, 311, 312, 320, 325, 327, 330, 331, 334, 342, 344, 349, 353, 359, 361, 364, 365, 366, 368, 371, 373, 380, 383, 384, 385, 391, 392, 393, 396, 399, 407, 410, 411, 415, 417, 422, 431, 433, 440, 444, 448, 449, 450, 456, 463, 469, 470, 482, 489, 492, 494, 495, 523, 524, 525, 539, 545, 546, 553, 568, 582, 584, 598, 602, 625, 632, 636, 639, 640, 648, 652, 657, 661, 665, 667, 668, 675, 677, 679, 681, 687, 692, 694, 695, 699, 701, 707, 709, 712, 719, 720, 727, 735, 737, 738, 739, 742, 744, 748, 750, 764]"
hcci_4,AsCast,roi_4,Helios G4 PFIB CXe_BSE_5000.0kV_1000.0x,256,3,0,0,770,1,"[1, 2, 3, 4, 5, 6, 7, 8, 9, 10, 11, 12, 13, 14, 15, 16, 17, 18, 19, 20, 21, 22, 23, 24, 25, 26, 27, 28, 29, 30, 31, 32, 33, 34, 35, 36, 37, 38, 39, 40, 41, 42, 43, 44, 45, 46, 47, 48, 49, 50, 51, 52, 53, 54, 55, 56, 57, 58, 59, 60, 61, 62, 63, 64, 65, 66, 67, 68, 69, 71, 72, 73, 74, 75, 76, 77, 78, 79, 80, 81, 82, 83, 84, 85, 87, 88, 89, 90, 91, 92, 93, 94, 96, 97, 98, 100, 101, 102, 103, 104, 105, 108, 109, 110, 112, 114, 115, 116, 117, 118, 119, 120, 121, 122, 123, 125, 126, 129, 130, 132, 138, 144, 147, 150, 151, 153, 154, 157, 158, 159, 160, 162, 166, 167, 170, 173, 175, 178, 179, 180, 182, 183, 184, 187, 189, 190, 191, 194, 196, 197, 204, 208, 211, 218, 222, 223, 224, 227, 230, 235, 239, 245, 259, 261, 263, 266, 269, 279, 280, 283, 301, 302, 305, 306, 316, 319, 330, 333, 334, 335, 341, 344, 346, 347, 348, 349, 358, 361, 362, 366, 376, 378, 381, 383, 387, 392, 393, 396, 400, 401, 404, 405, 411, 413, 416, 420, 428, 430, 431, 434, 435, 437, 438, 442, 445, 452, 453, 454, 455, 456, 457, 458, 460, 465, 472, 477, 478, 479, 481, 484, 487, 488, 492, 497, 498, 501, 502, 504, 508, 511, 513, 517, 518, 525, 529, 533, 582, 587, 597, 600, 602, 620, 649, 676, 702, 710]"
hcci_40,Q980_0h_WC,roi_40,Helios G4 PFIB CXe_BSE_5000.0kV_1000.0x,254,3,0,0,770,1,"[1, 2, 3, 4, 5, 7, 8, 10, 11, 12, 15, 17, 20, 22, 24, 25, 29, 33, 34, 36, 37, 39, 40, 41, 42, 44, 45, 47, 48, 51, 52, 54, 56, 57, 58, 59, 60, 63, 64, 65, 67, 68, 69, 72, 77, 81, 83, 86, 87, 88, 90, 92, 94, 96, 101, 102, 104, 105, 106, 107, 109, 111, 112, 114, 117, 118, 120, 121, 124, 130, 131, 132, 135, 136, 137, 138, 139, 140, 141, 143, 144, 152, 156, 158, 160, 161, 162, 163, 165, 167, 168, 175, 183, 185, 186, 188, 194, 197, 202, 203, 208, 211, 214, 215, 221, 222, 224, 227, 231, 233, 235, 238, 239, 240, 242, 243, 245, 249, 251, 257, 258, 265, 268, 269, 275, 283, 287, 289, 292, 293, 294, 299, 302, 303, 305, 310, 311, 313, 318, 331, 332, 334, 335, 337, 343, 350, 355, 356, 357, 358, 366, 372, 373, 374, 375, 380, 382, 384, 385, 386, 397, 399, 401, 408, 416, 419, 421, 422, 426, 434, 442, 447, 448, 450, 451, 452, 454, 459, 479, 480, 500, 510, 515, 519, 522, 531, 534, 541, 548, 555, 556, 561, 563, 569, 570, 577, 586, 588, 594, 601, 602, 614, 620, 621, 625, 626, 630, 637, 638, 639, 641, 649, 653, 656, 658, 660, 661, 663, 664, 669, 670, 680, 696, 703, 708, 710, 712, 713, 715, 716, 717, 722, 728, 734, 737, 739, 741, 744, 747, 749, 750, 752, 753, 757, 758, 761, 762, 763, 765, 766, 767, 768, 769, 770]"
hcci_400,Q980_9h_AC,roi_400,Zeiss Gemini_SE_5000.0kV_500.0x,252,3,0,0,770,1,"[1, 2, 3, 4, 8, 10, 13, 19, 20, 24, 27, 28, 30, 32, 36, 38, 42, 44, 46, 47, 48, 49, 50, 51, 52, 53, 54, 56, 60, 61, 62, 63, 64, 65, 68, 70, 71, 73, 75, 77, 78, 79, 80, 82, 83, 84, 85, 86, 87, 88, 89, 90, 93, 96, 98, 99, 104, 105, 108, 110, 111, 114, 116, 120, 123, 124, 125, 128, 129, 130, 131, 137, 139, 142, 144, 146, 148, 150, 152, 153, 154, 155, 157, 160, 162, 164, 168, 170, 171, 172, 175, 176, 179, 180, 181, 182, 184, 185, 188, 189, 191, 195, 196, 197, 201, 205, 208, 209, 214, 215, 218, 219, 220, 221, 224, 226, 232, 233, 236, 237, 241, 242, 243, 244, 245, 248, 249, 250, 252, 255, 258, 262, 263, 265, 266, 267, 269, 270, 272, 273, 275, 282, 292, 300, 301, 306, 307, 312, 316, 317, 318, 319, 321, 322, 324, 326, 329, 334, 337, 340, 341, 342, 344, 345, 346, 357, 358, 359, 364, 375, 381, 382, 383, 386, 389, 391, 400, 405, 406, 415, 421, 423, 425, 429, 430, 436, 438, 440, 442, 445, 452, 453, 458, 474, 490, 494, 495, 503, 507, 508, 515, 524, 527, 531, 533, 534, 546, 550, 554, 583, 585, 591, 600, 601, 607, 618, 621, 622, 632, 634, 635, 646, 648, 653, 674, 678, 679, 681, 689, 691, 692, 694, 696, 697, 698, 701, 703, 706, 709, 715, 716, 720, 721, 723, 729, 732, 733, 736, 742, 744, 748, 758]"
hcci_401,Q980_9h_AC,roi_401,Zeiss Gemini_BSE_5000.0kV_500.0x,253,2,0,0,771,1,"[1, 2, 3, 4, 5, 6, 7, 8, 9, 10, 11, 12, 13, 14, 15, 16, 17, 18, 20, 21, 24, 25, 26, 27, 28, 29, 30, 31, 32, 33, 35, 37, 38, 39, 40, 42, 44, 48, 51, 58, 64, 67, 68, 72, 77, 79, 84, 87, 90, 92, 93, 97, 98, 101, 103, 107, 109, 113, 115, 116, 121, 123, 124, 128, 130, 133, 134, 135, 136, 137, 140, 141, 143, 144, 147, 151, 152, 155, 157, 159, 161, 162, 164, 166, 169, 170, 171, 173, 175, 180, 181, 184, 186, 191, 199, 200, 201, 202, 205, 207, 209, 211, 212, 213, 216, 217, 218, 219, 222, 225, 226, 230, 231, 233, 236, 237, 238, 250, 255, 258, 260, 261, 265, 266, 267, 270, 276, 277, 279, 282, 289, 294, 295, 301, 303, 305, 310, 313, 318, 322, 326, 327, 331, 333, 335, 337, 339, 348, 350, 351, 352, 353, 355, 356, 361, 369, 379, 384, 385, 395, 408, 409, 413, 417, 423, 430, 431, 442, 450, 452, 454, 455, 462, 466, 467, 471, 472, 475, 480, 483, 484, 492, 493, 516, 527, 532, 533, 536, 537, 540, 541, 542, 546, 550, 552, 559, 562, 564, 566, 567, 574, 575, 577, 579, 585, 587, 588, 590, 593, 594, 598, 617, 628, 633, 635, 637, 639, 643, 644, 645, 646, 649, 653, 655, 658, 659, 661, 667, 669, 670, 671, 672, 673, 679, 680, 681, 683, 684, 687, 693, 696, 698, 699, 704, 710, 714, 715, 718, 722, 725, 730, 732, 733]"
hcci_402,Q980_9h_AC,roi_402,Zeiss Gemini_BSE_5000.0kV_500.0x,253,2,0,0,771,1,"[1, 3, 5, 6, 8, 9, 11, 12, 13, 14, 15, 16, 18, 19, 21, 22, 24, 26, 27, 29, 31, 37, 39, 40, 41, 50, 51, 54, 56, 58, 59, 62, 64, 69, 70, 72, 74, 75, 77, 78, 80, 81, 82, 83, 84, 87, 90, 94, 96, 98, 101, 102, 103, 106, 109, 112, 113, 117, 118, 119, 121, 123, 124, 128, 138, 139, 142, 145, 147, 151, 152, 154, 158, 160, 161, 162, 168, 170, 171, 172, 176, 178, 181, 182, 183, 184, 185, 187, 188, 189, 190, 192, 193, 194, 196, 200, 201, 202, 215, 222, 224, 232, 239, 241, 242, 245, 247, 253, 256, 261, 269, 277, 280, 281, 285, 289, 298, 299, 302, 306, 307, 311, 316, 323, 327, 335, 338, 342, 346, 347, 349, 350, 351, 352, 355, 358, 359, 360, 362, 368, 372, 376, 378, 379, 384, 385, 389, 390, 391, 392, 395, 398, 401, 402, 412, 417, 418, 423, 430, 432, 436, 438, 448, 458, 460, 461, 467, 470, 473, 474, 477, 480, 486, 488, 508, 514, 515, 519, 522, 527, 529, 530, 531, 533, 534, 541, 548, 549, 552, 553, 557, 559, 564, 571, 573, 575, 577, 580, 584, 586, 592, 597, 599, 604, 612, 615, 623, 625, 630, 631, 632, 638, 641, 642, 647, 649, 652, 654, 656, 661, 663, 670, 671, 673, 674, 675, 683, 684, 685, 686, 687, 689, 691, 694, 695, 698, 699, 700, 701, 704, 705, 706, 707, 709, 715, 716, 717, 720, 722, 724, 725, 728, 753]"
hcci_403,Q980_9h_AC,roi_403,Zeiss Gemini_InLens_5000.0kV_500.0x,252,3,0,0,770,1,"[1, 2, 3, 4, 5, 6, 7, 9, 10, 11, 12, 13, 14, 15, 16, 17, 18, 19, 20, 21, 22, 23, 24, 25, 26, 28, 29, 30, 31, 32, 33, 34, 35, 36, 37, 38, 39, 40, 42, 43, 44, 45, 46, 47, 48, 49, 50, 51, 52, 53, 55, 56, 57, 58, 60, 61, 62, 63, 64, 65, 66, 67, 68, 69, 70, 71, 72, 73, 74, 75, 76, 77, 79, 80, 81, 83, 86, 87, 88, 90, 91, 92, 93, 95, 97, 98, 99, 100, 101, 103, 105, 108, 109, 112, 114, 115, 116, 117, 118, 120, 122, 123, 125, 126, 129, 134, 139, 140, 141, 142, 143, 144, 147, 149, 153, 155, 157, 158, 165, 168, 170, 171, 173, 174, 176, 177, 178, 180, 185, 186, 189, 190, 191, 192, 193, 194, 196, 200, 202, 203, 204, 205, 208, 210, 221, 222, 224, 236, 238, 244, 245, 246, 252, 253, 255, 260, 263, 266, 269, 272, 282, 285, 286, 287, 293, 294, 295, 296, 300, 309, 312, 321, 327, 340, 343, 349, 354, 355, 356, 359, 376, 383, 386, 387, 390, 393, 396, 398, 399, 400, 411, 413, 424, 428, 429, 436, 437, 444, 446, 448, 449, 454, 455, 463, 468, 472, 473, 483, 496, 497, 502, 505, 508, 515, 531, 532, 536, 537, 538, 544, 545, 551, 559, 562, 577, 582, 592, 596, 607, 617, 618, 621, 626, 635, 639, 651, 658, 660, 663, 667, 673, 677, 685, 696, 697, 700, 723, 724, 733, 741, 747, 750]"
hcci_404,Q980_9h_AC,roi_404,Zeiss Gemini_InLens_5000.0kV_500.0x,252,3,0,0,770,1,"[1, 2, 3, 4, 5, 6, 7, 8, 10, 11, 12, 13, 14, 15, 16, 18, 19, 20, 21, 22, 23, 24, 25, 26, 27, 28, 30, 31, 32, 33, 34, 35, 36, 37, 38, 40, 41, 42, 43, 44, 45, 46, 47, 48, 49, 50, 51, 52, 53, 54, 55, 56, 57, 58, 59, 60, 62, 63, 64, 65, 66, 67, 68, 69, 70, 71, 72, 73, 75, 76, 78, 79, 80, 83, 84, 85, 86, 87, 88, 89, 92, 93, 94, 97, 98, 99, 102, 103, 105, 106, 107, 108, 111, 112, 116, 117, 118, 125, 126, 127, 128, 131, 134, 137, 138, 139, 142, 143, 144, 145, 146, 147, 153, 156, 157, 160, 161, 163, 164, 168, 169, 170, 173, 174, 176, 177, 180, 182, 184, 185, 187, 192, 195, 196, 198, 199, 201, 205, 207, 208, 210, 211, 215, 218, 228, 234, 236, 240, 244, 247, 252, 254, 255, 261, 264, 269, 271, 280, 283, 287, 289, 292, 293, 309, 311, 328, 332, 337, 343, 345, 346, 350, 353, 355, 356, 357, 361, 363, 371, 382, 386, 390, 391, 395, 401, 406, 412, 416, 422, 429, 437, 439, 442, 446, 447, 449, 455, 456, 458, 459, 462, 469, 477, 478, 484, 488, 496, 498, 509, 512, 513, 517, 518, 522, 523, 525, 537, 542, 546, 549, 555, 558, 563, 576, 583, 593, 597, 605, 614, 616, 617, 625, 628, 630, 654, 655, 660, 664, 666, 670, 682, 685, 688, 700, 702, 721, 727, 735, 744, 750, 751, 757]"
hcci_405,Q980_9h_AC,roi_405,Zeiss Gemini_SE_5000.0kV_2800.0x,252,3,0,0,770,1,"[1, 2, 3, 4, 5, 6, 7, 8, 13, 14, 17, 18, 20, 22, 23, 26, 27, 28, 29, 30, 31, 33, 34, 35, 38, 39, 42, 43, 44, 52, 53, 56, 59, 60, 62, 64, 68, 69, 70, 71, 72, 75, 76, 77, 78, 82, 83, 84, 86, 89, 95, 96, 97, 102, 105, 106, 109, 121, 122, 127, 135, 138, 147, 149, 151, 156, 159, 160, 161, 163, 167, 170, 173, 187, 192, 193, 199, 200, 202, 205, 206, 215, 220, 225, 235, 237, 239, 243, 250, 254, 257, 260, 262, 263, 266, 268, 275, 277, 278, 281, 284, 286, 287, 291, 294, 295, 299, 302, 307, 309, 310, 317, 331, 332, 333, 340, 345, 347, 351, 353, 354, 357, 359, 361, 363, 365, 377, 378, 382, 383, 388, 397, 400, 401, 402, 403, 405, 406, 407, 414, 420, 421, 422, 428, 429, 439, 449, 454, 456, 457, 458, 465, 466, 468, 475, 477, 478, 479, 480, 481, 487, 491, 493, 496, 499, 500, 505, 506, 510, 513, 517, 519, 521, 524, 532, 535, 541, 542, 544, 545, 549, 550, 556, 568, 569, 571, 573, 574, 578, 579, 581, 583, 584, 585, 586, 590, 591, 594, 595, 596, 597, 599, 600, 601, 603, 604, 612, 613, 624, 625, 627, 628, 631, 632, 634, 638, 642, 644, 646, 649, 650, 653, 656, 658, 667, 668, 673, 675, 679, 683, 684, 698, 700, 701, 706, 709, 714, 716, 719, 720, 722, 725, 733, 734, 739, 740, 743, 750, 751, 765, 768, 770]"
hcci_406,Q980_9h_AC,roi_406,Zeiss Gemini_SE_5000.0kV_2800.0x,252,3,0,0,770,1,"[1, 2, 3, 4, 5, 6, 7, 8, 9, 10, 13, 16, 18, 19, 22, 25, 26, 27, 29, 31, 32, 35, 37, 38, 41, 42, 45, 47, 48, 49, 51, 57, 58, 59, 60, 64, 67, 68, 69, 70, 71, 72, 75, 76, 77, 79, 81, 89, 90, 91, 93, 94, 95, 96, 100, 101, 104, 109, 116, 125, 126, 132, 133, 138, 139, 142, 145, 152, 154, 156, 163, 164, 166, 172, 177, 180, 185, 188, 201, 202, 205, 208, 210, 225, 228, 229, 234, 237, 238, 244, 247, 249, 250, 255, 257, 262, 267, 270, 271, 272, 274, 281, 284, 286, 288, 289, 291, 296, 297, 299, 302, 306, 308, 313, 318, 319, 320, 322, 325, 337, 343, 345, 347, 353, 354, 356, 359, 366, 368, 371, 372, 373, 378, 382, 383, 388, 391, 396, 398, 400, 405, 407, 408, 411, 416, 417, 421, 423, 424, 427, 432, 433, 436, 438, 440, 447, 449, 451, 452, 453, 455, 458, 459, 461, 465, 470, 471, 475, 478, 480, 481, 484, 485, 486, 487, 493, 494, 495, 501, 507, 515, 516, 518, 519, 520, 521, 536, 538, 539, 542, 545, 547, 548, 550, 553, 555, 557, 562, 565, 571, 576, 580, 587, 595, 597, 599, 601, 602, 608, 610, 613, 614, 615, 616, 620, 622, 623, 628, 630, 631, 633, 635, 637, 641, 645, 650, 651, 655, 663, 664, 671, 677, 678, 679, 680, 683, 685, 697, 699, 707, 708, 710, 715, 724, 725, 731, 741, 742, 750, 762, 768, 770]"
hcci_407,Q980_9h_AC,roi_407,Zeiss Gemini_BSE_5000.0kV_2800.0x,252,3,0,0,770,1,"[1, 2, 3, 4, 5, 6, 7, 8, 9, 10, 11, 12, 13, 14, 15, 16, 17, 18, 19, 20, 21, 22, 23, 24, 25, 26, 27, 28, 29, 31, 32, 35, 36, 37, 38, 39, 40, 41, 43, 44, 45, 46, 47, 48, 50, 51, 52, 53, 54, 59, 60, 61, 62, 63, 64, 66, 67, 69, 70, 72, 73, 75, 81, 82, 83, 86, 87, 88, 90, 92, 93, 94, 96, 97, 100, 101, 102, 103, 104, 105, 110, 112, 113, 114, 116, 117, 119, 121, 122, 123, 126, 127, 132, 133, 134, 137, 138, 139, 141, 143, 144, 145, 149, 152, 155, 156, 158, 163, 167, 169, 170, 172, 177, 180, 183, 184, 186, 192, 193, 203, 206, 207, 209, 210, 211, 215, 218, 219, 227, 232, 235, 242, 243, 245, 246, 250, 254, 255, 261, 262, 263, 265, 266, 270, 272, 285, 286, 289, 293, 295, 296, 303, 306, 309, 310, 312, 317, 325, 329, 330, 333, 338, 341, 342, 345, 346, 354, 355, 359, 360, 365, 366, 368, 370, 372, 375, 376, 378, 384, 389, 396, 398, 402, 403, 407, 408, 411, 415, 421, 422, 436, 443, 444, 446, 447, 453, 454, 457, 462, 467, 468, 470, 481, 482, 494, 495, 498, 499, 503, 505, 506, 508, 509, 513, 526, 531, 535, 555, 557, 558, 559, 573, 575, 583, 584, 585, 590, 593, 598, 600, 616, 622, 634, 636, 637, 645, 651, 655, 669, 697, 701, 707, 716, 728, 741, 744, 757, 758, 761, 762, 765, 769]"
hcci_408,Q980_9h_AC,roi_408,Zeiss Gemini_BSE_5000.0kV_2800.0x,252,3,0,0,770,1,"[1, 2, 3, 4, 5, 6, 7, 9, 10, 11, 12, 13, 14, 15, 17, 18, 19, 20, 21, 22, 23, 24, 26, 27, 29, 30, 31, 32, 33, 34, 35, 36, 37, 38, 39, 40, 42, 43, 44, 45, 46, 47, 48, 49, 50, 51, 52, 53, 54, 57, 58, 59, 60, 61, 62, 63, 64, 65, 66, 67, 68, 69, 71, 72, 73, 74, 75, 79, 82, 83, 85, 86, 87, 88, 90, 94, 98, 99, 100, 102, 103, 104, 106, 108, 109, 112, 114, 116, 117, 119, 120, 121, 124, 126, 127, 128, 130, 133, 134, 136, 141, 142, 143, 145, 147, 152, 155, 156, 160, 164, 169, 189, 192, 194, 197, 199, 200, 201, 206, 209, 210, 211, 214, 216, 217, 218, 220, 222, 228, 229, 235, 236, 240, 242, 243, 252, 255, 256, 257, 259, 262, 264, 271, 272, 273, 274, 283, 291, 293, 298, 301, 306, 308, 312, 313, 315, 318, 319, 323, 324, 325, 327, 329, 333, 334, 336, 340, 341, 342, 343, 355, 356, 361, 367, 374, 378, 382, 384, 386, 388, 394, 398, 399, 406, 409, 410, 411, 420, 422, 423, 424, 429, 444, 446, 452, 458, 462, 465, 471, 475, 476, 477, 479, 481, 483, 486, 487, 498, 499, 502, 510, 512, 514, 520, 522, 532, 535, 539, 540, 542, 565, 581, 583, 587, 593, 597, 599, 613, 623, 624, 625, 628, 637, 642, 647, 665, 666, 667, 676, 687, 691, 692, 700, 703, 706, 710, 711, 712, 728, 737, 765, 770]"
hcci_409,Q980_9h_AC,roi_409,Zeiss Gemini_InLens_5000.0kV_2800.0x,252,3,0,0,770,1,"[1, 2, 3, 4, 5, 6, 7, 8, 9, 10, 11, 12, 13, 14, 15, 16, 17, 18, 19, 20, 21, 22, 23, 24, 25, 26, 27, 28, 29, 30, 31, 32, 33, 34, 35, 36, 37, 38, 39, 40, 41, 42, 43, 44, 45, 46, 47, 49, 50, 51, 52, 53, 54, 55, 57, 58, 59, 60, 61, 63, 64, 65, 66, 68, 70, 71, 72, 73, 74, 75, 80, 81, 82, 83, 84, 85, 86, 87, 89, 91, 92, 93, 94, 95, 96, 97, 98, 99, 100, 101, 102, 104, 107, 109, 110, 111, 114, 115, 117, 118, 119, 121, 123, 124, 125, 126, 127, 130, 131, 132, 133, 135, 141, 142, 143, 149, 152, 156, 157, 158, 160, 161, 163, 167, 168, 170, 171, 172, 173, 177, 178, 180, 187, 188, 192, 193, 196, 198, 200, 201, 211, 219, 223, 226, 228, 230, 232, 236, 237, 246, 251, 252, 253, 254, 256, 257, 259, 260, 261, 263, 266, 269, 274, 277, 279, 280, 281, 283, 285, 288, 290, 292, 296, 299, 300, 304, 305, 306, 310, 311, 313, 314, 325, 337, 339, 341, 342, 343, 347, 349, 350, 356, 372, 374, 375, 377, 387, 388, 390, 400, 405, 406, 408, 413, 419, 420, 437, 438, 442, 445, 446, 451, 452, 453, 457, 464, 472, 473, 477, 482, 483, 488, 496, 501, 514, 522, 528, 553, 555, 556, 572, 578, 584, 586, 587, 601, 615, 620, 647, 648, 653, 670, 672, 676, 682, 685, 702, 704, 757, 766, 767, 768]"
hcci_41,Q980_0h_WC,roi_41,Helios G4 PFIB CXe_InLens_5000.0kV_1000.0x,254,3,0,0,770,1,"[1, 2, 3, 4, 5, 6, 7, 8, 9, 10, 11, 12, 13, 14, 15, 16, 17, 18, 19, 20, 21, 22, 23, 24, 25, 27, 28, 29, 30, 31, 32, 33, 34, 35, 36, 37, 40, 41, 42, 43, 46, 48, 49, 50, 54, 55, 56, 59, 60, 61, 62, 66, 67, 68, 69, 74, 75, 76, 77, 79, 82, 84, 85, 89, 90, 91, 92, 93, 95, 98, 99, 100, 101, 103, 106, 111, 113, 116, 117, 119, 125, 126, 129, 137, 141, 144, 149, 158, 159, 160, 161, 163, 166, 168, 169, 171, 173, 175, 176, 181, 191, 193, 194, 197, 199, 202, 208, 209, 210, 211, 212, 214, 217, 220, 222, 224, 229, 232, 236, 237, 238, 239, 241, 248, 251, 253, 256, 257, 259, 268, 271, 273, 274, 282, 284, 291, 293, 297, 307, 313, 314, 318, 321, 323, 333, 336, 342, 344, 347, 348, 351, 355, 357, 360, 361, 363, 366, 370, 372, 374, 379, 380, 382, 383, 390, 392, 395, 397, 401, 405, 408, 412, 416, 419, 450, 455, 466, 470, 472, 480, 483, 484, 490, 502, 504, 513, 520, 521, 527, 533, 535, 550, 558, 561, 574, 575, 577, 579, 590, 596, 597, 600, 604, 611, 613, 624, 627, 628, 629, 637, 640, 643, 645, 656, 657, 660, 665, 668, 670, 674, 677, 678, 681, 682, 684, 690, 695, 700, 701, 702, 706, 709, 714, 716, 720, 723, 724, 727, 742, 744, 745, 746, 748, 749, 754, 757, 758, 760, 763, 764, 767, 768, 769, 770]"
hcci_410,Q980_9h_AC,roi_410,Zeiss Gemini_InLens_5000.0kV_2800.0x,252,3,0,0,770,1,"[1, 2, 3, 4, 5, 6, 7, 8, 9, 10, 11, 12, 13, 14, 15, 16, 17, 18, 19, 20, 21, 22, 23, 24, 25, 26, 27, 28, 29, 30, 31, 32, 33, 34, 35, 36, 37, 38, 39, 40, 41, 42, 43, 44, 45, 46, 47, 48, 49, 50, 51, 52, 53, 54, 55, 56, 57, 58, 62, 63, 64, 65, 66, 67, 68, 69, 70, 71, 72, 73, 75, 76, 77, 79, 81, 84, 86, 87, 88, 93, 94, 96, 97, 99, 101, 103, 104, 105, 106, 107, 109, 110, 111, 113, 116, 117, 119, 120, 121, 122, 123, 125, 126, 127, 128, 132, 133, 134, 138, 141, 144, 145, 146, 149, 152, 153, 154, 156, 157, 158, 161, 162, 166, 170, 171, 175, 180, 181, 183, 184, 186, 188, 190, 191, 197, 199, 200, 201, 202, 203, 205, 208, 209, 214, 216, 217, 224, 229, 233, 235, 242, 245, 246, 249, 250, 251, 257, 266, 268, 269, 273, 274, 275, 277, 278, 280, 282, 283, 290, 291, 293, 294, 295, 298, 300, 301, 308, 309, 312, 313, 320, 324, 325, 328, 330, 331, 332, 337, 341, 344, 346, 351, 364, 365, 370, 375, 384, 389, 390, 395, 399, 402, 405, 407, 409, 416, 419, 420, 424, 425, 429, 434, 438, 442, 446, 453, 474, 486, 501, 508, 512, 523, 524, 526, 533, 538, 543, 565, 566, 572, 591, 592, 602, 608, 611, 621, 634, 649, 657, 660, 667, 673, 675, 681, 694, 695, 717, 719, 747, 766, 767, 768]"
hcci_411,Q980_9h_AC,roi_411,Zeiss Gemini_SE_10000.0kV_500.0x,252,3,0,0,770,1,"[1, 2, 3, 4, 6, 8, 11, 12, 13, 20, 22, 25, 26, 27, 28, 33, 34, 35, 36, 37, 38, 39, 40, 41, 42, 43, 45, 46, 49, 52, 53, 54, 55, 56, 57, 58, 59, 62, 63, 64, 66, 68, 69, 70, 71, 74, 75, 76, 78, 80, 82, 83, 84, 85, 86, 87, 90, 92, 93, 98, 99, 101, 103, 105, 110, 111, 114, 115, 116, 119, 120, 121, 122, 123, 126, 127, 129, 131, 132, 133, 135, 137, 138, 140, 142, 143, 147, 148, 149, 151, 152, 154, 156, 160, 161, 162, 164, 165, 167, 168, 170, 171, 172, 173, 176, 178, 179, 183, 184, 186, 187, 189, 192, 194, 198, 199, 200, 201, 202, 203, 204, 205, 206, 207, 210, 213, 215, 218, 220, 224, 228, 229, 232, 236, 237, 239, 241, 247, 250, 251, 254, 255, 257, 258, 267, 268, 269, 270, 272, 273, 274, 284, 286, 288, 289, 291, 295, 300, 308, 310, 320, 332, 334, 343, 344, 345, 346, 350, 351, 353, 360, 367, 377, 378, 388, 394, 395, 397, 398, 403, 404, 409, 414, 416, 419, 426, 429, 436, 448, 458, 462, 464, 465, 471, 472, 481, 483, 509, 512, 513, 515, 538, 540, 543, 545, 549, 553, 555, 556, 560, 563, 564, 576, 596, 611, 613, 614, 620, 626, 635, 653, 662, 666, 668, 670, 672, 673, 676, 677, 678, 684, 689, 690, 692, 693, 696, 699, 700, 708, 713, 714, 719, 720, 721, 732, 733, 741, 742, 743, 745, 753, 758]"
hcci_412,Q980_9h_AC,roi_412,Zeiss Gemini_SE_10000.0kV_500.0x,252,3,0,0,770,1,"[1, 2, 3, 4, 5, 7, 8, 9, 11, 13, 15, 16, 17, 19, 21, 22, 23, 24, 26, 27, 28, 29, 30, 31, 32, 34, 35, 36, 38, 39, 40, 43, 44, 45, 47, 49, 50, 51, 53, 54, 55, 57, 59, 60, 61, 62, 64, 66, 67, 71, 73, 74, 77, 78, 80, 81, 82, 83, 84, 86, 87, 90, 91, 92, 96, 100, 101, 105, 109, 110, 112, 115, 116, 120, 123, 124, 125, 128, 133, 136, 137, 138, 140, 141, 144, 145, 146, 147, 148, 150, 151, 152, 153, 157, 159, 160, 161, 163, 164, 165, 167, 169, 171, 172, 173, 174, 176, 178, 179, 182, 184, 185, 188, 190, 191, 192, 194, 196, 198, 199, 203, 205, 206, 207, 214, 215, 218, 219, 224, 232, 233, 234, 237, 243, 244, 246, 248, 249, 250, 251, 254, 261, 262, 263, 265, 266, 274, 280, 281, 287, 288, 290, 292, 296, 298, 299, 301, 304, 312, 313, 314, 320, 326, 329, 341, 345, 348, 349, 359, 364, 365, 368, 372, 375, 390, 391, 393, 400, 405, 409, 412, 424, 428, 429, 432, 439, 440, 447, 449, 458, 459, 485, 487, 488, 491, 501, 503, 504, 507, 508, 511, 513, 524, 527, 528, 541, 548, 550, 558, 559, 576, 585, 587, 589, 594, 597, 602, 607, 615, 617, 618, 619, 622, 633, 637, 639, 642, 649, 656, 659, 660, 662, 665, 667, 672, 676, 680, 681, 689, 692, 693, 700, 704, 706, 723, 728, 733, 735, 737, 742, 753, 764]"
hcci_413,Q980_9h_AC,roi_413,Zeiss Gemini_BSE_10000.0kV_500.0x,252,3,0,0,770,1,"[1, 2, 3, 4, 5, 6, 7, 8, 9, 10, 11, 12, 13, 14, 15, 16, 17, 18, 19, 20, 21, 22, 24, 26, 28, 29, 30, 31, 32, 34, 35, 36, 38, 39, 40, 47, 48, 53, 55, 56, 58, 59, 61, 63, 64, 69, 70, 71, 72, 74, 75, 77, 78, 79, 82, 83, 85, 86, 88, 90, 91, 93, 94, 95, 96, 97, 98, 99, 102, 108, 109, 113, 115, 116, 117, 118, 123, 125, 127, 128, 129, 130, 131, 132, 133, 135, 136, 139, 141, 142, 143, 145, 147, 149, 151, 152, 153, 154, 155, 156, 158, 159, 161, 163, 164, 165, 166, 168, 171, 172, 173, 174, 177, 188, 189, 190, 191, 194, 195, 196, 197, 202, 205, 206, 207, 211, 212, 215, 224, 231, 233, 234, 235, 239, 241, 243, 248, 249, 252, 253, 256, 258, 259, 260, 267, 268, 271, 273, 275, 276, 279, 290, 293, 295, 297, 302, 303, 304, 310, 321, 329, 335, 341, 351, 375, 380, 382, 394, 403, 405, 407, 414, 417, 418, 419, 421, 434, 441, 448, 457, 460, 465, 466, 475, 490, 494, 508, 512, 516, 520, 526, 527, 528, 532, 533, 541, 547, 548, 553, 557, 562, 563, 572, 576, 579, 581, 587, 590, 595, 597, 605, 612, 614, 617, 620, 621, 623, 629, 630, 632, 636, 638, 640, 641, 649, 650, 652, 654, 655, 657, 658, 659, 673, 677, 682, 685, 689, 692, 693, 698, 700, 705, 706, 707, 710, 712, 714, 716, 717, 727, 739, 752]"
hcci_414,Q980_9h_AC,roi_414,Zeiss Gemini_BSE_10000.0kV_500.0x,252,3,0,0,770,1,"[1, 2, 3, 4, 5, 6, 7, 8, 9, 10, 11, 13, 14, 15, 16, 18, 19, 20, 21, 22, 23, 27, 29, 31, 32, 36, 37, 40, 42, 43, 45, 46, 47, 49, 52, 55, 57, 60, 61, 64, 67, 68, 69, 70, 72, 75, 76, 77, 83, 85, 86, 88, 89, 90, 92, 94, 99, 104, 105, 106, 107, 109, 111, 112, 113, 117, 118, 120, 121, 123, 124, 127, 130, 134, 139, 144, 146, 150, 152, 156, 157, 159, 160, 162, 163, 166, 170, 172, 177, 178, 182, 185, 187, 190, 191, 192, 193, 196, 199, 201, 204, 206, 207, 210, 211, 214, 217, 218, 219, 221, 227, 231, 232, 233, 234, 239, 240, 241, 242, 243, 247, 249, 252, 253, 254, 256, 257, 259, 263, 266, 268, 274, 277, 282, 283, 284, 286, 287, 290, 297, 298, 300, 304, 307, 311, 312, 313, 315, 318, 320, 323, 329, 333, 335, 339, 340, 363, 372, 377, 379, 380, 389, 401, 411, 413, 417, 419, 422, 437, 438, 442, 443, 446, 448, 458, 474, 477, 481, 488, 489, 495, 503, 517, 522, 524, 538, 540, 542, 544, 547, 548, 550, 556, 557, 560, 567, 578, 584, 597, 605, 606, 613, 615, 616, 618, 621, 623, 624, 625, 626, 627, 628, 630, 631, 632, 634, 635, 638, 645, 647, 650, 655, 656, 660, 662, 668, 671, 677, 679, 682, 685, 691, 693, 694, 695, 697, 698, 699, 701, 702, 707, 708, 716, 718, 722, 725, 727, 728, 729, 732, 738, 752]"
hcci_415,Q980_9h_AC,roi_415,Zeiss Gemini_InLens_10000.0kV_500.0x,252,3,0,0,770,1,"[1, 2, 16, 17, 18, 19, 20, 21, 22, 23, 24, 26, 27, 28, 29, 30, 32, 35, 36, 37, 38, 39, 40, 41, 42, 43, 44, 45, 46, 47, 49, 51, 53, 54, 55, 56, 58, 61, 62, 63, 66, 70, 75, 77, 78, 79, 80, 81, 83, 84, 89, 91, 92, 93, 94, 96, 97, 99, 101, 103, 104, 106, 110, 111, 119, 120, 121, 122, 126, 127, 128, 129, 133, 135, 139, 140, 142, 143, 144, 145, 146, 147, 148, 149, 150, 152, 157, 161, 162, 163, 164, 165, 168, 174, 175, 178, 179, 180, 181, 182, 187, 189, 191, 195, 196, 197, 199, 200, 203, 207, 211, 213, 218, 219, 220, 221, 223, 228, 233, 242, 244, 246, 247, 248, 250, 253, 257, 258, 263, 267, 277, 283, 284, 288, 292, 293, 303, 304, 308, 320, 322, 323, 324, 328, 332, 335, 337, 338, 339, 340, 347, 351, 356, 361, 362, 365, 369, 382, 385, 388, 392, 394, 410, 416, 417, 427, 430, 432, 434, 436, 437, 451, 461, 465, 471, 480, 482, 486, 489, 495, 496, 507, 523, 526, 527, 530, 533, 548, 549, 551, 555, 559, 561, 562, 563, 569, 570, 571, 572, 575, 576, 587, 588, 590, 593, 597, 602, 604, 605, 610, 614, 617, 623, 634, 636, 637, 645, 648, 649, 652, 654, 657, 659, 661, 663, 671, 680, 681, 687, 688, 689, 693, 698, 700, 704, 705, 710, 711, 715, 717, 722, 723, 724, 729, 730, 732, 736, 752, 756, 757, 767, 768]"
hcci_416,Q980_9h_AC,roi_416,Zeiss Gemini_InLens_10000.0kV_500.0x,252,3,0,0,770,1,"[1, 2, 11, 13, 14, 18, 19, 20, 21, 22, 23, 24, 25, 28, 31, 32, 34, 35, 37, 38, 39, 41, 43, 44, 48, 49, 50, 51, 52, 59, 60, 63, 64, 68, 70, 71, 72, 76, 78, 79, 80, 81, 85, 86, 87, 88, 90, 92, 93, 95, 97, 98, 101, 108, 111, 112, 113, 117, 121, 122, 123, 124, 126, 127, 128, 130, 133, 136, 139, 141, 149, 151, 152, 154, 160, 162, 164, 167, 172, 174, 176, 177, 178, 180, 181, 185, 186, 187, 188, 189, 198, 199, 200, 202, 205, 207, 210, 212, 213, 217, 220, 221, 223, 224, 227, 230, 232, 241, 246, 250, 254, 255, 258, 261, 265, 267, 272, 275, 277, 279, 280, 290, 293, 294, 295, 297, 303, 306, 309, 313, 315, 316, 327, 333, 340, 345, 355, 358, 367, 370, 371, 380, 381, 387, 388, 393, 394, 397, 400, 405, 406, 409, 410, 411, 414, 420, 424, 426, 429, 433, 437, 438, 440, 465, 467, 469, 474, 483, 485, 487, 489, 497, 501, 504, 506, 510, 514, 519, 527, 530, 536, 537, 539, 541, 543, 547, 550, 556, 558, 560, 561, 573, 576, 577, 581, 584, 598, 599, 600, 604, 608, 609, 614, 615, 622, 625, 629, 631, 632, 633, 635, 636, 637, 642, 645, 647, 650, 651, 653, 656, 658, 666, 667, 673, 676, 678, 679, 680, 682, 684, 689, 691, 694, 695, 704, 707, 711, 713, 717, 718, 721, 722, 726, 727, 728, 730, 731, 736, 737, 740, 760, 768]"
hcci_417,Q980_9h_AC,roi_417,Zeiss Gemini_SE_10000.0kV_2800.0x,252,3,0,0,770,1,"[1, 2, 3, 4, 5, 6, 7, 8, 9, 10, 11, 12, 14, 15, 18, 19, 20, 25, 26, 27, 30, 31, 34, 37, 38, 42, 44, 45, 46, 47, 48, 49, 50, 51, 52, 58, 59, 60, 64, 65, 66, 67, 69, 84, 86, 88, 89, 90, 97, 99, 100, 109, 113, 120, 124, 125, 132, 137, 138, 140, 143, 146, 148, 149, 157, 158, 161, 164, 166, 170, 172, 183, 189, 195, 196, 200, 205, 212, 229, 235, 238, 239, 240, 242, 245, 247, 249, 256, 258, 263, 268, 269, 276, 278, 281, 288, 290, 291, 295, 297, 299, 300, 301, 312, 316, 317, 320, 327, 328, 332, 333, 334, 335, 343, 347, 348, 350, 354, 358, 361, 372, 374, 375, 376, 379, 387, 396, 397, 399, 400, 401, 414, 416, 417, 419, 423, 425, 428, 429, 430, 431, 432, 435, 436, 437, 439, 442, 444, 446, 448, 450, 452, 466, 468, 469, 474, 479, 484, 485, 486, 490, 492, 494, 497, 498, 500, 501, 511, 512, 514, 516, 518, 519, 522, 523, 525, 527, 528, 531, 534, 536, 538, 546, 547, 548, 553, 556, 559, 561, 562, 563, 565, 566, 569, 571, 572, 573, 574, 577, 579, 580, 581, 585, 587, 592, 594, 595, 596, 597, 598, 600, 608, 609, 613, 616, 618, 623, 625, 632, 635, 636, 638, 643, 647, 656, 658, 660, 666, 668, 676, 678, 680, 681, 684, 687, 688, 699, 703, 704, 707, 714, 716, 730, 734, 740, 743, 744, 747, 754, 764, 769, 770]"
hcci_418,Q980_9h_AC,roi_418,Zeiss Gemini_SE_10000.0kV_2800.0x,252,3,0,0,770,1,"[1, 2, 3, 4, 5, 6, 7, 8, 9, 10, 11, 12, 13, 14, 15, 18, 22, 23, 24, 26, 27, 28, 30, 31, 32, 33, 34, 39, 41, 42, 43, 45, 46, 49, 50, 55, 56, 57, 58, 61, 62, 63, 64, 65, 67, 68, 69, 72, 73, 79, 86, 87, 91, 94, 96, 98, 105, 106, 109, 111, 112, 113, 114, 115, 123, 126, 128, 136, 137, 145, 146, 152, 154, 155, 161, 162, 169, 171, 172, 174, 183, 187, 194, 203, 207, 210, 211, 212, 214, 216, 217, 219, 223, 225, 228, 234, 239, 243, 244, 248, 252, 260, 261, 264, 265, 268, 269, 270, 271, 273, 274, 282, 283, 288, 289, 291, 295, 297, 299, 301, 302, 304, 305, 307, 308, 311, 312, 315, 316, 318, 320, 324, 328, 331, 332, 339, 340, 344, 345, 346, 351, 353, 365, 370, 374, 385, 389, 393, 394, 400, 407, 410, 411, 415, 416, 419, 420, 423, 424, 429, 430, 434, 439, 441, 443, 449, 450, 453, 457, 461, 462, 464, 465, 468, 472, 473, 474, 480, 481, 488, 495, 497, 502, 507, 509, 511, 514, 515, 516, 517, 518, 521, 526, 535, 536, 537, 538, 543, 544, 545, 546, 548, 550, 551, 553, 557, 558, 559, 560, 561, 565, 567, 576, 582, 587, 588, 591, 592, 597, 602, 606, 618, 627, 629, 630, 635, 636, 637, 645, 652, 653, 654, 656, 660, 664, 667, 673, 684, 694, 696, 699, 702, 710, 711, 731, 737, 740, 741, 746, 759, 769, 770]"
hcci_419,Q980_9h_AC,roi_419,Zeiss Gemini_BSE_10000.0kV_2800.0x,252,3,0,0,770,1,"[1, 2, 3, 4, 5, 6, 7, 8, 9, 10, 11, 12, 13, 14, 15, 16, 17, 18, 19, 20, 21, 22, 23, 24, 25, 26, 27, 28, 30, 31, 32, 35, 36, 37, 38, 39, 41, 42, 43, 44, 45, 46, 47, 48, 49, 50, 51, 53, 56, 57, 59, 61, 63, 65, 66, 67, 68, 69, 71, 73, 74, 75, 78, 79, 80, 82, 83, 84, 86, 87, 88, 89, 91, 93, 94, 95, 97, 99, 103, 105, 108, 109, 112, 114, 115, 116, 117, 119, 120, 121, 123, 125, 128, 129, 130, 131, 132, 133, 136, 137, 138, 140, 144, 150, 152, 153, 154, 155, 158, 159, 164, 165, 173, 175, 178, 179, 186, 188, 189, 193, 195, 196, 197, 199, 200, 202, 204, 209, 210, 211, 212, 214, 218, 223, 224, 225, 227, 230, 231, 233, 236, 238, 239, 240, 241, 242, 245, 246, 252, 256, 262, 263, 265, 270, 271, 272, 273, 274, 276, 277, 278, 282, 283, 287, 288, 290, 293, 296, 299, 303, 310, 312, 316, 317, 319, 323, 332, 340, 341, 344, 347, 349, 352, 353, 354, 356, 364, 365, 371, 373, 374, 375, 377, 381, 383, 384, 386, 390, 391, 396, 397, 400, 403, 412, 417, 423, 428, 433, 434, 437, 438, 447, 452, 453, 464, 468, 472, 473, 475, 483, 494, 496, 497, 498, 511, 513, 515, 520, 525, 529, 535, 536, 558, 559, 575, 578, 593, 613, 616, 634, 638, 678, 699, 728, 741, 749, 752, 755, 758, 760, 767, 768]"
hcci_42,Q980_0h_WC,roi_42,Helios G4 PFIB CXe_InLens_5000.0kV_1000.0x,254,3,0,0,770,1,"[1, 2, 3, 4, 5, 6, 7, 8, 9, 10, 11, 12, 13, 14, 16, 18, 19, 20, 21, 22, 24, 25, 26, 27, 28, 31, 32, 33, 34, 35, 36, 37, 38, 39, 41, 42, 43, 48, 50, 51, 52, 54, 55, 56, 59, 60, 61, 63, 64, 69, 70, 71, 72, 73, 79, 80, 82, 83, 84, 86, 87, 88, 94, 95, 96, 97, 102, 106, 107, 108, 113, 117, 118, 122, 123, 124, 127, 129, 130, 132, 133, 136, 139, 142, 146, 147, 149, 150, 155, 158, 159, 163, 166, 168, 170, 172, 173, 178, 179, 185, 190, 191, 192, 197, 200, 201, 205, 206, 207, 208, 210, 214, 219, 222, 224, 225, 229, 230, 233, 235, 236, 238, 244, 246, 248, 251, 253, 255, 256, 259, 278, 279, 280, 289, 296, 298, 299, 300, 308, 311, 316, 318, 320, 321, 328, 335, 340, 342, 346, 352, 359, 361, 362, 364, 367, 379, 383, 385, 386, 387, 394, 401, 402, 411, 414, 415, 416, 420, 424, 430, 432, 433, 442, 445, 446, 452, 463, 464, 465, 475, 478, 480, 481, 486, 488, 501, 503, 512, 524, 529, 534, 549, 550, 560, 561, 592, 598, 600, 602, 614, 615, 618, 619, 627, 639, 641, 644, 652, 655, 656, 658, 661, 663, 666, 667, 669, 670, 674, 677, 679, 680, 687, 688, 691, 693, 701, 707, 709, 711, 716, 718, 721, 726, 727, 731, 740, 741, 745, 747, 748, 750, 751, 752, 753, 755, 759, 761, 764, 765, 766, 767, 768, 769, 770]"
hcci_420,Q980_9h_AC,roi_420,Zeiss Gemini_BSE_10000.0kV_2800.0x,252,3,0,0,770,1,"[1, 2, 3, 4, 5, 6, 7, 8, 9, 10, 11, 12, 13, 15, 16, 17, 18, 19, 20, 21, 22, 23, 24, 25, 26, 27, 28, 29, 30, 31, 32, 34, 35, 36, 37, 38, 40, 42, 43, 44, 45, 46, 47, 48, 49, 50, 52, 53, 55, 56, 58, 61, 62, 63, 64, 67, 69, 70, 72, 74, 75, 76, 77, 78, 79, 80, 82, 83, 84, 85, 86, 87, 90, 91, 92, 95, 96, 97, 100, 101, 102, 103, 105, 107, 109, 110, 111, 112, 113, 118, 119, 121, 122, 123, 124, 125, 131, 144, 145, 149, 152, 153, 154, 155, 157, 158, 159, 165, 167, 169, 171, 172, 174, 175, 176, 177, 179, 180, 187, 188, 191, 196, 199, 206, 207, 208, 209, 211, 213, 220, 225, 230, 239, 246, 256, 257, 263, 266, 267, 268, 274, 275, 277, 281, 284, 285, 287, 291, 292, 296, 299, 302, 305, 314, 315, 318, 331, 335, 336, 337, 339, 342, 343, 347, 351, 360, 367, 372, 377, 384, 385, 388, 390, 392, 393, 394, 395, 396, 398, 399, 403, 404, 410, 411, 415, 416, 418, 429, 437, 438, 444, 447, 448, 453, 466, 467, 472, 494, 501, 503, 507, 513, 518, 519, 526, 530, 531, 532, 535, 539, 540, 548, 550, 551, 552, 553, 559, 560, 566, 573, 580, 585, 595, 596, 597, 601, 602, 604, 608, 609, 611, 629, 631, 633, 638, 645, 649, 650, 659, 662, 664, 665, 678, 713, 717, 722, 726, 728, 736, 751, 762, 763]"
hcci_421,Q980_9h_AC,roi_421,Zeiss Gemini_InLens_10000.0kV_2800.0x,252,3,0,0,770,1,"[1, 2, 3, 4, 5, 6, 7, 8, 9, 10, 11, 13, 14, 15, 16, 18, 19, 20, 21, 22, 23, 24, 25, 26, 27, 28, 29, 31, 32, 33, 34, 36, 37, 38, 39, 40, 42, 44, 45, 46, 47, 48, 49, 50, 51, 52, 53, 54, 55, 57, 58, 62, 63, 64, 66, 68, 69, 71, 72, 73, 74, 76, 78, 80, 81, 82, 84, 85, 87, 88, 94, 96, 97, 98, 99, 101, 102, 103, 105, 109, 110, 112, 113, 115, 116, 117, 120, 123, 126, 127, 128, 132, 134, 135, 136, 137, 139, 140, 143, 144, 145, 146, 148, 149, 151, 157, 159, 160, 163, 168, 178, 179, 181, 182, 183, 185, 186, 188, 189, 190, 195, 198, 205, 207, 212, 214, 215, 220, 222, 223, 224, 237, 247, 249, 255, 256, 257, 265, 269, 270, 272, 273, 275, 278, 292, 294, 296, 299, 303, 305, 306, 307, 310, 315, 316, 318, 319, 324, 327, 330, 331, 334, 336, 338, 342, 344, 348, 354, 356, 357, 367, 370, 374, 377, 385, 387, 394, 395, 396, 397, 400, 405, 407, 411, 412, 421, 422, 425, 427, 430, 433, 448, 449, 450, 451, 453, 455, 458, 466, 468, 469, 470, 471, 473, 481, 482, 483, 485, 487, 488, 493, 497, 498, 500, 505, 507, 515, 529, 530, 533, 539, 548, 549, 550, 553, 554, 564, 579, 596, 597, 603, 615, 619, 627, 633, 634, 646, 652, 654, 656, 667, 696, 700, 714, 720, 723, 746, 752, 753, 755, 763, 764]"
hcci_422,Q980_9h_AC,roi_422,Zeiss Gemini_InLens_10000.0kV_2800.0x,252,3,0,0,770,1,"[1, 2, 3, 4, 5, 6, 7, 8, 9, 10, 11, 12, 13, 14, 15, 16, 19, 21, 22, 23, 24, 25, 26, 27, 28, 29, 30, 31, 32, 33, 34, 35, 37, 38, 39, 40, 41, 42, 43, 44, 45, 46, 47, 48, 49, 50, 51, 52, 53, 54, 55, 56, 57, 58, 59, 60, 62, 63, 64, 65, 66, 67, 68, 69, 70, 71, 72, 73, 74, 75, 76, 77, 78, 79, 81, 82, 83, 84, 85, 86, 87, 88, 89, 91, 92, 93, 94, 95, 98, 101, 102, 103, 106, 108, 111, 112, 114, 115, 117, 118, 120, 122, 127, 128, 131, 133, 139, 140, 141, 143, 145, 147, 152, 153, 154, 155, 158, 159, 162, 164, 165, 172, 176, 178, 179, 181, 184, 185, 186, 190, 192, 193, 196, 197, 199, 200, 202, 203, 205, 208, 211, 212, 214, 217, 218, 219, 222, 226, 227, 230, 231, 232, 233, 234, 236, 237, 240, 244, 251, 253, 254, 255, 257, 260, 262, 263, 264, 267, 268, 269, 275, 280, 282, 285, 288, 289, 290, 293, 294, 296, 310, 312, 313, 314, 322, 323, 326, 329, 331, 334, 336, 348, 351, 354, 363, 365, 371, 373, 375, 379, 381, 382, 385, 387, 393, 394, 402, 403, 408, 411, 420, 424, 431, 438, 449, 451, 454, 472, 481, 490, 500, 505, 511, 522, 526, 527, 534, 535, 542, 550, 561, 565, 566, 580, 602, 604, 613, 631, 646, 650, 658, 669, 676, 679, 684, 711, 717, 718, 728, 735, 758, 765]"
hcci_423,Q980_9h_AC,roi_423,Zeiss Gemini_SE_20000.0kV_500.0x,252,3,0,0,770,1,"[1, 2, 3, 4, 5, 6, 9, 15, 17, 18, 21, 22, 23, 25, 26, 31, 33, 34, 36, 37, 38, 39, 40, 42, 43, 46, 47, 48, 49, 50, 53, 55, 57, 58, 59, 60, 62, 65, 66, 68, 70, 71, 72, 73, 74, 75, 76, 77, 78, 79, 80, 81, 87, 88, 89, 90, 91, 92, 93, 94, 95, 97, 99, 100, 101, 104, 105, 108, 109, 110, 111, 112, 114, 117, 119, 122, 123, 125, 126, 128, 130, 131, 134, 139, 140, 141, 142, 143, 144, 147, 149, 150, 152, 155, 158, 160, 164, 167, 171, 172, 174, 176, 177, 178, 180, 181, 183, 186, 187, 190, 191, 194, 195, 198, 199, 200, 201, 203, 205, 207, 209, 211, 215, 216, 219, 225, 228, 231, 235, 237, 238, 243, 246, 247, 248, 249, 256, 261, 263, 267, 271, 282, 283, 287, 292, 295, 297, 301, 303, 304, 308, 312, 314, 319, 325, 326, 332, 335, 342, 353, 354, 359, 367, 369, 373, 374, 379, 380, 381, 382, 386, 387, 393, 394, 397, 400, 402, 403, 411, 412, 414, 422, 425, 426, 432, 436, 437, 445, 448, 453, 455, 461, 469, 472, 473, 475, 495, 514, 517, 524, 528, 541, 543, 553, 560, 575, 577, 583, 584, 589, 596, 598, 600, 609, 613, 615, 625, 632, 641, 648, 656, 659, 660, 663, 664, 667, 668, 682, 691, 694, 704, 705, 707, 708, 716, 723, 724, 725, 726, 728, 730, 733, 734, 736, 737, 741, 745, 746, 748, 749, 755, 759]"
hcci_424,Q980_9h_AC,roi_424,Zeiss Gemini_SE_20000.0kV_500.0x,252,3,0,0,770,1,"[1, 2, 3, 4, 5, 6, 7, 10, 11, 16, 17, 18, 20, 21, 22, 25, 26, 27, 29, 30, 31, 32, 34, 35, 36, 38, 39, 40, 41, 42, 46, 47, 48, 49, 50, 51, 52, 53, 54, 57, 62, 63, 64, 66, 67, 68, 69, 70, 71, 72, 73, 74, 75, 76, 78, 81, 82, 83, 84, 85, 86, 87, 89, 90, 91, 92, 93, 94, 95, 96, 100, 102, 103, 106, 107, 108, 109, 110, 111, 114, 115, 118, 120, 121, 123, 125, 126, 128, 131, 133, 135, 136, 138, 139, 140, 141, 143, 145, 146, 148, 149, 150, 151, 152, 153, 156, 157, 159, 161, 163, 165, 166, 168, 169, 173, 175, 177, 182, 183, 184, 186, 188, 191, 193, 195, 197, 199, 209, 210, 213, 214, 215, 216, 220, 221, 222, 223, 230, 231, 236, 239, 241, 242, 246, 253, 255, 256, 258, 259, 262, 263, 270, 275, 277, 278, 280, 284, 286, 287, 288, 291, 296, 299, 305, 307, 335, 354, 357, 358, 361, 362, 363, 373, 374, 381, 385, 390, 402, 408, 409, 416, 424, 430, 432, 436, 438, 446, 451, 453, 458, 460, 464, 465, 479, 484, 499, 504, 507, 510, 521, 527, 530, 532, 543, 545, 553, 558, 562, 577, 579, 580, 581, 584, 604, 609, 621, 635, 638, 641, 648, 655, 658, 663, 668, 670, 672, 673, 674, 676, 684, 687, 693, 695, 700, 701, 702, 703, 705, 707, 711, 719, 724, 725, 726, 727, 729, 736, 739, 746, 750, 751, 756]"
hcci_425,Q980_9h_AC,roi_425,Zeiss Gemini_BSE_20000.0kV_500.0x,252,3,0,0,770,1,"[1, 2, 3, 4, 5, 6, 7, 8, 9, 10, 11, 12, 13, 14, 15, 16, 17, 18, 19, 20, 21, 22, 23, 24, 25, 26, 27, 28, 30, 31, 32, 33, 34, 35, 36, 38, 40, 41, 42, 43, 45, 46, 47, 48, 49, 51, 52, 53, 54, 55, 56, 58, 59, 60, 61, 62, 63, 64, 67, 68, 71, 74, 76, 77, 78, 79, 82, 84, 93, 94, 98, 99, 100, 104, 105, 107, 110, 111, 112, 115, 116, 118, 119, 120, 123, 128, 135, 137, 140, 141, 143, 146, 149, 152, 153, 154, 155, 157, 159, 166, 167, 168, 173, 174, 176, 180, 181, 184, 191, 197, 199, 204, 206, 217, 219, 220, 222, 223, 224, 226, 230, 231, 233, 236, 237, 241, 243, 246, 250, 253, 257, 264, 271, 273, 275, 276, 278, 280, 284, 285, 286, 294, 297, 299, 300, 302, 304, 305, 307, 309, 315, 316, 319, 325, 330, 331, 332, 335, 348, 351, 352, 357, 361, 366, 367, 369, 373, 374, 376, 377, 382, 395, 396, 398, 402, 404, 407, 416, 418, 420, 421, 427, 428, 430, 431, 435, 436, 439, 440, 443, 444, 451, 452, 456, 457, 460, 467, 474, 475, 476, 483, 490, 494, 498, 499, 500, 517, 528, 531, 532, 538, 539, 545, 546, 547, 555, 566, 568, 576, 577, 586, 588, 593, 600, 611, 613, 614, 618, 628, 634, 635, 641, 646, 648, 653, 662, 663, 686, 692, 705, 714, 718, 732, 733, 742, 746, 748, 749, 752, 760, 769, 770]"
hcci_426,Q980_9h_AC,roi_426,Zeiss Gemini_BSE_20000.0kV_500.0x,252,3,0,0,770,1,"[1, 2, 3, 4, 5, 6, 7, 8, 9, 10, 11, 12, 13, 14, 15, 16, 17, 18, 19, 20, 21, 23, 24, 25, 26, 27, 28, 29, 30, 31, 32, 33, 34, 35, 37, 38, 39, 40, 41, 43, 44, 45, 46, 48, 50, 52, 55, 56, 57, 58, 59, 62, 63, 65, 66, 68, 70, 71, 72, 75, 76, 77, 79, 80, 83, 84, 85, 89, 90, 92, 95, 98, 100, 105, 106, 109, 113, 114, 115, 117, 118, 119, 121, 123, 124, 125, 126, 127, 128, 130, 131, 136, 137, 138, 143, 146, 147, 148, 152, 168, 169, 177, 182, 183, 189, 193, 198, 200, 206, 207, 208, 209, 211, 214, 215, 220, 222, 223, 231, 244, 248, 256, 260, 263, 265, 270, 273, 285, 287, 288, 290, 291, 292, 293, 294, 304, 309, 319, 322, 325, 327, 332, 334, 336, 337, 338, 343, 345, 358, 367, 369, 375, 377, 383, 387, 389, 391, 395, 396, 398, 403, 408, 417, 422, 424, 429, 436, 441, 448, 450, 453, 457, 461, 462, 465, 466, 469, 473, 477, 483, 487, 488, 491, 502, 511, 514, 516, 519, 521, 523, 524, 528, 531, 538, 541, 547, 558, 562, 565, 568, 595, 598, 602, 603, 605, 607, 610, 615, 616, 620, 622, 624, 626, 631, 643, 644, 662, 663, 667, 668, 676, 677, 679, 680, 684, 690, 691, 692, 693, 695, 697, 699, 706, 712, 716, 719, 725, 726, 730, 734, 736, 738, 742, 745, 748, 754, 755, 758, 759, 760, 769, 770]"
hcci_427,Q980_9h_AC,roi_427,Zeiss Gemini_InLens_20000.0kV_500.0x,254,1,0,0,772,1,"[1, 2, 5, 6, 7, 8, 9, 10, 11, 13, 14, 15, 18, 19, 20, 21, 22, 23, 24, 25, 26, 29, 31, 32, 33, 35, 37, 38, 39, 40, 41, 42, 44, 45, 46, 47, 49, 50, 53, 54, 55, 56, 57, 58, 59, 60, 61, 62, 63, 64, 65, 68, 69, 71, 72, 73, 74, 75, 76, 78, 79, 80, 81, 82, 83, 84, 85, 86, 87, 88, 90, 91, 94, 95, 96, 98, 99, 100, 101, 103, 104, 105, 106, 107, 110, 111, 112, 113, 115, 116, 119, 120, 121, 124, 127, 128, 132, 135, 136, 137, 139, 142, 143, 146, 148, 153, 155, 156, 157, 159, 161, 162, 165, 166, 169, 170, 173, 174, 177, 178, 186, 187, 192, 193, 196, 197, 200, 203, 206, 207, 213, 214, 216, 223, 225, 226, 228, 231, 236, 243, 244, 247, 248, 249, 254, 256, 260, 262, 267, 268, 269, 271, 272, 274, 277, 278, 279, 282, 287, 288, 289, 293, 298, 299, 301, 312, 313, 319, 323, 324, 332, 335, 336, 342, 347, 352, 354, 364, 367, 370, 371, 372, 375, 381, 391, 408, 417, 431, 433, 435, 436, 437, 438, 440, 443, 444, 453, 461, 464, 478, 486, 494, 499, 503, 515, 520, 532, 534, 535, 536, 542, 546, 550, 551, 558, 560, 561, 566, 572, 576, 582, 583, 588, 591, 609, 612, 621, 631, 633, 635, 644, 645, 663, 668, 669, 671, 672, 675, 680, 690, 695, 702, 706, 708, 723, 727, 733, 734, 737, 738, 739, 748, 750, 756]"
hcci_428,Q980_9h_AC,roi_428,Zeiss Gemini_InLens_20000.0kV_500.0x,254,1,0,0,772,1,"[1, 2, 3, 6, 7, 8, 9, 10, 11, 12, 13, 15, 17, 19, 20, 21, 22, 23, 24, 25, 26, 27, 31, 33, 34, 35, 36, 37, 38, 39, 40, 41, 42, 43, 44, 45, 49, 51, 52, 53, 54, 55, 56, 57, 59, 60, 61, 62, 63, 64, 66, 67, 68, 69, 71, 72, 73, 74, 75, 76, 77, 78, 79, 80, 81, 83, 84, 85, 86, 87, 88, 90, 91, 92, 93, 94, 95, 98, 100, 104, 105, 106, 107, 108, 109, 110, 111, 112, 113, 119, 120, 121, 122, 123, 128, 129, 131, 132, 134, 138, 139, 140, 142, 145, 148, 149, 150, 155, 156, 158, 160, 164, 165, 167, 172, 179, 181, 184, 186, 188, 189, 191, 192, 193, 198, 201, 202, 204, 208, 214, 215, 216, 222, 223, 224, 228, 234, 237, 238, 240, 241, 243, 245, 246, 249, 250, 252, 255, 258, 260, 261, 263, 268, 270, 273, 278, 279, 282, 284, 285, 289, 290, 293, 298, 300, 308, 314, 316, 320, 323, 326, 329, 331, 332, 339, 351, 366, 369, 372, 377, 385, 392, 395, 397, 409, 412, 414, 415, 422, 423, 429, 430, 431, 439, 443, 448, 455, 458, 461, 464, 465, 471, 478, 480, 497, 499, 505, 512, 515, 520, 522, 529, 533, 542, 544, 549, 562, 564, 571, 576, 578, 579, 585, 586, 608, 620, 621, 623, 625, 637, 648, 653, 657, 667, 668, 671, 679, 681, 683, 687, 689, 698, 711, 714, 719, 721, 723, 732, 736, 737, 742, 753, 754, 761]"
hcci_429,Q980_9h_AC,roi_429,Zeiss Gemini_SE_20000.0kV_2800.0x,252,3,0,0,770,1,"[1, 2, 3, 4, 5, 6, 7, 8, 11, 12, 13, 18, 21, 23, 25, 28, 29, 30, 31, 32, 33, 34, 35, 37, 39, 40, 43, 49, 50, 52, 53, 54, 55, 56, 58, 59, 60, 61, 62, 63, 66, 67, 82, 86, 88, 90, 92, 95, 98, 101, 102, 104, 108, 109, 114, 117, 123, 127, 130, 133, 135, 137, 140, 143, 144, 148, 150, 158, 164, 170, 183, 187, 193, 208, 209, 213, 216, 218, 225, 231, 232, 233, 239, 242, 243, 248, 254, 259, 263, 270, 271, 278, 279, 280, 283, 286, 290, 293, 294, 295, 300, 303, 315, 316, 317, 318, 320, 321, 324, 329, 333, 335, 338, 339, 341, 344, 346, 352, 353, 355, 358, 363, 365, 370, 375, 378, 385, 389, 391, 393, 397, 400, 402, 407, 410, 411, 412, 415, 419, 421, 428, 429, 430, 432, 436, 438, 444, 451, 453, 454, 469, 470, 473, 475, 477, 479, 484, 489, 490, 494, 495, 498, 502, 509, 513, 515, 523, 525, 526, 529, 533, 534, 535, 537, 538, 539, 540, 546, 547, 553, 556, 557, 563, 567, 568, 569, 570, 573, 574, 577, 580, 583, 587, 589, 592, 595, 597, 598, 600, 602, 611, 615, 618, 621, 623, 624, 625, 627, 628, 632, 633, 637, 638, 642, 644, 647, 648, 651, 652, 654, 655, 659, 666, 669, 671, 674, 677, 683, 686, 687, 694, 697, 699, 703, 705, 711, 712, 715, 716, 718, 721, 729, 732, 734, 737, 742, 745, 748, 758, 763, 767, 770]"
hcci_43,Q980_0h_WC,roi_43,Helios G4 PFIB CXe_SE_5000.0kV_5000.0x,254,3,0,0,770,1,"[1, 2, 3, 4, 5, 6, 7, 8, 9, 10, 11, 12, 13, 14, 15, 16, 17, 18, 19, 20, 21, 22, 23, 24, 25, 26, 27, 28, 29, 30, 31, 32, 33, 34, 35, 36, 37, 39, 40, 41, 42, 44, 45, 47, 48, 49, 52, 54, 55, 56, 57, 58, 59, 60, 63, 65, 66, 69, 70, 71, 72, 77, 79, 80, 81, 83, 86, 88, 91, 93, 98, 101, 103, 105, 108, 112, 113, 114, 115, 117, 118, 122, 127, 128, 132, 135, 137, 140, 142, 144, 145, 146, 147, 151, 152, 156, 159, 164, 171, 177, 179, 180, 181, 184, 192, 202, 203, 206, 207, 213, 216, 218, 222, 232, 233, 241, 253, 255, 256, 264, 266, 269, 276, 283, 287, 288, 294, 298, 302, 303, 305, 306, 308, 315, 317, 319, 326, 329, 336, 339, 340, 360, 361, 365, 386, 389, 396, 399, 401, 404, 413, 415, 418, 445, 446, 448, 449, 451, 454, 457, 460, 462, 465, 470, 474, 486, 492, 496, 502, 506, 507, 510, 512, 520, 525, 529, 534, 535, 537, 543, 545, 551, 553, 554, 557, 558, 563, 568, 569, 570, 580, 581, 582, 583, 584, 590, 605, 610, 612, 614, 617, 618, 619, 622, 623, 626, 629, 639, 646, 654, 656, 657, 658, 674, 676, 678, 679, 680, 681, 685, 687, 689, 693, 695, 699, 706, 709, 710, 712, 716, 717, 725, 726, 727, 730, 737, 738, 740, 745, 747, 751, 752, 753, 755, 756, 758, 759, 760, 761, 764, 766, 767, 769, 770]"
hcci_430,Q980_9h_AC,roi_430,Zeiss Gemini_SE_20000.0kV_2800.0x,252,3,0,0,770,1,"[1, 2, 3, 4, 5, 6, 7, 8, 9, 10, 11, 12, 15, 19, 21, 22, 26, 27, 28, 29, 32, 33, 38, 39, 40, 42, 43, 44, 45, 47, 48, 50, 51, 52, 54, 55, 57, 58, 59, 64, 65, 66, 68, 69, 70, 72, 74, 76, 80, 81, 82, 89, 97, 107, 109, 111, 112, 113, 115, 117, 118, 119, 120, 125, 127, 130, 136, 142, 144, 145, 146, 148, 152, 157, 162, 166, 182, 183, 194, 196, 197, 201, 203, 204, 209, 213, 214, 221, 223, 224, 228, 230, 234, 236, 237, 241, 242, 249, 250, 253, 254, 258, 261, 264, 266, 267, 269, 270, 277, 279, 290, 292, 295, 298, 300, 304, 305, 306, 310, 311, 312, 322, 323, 324, 328, 329, 331, 334, 346, 350, 351, 353, 354, 356, 357, 358, 359, 360, 364, 367, 371, 378, 380, 381, 388, 392, 394, 410, 417, 418, 425, 426, 428, 431, 437, 440, 442, 448, 449, 452, 454, 456, 457, 461, 470, 474, 477, 478, 479, 480, 481, 485, 486, 487, 488, 489, 495, 496, 497, 499, 500, 501, 504, 506, 507, 510, 517, 518, 521, 525, 527, 531, 536, 537, 550, 551, 555, 558, 559, 562, 564, 568, 569, 575, 576, 578, 579, 581, 590, 595, 596, 598, 599, 600, 602, 609, 612, 613, 614, 619, 631, 639, 646, 648, 652, 661, 663, 666, 671, 674, 675, 676, 683, 687, 689, 693, 694, 703, 704, 705, 714, 719, 720, 722, 732, 733, 745, 747, 751, 765, 767, 770]"
hcci_431,Q980_9h_AC,roi_431,Zeiss Gemini_BSE_20000.0kV_2800.0x,252,3,0,0,770,1,"[1, 2, 3, 4, 5, 6, 7, 8, 9, 10, 11, 12, 13, 14, 15, 16, 17, 18, 19, 20, 21, 22, 23, 24, 25, 26, 27, 28, 29, 30, 31, 32, 33, 34, 35, 36, 37, 39, 40, 41, 42, 43, 44, 47, 48, 49, 52, 54, 55, 57, 58, 60, 61, 63, 64, 65, 66, 67, 74, 77, 83, 84, 88, 89, 97, 98, 104, 105, 108, 109, 113, 116, 117, 121, 123, 124, 126, 127, 129, 131, 141, 145, 146, 150, 156, 162, 163, 164, 167, 171, 175, 178, 182, 191, 199, 201, 205, 209, 213, 214, 215, 219, 221, 222, 224, 225, 228, 232, 234, 235, 238, 239, 245, 247, 249, 254, 256, 258, 260, 265, 268, 269, 270, 275, 276, 277, 278, 282, 284, 291, 296, 297, 299, 300, 301, 305, 310, 314, 316, 318, 323, 324, 327, 331, 332, 333, 336, 345, 348, 355, 357, 359, 362, 364, 367, 369, 375, 377, 380, 384, 387, 388, 389, 390, 393, 402, 405, 408, 409, 410, 416, 420, 425, 429, 433, 434, 435, 436, 440, 442, 444, 445, 448, 452, 453, 456, 457, 466, 474, 476, 478, 479, 482, 487, 488, 494, 495, 496, 504, 513, 515, 523, 526, 533, 540, 544, 545, 548, 551, 552, 553, 554, 556, 567, 569, 574, 579, 581, 595, 597, 604, 606, 607, 608, 615, 632, 634, 639, 642, 645, 647, 649, 660, 661, 664, 667, 673, 676, 680, 692, 723, 736, 741, 745, 751, 756, 758, 759, 760, 766, 768, 769]"
hcci_432,Q980_9h_AC,roi_432,Zeiss Gemini_BSE_20000.0kV_2800.0x,252,3,0,0,770,1,"[1, 2, 3, 4, 5, 6, 7, 8, 9, 10, 11, 12, 13, 14, 15, 16, 17, 18, 19, 20, 21, 22, 23, 24, 25, 26, 27, 28, 29, 30, 31, 32, 33, 34, 35, 37, 38, 39, 40, 41, 42, 43, 44, 45, 47, 49, 50, 51, 52, 53, 54, 55, 57, 59, 60, 63, 64, 65, 66, 69, 70, 71, 76, 80, 84, 85, 87, 88, 90, 92, 94, 99, 100, 102, 103, 110, 113, 120, 122, 129, 136, 146, 147, 148, 150, 155, 162, 166, 168, 177, 180, 184, 185, 186, 189, 192, 203, 204, 205, 206, 211, 219, 221, 227, 229, 231, 237, 238, 240, 241, 242, 245, 246, 247, 257, 260, 264, 267, 268, 269, 271, 272, 273, 279, 282, 283, 287, 288, 291, 293, 299, 302, 303, 305, 306, 308, 310, 311, 316, 319, 321, 322, 323, 325, 326, 328, 334, 339, 347, 352, 356, 359, 364, 366, 367, 368, 375, 376, 379, 381, 382, 384, 390, 392, 394, 399, 402, 407, 408, 413, 415, 416, 418, 419, 424, 425, 427, 433, 435, 443, 448, 449, 450, 452, 455, 456, 464, 465, 472, 475, 477, 478, 479, 480, 481, 490, 492, 493, 503, 505, 510, 513, 518, 524, 535, 540, 542, 547, 554, 555, 558, 562, 569, 575, 595, 598, 600, 601, 602, 609, 610, 612, 616, 619, 620, 628, 631, 637, 646, 654, 674, 676, 678, 682, 688, 693, 704, 715, 720, 722, 728, 729, 736, 750, 752, 757, 758, 763, 765, 767, 768, 769]"
hcci_433,Q980_9h_AC,roi_433,Zeiss Gemini_InLens_20000.0kV_2800.0x,252,3,0,0,770,1,"[1, 2, 3, 4, 5, 6, 7, 8, 9, 10, 11, 12, 13, 14, 15, 16, 17, 18, 19, 20, 21, 22, 23, 24, 26, 27, 28, 29, 30, 31, 32, 33, 35, 36, 37, 39, 40, 41, 42, 43, 44, 45, 46, 49, 50, 52, 53, 55, 58, 59, 60, 61, 63, 64, 66, 67, 68, 70, 71, 72, 74, 75, 76, 78, 84, 86, 88, 89, 92, 93, 96, 97, 98, 100, 101, 102, 103, 105, 110, 111, 112, 114, 115, 117, 120, 126, 130, 133, 138, 141, 145, 146, 147, 148, 151, 159, 161, 163, 164, 169, 173, 174, 178, 180, 181, 182, 183, 184, 186, 188, 190, 191, 196, 197, 198, 200, 201, 210, 215, 216, 220, 225, 228, 232, 235, 239, 240, 242, 246, 248, 249, 250, 251, 256, 259, 260, 261, 265, 277, 279, 280, 287, 288, 290, 293, 299, 300, 304, 306, 315, 316, 317, 318, 319, 321, 322, 328, 329, 334, 337, 340, 343, 344, 345, 350, 354, 355, 363, 366, 369, 370, 371, 373, 381, 384, 389, 394, 396, 401, 402, 407, 412, 418, 420, 421, 425, 426, 431, 433, 435, 439, 440, 441, 447, 450, 451, 459, 460, 461, 464, 466, 467, 468, 473, 474, 482, 484, 500, 501, 503, 510, 512, 514, 517, 524, 525, 535, 538, 545, 550, 551, 556, 558, 560, 561, 571, 573, 574, 577, 591, 597, 608, 610, 622, 625, 640, 663, 666, 670, 688, 694, 699, 713, 716, 742, 750, 756, 759, 760, 767, 768, 769]"
hcci_434,Q980_9h_AC,roi_434,Zeiss Gemini_InLens_20000.0kV_2800.0x,252,3,0,0,770,1,"[1, 2, 3, 4, 5, 6, 7, 8, 9, 10, 11, 12, 13, 14, 15, 16, 17, 18, 19, 20, 22, 23, 25, 26, 27, 29, 30, 31, 32, 33, 34, 36, 37, 39, 40, 42, 43, 44, 45, 46, 47, 48, 49, 50, 51, 53, 54, 55, 56, 57, 60, 61, 62, 63, 65, 72, 75, 76, 77, 82, 83, 85, 88, 90, 91, 92, 97, 98, 99, 101, 105, 107, 109, 110, 111, 112, 113, 114, 120, 122, 123, 124, 125, 126, 129, 130, 131, 135, 136, 139, 149, 151, 154, 157, 158, 159, 160, 164, 169, 170, 173, 174, 184, 185, 186, 190, 191, 193, 201, 203, 215, 216, 217, 220, 225, 226, 235, 237, 239, 241, 243, 246, 247, 249, 251, 253, 258, 259, 262, 264, 277, 278, 279, 283, 284, 288, 289, 291, 294, 297, 299, 300, 302, 303, 306, 318, 321, 329, 335, 336, 337, 340, 341, 345, 348, 349, 350, 353, 356, 357, 358, 359, 363, 364, 366, 368, 370, 371, 372, 373, 376, 381, 386, 387, 389, 390, 391, 393, 399, 408, 411, 415, 421, 425, 427, 431, 432, 434, 435, 437, 440, 442, 443, 448, 449, 459, 461, 463, 465, 475, 477, 478, 479, 490, 491, 493, 495, 496, 506, 509, 513, 514, 515, 519, 523, 527, 534, 539, 540, 543, 544, 545, 558, 561, 568, 574, 589, 594, 597, 598, 605, 607, 615, 617, 632, 635, 637, 660, 676, 682, 683, 686, 697, 703, 734, 748, 751, 761, 762, 765, 768, 769]"
hcci_435,AsCast,roi_435,Helios G4 PFIB CXe_SE_5000.0kV_1000.0x,256,3,0,0,770,1,"[1, 2, 3, 4, 5, 6, 7, 8, 9, 10, 11, 12, 13, 14, 15, 16, 17, 18, 19, 20, 21, 22, 23, 24, 25, 26, 27, 28, 29, 30, 31, 32, 33, 34, 35, 36, 37, 38, 39, 40, 41, 42, 43, 44, 45, 46, 47, 48, 49, 50, 51, 52, 53, 54, 55, 56, 57, 58, 59, 60, 61, 62, 63, 64, 65, 66, 67, 68, 69, 70, 71, 72, 73, 74, 75, 76, 77, 78, 79, 80, 81, 82, 83, 84, 85, 86, 87, 88, 89, 90, 91, 92, 93, 94, 95, 96, 97, 98, 99, 100, 101, 102, 103, 104, 105, 106, 107, 108, 109, 110, 111, 112, 113, 114, 115, 116, 117, 118, 119, 120, 121, 122, 123, 124, 125, 126, 127, 128, 129, 130, 131, 132, 133, 134, 135, 136, 137, 138, 139, 140, 141, 142, 143, 144, 145, 146, 147, 148, 150, 151, 152, 153, 154, 155, 156, 157, 158, 159, 160, 162, 163, 164, 165, 166, 167, 168, 169, 170, 171, 172, 173, 174, 175, 176, 177, 178, 179, 180, 181, 183, 184, 185, 188, 197, 198, 199, 200, 203, 207, 210, 215, 216, 218, 220, 223, 226, 227, 228, 229, 233, 234, 238, 239, 244, 248, 250, 253, 257, 258, 264, 269, 270, 272, 274, 275, 278, 280, 281, 282, 283, 285, 288, 290, 291, 297, 304, 322, 326, 331, 333, 343, 344, 345, 360, 362, 367, 368, 371, 373, 380, 441, 451, 453, 470, 489, 495, 498, 507, 516, 542, 562, 572, 631, 665, 681, 715]"
hcci_436,AsCast,roi_436,Helios G4 PFIB CXe_SE_5000.0kV_1000.0x,256,3,0,0,770,1,"[1, 2, 3, 4, 5, 6, 7, 8, 9, 10, 11, 12, 13, 14, 15, 16, 17, 18, 19, 20, 21, 22, 23, 24, 25, 26, 27, 28, 29, 30, 31, 32, 33, 34, 35, 36, 37, 38, 39, 40, 41, 42, 43, 44, 45, 46, 47, 48, 49, 50, 51, 52, 53, 54, 55, 56, 57, 58, 59, 60, 61, 62, 63, 64, 65, 66, 67, 68, 69, 70, 71, 72, 73, 74, 75, 76, 77, 78, 79, 80, 81, 82, 83, 84, 85, 86, 87, 88, 89, 90, 91, 92, 93, 94, 95, 96, 97, 98, 99, 100, 101, 102, 103, 104, 105, 106, 107, 108, 109, 110, 111, 112, 113, 114, 115, 116, 117, 118, 119, 120, 121, 122, 123, 124, 125, 126, 127, 128, 129, 130, 131, 132, 133, 134, 135, 136, 137, 138, 139, 140, 141, 142, 143, 144, 145, 146, 147, 149, 150, 151, 153, 154, 156, 157, 158, 159, 160, 161, 162, 163, 164, 165, 166, 167, 168, 171, 172, 173, 174, 175, 176, 179, 180, 181, 182, 183, 184, 187, 188, 189, 191, 193, 194, 195, 198, 201, 202, 203, 204, 206, 212, 214, 217, 220, 221, 222, 224, 225, 228, 230, 231, 232, 234, 236, 237, 238, 246, 248, 249, 250, 253, 255, 256, 258, 260, 265, 266, 267, 279, 282, 287, 288, 291, 296, 307, 317, 318, 319, 321, 324, 325, 326, 327, 336, 344, 346, 361, 369, 377, 387, 394, 421, 429, 434, 447, 464, 492, 493, 507, 511, 521, 538, 553, 590, 656, 710]"
hcci_437,AsCast,roi_437,Helios G4 PFIB CXe_BSE_5000.0kV_1000.0x,256,3,0,0,770,1,"[1, 2, 3, 4, 5, 6, 7, 8, 9, 10, 11, 12, 13, 14, 15, 16, 17, 18, 19, 20, 21, 22, 23, 24, 25, 26, 27, 28, 29, 30, 31, 32, 33, 34, 35, 36, 37, 38, 39, 40, 41, 42, 43, 44, 45, 46, 47, 48, 49, 50, 51, 52, 53, 54, 55, 56, 57, 58, 59, 60, 61, 62, 63, 64, 65, 66, 67, 68, 69, 70, 71, 72, 73, 74, 75, 76, 77, 78, 79, 80, 81, 82, 83, 84, 85, 86, 87, 88, 89, 90, 91, 92, 93, 94, 95, 96, 97, 98, 99, 100, 101, 102, 103, 104, 105, 106, 107, 108, 109, 110, 111, 112, 113, 114, 115, 116, 117, 118, 119, 120, 121, 122, 123, 124, 125, 127, 128, 129, 130, 131, 132, 133, 134, 135, 136, 137, 138, 139, 140, 141, 142, 143, 145, 146, 148, 149, 150, 151, 152, 153, 154, 155, 157, 158, 159, 160, 162, 163, 165, 167, 171, 175, 176, 177, 181, 182, 184, 185, 187, 188, 190, 194, 195, 198, 200, 204, 209, 221, 222, 223, 224, 226, 230, 231, 237, 239, 240, 242, 243, 245, 246, 247, 250, 253, 256, 257, 261, 262, 264, 268, 269, 272, 273, 286, 295, 302, 305, 307, 308, 311, 317, 320, 324, 325, 329, 331, 335, 339, 341, 344, 348, 359, 369, 373, 376, 379, 385, 392, 407, 420, 425, 436, 438, 444, 446, 449, 454, 457, 464, 468, 471, 472, 486, 488, 496, 499, 512, 516, 533, 548, 560, 565, 584, 661, 690, 693]"
hcci_438,AsCast,roi_438,Helios G4 PFIB CXe_BSE_5000.0kV_1000.0x,256,3,0,0,770,1,"[1, 2, 3, 4, 5, 6, 7, 8, 9, 10, 11, 12, 13, 14, 15, 16, 17, 18, 19, 20, 21, 22, 23, 24, 25, 26, 27, 28, 29, 30, 31, 32, 33, 34, 35, 36, 37, 38, 39, 40, 41, 42, 43, 44, 45, 46, 47, 48, 49, 50, 51, 52, 53, 54, 55, 56, 57, 58, 59, 60, 61, 62, 63, 64, 65, 66, 67, 68, 69, 70, 71, 72, 73, 74, 75, 76, 77, 78, 79, 80, 81, 82, 83, 84, 85, 86, 87, 88, 89, 90, 91, 92, 93, 94, 95, 96, 97, 98, 99, 100, 101, 102, 103, 104, 105, 106, 107, 108, 109, 110, 111, 113, 114, 115, 116, 117, 118, 119, 120, 121, 122, 123, 124, 125, 126, 127, 129, 130, 131, 132, 133, 135, 136, 137, 138, 139, 140, 142, 143, 144, 146, 147, 148, 150, 151, 153, 156, 159, 161, 163, 166, 168, 171, 173, 178, 184, 187, 189, 194, 196, 197, 199, 202, 206, 208, 212, 214, 216, 217, 219, 220, 225, 228, 233, 235, 236, 238, 240, 242, 244, 246, 247, 248, 249, 254, 257, 259, 263, 264, 270, 276, 277, 279, 282, 283, 288, 289, 296, 297, 307, 309, 310, 313, 317, 318, 321, 322, 324, 328, 333, 335, 337, 350, 353, 357, 364, 367, 374, 388, 397, 398, 402, 411, 413, 418, 421, 423, 440, 442, 443, 446, 458, 467, 468, 471, 472, 475, 476, 479, 490, 494, 502, 517, 525, 529, 532, 534, 541, 543, 549, 552, 585, 608, 642, 663, 668]"
hcci_439,AsCast,roi_439,Helios G4 PFIB CXe_InLens_5000.0kV_1000.0x,256,3,0,0,770,1,"[1, 2, 3, 4, 5, 6, 7, 8, 9, 10, 11, 12, 13, 14, 15, 16, 17, 18, 19, 20, 21, 22, 23, 24, 25, 26, 27, 28, 29, 30, 31, 32, 33, 34, 35, 36, 37, 38, 39, 40, 41, 42, 43, 44, 45, 46, 47, 48, 49, 50, 51, 52, 53, 54, 55, 56, 57, 58, 59, 60, 61, 62, 63, 64, 65, 66, 67, 68, 69, 70, 71, 72, 73, 74, 75, 76, 77, 78, 79, 80, 81, 82, 83, 84, 85, 86, 87, 88, 89, 90, 91, 92, 93, 94, 95, 96, 97, 98, 99, 100, 101, 102, 103, 104, 105, 106, 107, 108, 109, 110, 111, 112, 113, 114, 115, 116, 117, 118, 119, 120, 121, 122, 123, 124, 125, 126, 127, 128, 129, 130, 131, 132, 133, 134, 135, 136, 137, 138, 139, 140, 141, 142, 143, 144, 145, 146, 147, 148, 149, 150, 151, 152, 153, 154, 155, 156, 158, 159, 160, 161, 162, 163, 164, 165, 166, 167, 168, 170, 171, 173, 174, 175, 176, 177, 178, 179, 180, 181, 183, 186, 187, 188, 189, 194, 195, 196, 197, 198, 199, 200, 202, 203, 205, 207, 209, 210, 212, 213, 214, 215, 216, 218, 221, 226, 227, 228, 229, 231, 233, 237, 238, 240, 245, 253, 254, 256, 257, 260, 265, 267, 268, 270, 274, 283, 286, 287, 288, 306, 309, 311, 313, 314, 315, 317, 321, 323, 343, 344, 351, 362, 386, 391, 393, 427, 435, 437, 446, 450, 458, 475, 495, 525, 616, 628, 679, 716]"
hcci_44,Q980_0h_WC,roi_44,Helios G4 PFIB CXe_SE_5000.0kV_5000.0x,254,3,0,0,770,1,"[1, 2, 3, 4, 5, 6, 7, 8, 9, 10, 11, 12, 13, 14, 15, 16, 17, 18, 19, 20, 21, 22, 23, 24, 25, 26, 27, 28, 29, 30, 31, 32, 33, 34, 35, 36, 37, 38, 39, 40, 41, 42, 43, 44, 47, 49, 50, 51, 53, 56, 57, 58, 59, 60, 61, 62, 63, 64, 67, 69, 70, 71, 72, 73, 75, 77, 78, 81, 85, 86, 88, 90, 91, 94, 97, 99, 100, 102, 108, 109, 111, 117, 119, 122, 124, 125, 130, 133, 134, 135, 140, 142, 149, 150, 151, 153, 154, 157, 161, 167, 170, 173, 175, 183, 186, 190, 191, 196, 197, 198, 199, 201, 208, 210, 214, 225, 229, 230, 232, 233, 236, 239, 241, 242, 248, 250, 251, 253, 260, 277, 280, 281, 284, 290, 298, 304, 312, 313, 314, 335, 336, 338, 341, 346, 347, 358, 359, 368, 369, 376, 384, 386, 390, 396, 397, 399, 401, 415, 420, 433, 454, 459, 462, 471, 488, 494, 497, 507, 509, 513, 515, 518, 522, 527, 528, 547, 551, 555, 558, 560, 564, 568, 578, 586, 595, 597, 598, 605, 608, 612, 614, 618, 620, 621, 624, 625, 626, 628, 631, 633, 634, 639, 645, 646, 653, 654, 655, 658, 661, 664, 668, 669, 674, 677, 680, 681, 684, 690, 691, 696, 704, 707, 709, 710, 714, 720, 725, 726, 730, 731, 733, 735, 738, 739, 741, 744, 745, 746, 748, 750, 751, 752, 754, 755, 756, 757, 758, 761, 764, 765, 766, 767, 768, 769]"
hcci_440,AsCast,roi_440,Helios G4 PFIB CXe_InLens_5000.0kV_1000.0x,256,3,0,0,770,1,"[1, 2, 3, 4, 5, 6, 7, 8, 9, 10, 11, 12, 13, 14, 15, 16, 17, 18, 19, 20, 21, 22, 23, 24, 25, 26, 27, 28, 29, 30, 31, 32, 33, 34, 35, 36, 37, 38, 39, 40, 41, 42, 43, 44, 45, 46, 47, 48, 49, 50, 51, 52, 53, 54, 55, 56, 57, 58, 59, 60, 61, 62, 63, 64, 65, 66, 67, 68, 69, 70, 71, 72, 73, 74, 75, 76, 77, 78, 79, 80, 81, 82, 83, 84, 85, 86, 87, 88, 89, 90, 91, 92, 93, 94, 95, 96, 97, 98, 99, 100, 101, 102, 103, 104, 105, 106, 107, 108, 109, 110, 111, 112, 113, 114, 115, 116, 117, 118, 119, 120, 121, 122, 123, 124, 125, 126, 127, 128, 129, 130, 131, 132, 133, 134, 135, 136, 137, 138, 139, 140, 141, 142, 143, 144, 145, 147, 148, 149, 150, 152, 153, 154, 155, 156, 157, 158, 159, 160, 161, 162, 163, 165, 166, 167, 168, 170, 171, 172, 173, 174, 175, 176, 177, 178, 179, 180, 181, 183, 185, 188, 189, 190, 192, 194, 197, 198, 200, 201, 202, 204, 206, 210, 212, 213, 215, 216, 217, 218, 219, 221, 223, 226, 227, 228, 229, 230, 238, 239, 241, 243, 244, 246, 248, 251, 253, 255, 259, 268, 273, 275, 279, 286, 297, 301, 302, 306, 313, 315, 317, 318, 319, 328, 336, 338, 346, 349, 350, 354, 378, 382, 402, 408, 411, 422, 426, 441, 458, 462, 481, 485, 509, 524, 589, 601, 655, 697]"
hcci_441,AsCast,roi_441,Helios G4 PFIB CXe_SE_5000.0kV_5000.0x,256,3,0,0,770,1,"[1, 2, 3, 4, 5, 6, 7, 8, 9, 10, 11, 12, 13, 14, 15, 16, 17, 18, 19, 20, 21, 22, 23, 25, 26, 27, 28, 29, 30, 31, 32, 34, 35, 36, 38, 39, 42, 43, 45, 46, 47, 50, 55, 57, 61, 62, 64, 66, 67, 68, 69, 72, 75, 76, 78, 79, 80, 84, 87, 89, 91, 95, 97, 102, 103, 106, 114, 116, 118, 119, 120, 123, 124, 130, 131, 138, 139, 140, 145, 146, 149, 157, 160, 162, 168, 169, 172, 174, 175, 177, 185, 188, 196, 199, 201, 203, 207, 210, 211, 212, 213, 217, 222, 224, 226, 229, 230, 233, 235, 236, 237, 239, 240, 241, 242, 244, 246, 248, 249, 252, 254, 262, 265, 268, 271, 273, 275, 279, 287, 295, 306, 319, 323, 325, 335, 342, 343, 346, 351, 359, 360, 365, 367, 371, 372, 379, 381, 388, 392, 397, 404, 406, 408, 413, 414, 417, 419, 422, 424, 433, 439, 440, 443, 445, 446, 448, 451, 457, 460, 462, 464, 465, 469, 470, 471, 474, 477, 479, 481, 482, 483, 484, 490, 493, 494, 496, 498, 500, 502, 506, 507, 509, 511, 516, 517, 528, 529, 532, 542, 543, 548, 549, 552, 553, 554, 556, 561, 563, 568, 569, 572, 573, 575, 576, 579, 582, 587, 588, 589, 593, 601, 603, 606, 609, 612, 613, 615, 616, 617, 620, 621, 622, 627, 633, 635, 637, 638, 639, 640, 648, 650, 669, 674, 676, 677, 681, 686, 689, 694, 695, 702, 708, 713, 739, 740, 751]"
hcci_442,AsCast,roi_442,Helios G4 PFIB CXe_SE_5000.0kV_5000.0x,256,3,0,0,770,1,"[1, 2, 3, 4, 5, 6, 7, 8, 9, 10, 11, 12, 13, 14, 15, 16, 17, 18, 19, 20, 21, 22, 23, 24, 25, 26, 27, 28, 29, 30, 31, 32, 33, 34, 35, 36, 37, 38, 39, 40, 41, 42, 43, 44, 45, 46, 47, 48, 49, 50, 52, 53, 54, 55, 56, 57, 58, 59, 60, 61, 62, 63, 64, 66, 67, 69, 70, 74, 76, 80, 81, 83, 86, 89, 94, 96, 100, 102, 106, 108, 110, 112, 113, 115, 116, 117, 119, 124, 128, 130, 133, 137, 139, 145, 146, 149, 150, 151, 153, 154, 156, 159, 160, 163, 164, 166, 167, 169, 172, 175, 178, 179, 180, 181, 182, 183, 184, 185, 189, 191, 196, 199, 200, 202, 204, 208, 210, 214, 215, 220, 225, 232, 239, 249, 255, 263, 268, 282, 289, 295, 299, 301, 306, 314, 316, 317, 321, 325, 329, 333, 335, 343, 344, 354, 356, 357, 361, 383, 386, 390, 391, 395, 396, 403, 404, 408, 414, 415, 420, 430, 432, 434, 438, 440, 447, 450, 453, 454, 459, 462, 465, 467, 468, 469, 470, 474, 476, 479, 480, 484, 488, 492, 495, 500, 502, 503, 504, 507, 512, 514, 516, 517, 522, 526, 528, 529, 534, 538, 540, 544, 546, 553, 554, 556, 557, 561, 563, 566, 567, 570, 572, 574, 575, 579, 580, 584, 586, 587, 593, 597, 599, 601, 611, 613, 618, 620, 626, 635, 637, 642, 643, 646, 648, 650, 657, 660, 664, 681, 682, 687, 707, 709, 710, 732, 736, 754]"
hcci_443,AsCast,roi_443,Helios G4 PFIB CXe_ABS_5000.0kV_5000.0x,258,1,0,0,772,1,"[1, 2, 3, 4, 5, 6, 7, 8, 9, 10, 11, 12, 13, 14, 15, 16, 17, 18, 19, 20, 21, 22, 23, 24, 25, 26, 27, 28, 29, 30, 31, 32, 33, 34, 35, 36, 37, 38, 39, 40, 41, 42, 43, 44, 45, 46, 47, 48, 49, 50, 51, 52, 53, 55, 56, 57, 58, 59, 60, 61, 62, 63, 64, 65, 67, 69, 70, 73, 74, 76, 77, 79, 80, 81, 82, 85, 87, 88, 90, 92, 96, 101, 104, 105, 110, 111, 112, 116, 119, 121, 122, 130, 131, 134, 139, 140, 147, 149, 155, 161, 164, 170, 171, 175, 176, 185, 186, 191, 194, 195, 200, 205, 208, 217, 239, 240, 249, 250, 265, 267, 278, 281, 282, 292, 301, 304, 314, 319, 320, 323, 325, 326, 327, 328, 331, 335, 350, 362, 364, 366, 367, 376, 387, 388, 389, 391, 395, 399, 404, 407, 408, 416, 419, 423, 424, 426, 432, 433, 441, 443, 446, 448, 451, 454, 458, 462, 464, 466, 471, 472, 473, 477, 484, 485, 493, 495, 496, 498, 501, 503, 504, 507, 508, 510, 520, 525, 528, 529, 530, 538, 539, 543, 554, 555, 557, 559, 561, 567, 569, 576, 578, 579, 581, 582, 591, 595, 596, 599, 602, 604, 613, 615, 616, 621, 626, 628, 629, 630, 631, 632, 634, 637, 640, 642, 646, 650, 651, 652, 660, 664, 666, 667, 668, 669, 670, 671, 674, 675, 681, 683, 685, 687, 691, 698, 699, 705, 707, 711, 714, 720, 726, 731, 733, 734, 743, 751, 755, 762]"
hcci_444,AsCast,roi_444,Helios G4 PFIB CXe_ABS_5000.0kV_5000.0x,258,1,0,0,772,1,"[1, 2, 3, 4, 5, 6, 7, 8, 9, 10, 11, 12, 13, 14, 15, 16, 17, 18, 19, 20, 21, 22, 23, 24, 25, 26, 27, 28, 29, 30, 31, 32, 33, 34, 35, 36, 37, 38, 39, 40, 41, 42, 43, 44, 45, 46, 47, 48, 49, 50, 51, 52, 53, 54, 55, 56, 57, 58, 59, 60, 61, 62, 63, 64, 65, 66, 67, 68, 70, 71, 72, 73, 74, 75, 76, 77, 78, 82, 85, 87, 89, 90, 92, 93, 94, 98, 99, 100, 102, 105, 107, 109, 112, 118, 119, 126, 130, 131, 136, 145, 148, 155, 162, 164, 165, 167, 169, 174, 180, 184, 192, 203, 204, 206, 208, 216, 223, 224, 226, 228, 232, 247, 261, 266, 267, 277, 279, 290, 311, 324, 325, 331, 332, 338, 345, 346, 349, 350, 355, 359, 369, 374, 375, 394, 399, 405, 406, 408, 409, 410, 412, 422, 423, 427, 429, 439, 440, 443, 444, 446, 447, 448, 449, 452, 457, 462, 463, 464, 470, 472, 480, 481, 482, 489, 490, 493, 497, 500, 504, 510, 514, 515, 516, 517, 518, 519, 526, 529, 535, 538, 550, 552, 554, 556, 559, 560, 563, 568, 569, 572, 578, 581, 582, 583, 588, 592, 595, 596, 603, 607, 611, 614, 619, 621, 624, 635, 639, 642, 643, 646, 648, 653, 655, 658, 659, 663, 664, 666, 667, 670, 671, 672, 673, 675, 680, 681, 682, 685, 686, 687, 690, 691, 694, 702, 703, 705, 717, 719, 720, 722, 729, 732, 733, 735, 742, 748, 755, 763]"
hcci_445,AsCast,roi_445,Helios G4 PFIB CXe_InLens_5000.0kV_5000.0x,256,3,0,0,770,1,"[1, 2, 3, 4, 5, 6, 7, 8, 9, 10, 11, 12, 13, 14, 15, 16, 17, 18, 19, 20, 21, 22, 23, 24, 25, 26, 27, 28, 29, 30, 31, 32, 33, 34, 36, 37, 38, 39, 40, 41, 42, 43, 46, 47, 48, 49, 50, 51, 52, 53, 56, 57, 59, 63, 65, 68, 71, 72, 75, 78, 80, 81, 83, 84, 86, 89, 92, 95, 103, 105, 108, 110, 113, 115, 116, 122, 124, 128, 131, 137, 143, 148, 153, 159, 163, 164, 165, 167, 173, 177, 180, 185, 186, 187, 191, 196, 199, 201, 206, 209, 210, 212, 215, 216, 218, 220, 224, 229, 235, 236, 237, 238, 245, 246, 247, 249, 253, 254, 255, 258, 262, 264, 273, 276, 278, 285, 297, 300, 306, 311, 315, 319, 320, 329, 338, 347, 348, 350, 358, 363, 372, 375, 376, 377, 392, 398, 400, 406, 409, 411, 412, 416, 420, 421, 427, 429, 432, 435, 439, 443, 444, 449, 450, 451, 452, 458, 461, 462, 463, 467, 469, 474, 484, 486, 488, 489, 492, 493, 498, 502, 506, 507, 511, 514, 518, 521, 522, 526, 527, 528, 533, 535, 539, 540, 543, 548, 551, 552, 554, 557, 561, 562, 563, 564, 565, 567, 572, 579, 587, 590, 591, 592, 593, 596, 606, 608, 609, 610, 612, 618, 620, 622, 624, 625, 627, 628, 634, 636, 638, 644, 646, 647, 648, 649, 650, 653, 656, 658, 667, 668, 669, 670, 671, 675, 676, 679, 680, 684, 691, 699, 711, 716, 719, 723, 725, 751]"
hcci_446,AsCast,roi_446,Helios G4 PFIB CXe_InLens_5000.0kV_5000.0x,256,3,0,0,770,1,"[1, 2, 3, 4, 5, 6, 7, 8, 9, 10, 11, 12, 13, 14, 15, 16, 17, 18, 19, 20, 21, 22, 23, 24, 25, 26, 27, 28, 29, 30, 31, 32, 33, 34, 35, 36, 37, 38, 39, 40, 41, 42, 43, 44, 45, 46, 47, 48, 49, 50, 51, 52, 54, 56, 57, 60, 64, 65, 66, 71, 73, 74, 76, 79, 81, 83, 84, 87, 88, 89, 90, 96, 97, 100, 101, 104, 105, 106, 110, 113, 123, 124, 125, 129, 138, 142, 143, 155, 158, 163, 186, 191, 193, 194, 198, 200, 201, 207, 212, 216, 219, 220, 221, 226, 227, 229, 230, 231, 233, 234, 235, 239, 244, 247, 248, 251, 256, 258, 259, 267, 272, 279, 289, 293, 300, 308, 312, 314, 320, 321, 338, 351, 362, 364, 373, 377, 380, 381, 389, 392, 399, 406, 415, 416, 419, 420, 422, 423, 425, 433, 436, 443, 445, 446, 449, 453, 457, 462, 465, 467, 468, 470, 473, 478, 483, 488, 489, 491, 496, 501, 503, 506, 514, 515, 516, 517, 520, 524, 525, 528, 531, 532, 536, 539, 541, 545, 546, 547, 549, 551, 553, 555, 557, 558, 561, 562, 564, 566, 573, 575, 576, 577, 578, 582, 586, 590, 592, 593, 594, 599, 606, 608, 611, 613, 614, 615, 625, 629, 632, 633, 635, 638, 639, 640, 645, 646, 647, 649, 650, 653, 655, 656, 657, 663, 669, 670, 671, 673, 674, 676, 677, 679, 681, 685, 688, 690, 696, 700, 702, 704, 706, 711, 716, 720, 722, 753]"
hcci_447,AsCast,roi_447,Helios G4 PFIB CXe_SE_10000.0kV_1000.0x,256,3,0,0,770,1,"[1, 2, 3, 4, 5, 6, 7, 8, 9, 10, 11, 12, 13, 14, 15, 16, 17, 18, 19, 20, 21, 22, 23, 24, 25, 26, 27, 28, 29, 30, 31, 32, 33, 34, 35, 36, 37, 38, 39, 40, 41, 42, 43, 44, 45, 46, 47, 48, 49, 50, 51, 52, 53, 54, 55, 56, 57, 58, 59, 60, 61, 62, 63, 64, 65, 66, 67, 68, 69, 70, 71, 72, 73, 74, 75, 76, 77, 78, 79, 80, 81, 82, 83, 84, 85, 86, 87, 88, 89, 90, 91, 92, 93, 94, 95, 96, 97, 98, 99, 100, 101, 102, 103, 104, 105, 106, 107, 108, 109, 110, 111, 112, 113, 114, 115, 116, 117, 118, 119, 120, 121, 122, 123, 124, 125, 126, 127, 128, 129, 132, 133, 136, 137, 139, 141, 142, 143, 144, 145, 146, 147, 148, 150, 153, 154, 156, 157, 158, 159, 161, 162, 163, 164, 165, 166, 167, 168, 169, 171, 172, 173, 174, 177, 178, 179, 181, 183, 184, 187, 188, 189, 190, 191, 192, 193, 194, 196, 202, 204, 208, 210, 214, 216, 219, 224, 225, 230, 231, 233, 236, 239, 241, 246, 251, 252, 253, 254, 255, 256, 260, 264, 268, 269, 270, 271, 275, 278, 280, 281, 285, 305, 309, 310, 311, 312, 316, 320, 321, 325, 331, 337, 341, 352, 353, 364, 366, 367, 369, 370, 377, 378, 381, 399, 417, 420, 427, 434, 435, 444, 464, 466, 481, 492, 496, 498, 511, 518, 537, 571, 576, 604, 616, 653, 702, 731, 749]"
hcci_448,AsCast,roi_448,Helios G4 PFIB CXe_SE_10000.0kV_1000.0x,256,3,0,0,770,1,"[1, 2, 3, 4, 5, 6, 7, 8, 9, 10, 11, 12, 13, 14, 15, 16, 17, 18, 19, 20, 21, 22, 23, 24, 25, 26, 27, 28, 29, 30, 31, 32, 33, 34, 35, 36, 37, 38, 39, 40, 41, 42, 43, 44, 45, 46, 47, 48, 49, 50, 51, 52, 53, 54, 55, 56, 57, 58, 59, 60, 61, 62, 63, 64, 65, 66, 67, 68, 69, 70, 71, 72, 73, 74, 75, 76, 77, 78, 79, 80, 81, 82, 83, 84, 85, 86, 87, 88, 89, 90, 91, 92, 93, 94, 95, 96, 97, 98, 99, 100, 101, 102, 103, 104, 105, 106, 107, 108, 109, 110, 111, 112, 113, 114, 115, 116, 117, 118, 119, 120, 121, 122, 123, 124, 125, 126, 127, 128, 129, 130, 132, 133, 134, 135, 136, 137, 138, 139, 140, 141, 142, 144, 147, 149, 150, 152, 153, 154, 156, 157, 159, 160, 161, 162, 163, 165, 166, 168, 169, 170, 171, 172, 173, 175, 176, 177, 179, 181, 182, 183, 184, 185, 187, 188, 189, 190, 191, 193, 194, 195, 196, 197, 199, 200, 203, 204, 206, 208, 212, 214, 220, 221, 226, 230, 232, 233, 234, 237, 241, 246, 257, 261, 263, 264, 268, 270, 272, 275, 276, 277, 278, 282, 283, 286, 287, 292, 301, 306, 317, 320, 325, 337, 342, 344, 345, 353, 354, 369, 376, 377, 379, 382, 388, 391, 392, 395, 402, 415, 436, 440, 442, 449, 452, 474, 479, 495, 511, 512, 516, 523, 538, 550, 571, 624, 676, 722]"
hcci_449,AsCast,roi_449,Helios G4 PFIB CXe_BSE_10000.0kV_1000.0x,256,3,0,0,770,1,"[1, 2, 3, 4, 5, 6, 7, 8, 9, 10, 11, 12, 13, 14, 15, 16, 17, 18, 19, 20, 21, 22, 23, 24, 25, 26, 27, 28, 29, 30, 31, 32, 33, 34, 35, 36, 37, 38, 39, 40, 41, 42, 43, 44, 45, 46, 47, 48, 49, 50, 51, 52, 53, 54, 55, 56, 57, 58, 59, 60, 61, 62, 63, 64, 65, 66, 67, 68, 69, 70, 71, 72, 73, 74, 75, 76, 77, 78, 79, 80, 81, 82, 83, 84, 85, 86, 87, 88, 89, 91, 92, 93, 94, 95, 96, 97, 98, 99, 100, 101, 102, 103, 104, 105, 106, 107, 108, 109, 110, 112, 113, 114, 116, 117, 118, 119, 120, 121, 122, 123, 124, 125, 127, 128, 129, 134, 135, 136, 137, 138, 139, 143, 144, 145, 146, 147, 148, 149, 151, 154, 155, 156, 158, 159, 161, 162, 163, 164, 165, 168, 169, 171, 174, 175, 176, 178, 182, 185, 186, 188, 189, 190, 191, 192, 195, 198, 201, 203, 210, 215, 229, 231, 233, 234, 236, 237, 241, 242, 243, 244, 247, 252, 253, 254, 259, 264, 265, 272, 278, 279, 280, 282, 283, 285, 288, 291, 300, 301, 310, 315, 319, 320, 321, 325, 326, 328, 354, 355, 361, 362, 363, 364, 368, 374, 391, 400, 401, 403, 404, 419, 425, 449, 451, 457, 466, 467, 469, 472, 476, 481, 486, 491, 499, 501, 504, 535, 550, 563, 565, 566, 574, 579, 580, 581, 588, 596, 600, 607, 616, 629, 686, 698, 701, 710, 712, 726]"
hcci_45,Q980_0h_WC,roi_45,Helios G4 PFIB CXe_BSE_5000.0kV_5000.0x,254,3,0,0,770,1,"[1, 2, 3, 4, 5, 6, 7, 8, 9, 10, 11, 12, 13, 14, 15, 16, 17, 18, 19, 20, 23, 24, 25, 26, 27, 28, 29, 30, 32, 33, 36, 38, 39, 45, 46, 49, 50, 51, 52, 53, 55, 56, 58, 59, 61, 62, 66, 72, 75, 77, 86, 87, 91, 92, 100, 104, 114, 135, 144, 146, 147, 153, 166, 169, 171, 175, 177, 178, 181, 188, 190, 195, 198, 202, 205, 206, 208, 210, 212, 215, 216, 219, 236, 237, 245, 246, 256, 262, 274, 284, 285, 286, 288, 289, 292, 300, 306, 307, 309, 311, 324, 327, 332, 333, 334, 338, 340, 347, 350, 358, 360, 367, 381, 386, 390, 392, 394, 398, 401, 405, 407, 408, 409, 411, 418, 421, 425, 429, 431, 432, 436, 441, 443, 456, 457, 458, 459, 461, 464, 465, 474, 476, 481, 482, 483, 488, 491, 500, 502, 505, 506, 510, 511, 514, 515, 516, 517, 518, 523, 528, 530, 531, 532, 535, 536, 537, 540, 544, 547, 548, 550, 552, 553, 555, 557, 559, 563, 565, 571, 572, 573, 574, 576, 582, 585, 586, 589, 590, 596, 602, 603, 607, 609, 611, 612, 616, 618, 619, 622, 623, 625, 628, 631, 633, 637, 642, 648, 649, 654, 657, 658, 659, 662, 665, 666, 667, 668, 674, 678, 680, 685, 686, 687, 689, 690, 692, 693, 695, 699, 701, 703, 706, 712, 713, 719, 724, 726, 727, 728, 729, 730, 732, 736, 737, 742, 745, 746, 747, 751, 757, 760, 761, 762, 767]"
hcci_450,AsCast,roi_450,Helios G4 PFIB CXe_BSE_10000.0kV_1000.0x,256,3,0,0,770,1,"[1, 2, 3, 4, 5, 6, 7, 8, 9, 10, 11, 12, 13, 14, 15, 16, 17, 18, 19, 20, 21, 22, 23, 24, 25, 26, 27, 28, 29, 30, 31, 32, 33, 34, 35, 36, 37, 38, 39, 40, 41, 42, 43, 44, 45, 46, 47, 48, 49, 50, 51, 52, 53, 54, 55, 56, 57, 58, 59, 60, 61, 62, 63, 64, 65, 66, 67, 68, 69, 70, 71, 72, 73, 74, 75, 76, 77, 78, 79, 80, 81, 82, 83, 84, 85, 86, 87, 88, 89, 90, 91, 92, 93, 94, 95, 96, 97, 98, 99, 100, 101, 102, 103, 104, 105, 106, 107, 108, 110, 111, 112, 113, 114, 115, 116, 117, 118, 119, 120, 121, 122, 123, 124, 125, 126, 127, 128, 130, 131, 132, 133, 134, 138, 140, 141, 142, 143, 144, 145, 146, 150, 157, 158, 159, 160, 161, 165, 167, 168, 172, 173, 174, 178, 181, 182, 183, 186, 187, 189, 192, 193, 195, 196, 197, 204, 205, 207, 213, 217, 218, 220, 221, 223, 226, 229, 231, 233, 236, 239, 245, 248, 250, 251, 254, 256, 257, 262, 270, 272, 276, 277, 279, 287, 288, 294, 298, 302, 309, 311, 313, 319, 321, 323, 324, 336, 352, 353, 364, 369, 370, 372, 376, 383, 384, 388, 389, 390, 397, 405, 408, 415, 421, 422, 423, 424, 431, 433, 435, 451, 452, 453, 454, 455, 459, 465, 467, 477, 485, 497, 498, 502, 515, 517, 518, 535, 537, 542, 544, 556, 571, 576, 577, 581, 602, 606, 620]"
hcci_451,AsCast,roi_451,Helios G4 PFIB CXe_InLens_10000.0kV_1000.0x,256,3,0,0,770,1,"[1, 2, 3, 4, 5, 6, 7, 8, 9, 10, 11, 12, 13, 14, 15, 16, 17, 18, 19, 20, 21, 22, 23, 24, 25, 26, 27, 28, 29, 30, 31, 32, 33, 34, 35, 36, 37, 38, 39, 40, 41, 42, 43, 44, 45, 46, 47, 48, 49, 50, 51, 52, 53, 54, 55, 56, 57, 58, 59, 60, 61, 62, 63, 64, 65, 66, 67, 68, 69, 70, 71, 72, 73, 74, 75, 76, 77, 78, 79, 80, 81, 82, 83, 84, 85, 86, 87, 88, 89, 90, 91, 92, 93, 94, 95, 96, 97, 98, 99, 100, 101, 102, 103, 104, 105, 106, 107, 108, 109, 110, 111, 112, 113, 114, 115, 116, 117, 118, 119, 120, 121, 122, 123, 124, 125, 126, 127, 128, 129, 130, 131, 132, 133, 134, 135, 137, 138, 139, 140, 143, 144, 145, 146, 147, 148, 149, 150, 151, 152, 153, 155, 156, 160, 161, 162, 163, 165, 166, 167, 168, 169, 170, 171, 173, 176, 177, 178, 179, 180, 181, 183, 184, 185, 186, 188, 189, 190, 191, 192, 193, 194, 198, 199, 200, 201, 202, 210, 211, 213, 215, 216, 221, 222, 224, 225, 226, 227, 228, 230, 231, 232, 234, 242, 243, 248, 252, 253, 257, 258, 264, 270, 271, 272, 275, 276, 277, 278, 279, 281, 284, 287, 289, 290, 294, 297, 310, 316, 323, 327, 337, 356, 359, 367, 385, 387, 404, 407, 408, 410, 414, 446, 457, 463, 468, 470, 479, 487, 496, 533, 545, 549, 608, 652, 700, 725, 748]"
hcci_452,AsCast,roi_452,Helios G4 PFIB CXe_InLens_10000.0kV_1000.0x,256,3,0,0,770,1,"[1, 2, 3, 4, 5, 6, 7, 8, 9, 10, 11, 12, 13, 14, 15, 16, 17, 18, 19, 20, 21, 22, 23, 24, 25, 26, 27, 28, 29, 30, 31, 32, 33, 34, 35, 36, 37, 38, 39, 40, 41, 42, 43, 44, 45, 46, 47, 48, 49, 50, 51, 52, 53, 54, 55, 56, 57, 58, 59, 60, 61, 62, 63, 64, 65, 66, 67, 68, 69, 70, 71, 72, 73, 74, 75, 76, 77, 78, 79, 80, 81, 82, 83, 84, 85, 86, 87, 88, 89, 90, 91, 92, 93, 94, 95, 96, 97, 98, 99, 100, 101, 102, 103, 104, 105, 106, 107, 108, 109, 110, 111, 112, 113, 114, 115, 116, 117, 118, 119, 120, 121, 122, 123, 124, 125, 126, 127, 128, 129, 130, 131, 132, 133, 134, 135, 136, 137, 138, 139, 140, 141, 142, 143, 144, 145, 146, 147, 148, 149, 150, 151, 152, 153, 155, 156, 157, 158, 159, 161, 162, 163, 164, 165, 166, 167, 168, 169, 172, 173, 174, 175, 176, 177, 178, 179, 180, 181, 183, 184, 185, 189, 191, 192, 193, 194, 195, 197, 199, 200, 201, 204, 205, 206, 207, 208, 209, 211, 212, 213, 214, 216, 218, 220, 223, 225, 226, 233, 236, 237, 239, 241, 243, 244, 249, 251, 255, 258, 263, 267, 268, 270, 271, 279, 283, 285, 289, 300, 304, 308, 310, 315, 324, 328, 330, 332, 341, 345, 363, 376, 405, 407, 418, 424, 427, 435, 437, 440, 442, 453, 454, 481, 512, 591, 595, 657, 707]"
hcci_453,AsCast,roi_453,Helios G4 PFIB CXe_SE_10000.0kV_5000.0x,257,2,0,0,771,1,"[1, 2, 3, 4, 5, 6, 7, 8, 9, 10, 11, 12, 13, 14, 15, 16, 17, 18, 19, 20, 21, 22, 23, 24, 25, 26, 27, 28, 29, 30, 31, 32, 33, 34, 35, 36, 37, 38, 39, 40, 41, 42, 43, 44, 45, 46, 47, 48, 49, 50, 51, 52, 53, 54, 55, 56, 57, 58, 59, 60, 61, 62, 63, 64, 65, 66, 67, 68, 69, 70, 73, 74, 75, 77, 79, 80, 81, 82, 83, 85, 87, 91, 92, 93, 95, 97, 99, 100, 102, 105, 108, 113, 114, 117, 118, 119, 120, 122, 124, 126, 130, 131, 134, 137, 140, 142, 143, 146, 148, 149, 150, 151, 154, 158, 159, 161, 162, 164, 165, 170, 172, 173, 179, 180, 181, 182, 183, 195, 196, 198, 200, 201, 208, 209, 221, 222, 229, 231, 236, 239, 242, 259, 264, 270, 276, 277, 280, 285, 293, 295, 296, 304, 309, 313, 314, 316, 318, 321, 325, 329, 336, 342, 346, 351, 352, 356, 358, 359, 362, 364, 366, 369, 371, 373, 384, 388, 390, 392, 395, 396, 403, 404, 408, 411, 413, 416, 418, 420, 421, 422, 424, 425, 429, 430, 431, 432, 434, 438, 439, 443, 448, 449, 454, 457, 458, 459, 466, 482, 491, 496, 498, 504, 507, 509, 510, 512, 513, 514, 515, 518, 520, 529, 533, 534, 538, 543, 547, 548, 550, 558, 561, 571, 575, 576, 577, 579, 583, 584, 601, 603, 606, 607, 609, 615, 635, 639, 658, 662, 669, 679, 686, 716, 723, 726, 727, 732, 755]"
hcci_454,AsCast,roi_454,Helios G4 PFIB CXe_SE_10000.0kV_5000.0x,257,2,0,0,771,1,"[1, 2, 3, 4, 5, 6, 7, 8, 9, 10, 11, 12, 13, 14, 15, 16, 17, 18, 19, 20, 21, 22, 23, 24, 25, 26, 27, 28, 29, 30, 31, 32, 33, 34, 35, 36, 37, 38, 39, 40, 41, 42, 43, 44, 45, 46, 47, 48, 49, 50, 51, 52, 53, 54, 55, 56, 57, 58, 59, 60, 61, 62, 63, 64, 65, 66, 67, 68, 69, 70, 71, 72, 73, 74, 75, 76, 77, 78, 81, 82, 83, 84, 85, 86, 88, 89, 91, 92, 93, 95, 96, 99, 101, 102, 104, 105, 106, 108, 110, 112, 120, 122, 124, 128, 129, 133, 136, 139, 141, 144, 145, 146, 147, 148, 150, 154, 155, 156, 164, 167, 169, 170, 171, 174, 175, 176, 177, 178, 188, 189, 191, 192, 200, 202, 203, 204, 205, 210, 220, 222, 230, 232, 236, 237, 243, 245, 247, 261, 277, 286, 298, 300, 304, 306, 308, 325, 329, 336, 346, 351, 358, 359, 362, 365, 368, 369, 371, 376, 383, 387, 389, 393, 394, 396, 398, 399, 400, 404, 407, 412, 416, 417, 419, 422, 426, 428, 430, 434, 436, 438, 441, 443, 444, 452, 453, 460, 469, 470, 471, 473, 476, 478, 480, 484, 488, 493, 501, 502, 503, 506, 511, 519, 522, 523, 525, 542, 545, 547, 549, 550, 552, 554, 559, 560, 565, 566, 567, 570, 576, 577, 578, 580, 581, 583, 584, 592, 593, 610, 612, 615, 619, 623, 624, 633, 640, 650, 655, 657, 669, 688, 700, 701, 716, 718, 725, 728, 755]"
hcci_455,AsCast,roi_455,Helios G4 PFIB CXe_BSE_10000.0kV_5000.0x,256,3,0,0,770,1,"[1, 2, 3, 4, 5, 6, 7, 8, 9, 10, 11, 12, 13, 14, 15, 16, 17, 18, 19, 20, 21, 22, 23, 24, 25, 26, 27, 28, 29, 30, 31, 32, 33, 34, 35, 36, 37, 38, 39, 40, 41, 42, 43, 44, 45, 46, 47, 48, 49, 50, 51, 52, 53, 54, 55, 56, 57, 58, 59, 60, 61, 62, 63, 64, 65, 66, 67, 68, 69, 70, 71, 72, 75, 76, 77, 78, 79, 80, 81, 82, 83, 84, 85, 86, 87, 88, 91, 92, 94, 95, 97, 99, 100, 101, 103, 104, 107, 109, 110, 111, 112, 113, 114, 118, 121, 122, 123, 128, 133, 137, 138, 144, 161, 172, 174, 175, 186, 191, 197, 200, 202, 203, 211, 212, 215, 217, 219, 225, 227, 231, 233, 234, 240, 243, 253, 256, 258, 259, 263, 265, 276, 277, 278, 285, 288, 292, 293, 298, 299, 307, 308, 309, 310, 317, 318, 322, 324, 325, 326, 334, 338, 347, 351, 353, 357, 358, 361, 363, 371, 373, 374, 376, 378, 381, 385, 390, 398, 399, 400, 405, 406, 408, 419, 421, 422, 429, 432, 439, 441, 446, 454, 459, 464, 471, 476, 477, 478, 481, 486, 489, 490, 491, 496, 500, 502, 510, 515, 518, 525, 528, 529, 531, 536, 541, 544, 545, 555, 557, 558, 561, 562, 571, 572, 576, 579, 580, 583, 585, 586, 587, 588, 591, 593, 617, 618, 631, 632, 635, 637, 640, 645, 646, 647, 649, 654, 660, 669, 674, 681, 688, 694, 702, 704, 718, 730, 745]"
hcci_456,AsCast,roi_456,Helios G4 PFIB CXe_BSE_10000.0kV_5000.0x,256,3,0,0,770,1,"[1, 2, 3, 4, 5, 6, 7, 8, 9, 10, 11, 12, 13, 14, 15, 16, 17, 18, 19, 20, 21, 22, 23, 24, 25, 26, 27, 28, 29, 30, 31, 32, 33, 34, 35, 36, 37, 38, 39, 40, 41, 42, 43, 44, 45, 46, 47, 48, 49, 50, 51, 52, 53, 54, 55, 56, 57, 58, 59, 60, 61, 62, 63, 64, 65, 66, 67, 68, 69, 70, 71, 72, 73, 74, 75, 76, 77, 78, 79, 80, 81, 82, 83, 84, 85, 86, 87, 88, 89, 90, 91, 92, 93, 94, 95, 98, 99, 100, 102, 103, 104, 105, 106, 107, 109, 110, 111, 112, 113, 116, 123, 135, 138, 141, 145, 146, 149, 152, 156, 159, 160, 161, 164, 167, 175, 177, 179, 181, 188, 189, 196, 197, 200, 201, 204, 208, 211, 214, 215, 216, 217, 219, 221, 223, 227, 228, 231, 235, 238, 239, 242, 246, 247, 250, 252, 261, 262, 269, 274, 288, 290, 293, 295, 299, 303, 304, 306, 309, 310, 312, 315, 317, 320, 323, 326, 329, 331, 333, 342, 344, 345, 348, 354, 356, 360, 366, 369, 379, 381, 382, 384, 385, 386, 387, 392, 397, 400, 419, 428, 429, 432, 437, 444, 447, 449, 452, 460, 461, 463, 465, 469, 473, 476, 477, 482, 483, 487, 494, 495, 501, 505, 510, 513, 516, 519, 521, 525, 534, 545, 546, 553, 555, 556, 557, 564, 567, 569, 570, 574, 575, 576, 584, 585, 591, 616, 630, 635, 651, 661, 662, 674, 675, 694, 703, 729, 745]"
hcci_457,AsCast,roi_457,Helios G4 PFIB CXe_InLens_10000.0kV_5000.0x,256,3,0,0,770,1,"[1, 2, 3, 4, 5, 6, 7, 8, 9, 10, 11, 12, 13, 14, 15, 16, 17, 18, 19, 20, 21, 22, 23, 24, 25, 26, 27, 28, 29, 30, 31, 32, 33, 34, 35, 36, 37, 38, 39, 40, 41, 42, 43, 45, 46, 47, 48, 49, 50, 51, 52, 62, 63, 64, 66, 68, 69, 70, 72, 73, 75, 76, 78, 81, 82, 83, 85, 86, 88, 93, 96, 97, 99, 100, 103, 107, 108, 114, 116, 118, 119, 120, 122, 128, 129, 131, 135, 137, 140, 142, 148, 153, 161, 162, 163, 164, 166, 174, 179, 191, 195, 198, 203, 204, 211, 213, 214, 216, 218, 221, 226, 230, 233, 242, 247, 250, 255, 256, 259, 262, 265, 269, 280, 289, 293, 308, 309, 339, 349, 351, 358, 382, 386, 392, 395, 397, 400, 421, 422, 423, 432, 433, 438, 439, 444, 447, 448, 451, 452, 457, 459, 463, 464, 465, 469, 471, 474, 479, 484, 488, 492, 496, 500, 504, 507, 508, 511, 512, 519, 520, 521, 523, 524, 525, 530, 531, 532, 533, 535, 536, 540, 542, 543, 546, 550, 551, 552, 553, 558, 561, 562, 563, 570, 571, 573, 574, 576, 580, 581, 585, 593, 600, 601, 603, 605, 612, 615, 618, 619, 620, 621, 622, 624, 625, 626, 628, 631, 632, 633, 637, 638, 641, 642, 644, 645, 646, 647, 649, 652, 654, 655, 658, 660, 664, 665, 668, 669, 670, 671, 675, 677, 678, 680, 687, 688, 689, 704, 710, 711, 714, 717, 723, 728, 733, 741, 760]"
hcci_458,AsCast,roi_458,Helios G4 PFIB CXe_InLens_10000.0kV_5000.0x,256,3,0,0,770,1,"[1, 2, 3, 4, 5, 6, 7, 8, 9, 10, 11, 12, 13, 14, 15, 16, 17, 18, 19, 20, 21, 22, 23, 24, 25, 26, 27, 28, 29, 30, 31, 32, 33, 34, 35, 36, 37, 38, 39, 40, 41, 42, 43, 44, 45, 46, 47, 48, 49, 50, 51, 52, 53, 54, 55, 57, 58, 59, 61, 62, 63, 64, 65, 66, 67, 70, 72, 73, 75, 77, 78, 80, 81, 82, 88, 91, 92, 98, 99, 102, 103, 105, 107, 113, 114, 117, 118, 127, 129, 133, 135, 138, 143, 147, 151, 157, 162, 175, 183, 184, 195, 198, 202, 213, 220, 225, 241, 244, 260, 262, 263, 267, 273, 276, 281, 283, 285, 290, 299, 300, 303, 306, 318, 330, 332, 336, 339, 341, 359, 365, 371, 374, 381, 383, 403, 406, 413, 418, 420, 430, 436, 440, 456, 459, 460, 462, 470, 472, 473, 475, 477, 481, 483, 485, 489, 490, 493, 500, 502, 505, 507, 508, 509, 510, 512, 514, 520, 522, 525, 528, 535, 536, 537, 539, 544, 549, 553, 555, 562, 563, 568, 570, 571, 573, 579, 581, 582, 586, 590, 592, 593, 594, 595, 597, 598, 602, 606, 611, 612, 614, 615, 616, 617, 618, 621, 623, 629, 630, 633, 634, 637, 638, 639, 640, 645, 647, 648, 649, 651, 652, 657, 658, 659, 660, 661, 664, 666, 667, 671, 673, 675, 677, 679, 683, 684, 686, 687, 692, 694, 695, 700, 701, 703, 704, 706, 707, 716, 717, 719, 731, 732, 733, 735, 740, 742, 759]"
hcci_459,AsCast,roi_459,Helios G4 PFIB CXe_SE_20000.0kV_1000.0x,256,3,0,0,770,1,"[1, 2, 3, 4, 5, 6, 7, 8, 9, 10, 11, 12, 13, 14, 15, 16, 17, 18, 19, 20, 21, 22, 23, 24, 25, 26, 27, 28, 29, 30, 31, 32, 33, 34, 35, 36, 37, 38, 39, 40, 41, 42, 43, 44, 45, 46, 47, 48, 49, 50, 51, 52, 53, 54, 55, 56, 57, 58, 59, 60, 61, 62, 63, 64, 65, 66, 67, 68, 69, 70, 71, 72, 73, 74, 75, 76, 77, 78, 79, 80, 81, 82, 83, 84, 85, 86, 87, 88, 89, 90, 91, 92, 93, 94, 95, 97, 98, 99, 100, 101, 102, 103, 105, 106, 107, 108, 109, 110, 111, 112, 113, 114, 115, 116, 117, 118, 119, 120, 121, 122, 123, 124, 126, 128, 129, 130, 131, 132, 133, 135, 136, 137, 139, 140, 141, 142, 143, 144, 145, 146, 147, 148, 149, 151, 152, 153, 154, 155, 156, 157, 158, 159, 160, 161, 162, 163, 165, 167, 169, 171, 173, 174, 175, 176, 177, 179, 180, 181, 182, 183, 185, 188, 190, 191, 194, 197, 199, 200, 201, 202, 204, 206, 209, 212, 213, 215, 216, 219, 220, 222, 230, 232, 234, 236, 241, 242, 245, 247, 251, 253, 255, 256, 259, 261, 268, 269, 271, 274, 278, 281, 287, 288, 289, 291, 294, 299, 304, 305, 307, 308, 312, 313, 322, 332, 334, 335, 339, 340, 345, 359, 362, 365, 366, 371, 376, 389, 392, 407, 427, 429, 436, 445, 480, 481, 482, 483, 495, 496, 538, 542, 543, 550, 618, 665, 696, 721]"
hcci_46,Q980_0h_WC,roi_46,Helios G4 PFIB CXe_BSE_5000.0kV_5000.0x,254,3,0,0,770,1,"[1, 2, 3, 4, 5, 6, 7, 8, 9, 11, 12, 14, 15, 16, 17, 18, 20, 21, 22, 23, 25, 26, 27, 29, 30, 31, 32, 33, 37, 38, 40, 41, 43, 44, 45, 46, 49, 50, 55, 57, 58, 62, 68, 71, 76, 77, 79, 82, 85, 88, 91, 93, 94, 95, 96, 106, 109, 111, 114, 136, 143, 152, 155, 156, 160, 161, 165, 171, 181, 195, 199, 201, 204, 205, 206, 208, 209, 211, 217, 223, 225, 235, 248, 253, 255, 259, 260, 264, 266, 269, 271, 276, 277, 278, 287, 293, 308, 310, 316, 321, 323, 325, 326, 329, 332, 335, 336, 340, 344, 348, 349, 350, 360, 361, 363, 364, 371, 372, 378, 382, 383, 384, 388, 390, 392, 393, 395, 396, 399, 400, 403, 407, 410, 411, 412, 414, 419, 423, 426, 427, 428, 440, 442, 443, 444, 445, 447, 448, 449, 451, 454, 455, 457, 458, 461, 464, 473, 475, 477, 479, 480, 488, 491, 492, 494, 497, 499, 500, 504, 508, 509, 510, 512, 516, 521, 531, 544, 547, 556, 561, 563, 564, 565, 566, 577, 579, 585, 586, 587, 592, 596, 599, 603, 604, 605, 609, 610, 613, 614, 615, 617, 618, 623, 624, 626, 630, 633, 634, 636, 642, 643, 647, 648, 649, 650, 652, 661, 662, 663, 666, 668, 669, 670, 673, 674, 675, 676, 683, 692, 693, 696, 697, 702, 705, 706, 707, 709, 713, 721, 726, 732, 733, 734, 736, 737, 739, 743, 749, 751, 753, 758, 759, 761, 763]"
hcci_460,AsCast,roi_460,Helios G4 PFIB CXe_SE_20000.0kV_1000.0x,256,3,0,0,770,1,"[1, 2, 3, 4, 5, 6, 7, 8, 9, 10, 11, 12, 13, 14, 15, 16, 17, 18, 19, 20, 21, 22, 23, 24, 25, 26, 27, 28, 29, 30, 31, 32, 33, 34, 35, 36, 37, 38, 39, 40, 41, 42, 43, 44, 45, 46, 47, 48, 49, 50, 51, 52, 53, 54, 55, 56, 57, 58, 59, 60, 61, 62, 63, 64, 65, 66, 67, 68, 69, 70, 71, 72, 73, 74, 75, 76, 77, 78, 79, 80, 81, 82, 83, 84, 85, 86, 87, 88, 89, 90, 91, 92, 93, 94, 95, 96, 97, 98, 99, 100, 101, 102, 103, 104, 105, 106, 107, 108, 109, 111, 112, 113, 114, 115, 116, 117, 118, 119, 120, 121, 122, 123, 124, 125, 126, 127, 128, 129, 130, 131, 132, 133, 134, 135, 136, 137, 138, 139, 140, 141, 142, 143, 144, 145, 146, 147, 149, 150, 151, 152, 153, 154, 155, 156, 157, 158, 159, 160, 161, 162, 163, 164, 166, 167, 169, 170, 171, 172, 173, 174, 175, 177, 178, 180, 181, 182, 183, 184, 185, 186, 187, 188, 189, 190, 192, 193, 195, 196, 197, 198, 199, 200, 201, 202, 204, 207, 208, 210, 211, 213, 214, 216, 217, 218, 219, 222, 224, 225, 226, 228, 230, 232, 238, 240, 241, 242, 243, 244, 247, 249, 251, 256, 261, 264, 266, 267, 276, 279, 282, 293, 295, 298, 299, 300, 302, 324, 325, 329, 331, 333, 336, 348, 349, 365, 370, 374, 386, 402, 421, 458, 491, 492, 502, 560, 584, 621]"
hcci_461,AsCast,roi_461,Helios G4 PFIB CXe_BSE_20000.0kV_1000.0x,256,3,0,0,770,1,"[1, 2, 3, 4, 5, 6, 7, 8, 9, 10, 11, 12, 13, 14, 15, 16, 17, 18, 19, 20, 21, 22, 23, 24, 25, 26, 27, 28, 29, 30, 31, 32, 33, 34, 35, 36, 37, 38, 39, 40, 41, 42, 43, 44, 45, 46, 47, 48, 49, 50, 51, 52, 53, 54, 55, 56, 57, 58, 59, 60, 61, 62, 63, 64, 65, 66, 67, 68, 69, 70, 71, 72, 73, 74, 75, 76, 77, 78, 79, 80, 81, 82, 83, 84, 85, 86, 87, 88, 89, 90, 91, 92, 93, 94, 95, 96, 97, 98, 99, 100, 101, 102, 103, 104, 105, 106, 107, 108, 109, 110, 111, 112, 113, 114, 115, 116, 117, 118, 119, 120, 121, 122, 123, 124, 127, 128, 129, 131, 132, 133, 134, 135, 136, 137, 139, 140, 144, 146, 147, 148, 149, 150, 151, 152, 153, 154, 155, 157, 158, 159, 160, 161, 164, 166, 167, 168, 169, 170, 172, 173, 175, 176, 177, 178, 181, 182, 183, 185, 186, 188, 189, 192, 193, 194, 196, 197, 199, 200, 201, 203, 204, 205, 207, 210, 212, 213, 214, 215, 216, 220, 221, 222, 224, 225, 227, 230, 231, 234, 237, 239, 240, 241, 243, 244, 245, 250, 252, 255, 256, 257, 260, 263, 273, 280, 286, 293, 301, 308, 315, 320, 322, 324, 331, 333, 338, 350, 351, 353, 354, 359, 360, 367, 369, 370, 371, 372, 375, 382, 394, 400, 401, 437, 439, 440, 445, 449, 459, 472, 474, 477, 486, 525, 531, 534, 551, 580]"
hcci_462,AsCast,roi_462,Helios G4 PFIB CXe_BSE_20000.0kV_1000.0x,256,3,0,0,770,1,"[1, 2, 3, 4, 5, 6, 7, 8, 9, 10, 11, 12, 13, 14, 15, 16, 17, 18, 19, 20, 21, 22, 23, 24, 25, 26, 27, 28, 29, 30, 31, 32, 33, 34, 35, 36, 37, 38, 39, 40, 41, 42, 43, 44, 45, 46, 47, 48, 49, 50, 51, 52, 53, 54, 55, 56, 57, 58, 59, 60, 61, 62, 63, 64, 65, 66, 67, 68, 69, 70, 71, 72, 73, 74, 75, 76, 77, 78, 79, 80, 81, 82, 83, 84, 85, 86, 87, 88, 89, 90, 91, 92, 93, 94, 95, 96, 97, 98, 99, 100, 101, 102, 103, 104, 105, 106, 107, 108, 109, 110, 111, 112, 113, 114, 115, 116, 117, 118, 119, 120, 121, 122, 123, 124, 125, 126, 127, 128, 129, 130, 131, 132, 133, 134, 135, 136, 137, 138, 139, 140, 141, 142, 143, 144, 145, 146, 147, 148, 149, 150, 151, 153, 154, 156, 157, 158, 159, 160, 161, 162, 166, 167, 169, 170, 172, 173, 174, 175, 177, 178, 179, 183, 184, 185, 187, 188, 190, 191, 192, 194, 195, 196, 198, 202, 203, 204, 205, 206, 207, 208, 210, 211, 212, 213, 216, 222, 225, 231, 232, 238, 240, 241, 244, 247, 249, 253, 259, 264, 265, 267, 269, 271, 274, 284, 285, 287, 290, 291, 297, 300, 303, 314, 316, 318, 320, 330, 332, 337, 340, 346, 354, 356, 365, 367, 368, 371, 377, 381, 402, 405, 415, 423, 426, 435, 451, 454, 461, 462, 470, 473, 479, 480, 513, 516, 546, 569]"
hcci_463,AsCast,roi_463,Helios G4 PFIB CXe_InLens_20000.0kV_1000.0x,257,2,0,0,771,1,"[1, 2, 3, 4, 5, 6, 7, 8, 9, 10, 11, 12, 13, 14, 15, 16, 17, 18, 19, 20, 21, 22, 23, 24, 25, 26, 27, 28, 29, 30, 31, 32, 33, 34, 35, 36, 37, 38, 39, 40, 41, 42, 43, 44, 45, 46, 47, 48, 49, 50, 51, 52, 53, 54, 55, 56, 57, 58, 59, 60, 61, 62, 63, 64, 65, 66, 67, 68, 69, 70, 71, 72, 73, 74, 75, 76, 77, 78, 79, 80, 81, 82, 83, 84, 85, 86, 87, 88, 89, 90, 91, 92, 93, 94, 95, 96, 97, 98, 99, 100, 101, 102, 103, 104, 105, 106, 107, 108, 109, 110, 111, 113, 114, 115, 116, 117, 118, 119, 120, 121, 123, 124, 126, 128, 133, 134, 135, 137, 138, 139, 141, 143, 144, 145, 148, 151, 152, 153, 154, 156, 157, 161, 163, 167, 168, 171, 172, 173, 174, 175, 177, 179, 180, 181, 183, 184, 185, 188, 189, 191, 192, 195, 196, 199, 200, 201, 202, 205, 206, 208, 209, 211, 213, 214, 216, 217, 220, 221, 222, 224, 230, 231, 236, 238, 239, 240, 243, 244, 247, 249, 256, 258, 263, 264, 268, 270, 271, 273, 274, 284, 286, 287, 289, 297, 299, 302, 305, 308, 309, 311, 314, 317, 325, 326, 327, 328, 329, 336, 345, 351, 352, 354, 358, 360, 361, 364, 368, 371, 372, 373, 378, 391, 395, 402, 408, 418, 422, 427, 428, 459, 483, 485, 522, 523, 533, 563, 570, 575, 593, 606, 618, 627, 628, 661, 700, 731, 748]"
hcci_464,AsCast,roi_464,Helios G4 PFIB CXe_InLens_20000.0kV_1000.0x,257,2,0,0,771,1,"[1, 2, 3, 4, 5, 6, 7, 8, 9, 10, 11, 12, 13, 14, 15, 16, 17, 18, 19, 20, 21, 22, 23, 24, 25, 26, 27, 28, 29, 30, 31, 32, 33, 34, 35, 36, 37, 38, 39, 40, 41, 42, 43, 44, 45, 46, 47, 48, 49, 50, 51, 52, 53, 54, 55, 56, 57, 58, 59, 60, 61, 62, 63, 64, 65, 66, 67, 68, 69, 70, 71, 72, 73, 74, 75, 76, 77, 78, 79, 80, 81, 82, 83, 84, 85, 86, 87, 88, 89, 90, 91, 92, 93, 94, 95, 96, 97, 98, 99, 100, 101, 102, 103, 104, 105, 106, 107, 108, 109, 110, 111, 112, 113, 114, 115, 116, 117, 118, 119, 120, 121, 122, 123, 124, 125, 126, 127, 128, 129, 130, 131, 132, 133, 134, 135, 136, 137, 138, 139, 140, 141, 142, 143, 145, 146, 147, 148, 149, 151, 152, 153, 154, 155, 156, 157, 158, 159, 160, 161, 162, 163, 164, 166, 167, 168, 169, 170, 172, 173, 174, 175, 176, 178, 179, 180, 181, 182, 183, 184, 185, 186, 187, 188, 189, 190, 191, 192, 194, 196, 200, 201, 202, 204, 205, 207, 209, 210, 211, 213, 214, 215, 221, 222, 223, 227, 229, 234, 240, 242, 243, 246, 247, 250, 251, 255, 257, 259, 261, 262, 263, 272, 276, 279, 284, 285, 286, 294, 297, 298, 299, 302, 313, 319, 320, 322, 324, 332, 336, 364, 367, 370, 376, 378, 380, 391, 392, 411, 416, 424, 453, 491, 508, 510, 526, 606, 659, 688]"
hcci_465,AsCast,roi_465,Helios G4 PFIB CXe_SE_20000.0kV_5000.0x,256,3,0,0,770,1,"[1, 2, 3, 4, 5, 6, 7, 8, 9, 10, 11, 12, 13, 14, 15, 16, 17, 18, 19, 20, 21, 22, 23, 24, 25, 26, 27, 28, 29, 30, 31, 32, 33, 34, 35, 36, 37, 38, 39, 40, 41, 42, 43, 44, 45, 46, 47, 48, 49, 50, 51, 52, 53, 54, 55, 56, 57, 58, 59, 60, 63, 64, 65, 66, 68, 69, 70, 71, 72, 74, 75, 76, 77, 78, 79, 80, 81, 82, 83, 84, 85, 86, 88, 94, 95, 96, 98, 99, 101, 102, 104, 107, 110, 112, 118, 121, 122, 124, 126, 127, 128, 129, 130, 131, 133, 134, 140, 142, 144, 145, 147, 148, 149, 156, 157, 158, 161, 165, 166, 167, 168, 169, 170, 173, 178, 179, 182, 184, 187, 191, 192, 196, 204, 209, 215, 220, 225, 231, 232, 234, 248, 253, 255, 259, 267, 269, 277, 278, 282, 283, 284, 285, 289, 291, 296, 300, 303, 307, 310, 325, 326, 327, 329, 330, 332, 340, 345, 346, 348, 349, 350, 353, 354, 368, 371, 373, 374, 377, 379, 382, 385, 392, 397, 398, 399, 405, 409, 411, 415, 418, 421, 423, 424, 425, 426, 437, 441, 446, 449, 450, 459, 461, 464, 466, 474, 479, 482, 488, 492, 497, 504, 505, 507, 510, 513, 514, 520, 522, 526, 529, 536, 537, 539, 541, 543, 547, 552, 554, 556, 557, 566, 567, 577, 578, 581, 592, 601, 604, 607, 610, 612, 615, 620, 651, 652, 659, 670, 676, 677, 692, 713, 723, 726, 729, 733, 756]"
hcci_466,AsCast,roi_466,Helios G4 PFIB CXe_SE_20000.0kV_5000.0x,256,3,0,0,770,1,"[1, 2, 3, 4, 5, 6, 7, 8, 9, 10, 11, 12, 13, 14, 15, 16, 17, 18, 19, 20, 21, 22, 23, 24, 25, 26, 27, 28, 29, 30, 31, 32, 33, 34, 35, 36, 37, 38, 39, 40, 41, 42, 43, 44, 45, 46, 47, 48, 49, 50, 51, 52, 53, 54, 55, 56, 57, 58, 59, 60, 61, 62, 64, 65, 69, 71, 73, 74, 75, 76, 77, 78, 79, 80, 81, 82, 83, 84, 85, 86, 87, 90, 92, 94, 95, 97, 99, 101, 106, 108, 109, 111, 114, 115, 117, 122, 123, 125, 127, 129, 137, 138, 141, 152, 153, 154, 159, 160, 167, 169, 170, 172, 175, 176, 185, 191, 194, 195, 199, 202, 208, 212, 213, 214, 215, 219, 230, 231, 233, 236, 241, 248, 249, 258, 269, 274, 275, 276, 278, 280, 299, 308, 321, 336, 337, 338, 343, 345, 349, 353, 356, 360, 362, 363, 365, 377, 380, 393, 397, 398, 401, 404, 407, 408, 410, 420, 421, 427, 429, 431, 433, 440, 441, 442, 443, 447, 449, 455, 466, 472, 474, 477, 478, 480, 482, 485, 490, 492, 493, 499, 508, 514, 518, 519, 522, 523, 524, 529, 530, 531, 532, 533, 535, 539, 541, 548, 550, 551, 553, 556, 560, 562, 566, 567, 568, 571, 576, 582, 583, 584, 588, 590, 591, 600, 601, 604, 609, 610, 613, 617, 624, 628, 636, 644, 648, 649, 654, 665, 670, 671, 672, 674, 679, 686, 688, 693, 699, 710, 712, 716, 722, 726, 734, 738, 740, 750]"
hcci_467,AsCast,roi_467,Helios G4 PFIB CXe_BSE_20000.0kV_5000.0x,256,3,0,0,770,1,"[1, 2, 3, 4, 5, 6, 7, 8, 9, 10, 11, 12, 13, 14, 15, 16, 17, 18, 19, 20, 21, 22, 23, 24, 25, 26, 27, 28, 29, 30, 31, 32, 33, 34, 35, 36, 37, 38, 39, 40, 41, 42, 43, 44, 45, 46, 47, 48, 49, 50, 51, 52, 53, 54, 55, 56, 57, 58, 59, 60, 61, 62, 63, 64, 65, 66, 67, 68, 69, 70, 71, 72, 73, 74, 75, 76, 77, 78, 79, 80, 81, 82, 83, 84, 85, 86, 87, 88, 89, 91, 92, 95, 96, 98, 99, 100, 101, 102, 103, 105, 107, 108, 109, 112, 113, 115, 118, 119, 121, 122, 123, 125, 128, 129, 131, 132, 134, 135, 136, 137, 138, 142, 143, 144, 145, 148, 150, 152, 154, 157, 158, 159, 160, 161, 164, 166, 168, 169, 172, 174, 181, 190, 192, 195, 198, 199, 204, 205, 212, 214, 216, 218, 223, 229, 231, 232, 235, 236, 237, 239, 241, 243, 244, 245, 247, 248, 249, 255, 256, 257, 260, 262, 264, 267, 268, 270, 271, 283, 285, 286, 288, 291, 293, 295, 297, 303, 305, 307, 308, 309, 312, 318, 321, 326, 327, 337, 339, 341, 343, 346, 349, 353, 359, 363, 366, 372, 375, 378, 379, 382, 386, 387, 390, 395, 396, 398, 402, 414, 421, 428, 430, 432, 440, 445, 447, 448, 452, 457, 460, 470, 478, 488, 497, 502, 504, 506, 507, 509, 515, 525, 532, 541, 554, 572, 587, 603, 639, 659, 671, 682, 685, 700, 702, 703, 717, 748]"
hcci_468,AsCast,roi_468,Helios G4 PFIB CXe_BSE_20000.0kV_5000.0x,256,3,0,0,770,1,"[1, 2, 3, 4, 5, 6, 7, 8, 9, 10, 11, 12, 13, 14, 15, 16, 17, 18, 19, 20, 21, 22, 23, 24, 25, 26, 27, 28, 29, 30, 31, 32, 33, 34, 35, 36, 37, 38, 39, 40, 41, 42, 43, 44, 45, 46, 47, 48, 49, 50, 51, 52, 53, 54, 55, 56, 57, 58, 59, 60, 61, 62, 63, 64, 65, 66, 67, 68, 69, 70, 71, 72, 73, 74, 75, 76, 77, 78, 79, 80, 81, 82, 83, 84, 85, 86, 87, 88, 89, 90, 91, 92, 93, 94, 95, 96, 97, 98, 99, 100, 101, 102, 103, 104, 105, 106, 107, 108, 109, 110, 111, 113, 115, 119, 120, 122, 123, 124, 125, 126, 127, 128, 129, 131, 132, 133, 134, 135, 136, 138, 139, 140, 141, 142, 143, 145, 146, 147, 148, 150, 151, 152, 153, 156, 158, 160, 162, 164, 166, 167, 168, 169, 171, 173, 174, 177, 178, 180, 184, 186, 187, 189, 190, 191, 192, 193, 194, 197, 199, 202, 203, 205, 206, 207, 208, 212, 215, 216, 217, 220, 224, 227, 228, 232, 238, 240, 244, 250, 254, 256, 259, 262, 265, 266, 269, 271, 272, 275, 278, 280, 283, 284, 285, 294, 295, 300, 305, 307, 313, 315, 316, 317, 320, 321, 324, 332, 338, 339, 341, 343, 345, 346, 347, 348, 359, 360, 363, 371, 373, 374, 381, 383, 388, 399, 400, 409, 413, 414, 418, 420, 422, 453, 467, 480, 490, 532, 562, 604, 618, 639, 642, 665, 672, 679, 691, 729]"
hcci_469,AsCast,roi_469,Helios G4 PFIB CXe_InLens_20000.0kV_5000.0x,256,3,0,0,770,1,"[1, 2, 3, 4, 5, 6, 7, 8, 9, 10, 11, 12, 13, 14, 15, 16, 17, 18, 19, 20, 21, 22, 23, 24, 25, 26, 27, 28, 29, 30, 31, 32, 33, 34, 35, 36, 37, 38, 39, 40, 41, 42, 43, 44, 45, 46, 47, 49, 50, 52, 53, 54, 55, 56, 57, 58, 60, 61, 62, 63, 64, 65, 66, 67, 69, 72, 74, 75, 78, 81, 82, 83, 84, 86, 87, 88, 90, 91, 94, 95, 98, 100, 104, 108, 114, 116, 117, 121, 122, 125, 130, 135, 136, 139, 141, 143, 145, 148, 154, 163, 169, 170, 175, 210, 211, 217, 223, 229, 235, 238, 240, 247, 248, 253, 258, 260, 264, 265, 266, 270, 271, 273, 277, 284, 289, 291, 293, 295, 296, 300, 310, 319, 325, 328, 339, 347, 353, 360, 362, 377, 380, 386, 389, 402, 403, 406, 410, 415, 418, 420, 426, 427, 434, 436, 445, 446, 448, 453, 456, 460, 461, 462, 466, 468, 469, 472, 473, 475, 483, 484, 488, 492, 495, 498, 502, 505, 516, 517, 524, 528, 530, 549, 550, 552, 554, 555, 558, 561, 563, 564, 565, 566, 567, 568, 570, 573, 577, 580, 589, 590, 598, 599, 600, 602, 605, 606, 608, 611, 613, 614, 616, 617, 621, 622, 623, 624, 625, 626, 627, 628, 629, 631, 633, 641, 642, 643, 644, 645, 650, 652, 655, 657, 659, 667, 669, 670, 673, 677, 680, 681, 687, 690, 691, 696, 703, 706, 708, 709, 720, 722, 723, 727, 730, 736, 742, 754]"
hcci_47,Q980_0h_WC,roi_47,Helios G4 PFIB CXe_InLens_5000.0kV_5000.0x,254,3,0,0,770,1,"[1, 2, 3, 4, 5, 6, 7, 8, 9, 10, 11, 12, 13, 14, 15, 16, 17, 18, 19, 20, 21, 22, 23, 24, 25, 26, 27, 28, 29, 30, 31, 32, 33, 34, 35, 36, 37, 38, 39, 40, 41, 42, 43, 44, 45, 46, 47, 48, 49, 50, 51, 52, 53, 54, 57, 59, 61, 62, 64, 65, 67, 68, 69, 71, 73, 74, 77, 78, 79, 80, 82, 83, 84, 85, 86, 87, 92, 99, 101, 104, 107, 108, 111, 112, 115, 118, 120, 121, 122, 126, 130, 132, 139, 143, 150, 154, 159, 160, 166, 167, 172, 173, 179, 189, 190, 193, 194, 202, 204, 208, 214, 218, 222, 223, 227, 231, 239, 241, 242, 244, 246, 253, 254, 260, 261, 263, 273, 274, 275, 276, 284, 292, 293, 294, 295, 296, 298, 305, 307, 308, 310, 313, 317, 335, 336, 343, 345, 347, 349, 350, 351, 354, 357, 359, 361, 364, 369, 370, 375, 383, 392, 404, 405, 406, 414, 415, 418, 420, 422, 424, 431, 437, 439, 441, 443, 445, 454, 456, 459, 460, 463, 465, 471, 472, 473, 477, 482, 485, 497, 504, 509, 511, 523, 525, 534, 539, 540, 543, 547, 549, 557, 564, 566, 572, 574, 585, 586, 588, 592, 593, 614, 621, 622, 623, 629, 630, 631, 632, 637, 641, 643, 646, 647, 650, 660, 666, 681, 700, 704, 707, 708, 712, 713, 716, 720, 725, 730, 734, 735, 738, 740, 743, 749, 752, 753, 754, 755, 756, 759, 761, 764, 765, 766, 767]"
hcci_470,AsCast,roi_470,Helios G4 PFIB CXe_InLens_20000.0kV_5000.0x,256,3,0,0,770,1,"[1, 2, 3, 4, 5, 6, 7, 8, 9, 10, 11, 12, 13, 14, 15, 16, 17, 18, 19, 20, 21, 22, 23, 24, 25, 26, 27, 28, 29, 30, 31, 32, 33, 34, 35, 36, 37, 38, 39, 40, 41, 42, 43, 44, 45, 46, 47, 48, 49, 50, 51, 52, 53, 54, 56, 57, 58, 59, 60, 61, 62, 63, 64, 65, 68, 69, 70, 71, 72, 73, 75, 77, 78, 79, 80, 81, 85, 86, 88, 89, 91, 92, 93, 94, 96, 97, 99, 101, 102, 103, 104, 108, 112, 119, 120, 122, 123, 127, 128, 129, 131, 140, 148, 152, 157, 167, 168, 180, 192, 196, 211, 214, 216, 219, 225, 240, 242, 254, 258, 272, 280, 284, 293, 298, 302, 306, 309, 312, 320, 326, 327, 334, 336, 337, 338, 342, 347, 364, 370, 377, 380, 403, 405, 418, 426, 427, 428, 429, 430, 431, 442, 446, 447, 449, 451, 460, 461, 466, 472, 484, 485, 490, 491, 497, 500, 501, 502, 505, 517, 518, 521, 523, 524, 526, 534, 540, 543, 544, 548, 549, 550, 551, 552, 556, 563, 564, 565, 567, 568, 570, 572, 579, 582, 585, 587, 588, 590, 595, 599, 601, 603, 604, 605, 606, 608, 609, 610, 611, 613, 618, 619, 621, 623, 625, 626, 628, 632, 636, 639, 643, 644, 648, 650, 653, 654, 660, 661, 664, 674, 676, 680, 682, 687, 688, 689, 691, 707, 711, 714, 717, 719, 721, 722, 727, 728, 730, 731, 733, 736, 738, 742, 743, 747, 748, 751, 756]"
hcci_471,Q980_0h_WC,roi_471,Helios G4 PFIB CXe_SE_5000.0kV_1000.0x,254,3,0,0,770,1,"[1, 2, 3, 4, 5, 6, 7, 8, 9, 10, 11, 12, 13, 14, 15, 16, 17, 18, 19, 20, 21, 22, 24, 25, 27, 28, 30, 32, 35, 36, 37, 38, 39, 40, 41, 42, 43, 44, 45, 48, 50, 55, 58, 59, 60, 61, 62, 65, 66, 69, 70, 74, 76, 77, 78, 80, 82, 91, 92, 93, 101, 103, 109, 114, 122, 123, 129, 132, 133, 141, 146, 149, 161, 169, 170, 173, 175, 177, 179, 181, 184, 185, 187, 189, 195, 197, 202, 203, 204, 210, 219, 222, 225, 228, 234, 235, 238, 240, 245, 249, 252, 258, 259, 260, 266, 268, 270, 271, 277, 281, 287, 291, 292, 293, 294, 300, 305, 308, 310, 313, 319, 323, 327, 328, 331, 336, 337, 338, 339, 343, 344, 348, 350, 351, 352, 355, 360, 362, 363, 364, 365, 366, 367, 374, 382, 383, 386, 388, 391, 392, 396, 399, 400, 402, 404, 407, 410, 413, 415, 418, 419, 422, 423, 425, 426, 429, 430, 431, 433, 434, 435, 436, 437, 445, 446, 448, 449, 452, 453, 456, 460, 461, 463, 468, 470, 474, 481, 482, 485, 486, 490, 508, 509, 514, 517, 520, 521, 528, 534, 546, 556, 557, 562, 566, 567, 579, 582, 585, 592, 595, 598, 599, 600, 604, 611, 619, 630, 632, 635, 639, 645, 656, 664, 665, 675, 680, 681, 690, 691, 695, 700, 708, 715, 716, 719, 722, 724, 728, 735, 738, 739, 740, 742, 743, 745, 750, 753, 759, 761, 762, 763, 765, 767, 769]"
hcci_472,Q980_0h_WC,roi_472,Helios G4 PFIB CXe_SE_5000.0kV_1000.0x,254,3,0,0,770,1,"[1, 2, 3, 4, 5, 6, 7, 8, 9, 10, 11, 12, 13, 14, 15, 16, 17, 18, 19, 20, 21, 22, 23, 24, 25, 26, 27, 29, 30, 33, 37, 38, 39, 41, 45, 46, 50, 55, 58, 60, 63, 65, 66, 67, 68, 69, 71, 73, 74, 76, 78, 79, 82, 83, 89, 93, 94, 95, 97, 99, 102, 103, 104, 106, 108, 110, 112, 115, 116, 117, 119, 121, 122, 125, 131, 133, 141, 142, 144, 146, 158, 162, 164, 167, 178, 180, 181, 185, 187, 188, 191, 192, 199, 200, 201, 204, 208, 210, 212, 213, 215, 216, 218, 219, 221, 224, 231, 233, 235, 238, 239, 244, 253, 254, 258, 259, 261, 262, 263, 264, 268, 269, 273, 274, 279, 287, 288, 290, 295, 299, 301, 303, 305, 317, 318, 320, 324, 326, 331, 338, 339, 340, 341, 342, 344, 345, 346, 347, 350, 352, 353, 354, 362, 363, 368, 370, 375, 376, 381, 382, 387, 393, 397, 400, 401, 402, 403, 408, 409, 411, 416, 417, 423, 425, 430, 432, 433, 435, 437, 439, 440, 448, 454, 459, 461, 474, 488, 489, 495, 498, 503, 505, 506, 508, 511, 519, 524, 528, 531, 533, 539, 541, 552, 559, 566, 568, 569, 570, 574, 577, 579, 589, 596, 600, 604, 605, 607, 609, 612, 616, 618, 619, 633, 645, 649, 655, 676, 677, 684, 693, 697, 698, 699, 700, 703, 714, 718, 720, 734, 737, 740, 741, 742, 743, 745, 748, 752, 753, 759, 762, 765, 766, 767, 770]"
hcci_473,Q980_0h_WC,roi_473,Helios G4 PFIB CXe_BSE_5000.0kV_1000.0x,254,3,0,0,770,1,"[1, 2, 3, 4, 5, 6, 7, 8, 9, 10, 11, 12, 13, 14, 15, 16, 17, 18, 19, 20, 21, 22, 23, 24, 25, 26, 27, 28, 29, 31, 32, 37, 38, 40, 42, 43, 45, 47, 48, 49, 50, 51, 52, 53, 66, 71, 73, 74, 76, 77, 79, 83, 85, 86, 88, 91, 92, 94, 95, 96, 97, 98, 99, 100, 101, 102, 103, 106, 108, 110, 113, 114, 116, 117, 120, 123, 125, 126, 128, 134, 135, 136, 137, 141, 142, 143, 144, 148, 165, 167, 168, 169, 172, 181, 185, 186, 192, 198, 200, 203, 205, 217, 221, 225, 226, 229, 234, 236, 238, 239, 241, 244, 245, 246, 250, 252, 253, 261, 265, 272, 273, 275, 276, 286, 287, 292, 294, 295, 297, 301, 303, 306, 309, 320, 321, 328, 331, 334, 337, 338, 341, 347, 348, 350, 355, 360, 362, 364, 365, 370, 372, 374, 377, 378, 379, 381, 391, 396, 398, 400, 404, 416, 417, 422, 425, 427, 431, 434, 448, 449, 458, 460, 467, 468, 471, 477, 478, 479, 485, 489, 503, 517, 520, 521, 522, 538, 540, 541, 545, 547, 548, 549, 560, 568, 570, 574, 575, 577, 579, 580, 584, 592, 601, 604, 605, 609, 625, 634, 635, 637, 638, 640, 644, 653, 654, 655, 665, 666, 667, 672, 676, 687, 696, 698, 700, 705, 716, 718, 720, 725, 727, 728, 729, 731, 732, 733, 735, 738, 739, 741, 748, 751, 753, 754, 758, 760, 761, 764, 765, 766, 767, 768, 769, 770]"
hcci_474,Q980_0h_WC,roi_474,Helios G4 PFIB CXe_BSE_5000.0kV_1000.0x,254,3,0,0,770,1,"[1, 2, 3, 4, 5, 6, 7, 8, 9, 10, 11, 12, 13, 15, 16, 17, 18, 19, 20, 21, 22, 24, 25, 26, 27, 28, 32, 35, 36, 39, 42, 43, 46, 47, 48, 54, 55, 56, 60, 61, 63, 65, 68, 75, 78, 81, 82, 83, 84, 86, 87, 90, 91, 92, 93, 104, 105, 107, 108, 109, 112, 113, 117, 119, 121, 123, 124, 126, 127, 128, 130, 131, 133, 134, 138, 140, 144, 146, 147, 149, 153, 159, 160, 163, 165, 166, 171, 176, 178, 180, 181, 184, 188, 190, 191, 192, 193, 199, 210, 212, 213, 215, 217, 220, 221, 222, 226, 228, 229, 232, 233, 234, 240, 243, 248, 251, 263, 266, 268, 269, 277, 279, 280, 282, 284, 287, 295, 296, 297, 298, 306, 312, 316, 322, 323, 329, 330, 334, 344, 346, 347, 349, 355, 356, 358, 360, 368, 371, 376, 381, 383, 385, 397, 398, 403, 407, 408, 410, 412, 415, 417, 423, 424, 425, 428, 430, 435, 436, 437, 438, 442, 445, 449, 455, 468, 469, 472, 480, 481, 494, 501, 508, 511, 512, 521, 522, 528, 535, 539, 547, 548, 550, 558, 559, 561, 563, 565, 566, 567, 581, 587, 589, 597, 602, 607, 611, 614, 620, 628, 638, 639, 643, 647, 650, 654, 665, 691, 693, 694, 697, 698, 699, 701, 705, 708, 716, 720, 726, 728, 730, 734, 736, 737, 738, 743, 744, 746, 749, 750, 753, 756, 757, 758, 760, 761, 762, 763, 764, 765, 766, 767, 768, 769, 770]"
hcci_475,Q980_0h_WC,roi_475,Helios G4 PFIB CXe_InLens_5000.0kV_1000.0x,254,3,0,0,770,1,"[1, 2, 3, 4, 5, 6, 7, 8, 9, 10, 11, 12, 13, 14, 15, 16, 17, 18, 19, 20, 21, 22, 23, 24, 25, 26, 27, 28, 29, 30, 32, 37, 46, 47, 51, 58, 60, 65, 67, 70, 71, 74, 87, 92, 95, 98, 102, 108, 113, 119, 120, 123, 124, 125, 127, 128, 129, 130, 131, 134, 143, 146, 147, 149, 152, 153, 154, 158, 160, 167, 168, 169, 177, 184, 185, 188, 189, 192, 200, 203, 204, 210, 211, 213, 217, 220, 224, 229, 230, 231, 233, 234, 238, 239, 245, 247, 248, 249, 255, 256, 258, 263, 265, 269, 271, 274, 275, 284, 286, 287, 288, 289, 290, 291, 293, 294, 300, 303, 304, 305, 311, 316, 317, 325, 326, 330, 332, 333, 334, 336, 337, 340, 342, 344, 350, 354, 355, 359, 360, 361, 363, 364, 365, 367, 368, 369, 374, 378, 379, 384, 389, 390, 391, 395, 399, 400, 402, 405, 406, 408, 410, 413, 414, 415, 416, 417, 427, 428, 430, 431, 432, 438, 439, 442, 443, 448, 450, 452, 453, 454, 458, 464, 468, 469, 473, 479, 480, 481, 482, 484, 497, 506, 508, 511, 512, 514, 517, 518, 524, 534, 540, 545, 547, 557, 562, 563, 568, 571, 573, 576, 584, 591, 603, 604, 605, 613, 622, 624, 636, 639, 640, 645, 647, 648, 653, 655, 664, 667, 670, 681, 685, 688, 690, 698, 705, 716, 718, 719, 721, 722, 726, 727, 728, 730, 734, 740, 746, 748, 750, 756, 757, 762, 766, 767]"
hcci_476,Q980_0h_WC,roi_476,Helios G4 PFIB CXe_InLens_5000.0kV_1000.0x,254,3,0,0,770,1,"[1, 2, 3, 4, 5, 6, 7, 8, 9, 10, 11, 12, 13, 14, 15, 16, 17, 18, 19, 20, 21, 22, 23, 24, 25, 26, 27, 28, 31, 32, 39, 40, 41, 42, 43, 45, 49, 50, 54, 58, 62, 65, 68, 69, 72, 77, 79, 80, 86, 87, 88, 92, 95, 97, 98, 100, 101, 102, 103, 105, 109, 114, 115, 117, 118, 120, 121, 124, 125, 128, 129, 130, 138, 141, 142, 148, 149, 151, 155, 164, 169, 173, 176, 179, 184, 188, 190, 201, 204, 211, 212, 214, 217, 218, 219, 222, 228, 229, 230, 231, 232, 233, 236, 249, 251, 254, 257, 258, 264, 268, 270, 274, 277, 278, 279, 280, 281, 282, 289, 290, 291, 292, 295, 296, 298, 302, 309, 310, 311, 317, 321, 324, 329, 330, 331, 335, 339, 341, 345, 349, 353, 354, 365, 366, 367, 371, 375, 376, 378, 379, 380, 383, 387, 388, 389, 396, 397, 403, 404, 406, 408, 409, 410, 412, 413, 418, 419, 420, 421, 425, 432, 434, 440, 445, 446, 451, 455, 457, 458, 462, 467, 468, 470, 472, 477, 480, 487, 498, 499, 508, 513, 514, 517, 518, 521, 524, 531, 532, 539, 544, 554, 558, 561, 573, 574, 576, 580, 584, 591, 592, 598, 599, 600, 601, 603, 606, 607, 608, 610, 616, 630, 636, 637, 649, 661, 666, 675, 678, 682, 687, 695, 698, 702, 704, 710, 715, 717, 719, 727, 732, 735, 740, 744, 747, 753, 754, 755, 757, 763, 764, 767, 768, 769, 770]"
hcci_477,Q980_0h_WC,roi_477,Helios G4 PFIB CXe_SE_5000.0kV_5000.0x,254,3,0,0,770,1,"[1, 2, 3, 4, 5, 6, 7, 8, 9, 10, 11, 12, 13, 14, 15, 16, 17, 18, 19, 20, 21, 22, 23, 24, 25, 26, 27, 28, 29, 30, 31, 32, 33, 34, 35, 36, 37, 39, 43, 44, 45, 47, 48, 49, 50, 51, 53, 55, 56, 57, 58, 59, 61, 62, 64, 66, 67, 71, 72, 77, 79, 81, 83, 84, 85, 88, 89, 92, 97, 101, 102, 111, 113, 114, 115, 116, 120, 124, 130, 132, 137, 139, 140, 144, 146, 149, 154, 162, 164, 165, 166, 167, 168, 169, 178, 180, 181, 182, 183, 185, 189, 194, 197, 200, 203, 204, 205, 206, 207, 209, 210, 214, 218, 220, 232, 236, 237, 240, 242, 246, 250, 254, 258, 267, 268, 270, 274, 281, 283, 286, 290, 291, 292, 293, 296, 308, 310, 311, 319, 326, 329, 331, 336, 356, 359, 363, 368, 369, 374, 376, 381, 387, 389, 401, 404, 413, 424, 428, 431, 432, 437, 438, 443, 450, 451, 452, 453, 454, 458, 464, 466, 471, 472, 482, 486, 490, 491, 496, 499, 500, 503, 519, 525, 526, 530, 538, 540, 544, 545, 548, 551, 553, 554, 556, 557, 563, 564, 566, 567, 568, 570, 571, 587, 590, 594, 598, 601, 607, 611, 615, 620, 623, 624, 625, 637, 645, 646, 648, 656, 659, 661, 665, 671, 678, 680, 684, 693, 696, 705, 714, 715, 716, 718, 721, 723, 726, 730, 731, 732, 736, 739, 742, 746, 749, 754, 757, 759, 761, 762, 763, 766, 768, 769, 770]"
hcci_478,Q980_0h_WC,roi_478,Helios G4 PFIB CXe_SE_5000.0kV_5000.0x,254,3,0,0,770,1,"[1, 2, 3, 4, 5, 6, 7, 8, 9, 10, 11, 12, 13, 14, 15, 16, 17, 18, 19, 20, 21, 22, 23, 24, 25, 26, 28, 29, 30, 31, 32, 33, 34, 35, 36, 37, 39, 40, 42, 43, 44, 45, 46, 47, 48, 50, 51, 53, 54, 55, 56, 58, 59, 61, 62, 63, 64, 67, 68, 69, 70, 71, 73, 74, 76, 77, 79, 83, 85, 86, 87, 91, 92, 93, 95, 99, 107, 108, 109, 110, 112, 118, 122, 125, 132, 133, 140, 142, 145, 147, 150, 157, 158, 163, 164, 169, 177, 181, 183, 184, 187, 188, 191, 192, 193, 196, 197, 198, 200, 203, 207, 210, 212, 215, 222, 227, 228, 229, 230, 232, 235, 237, 239, 240, 243, 248, 250, 252, 257, 269, 270, 275, 284, 288, 289, 290, 297, 302, 315, 316, 318, 320, 325, 330, 337, 339, 342, 345, 347, 348, 357, 362, 363, 371, 387, 388, 396, 409, 415, 436, 438, 439, 440, 448, 449, 450, 455, 461, 469, 473, 476, 479, 481, 483, 484, 488, 490, 504, 507, 509, 518, 520, 522, 525, 526, 528, 530, 535, 541, 542, 544, 548, 549, 554, 568, 571, 578, 584, 585, 587, 594, 603, 604, 607, 610, 611, 613, 615, 617, 618, 621, 622, 624, 625, 628, 634, 638, 640, 651, 655, 656, 660, 661, 668, 675, 677, 682, 691, 702, 704, 705, 709, 712, 713, 715, 724, 729, 730, 731, 738, 745, 748, 749, 750, 752, 753, 755, 760, 764, 765, 766, 767, 769, 770]"
hcci_479,Q980_0h_WC,roi_479,Helios G4 PFIB CXe_BSE_5000.0kV_5000.0x,254,3,0,0,770,1,"[1, 2, 3, 4, 5, 6, 7, 8, 9, 10, 11, 12, 13, 14, 15, 16, 17, 18, 19, 20, 21, 22, 23, 24, 25, 26, 27, 29, 30, 31, 33, 34, 35, 37, 38, 39, 40, 42, 43, 45, 48, 49, 50, 51, 53, 54, 57, 58, 60, 61, 64, 65, 71, 75, 77, 78, 82, 87, 88, 89, 91, 96, 99, 103, 106, 115, 116, 117, 122, 137, 141, 143, 148, 150, 153, 170, 172, 173, 175, 178, 179, 182, 184, 185, 186, 187, 193, 194, 199, 201, 209, 210, 223, 224, 233, 236, 250, 254, 266, 269, 270, 278, 280, 285, 286, 289, 295, 296, 301, 304, 309, 311, 313, 314, 317, 321, 322, 330, 333, 338, 342, 344, 349, 352, 354, 356, 357, 361, 362, 373, 374, 385, 388, 390, 392, 393, 399, 408, 418, 421, 433, 440, 441, 443, 447, 453, 456, 457, 459, 460, 461, 465, 470, 474, 481, 486, 491, 492, 493, 499, 506, 507, 510, 511, 512, 517, 522, 523, 530, 531, 538, 540, 542, 544, 545, 547, 548, 559, 561, 562, 569, 570, 571, 575, 579, 580, 581, 584, 585, 588, 596, 609, 611, 612, 619, 623, 627, 629, 630, 633, 634, 635, 638, 640, 650, 652, 653, 655, 656, 657, 660, 662, 664, 665, 667, 668, 675, 676, 682, 685, 697, 699, 700, 702, 708, 711, 714, 715, 720, 722, 725, 728, 730, 731, 733, 735, 736, 738, 742, 748, 749, 751, 753, 755, 756, 757, 758, 759, 760, 761, 762, 764, 766, 769]"
hcci_48,Q980_0h_WC,roi_48,Helios G4 PFIB CXe_InLens_5000.0kV_5000.0x,254,3,0,0,770,1,"[1, 2, 3, 4, 5, 6, 7, 8, 9, 10, 11, 12, 13, 14, 15, 16, 17, 18, 19, 20, 21, 22, 23, 24, 25, 26, 27, 28, 29, 30, 31, 32, 33, 34, 35, 36, 37, 38, 39, 40, 41, 42, 43, 44, 45, 46, 47, 48, 49, 50, 52, 53, 54, 55, 58, 59, 60, 61, 63, 64, 66, 67, 68, 69, 71, 72, 76, 77, 79, 82, 84, 85, 86, 87, 93, 96, 97, 99, 100, 101, 102, 103, 107, 110, 114, 116, 122, 125, 130, 134, 137, 138, 141, 142, 148, 151, 154, 160, 162, 164, 178, 179, 180, 183, 184, 188, 195, 203, 205, 216, 224, 225, 235, 236, 241, 245, 248, 249, 251, 252, 258, 269, 273, 278, 281, 282, 283, 286, 290, 301, 304, 307, 308, 311, 312, 314, 315, 318, 320, 326, 328, 329, 331, 334, 335, 336, 343, 348, 353, 355, 357, 363, 364, 366, 369, 373, 380, 386, 393, 401, 405, 408, 409, 410, 413, 414, 415, 419, 421, 429, 431, 434, 436, 451, 452, 453, 455, 457, 458, 460, 468, 469, 474, 476, 480, 484, 488, 498, 503, 508, 509, 510, 515, 519, 528, 532, 534, 541, 548, 562, 564, 571, 576, 585, 587, 588, 589, 590, 599, 605, 608, 610, 613, 615, 618, 622, 625, 626, 627, 633, 634, 640, 643, 662, 666, 678, 682, 683, 689, 696, 697, 701, 703, 714, 718, 719, 720, 723, 726, 734, 737, 738, 741, 742, 745, 747, 751, 756, 757, 762, 764, 765, 767, 768]"
hcci_480,Q980_0h_WC,roi_480,Helios G4 PFIB CXe_BSE_5000.0kV_5000.0x,254,3,0,0,770,1,"[1, 2, 3, 4, 5, 6, 7, 8, 9, 10, 11, 12, 13, 14, 15, 16, 17, 18, 19, 20, 21, 22, 23, 24, 25, 26, 27, 29, 30, 31, 32, 33, 34, 35, 37, 40, 41, 42, 43, 44, 45, 48, 49, 50, 51, 54, 55, 56, 58, 63, 69, 74, 78, 82, 83, 85, 93, 99, 100, 105, 106, 112, 119, 130, 131, 132, 134, 136, 143, 149, 151, 153, 156, 157, 158, 164, 166, 167, 168, 175, 177, 178, 187, 188, 189, 192, 203, 208, 209, 212, 215, 223, 224, 225, 227, 228, 229, 235, 248, 252, 255, 260, 262, 285, 292, 294, 297, 299, 301, 302, 309, 312, 315, 322, 323, 328, 333, 334, 337, 347, 352, 354, 355, 358, 362, 371, 378, 380, 382, 392, 396, 398, 399, 400, 417, 418, 419, 422, 424, 427, 429, 430, 436, 437, 438, 439, 443, 444, 448, 454, 458, 459, 461, 462, 465, 466, 471, 474, 476, 477, 478, 481, 484, 485, 487, 490, 491, 492, 496, 499, 500, 504, 507, 511, 515, 517, 520, 523, 529, 531, 532, 534, 541, 549, 551, 554, 555, 560, 563, 579, 580, 583, 586, 595, 600, 602, 605, 607, 609, 615, 621, 628, 631, 633, 641, 645, 653, 655, 662, 666, 669, 671, 672, 674, 677, 683, 685, 688, 690, 692, 693, 694, 695, 696, 700, 704, 705, 708, 715, 716, 719, 721, 722, 725, 730, 731, 738, 740, 741, 742, 743, 744, 748, 749, 752, 753, 755, 756, 758, 761, 762, 764, 766, 768]"
hcci_481,Q980_0h_WC,roi_481,Helios G4 PFIB CXe_InLens_5000.0kV_5000.0x,254,3,0,0,770,1,"[1, 2, 3, 4, 5, 6, 7, 8, 9, 10, 11, 12, 13, 14, 15, 16, 17, 18, 19, 20, 21, 22, 23, 24, 25, 27, 28, 29, 31, 32, 34, 35, 37, 38, 41, 42, 45, 46, 48, 49, 50, 51, 52, 53, 54, 55, 56, 57, 62, 63, 67, 68, 69, 70, 71, 74, 76, 78, 80, 81, 85, 86, 87, 92, 95, 96, 97, 100, 102, 105, 107, 108, 127, 129, 130, 133, 138, 147, 148, 151, 152, 153, 154, 158, 163, 165, 166, 167, 169, 174, 176, 177, 178, 179, 185, 186, 190, 192, 196, 197, 201, 202, 204, 206, 210, 215, 216, 217, 219, 221, 222, 223, 227, 230, 232, 233, 241, 242, 245, 246, 247, 248, 252, 257, 260, 263, 264, 268, 269, 270, 278, 284, 285, 288, 292, 294, 298, 304, 309, 312, 313, 314, 315, 321, 323, 325, 326, 333, 337, 342, 351, 353, 360, 361, 362, 372, 373, 378, 380, 385, 389, 397, 401, 407, 412, 415, 416, 418, 420, 421, 426, 427, 435, 436, 440, 441, 444, 448, 449, 450, 455, 458, 461, 462, 464, 465, 467, 468, 469, 476, 478, 481, 485, 486, 491, 493, 496, 506, 512, 518, 530, 531, 533, 535, 538, 543, 546, 547, 559, 560, 563, 566, 575, 577, 586, 590, 591, 593, 594, 597, 609, 611, 613, 626, 647, 677, 680, 682, 695, 697, 704, 706, 707, 714, 715, 718, 727, 728, 730, 735, 741, 744, 748, 752, 753, 755, 757, 758, 760, 762, 764, 765, 767, 769]"
hcci_482,Q980_0h_WC,roi_482,Helios G4 PFIB CXe_InLens_5000.0kV_5000.0x,254,3,0,0,770,1,"[1, 2, 3, 4, 5, 6, 7, 8, 9, 10, 11, 12, 13, 14, 15, 16, 17, 18, 19, 20, 21, 22, 23, 24, 25, 26, 27, 31, 32, 33, 34, 35, 36, 41, 42, 43, 44, 45, 46, 47, 48, 50, 51, 54, 55, 56, 57, 61, 64, 65, 67, 68, 71, 78, 84, 85, 88, 92, 93, 94, 98, 100, 101, 104, 107, 108, 110, 111, 113, 116, 118, 120, 124, 126, 127, 130, 131, 135, 137, 139, 142, 152, 157, 158, 159, 160, 162, 163, 164, 166, 171, 172, 176, 177, 182, 184, 186, 188, 190, 191, 192, 193, 196, 197, 198, 205, 209, 211, 212, 214, 220, 221, 223, 224, 230, 232, 243, 244, 246, 252, 254, 258, 259, 260, 261, 263, 273, 274, 285, 286, 290, 291, 294, 297, 298, 299, 300, 301, 304, 311, 314, 315, 318, 321, 324, 325, 329, 332, 341, 343, 345, 346, 347, 348, 349, 353, 356, 358, 360, 361, 364, 365, 373, 374, 376, 378, 382, 387, 389, 390, 392, 400, 403, 404, 405, 415, 419, 421, 423, 424, 427, 432, 435, 442, 448, 459, 463, 464, 465, 467, 469, 480, 483, 484, 486, 489, 492, 493, 498, 499, 500, 503, 513, 515, 523, 528, 531, 532, 539, 549, 550, 558, 567, 572, 585, 589, 620, 625, 633, 640, 644, 647, 648, 652, 656, 668, 669, 676, 677, 682, 684, 694, 695, 707, 708, 719, 720, 724, 725, 727, 728, 731, 735, 739, 746, 748, 752, 761, 762, 763, 764, 767, 768, 769]"
hcci_483,Q980_0h_WC,roi_483,Helios G4 PFIB CXe_SE_10000.0kV_1000.0x,254,3,0,0,770,1,"[1, 2, 3, 4, 5, 6, 7, 8, 9, 10, 11, 12, 13, 14, 15, 16, 17, 18, 19, 20, 21, 22, 23, 25, 26, 28, 31, 32, 34, 35, 38, 41, 42, 45, 47, 51, 52, 58, 59, 60, 63, 70, 76, 80, 81, 84, 86, 89, 93, 94, 95, 97, 98, 101, 102, 103, 104, 106, 109, 112, 114, 115, 121, 124, 125, 133, 134, 135, 138, 139, 144, 148, 158, 159, 160, 162, 163, 168, 173, 175, 176, 178, 179, 182, 186, 188, 190, 191, 193, 204, 206, 207, 208, 210, 211, 212, 219, 221, 225, 228, 230, 233, 237, 238, 239, 245, 247, 251, 256, 262, 265, 266, 268, 273, 274, 276, 281, 282, 286, 287, 289, 299, 303, 304, 309, 315, 316, 319, 321, 322, 323, 327, 329, 331, 332, 337, 340, 342, 344, 345, 346, 348, 349, 350, 351, 353, 356, 359, 360, 361, 369, 376, 377, 378, 380, 381, 383, 384, 386, 390, 391, 394, 396, 399, 402, 407, 410, 413, 417, 419, 421, 425, 428, 430, 431, 432, 441, 444, 448, 453, 455, 458, 462, 463, 469, 470, 471, 472, 473, 483, 484, 488, 490, 494, 498, 503, 505, 512, 518, 526, 537, 542, 547, 557, 558, 564, 565, 566, 567, 568, 572, 575, 576, 579, 586, 591, 608, 609, 613, 616, 621, 648, 650, 651, 655, 658, 670, 672, 676, 678, 680, 683, 685, 690, 692, 695, 713, 715, 716, 727, 730, 732, 733, 736, 738, 741, 745, 749, 755, 758, 761, 764, 766, 767]"
hcci_484,Q980_0h_WC,roi_484,Helios G4 PFIB CXe_SE_10000.0kV_1000.0x,254,3,0,0,770,1,"[1, 2, 3, 4, 5, 6, 7, 8, 9, 10, 11, 12, 13, 14, 15, 16, 17, 18, 19, 20, 21, 22, 23, 24, 25, 26, 28, 36, 38, 39, 40, 42, 43, 56, 57, 59, 60, 62, 64, 66, 68, 70, 75, 77, 80, 82, 86, 88, 90, 93, 94, 95, 96, 98, 103, 106, 108, 109, 110, 112, 118, 122, 128, 142, 143, 145, 152, 153, 154, 155, 159, 160, 166, 167, 168, 173, 175, 177, 179, 184, 185, 191, 192, 193, 196, 197, 198, 200, 201, 202, 203, 205, 207, 209, 214, 215, 216, 218, 222, 223, 224, 230, 233, 235, 236, 239, 243, 246, 250, 254, 255, 258, 260, 261, 262, 263, 265, 270, 272, 275, 280, 281, 284, 286, 287, 290, 291, 302, 304, 305, 306, 307, 308, 309, 310, 320, 321, 325, 326, 335, 336, 340, 346, 347, 348, 350, 354, 356, 357, 360, 361, 362, 364, 365, 366, 371, 373, 375, 376, 378, 380, 389, 390, 393, 395, 397, 407, 409, 411, 413, 416, 424, 429, 437, 439, 440, 442, 446, 454, 458, 459, 460, 461, 464, 465, 468, 471, 478, 482, 496, 499, 506, 520, 521, 522, 523, 530, 532, 540, 541, 542, 544, 547, 556, 558, 560, 565, 569, 575, 577, 579, 583, 585, 586, 588, 596, 598, 602, 608, 620, 632, 639, 640, 641, 651, 653, 657, 658, 667, 671, 681, 686, 688, 696, 709, 710, 712, 721, 727, 728, 736, 740, 741, 742, 744, 746, 752, 758, 759, 761, 764, 766, 767, 770]"
hcci_485,Q980_0h_WC,roi_485,Helios G4 PFIB CXe_BSE_10000.0kV_1000.0x,254,3,0,0,770,1,"[1, 2, 3, 4, 5, 6, 7, 8, 9, 10, 11, 12, 13, 14, 15, 16, 17, 18, 19, 20, 21, 22, 25, 26, 27, 28, 30, 34, 37, 38, 39, 40, 45, 47, 48, 56, 59, 60, 61, 66, 68, 69, 72, 74, 75, 76, 80, 82, 84, 85, 88, 90, 91, 93, 94, 95, 96, 99, 102, 103, 105, 106, 107, 108, 111, 113, 114, 115, 118, 119, 122, 123, 125, 126, 131, 135, 137, 139, 141, 142, 144, 146, 147, 148, 149, 150, 153, 163, 165, 169, 171, 174, 175, 183, 185, 187, 191, 204, 216, 217, 221, 225, 226, 233, 235, 236, 237, 238, 242, 246, 247, 248, 250, 251, 252, 260, 264, 265, 266, 268, 270, 272, 277, 284, 285, 290, 295, 298, 300, 305, 308, 309, 310, 315, 320, 322, 330, 332, 333, 337, 338, 343, 345, 346, 348, 353, 354, 355, 371, 373, 376, 380, 384, 386, 387, 394, 397, 399, 411, 414, 417, 422, 427, 428, 431, 439, 445, 447, 455, 471, 483, 487, 492, 495, 496, 502, 506, 513, 520, 522, 528, 529, 531, 532, 536, 537, 542, 545, 547, 551, 556, 566, 567, 569, 571, 576, 579, 581, 585, 589, 595, 597, 600, 609, 610, 611, 614, 618, 623, 625, 634, 643, 648, 649, 650, 655, 661, 665, 667, 674, 689, 697, 704, 705, 709, 714, 715, 719, 722, 725, 729, 732, 733, 734, 735, 736, 738, 739, 740, 745, 748, 754, 756, 758, 759, 760, 762, 763, 764, 765, 767, 768, 769, 770]"
hcci_486,Q980_0h_WC,roi_486,Helios G4 PFIB CXe_BSE_10000.0kV_1000.0x,254,3,0,0,770,1,"[1, 2, 3, 4, 5, 6, 7, 8, 9, 10, 11, 12, 13, 14, 15, 16, 17, 18, 19, 20, 21, 22, 23, 24, 25, 26, 27, 29, 31, 37, 38, 39, 40, 42, 43, 45, 46, 47, 50, 51, 53, 60, 66, 69, 72, 74, 81, 82, 83, 84, 85, 87, 88, 89, 92, 93, 94, 95, 96, 98, 99, 103, 104, 105, 107, 108, 110, 111, 112, 115, 116, 117, 120, 123, 124, 125, 126, 129, 130, 131, 133, 135, 141, 151, 153, 154, 155, 165, 168, 170, 174, 177, 178, 180, 181, 185, 188, 189, 197, 199, 209, 215, 219, 222, 226, 231, 234, 238, 242, 243, 248, 251, 252, 255, 256, 257, 260, 265, 266, 267, 273, 278, 279, 281, 284, 285, 287, 290, 293, 302, 309, 311, 316, 318, 319, 325, 329, 332, 334, 336, 340, 342, 343, 349, 350, 352, 353, 354, 358, 364, 367, 369, 372, 374, 381, 383, 384, 389, 402, 403, 415, 417, 419, 423, 429, 436, 437, 439, 446, 448, 453, 457, 460, 472, 474, 477, 481, 484, 498, 500, 504, 520, 524, 529, 530, 538, 540, 542, 544, 548, 559, 560, 565, 567, 569, 572, 578, 579, 582, 587, 589, 591, 594, 597, 598, 617, 619, 628, 635, 636, 639, 642, 643, 653, 657, 660, 664, 667, 669, 671, 672, 693, 698, 704, 709, 710, 720, 721, 723, 724, 725, 727, 729, 732, 735, 736, 737, 739, 740, 746, 751, 753, 754, 758, 759, 760, 762, 764, 765, 766, 767, 768, 769, 770]"
hcci_487,Q980_0h_WC,roi_487,Helios G4 PFIB CXe_InLens_10000.0kV_1000.0x,254,3,0,0,770,1,"[1, 2, 3, 4, 5, 6, 7, 8, 9, 10, 11, 12, 13, 14, 15, 16, 17, 18, 19, 20, 21, 22, 23, 25, 26, 28, 29, 32, 34, 36, 42, 43, 50, 57, 66, 69, 75, 78, 82, 86, 88, 90, 93, 94, 97, 99, 104, 107, 110, 115, 118, 120, 125, 126, 127, 129, 132, 136, 140, 141, 144, 145, 149, 150, 152, 163, 167, 169, 173, 174, 179, 180, 182, 184, 192, 199, 200, 201, 208, 211, 212, 218, 220, 221, 222, 226, 228, 231, 232, 233, 235, 240, 242, 246, 248, 250, 254, 255, 256, 260, 266, 270, 271, 278, 280, 283, 290, 291, 295, 296, 298, 301, 302, 304, 312, 313, 315, 317, 322, 325, 327, 329, 331, 333, 334, 336, 337, 338, 341, 345, 347, 349, 351, 353, 354, 356, 357, 363, 365, 367, 368, 372, 373, 375, 377, 378, 379, 385, 386, 388, 390, 392, 393, 395, 396, 399, 401, 403, 406, 408, 410, 417, 418, 419, 420, 422, 428, 432, 435, 436, 439, 441, 444, 445, 446, 447, 449, 451, 453, 459, 463, 465, 471, 472, 474, 476, 480, 487, 502, 505, 512, 515, 518, 521, 523, 524, 525, 527, 533, 543, 544, 545, 549, 550, 553, 567, 572, 576, 579, 583, 585, 589, 590, 591, 594, 597, 613, 618, 622, 623, 632, 639, 646, 648, 649, 652, 658, 672, 679, 680, 683, 685, 690, 693, 698, 706, 714, 716, 720, 722, 727, 731, 737, 739, 740, 741, 744, 746, 749, 755, 758, 762, 767, 768]"
hcci_488,Q980_0h_WC,roi_488,Helios G4 PFIB CXe_InLens_10000.0kV_1000.0x,254,3,0,0,770,1,"[1, 2, 3, 4, 5, 6, 7, 8, 9, 10, 11, 12, 13, 14, 15, 16, 17, 18, 19, 20, 21, 22, 23, 24, 26, 27, 31, 37, 38, 42, 46, 52, 55, 57, 58, 77, 78, 79, 80, 84, 85, 92, 93, 94, 96, 97, 98, 106, 107, 114, 115, 116, 118, 123, 124, 127, 128, 129, 134, 140, 149, 158, 161, 163, 164, 167, 169, 170, 173, 175, 179, 180, 181, 185, 186, 187, 189, 190, 192, 193, 194, 202, 203, 204, 205, 206, 210, 211, 214, 215, 218, 219, 220, 221, 224, 225, 228, 230, 234, 235, 236, 237, 238, 240, 241, 242, 246, 247, 250, 253, 255, 256, 259, 269, 270, 271, 272, 275, 278, 279, 282, 285, 286, 287, 288, 290, 291, 294, 295, 301, 302, 304, 306, 312, 313, 315, 316, 318, 328, 336, 337, 338, 339, 343, 346, 350, 356, 357, 359, 361, 364, 366, 367, 368, 369, 371, 383, 388, 389, 390, 394, 402, 403, 404, 408, 414, 415, 420, 421, 429, 432, 434, 435, 440, 441, 446, 448, 450, 454, 459, 460, 466, 470, 471, 474, 478, 481, 484, 494, 496, 507, 509, 510, 511, 516, 520, 523, 524, 526, 527, 531, 533, 536, 539, 541, 554, 555, 563, 570, 576, 577, 580, 592, 594, 599, 600, 616, 620, 621, 624, 628, 630, 639, 644, 654, 656, 671, 674, 676, 677, 682, 690, 691, 692, 698, 705, 708, 710, 731, 733, 735, 738, 744, 746, 748, 756, 757, 761, 763, 765, 766, 768, 769, 770]"
hcci_489,Q980_0h_WC,roi_489,Helios G4 PFIB CXe_SE_10000.0kV_5000.0x,254,3,0,0,770,1,"[1, 2, 3, 4, 5, 6, 7, 8, 9, 10, 11, 12, 13, 14, 15, 16, 17, 18, 19, 20, 21, 22, 23, 24, 25, 26, 27, 28, 29, 30, 31, 32, 33, 34, 35, 36, 37, 38, 40, 41, 42, 43, 44, 45, 46, 47, 48, 49, 50, 51, 52, 53, 54, 55, 56, 57, 58, 59, 60, 61, 67, 71, 75, 77, 78, 80, 81, 85, 86, 87, 97, 98, 99, 103, 108, 112, 113, 114, 119, 121, 123, 127, 130, 132, 133, 136, 139, 141, 143, 146, 147, 151, 160, 170, 177, 182, 183, 189, 191, 199, 202, 205, 206, 220, 229, 234, 238, 239, 282, 290, 296, 299, 300, 301, 303, 314, 315, 319, 320, 323, 329, 331, 336, 340, 341, 350, 354, 358, 362, 363, 364, 368, 374, 377, 379, 385, 391, 404, 407, 431, 433, 434, 435, 436, 443, 450, 457, 458, 460, 462, 465, 467, 468, 471, 472, 477, 480, 482, 490, 492, 494, 496, 497, 498, 504, 518, 521, 522, 526, 529, 531, 533, 535, 544, 545, 546, 548, 553, 556, 558, 559, 560, 561, 565, 571, 572, 578, 585, 591, 594, 598, 601, 602, 604, 605, 622, 623, 625, 626, 628, 630, 631, 634, 638, 641, 643, 646, 649, 653, 659, 662, 664, 666, 667, 670, 673, 674, 679, 680, 682, 683, 689, 690, 695, 708, 713, 714, 715, 716, 720, 723, 730, 731, 732, 737, 740, 741, 747, 748, 750, 752, 753, 754, 757, 758, 760, 761, 763, 764, 766, 767, 768, 769, 770]"
hcci_49,Q980_0h_WC,roi_49,Helios G4 PFIB CXe_SE_10000.0kV_1000.0x,254,3,0,0,770,1,"[1, 2, 3, 4, 5, 6, 7, 8, 9, 10, 11, 12, 13, 14, 15, 16, 17, 20, 21, 23, 24, 25, 27, 28, 29, 31, 34, 35, 37, 40, 41, 43, 45, 46, 47, 49, 50, 51, 53, 54, 55, 56, 57, 58, 59, 61, 64, 65, 66, 67, 69, 70, 71, 72, 74, 75, 77, 79, 82, 83, 87, 95, 96, 97, 100, 102, 105, 108, 110, 111, 112, 114, 120, 122, 123, 130, 131, 134, 135, 136, 137, 147, 148, 152, 154, 155, 158, 160, 161, 167, 169, 170, 171, 173, 174, 175, 177, 178, 179, 184, 185, 189, 195, 201, 202, 203, 211, 212, 213, 219, 220, 225, 226, 227, 228, 230, 233, 240, 241, 243, 245, 247, 248, 251, 261, 262, 267, 272, 275, 280, 284, 285, 290, 293, 297, 305, 314, 321, 322, 324, 325, 332, 335, 336, 342, 352, 354, 364, 367, 368, 371, 389, 391, 414, 416, 420, 429, 433, 434, 435, 439, 447, 454, 455, 457, 460, 461, 468, 473, 477, 492, 495, 510, 521, 523, 525, 530, 532, 533, 535, 536, 540, 545, 549, 550, 553, 557, 559, 560, 562, 563, 573, 574, 576, 577, 578, 579, 583, 585, 587, 607, 612, 613, 616, 618, 622, 623, 624, 627, 630, 631, 633, 636, 647, 648, 657, 660, 661, 664, 676, 677, 679, 681, 686, 690, 692, 693, 694, 696, 699, 701, 707, 709, 712, 713, 717, 721, 724, 726, 728, 730, 733, 738, 744, 747, 749, 753, 755, 760, 763, 764, 765, 767, 770]"
hcci_490,Q980_0h_WC,roi_490,Helios G4 PFIB CXe_SE_10000.0kV_5000.0x,254,3,0,0,770,1,"[1, 2, 3, 4, 5, 6, 7, 8, 9, 10, 11, 12, 13, 14, 15, 16, 17, 18, 19, 20, 21, 22, 23, 24, 25, 26, 27, 28, 29, 30, 31, 32, 33, 34, 35, 36, 37, 39, 40, 41, 42, 43, 44, 45, 47, 48, 49, 50, 51, 52, 53, 55, 56, 58, 59, 61, 63, 64, 65, 66, 68, 70, 73, 76, 77, 78, 82, 85, 86, 87, 88, 89, 94, 98, 101, 102, 105, 108, 111, 114, 115, 117, 121, 127, 131, 134, 135, 136, 139, 150, 159, 160, 161, 162, 165, 166, 168, 172, 177, 178, 182, 184, 188, 190, 201, 205, 211, 214, 216, 218, 235, 237, 238, 241, 243, 250, 257, 260, 261, 265, 275, 282, 283, 288, 290, 294, 298, 305, 318, 319, 326, 327, 328, 337, 338, 341, 350, 352, 355, 362, 363, 366, 367, 373, 374, 382, 395, 408, 414, 419, 424, 428, 432, 435, 440, 444, 456, 459, 461, 462, 464, 468, 472, 478, 480, 483, 487, 491, 496, 498, 501, 509, 511, 514, 517, 520, 526, 531, 536, 541, 543, 546, 549, 552, 555, 557, 558, 560, 564, 565, 567, 568, 569, 570, 573, 577, 579, 589, 591, 594, 597, 600, 606, 607, 609, 612, 613, 616, 618, 620, 625, 626, 627, 634, 638, 644, 646, 653, 664, 667, 670, 676, 680, 683, 687, 689, 693, 694, 700, 705, 711, 715, 720, 723, 724, 725, 730, 733, 735, 736, 739, 744, 745, 749, 754, 755, 758, 759, 764, 766, 767, 768, 769, 770]"
hcci_491,Q980_0h_WC,roi_491,Helios G4 PFIB CXe_BSE_10000.0kV_5000.0x,254,3,0,0,770,1,"[1, 2, 3, 4, 5, 6, 7, 8, 9, 10, 11, 12, 13, 14, 15, 16, 17, 18, 19, 20, 21, 22, 23, 24, 25, 26, 27, 28, 29, 30, 31, 32, 34, 35, 36, 41, 42, 46, 49, 51, 53, 56, 58, 61, 62, 64, 65, 66, 69, 73, 74, 86, 88, 90, 91, 93, 95, 97, 98, 99, 103, 106, 114, 116, 117, 118, 120, 130, 136, 142, 145, 147, 148, 149, 157, 162, 166, 168, 170, 172, 175, 181, 185, 195, 213, 214, 221, 225, 228, 229, 236, 238, 242, 246, 249, 251, 252, 253, 256, 259, 260, 266, 267, 270, 271, 288, 289, 291, 297, 302, 305, 313, 333, 334, 337, 346, 348, 349, 352, 356, 359, 363, 364, 376, 384, 392, 402, 403, 404, 412, 415, 422, 423, 424, 436, 437, 443, 457, 461, 464, 467, 477, 480, 488, 492, 493, 500, 508, 513, 519, 523, 525, 528, 530, 531, 533, 539, 542, 543, 553, 556, 561, 569, 571, 574, 575, 578, 579, 580, 581, 582, 586, 595, 596, 599, 600, 602, 607, 608, 609, 611, 616, 620, 621, 622, 623, 627, 628, 635, 638, 639, 643, 644, 646, 647, 649, 651, 653, 656, 657, 659, 661, 665, 666, 670, 671, 673, 675, 676, 677, 680, 682, 685, 686, 687, 688, 690, 691, 693, 695, 698, 699, 704, 705, 708, 709, 713, 714, 720, 721, 724, 727, 728, 729, 731, 738, 740, 747, 748, 749, 751, 752, 754, 755, 756, 757, 758, 759, 760, 761, 763, 765, 766, 767]"
hcci_492,Q980_0h_WC,roi_492,Helios G4 PFIB CXe_BSE_10000.0kV_5000.0x,254,3,0,0,770,1,"[1, 2, 3, 4, 5, 6, 7, 8, 9, 10, 11, 12, 13, 14, 15, 16, 17, 18, 19, 20, 21, 22, 23, 24, 25, 26, 27, 28, 29, 30, 31, 32, 33, 35, 37, 38, 39, 40, 42, 45, 46, 47, 50, 52, 54, 56, 57, 58, 61, 62, 66, 69, 70, 71, 74, 75, 77, 78, 80, 84, 85, 91, 92, 93, 94, 95, 99, 108, 110, 111, 118, 119, 124, 128, 133, 135, 138, 144, 145, 146, 147, 148, 156, 161, 163, 167, 168, 170, 171, 178, 183, 184, 186, 187, 189, 197, 203, 205, 206, 208, 212, 213, 216, 221, 230, 233, 243, 249, 252, 253, 254, 257, 260, 264, 274, 282, 284, 285, 288, 293, 297, 298, 319, 333, 335, 337, 341, 344, 351, 353, 354, 355, 358, 364, 374, 379, 386, 387, 394, 404, 406, 413, 415, 424, 430, 431, 433, 436, 445, 448, 449, 452, 453, 462, 463, 471, 474, 477, 488, 492, 493, 495, 502, 503, 506, 507, 514, 520, 526, 529, 532, 536, 537, 541, 545, 556, 561, 562, 563, 573, 576, 577, 578, 583, 585, 592, 594, 598, 601, 605, 606, 607, 608, 615, 616, 617, 619, 623, 624, 627, 629, 630, 631, 638, 640, 644, 646, 647, 648, 655, 658, 661, 666, 673, 674, 677, 681, 683, 685, 686, 687, 695, 698, 704, 708, 710, 712, 713, 715, 716, 717, 720, 724, 730, 732, 735, 736, 737, 748, 750, 751, 753, 754, 755, 757, 758, 759, 761, 762, 763, 764, 765, 767, 769]"
hcci_493,Q980_0h_WC,roi_493,Helios G4 PFIB CXe_InLens_10000.0kV_5000.0x,254,3,0,0,770,1,"[1, 2, 3, 4, 5, 6, 7, 8, 9, 10, 11, 12, 13, 14, 15, 16, 17, 18, 19, 20, 21, 22, 23, 24, 25, 26, 27, 28, 29, 30, 31, 32, 34, 36, 37, 39, 41, 42, 43, 44, 45, 46, 48, 50, 51, 55, 56, 57, 60, 62, 63, 64, 65, 66, 67, 68, 70, 71, 72, 74, 77, 80, 81, 82, 83, 84, 88, 90, 91, 93, 94, 96, 97, 103, 111, 114, 118, 123, 131, 136, 143, 147, 154, 156, 158, 159, 160, 162, 164, 165, 180, 182, 183, 184, 189, 194, 199, 201, 205, 207, 209, 210, 212, 215, 221, 226, 228, 232, 233, 236, 240, 243, 244, 245, 246, 248, 249, 251, 255, 256, 258, 260, 261, 263, 265, 267, 271, 272, 273, 275, 278, 279, 280, 281, 290, 291, 294, 298, 304, 311, 312, 314, 316, 319, 323, 325, 334, 338, 339, 348, 349, 353, 356, 360, 363, 370, 373, 376, 389, 395, 397, 399, 402, 403, 404, 411, 413, 416, 424, 428, 436, 442, 452, 458, 465, 469, 485, 486, 488, 490, 493, 494, 495, 496, 497, 500, 504, 505, 515, 516, 521, 522, 529, 532, 533, 535, 536, 537, 538, 542, 545, 547, 551, 553, 555, 556, 559, 567, 572, 573, 579, 588, 593, 596, 602, 605, 608, 609, 613, 614, 633, 646, 652, 654, 657, 672, 675, 676, 681, 691, 692, 694, 695, 696, 709, 716, 719, 720, 721, 723, 726, 730, 740, 745, 749, 750, 753, 755, 759, 762, 764, 766, 767, 768]"
hcci_494,Q980_0h_WC,roi_494,Helios G4 PFIB CXe_InLens_10000.0kV_5000.0x,254,3,0,0,770,1,"[1, 2, 3, 4, 5, 6, 7, 8, 9, 10, 11, 12, 13, 14, 15, 16, 17, 18, 19, 20, 21, 22, 23, 24, 25, 26, 27, 28, 29, 30, 31, 32, 33, 35, 36, 37, 38, 39, 40, 41, 42, 43, 44, 45, 46, 47, 48, 49, 50, 51, 52, 55, 57, 58, 59, 60, 62, 64, 67, 68, 72, 75, 76, 77, 80, 83, 85, 86, 88, 91, 92, 93, 96, 100, 101, 103, 111, 113, 122, 123, 126, 127, 128, 130, 135, 136, 139, 140, 141, 145, 146, 147, 154, 156, 162, 164, 166, 167, 170, 171, 172, 174, 177, 179, 183, 184, 188, 192, 198, 199, 203, 206, 209, 211, 214, 216, 219, 222, 223, 227, 229, 230, 231, 232, 234, 236, 240, 252, 255, 256, 259, 260, 262, 263, 265, 272, 278, 282, 283, 289, 290, 291, 293, 299, 300, 303, 304, 306, 307, 310, 311, 316, 324, 326, 329, 331, 333, 334, 335, 336, 344, 361, 363, 369, 371, 372, 376, 385, 387, 392, 397, 399, 403, 407, 408, 409, 411, 413, 415, 420, 424, 428, 430, 431, 432, 435, 436, 437, 439, 446, 447, 449, 454, 458, 462, 466, 476, 486, 493, 497, 502, 505, 511, 518, 525, 528, 535, 540, 543, 544, 559, 560, 564, 566, 572, 581, 592, 595, 598, 602, 606, 621, 624, 625, 626, 635, 644, 647, 653, 661, 664, 665, 671, 682, 690, 696, 704, 706, 714, 717, 725, 728, 729, 730, 731, 733, 746, 749, 750, 755, 763, 764, 767, 769]"
hcci_495,Q980_0h_WC,roi_495,Helios G4 PFIB CXe_SE_20000.0kV_1000.0x,254,3,0,0,770,1,"[1, 2, 3, 4, 5, 6, 7, 8, 9, 10, 11, 12, 13, 14, 15, 16, 17, 18, 19, 20, 21, 22, 23, 24, 25, 26, 27, 29, 32, 34, 35, 36, 37, 40, 44, 46, 50, 52, 54, 59, 61, 66, 67, 69, 71, 73, 77, 81, 82, 86, 87, 88, 91, 93, 94, 95, 96, 101, 102, 104, 106, 109, 110, 113, 114, 115, 116, 118, 122, 128, 136, 142, 144, 146, 147, 155, 156, 161, 162, 168, 171, 173, 181, 182, 186, 190, 192, 193, 194, 195, 196, 198, 200, 211, 213, 214, 218, 220, 225, 229, 231, 240, 241, 245, 247, 248, 251, 252, 262, 265, 270, 271, 272, 273, 274, 277, 278, 279, 282, 288, 295, 296, 300, 304, 305, 306, 313, 314, 315, 319, 321, 323, 324, 325, 329, 332, 334, 337, 346, 347, 348, 349, 350, 353, 360, 361, 362, 363, 365, 366, 368, 373, 375, 378, 380, 383, 387, 393, 394, 396, 401, 403, 406, 407, 410, 417, 422, 423, 424, 427, 431, 433, 440, 442, 443, 445, 450, 458, 463, 465, 467, 469, 473, 475, 483, 485, 486, 494, 495, 504, 505, 511, 516, 518, 523, 524, 527, 531, 532, 539, 543, 544, 545, 548, 550, 557, 558, 559, 567, 568, 574, 584, 585, 590, 593, 594, 608, 610, 611, 614, 619, 620, 627, 632, 642, 645, 650, 657, 664, 670, 671, 674, 679, 680, 682, 694, 696, 701, 717, 718, 721, 723, 724, 734, 736, 741, 744, 749, 751, 754, 755, 764, 765, 768]"
hcci_496,Q980_0h_WC,roi_496,Helios G4 PFIB CXe_SE_20000.0kV_1000.0x,254,3,0,0,770,1,"[1, 2, 3, 4, 5, 6, 7, 8, 9, 10, 11, 12, 13, 14, 15, 16, 17, 18, 19, 20, 21, 22, 23, 24, 26, 27, 28, 29, 30, 31, 32, 33, 35, 36, 38, 40, 41, 44, 45, 46, 48, 50, 51, 52, 53, 60, 62, 63, 67, 69, 70, 71, 72, 73, 74, 76, 78, 79, 80, 82, 83, 85, 86, 92, 95, 101, 102, 103, 104, 105, 107, 115, 116, 117, 123, 129, 137, 139, 142, 143, 144, 147, 148, 149, 150, 153, 161, 165, 168, 170, 171, 178, 183, 184, 185, 192, 200, 202, 210, 211, 213, 220, 223, 225, 228, 232, 233, 234, 235, 236, 241, 243, 246, 248, 250, 252, 254, 259, 260, 262, 264, 267, 268, 270, 272, 273, 274, 276, 288, 289, 296, 300, 303, 309, 315, 321, 322, 325, 329, 331, 333, 336, 342, 344, 347, 351, 352, 353, 357, 358, 363, 369, 371, 372, 376, 383, 387, 388, 389, 390, 396, 397, 401, 403, 405, 408, 419, 420, 422, 423, 427, 437, 439, 443, 447, 451, 452, 454, 456, 458, 461, 462, 465, 468, 470, 473, 475, 478, 480, 481, 492, 495, 500, 503, 504, 505, 508, 509, 510, 511, 516, 520, 528, 536, 539, 541, 560, 563, 565, 572, 578, 583, 588, 591, 593, 599, 600, 606, 609, 610, 624, 627, 634, 635, 644, 650, 661, 664, 665, 670, 672, 680, 682, 685, 690, 694, 706, 718, 722, 726, 729, 731, 734, 750, 752, 759, 760, 761, 762, 766, 767, 768, 769, 770]"
hcci_497,Q980_0h_WC,roi_497,Helios G4 PFIB CXe_BSE_20000.0kV_1000.0x,254,3,0,0,770,1,"[1, 2, 3, 4, 5, 6, 7, 8, 9, 10, 11, 12, 13, 14, 15, 16, 17, 18, 19, 20, 21, 22, 23, 24, 25, 26, 27, 28, 29, 30, 31, 32, 33, 34, 35, 36, 37, 38, 39, 41, 42, 43, 45, 48, 49, 50, 52, 55, 56, 59, 62, 63, 64, 67, 69, 71, 72, 73, 74, 76, 77, 78, 85, 88, 89, 92, 94, 96, 97, 98, 99, 100, 101, 102, 104, 110, 114, 117, 119, 120, 122, 123, 125, 126, 129, 130, 140, 142, 147, 156, 157, 160, 170, 171, 172, 177, 183, 188, 197, 202, 207, 209, 218, 219, 221, 227, 228, 229, 232, 238, 242, 254, 257, 266, 268, 269, 274, 284, 288, 293, 295, 296, 297, 299, 312, 322, 329, 331, 332, 335, 336, 341, 343, 346, 356, 363, 367, 378, 380, 385, 394, 398, 399, 400, 403, 410, 415, 422, 426, 429, 431, 432, 437, 445, 446, 455, 457, 462, 463, 466, 472, 476, 477, 478, 480, 492, 494, 496, 497, 501, 502, 506, 512, 515, 518, 524, 527, 529, 534, 536, 537, 541, 547, 548, 554, 562, 564, 576, 578, 589, 590, 592, 595, 600, 601, 605, 607, 609, 612, 616, 629, 631, 634, 638, 640, 643, 645, 655, 658, 659, 662, 667, 675, 681, 687, 688, 689, 690, 692, 694, 698, 701, 705, 710, 712, 714, 715, 718, 723, 725, 727, 733, 738, 739, 740, 742, 745, 747, 748, 749, 751, 753, 757, 758, 759, 761, 762, 764, 765, 766, 767, 768, 769, 770]"
hcci_498,Q980_0h_WC,roi_498,Helios G4 PFIB CXe_BSE_20000.0kV_1000.0x,254,3,0,0,770,1,"[1, 2, 3, 4, 5, 6, 7, 8, 9, 10, 11, 12, 13, 14, 15, 16, 17, 18, 19, 20, 21, 22, 23, 24, 25, 26, 27, 28, 32, 34, 38, 40, 41, 42, 45, 46, 47, 58, 61, 62, 65, 68, 70, 73, 79, 80, 81, 83, 85, 86, 87, 89, 90, 92, 93, 94, 95, 97, 98, 100, 101, 107, 108, 109, 110, 111, 112, 114, 115, 118, 121, 125, 126, 129, 130, 131, 132, 134, 141, 142, 143, 144, 148, 149, 150, 160, 161, 163, 166, 175, 183, 186, 187, 188, 191, 194, 195, 198, 200, 204, 208, 211, 217, 222, 226, 228, 230, 233, 235, 240, 241, 242, 247, 252, 254, 257, 263, 266, 267, 269, 273, 274, 275, 287, 293, 294, 295, 296, 300, 306, 308, 312, 314, 315, 316, 319, 320, 321, 325, 326, 328, 331, 339, 341, 345, 348, 354, 359, 365, 369, 377, 378, 380, 382, 391, 392, 397, 399, 401, 411, 418, 424, 426, 428, 434, 438, 446, 450, 455, 487, 488, 489, 490, 502, 506, 508, 509, 510, 511, 520, 522, 523, 526, 528, 530, 532, 537, 539, 550, 555, 559, 566, 570, 572, 573, 575, 576, 579, 580, 581, 585, 591, 600, 601, 603, 614, 617, 631, 636, 639, 641, 647, 648, 653, 658, 663, 665, 666, 667, 672, 680, 690, 700, 702, 704, 705, 720, 721, 723, 726, 727, 730, 731, 732, 733, 734, 735, 736, 742, 745, 750, 751, 754, 758, 759, 760, 761, 762, 764, 766, 767, 768, 769, 770]"
hcci_499,Q980_0h_WC,roi_499,Helios G4 PFIB CXe_InLens_20000.0kV_1000.0x,254,3,0,0,770,1,"[1, 2, 3, 4, 5, 6, 7, 8, 9, 10, 11, 12, 13, 14, 15, 16, 17, 18, 19, 20, 21, 22, 23, 24, 25, 26, 27, 30, 32, 47, 50, 57, 58, 59, 60, 67, 70, 72, 76, 80, 87, 88, 89, 91, 94, 95, 96, 97, 101, 102, 104, 111, 113, 115, 118, 119, 120, 121, 125, 126, 135, 136, 138, 140, 143, 145, 147, 148, 153, 163, 165, 166, 168, 170, 179, 187, 193, 194, 195, 200, 201, 205, 206, 214, 215, 220, 223, 225, 226, 227, 229, 231, 237, 239, 240, 242, 244, 245, 248, 250, 252, 253, 254, 256, 257, 258, 261, 262, 266, 268, 269, 279, 282, 283, 286, 290, 294, 297, 302, 303, 306, 308, 309, 310, 317, 318, 320, 321, 322, 323, 324, 325, 328, 332, 333, 335, 336, 337, 341, 342, 343, 346, 347, 357, 359, 360, 373, 374, 378, 379, 386, 388, 389, 393, 394, 395, 399, 401, 405, 410, 415, 417, 419, 422, 425, 428, 429, 430, 431, 432, 440, 442, 443, 445, 446, 452, 453, 455, 458, 460, 461, 468, 469, 472, 479, 482, 485, 494, 495, 496, 503, 511, 517, 522, 523, 524, 525, 533, 535, 539, 541, 547, 550, 555, 557, 559, 560, 567, 572, 574, 575, 581, 582, 584, 587, 593, 596, 602, 603, 605, 607, 611, 616, 617, 634, 650, 652, 657, 659, 660, 662, 670, 672, 682, 685, 687, 689, 691, 693, 702, 711, 722, 733, 736, 738, 739, 740, 748, 750, 753, 761, 765, 767, 769]"
hcci_5,AsCast,roi_5,Helios G4 PFIB CXe_InLens_5000.0kV_1000.0x,256,3,0,0,770,1,"[1, 2, 3, 4, 5, 6, 7, 8, 9, 10, 11, 12, 13, 14, 15, 16, 17, 18, 19, 20, 21, 22, 23, 24, 25, 26, 27, 28, 29, 30, 31, 32, 33, 34, 35, 36, 37, 38, 39, 40, 41, 42, 43, 44, 45, 46, 47, 48, 49, 50, 51, 52, 53, 54, 55, 56, 57, 58, 59, 60, 61, 62, 63, 64, 65, 66, 67, 68, 69, 70, 71, 72, 73, 74, 75, 76, 77, 78, 79, 80, 81, 82, 83, 84, 85, 86, 87, 88, 89, 90, 91, 92, 93, 94, 95, 96, 97, 98, 99, 100, 101, 102, 103, 104, 105, 106, 107, 108, 109, 110, 111, 112, 113, 114, 115, 116, 117, 118, 119, 120, 121, 122, 123, 124, 125, 126, 127, 128, 130, 131, 134, 137, 141, 142, 143, 144, 145, 146, 147, 151, 152, 154, 157, 159, 160, 161, 166, 167, 168, 171, 173, 174, 176, 177, 180, 183, 184, 185, 186, 190, 191, 192, 193, 194, 195, 198, 202, 205, 206, 208, 212, 214, 216, 223, 224, 225, 229, 235, 240, 242, 243, 244, 247, 248, 254, 255, 257, 258, 260, 261, 270, 271, 274, 275, 279, 282, 286, 289, 290, 293, 296, 301, 307, 316, 317, 324, 334, 341, 343, 345, 353, 365, 368, 373, 375, 378, 384, 389, 390, 391, 393, 401, 411, 412, 423, 428, 434, 435, 451, 453, 456, 465, 469, 470, 484, 488, 496, 497, 508, 518, 519, 530, 541, 544, 547, 566, 569, 595, 639, 668, 674, 683, 688, 720, 721, 751]"
hcci_50,Q980_0h_WC,roi_50,Helios G4 PFIB CXe_SE_10000.0kV_1000.0x,254,3,0,0,770,1,"[1, 2, 3, 4, 5, 6, 7, 8, 9, 10, 11, 12, 13, 14, 15, 16, 17, 18, 19, 20, 21, 22, 24, 25, 27, 28, 30, 33, 34, 36, 37, 39, 40, 41, 42, 43, 44, 45, 48, 49, 50, 52, 53, 55, 56, 57, 59, 61, 62, 65, 66, 67, 70, 71, 72, 73, 75, 76, 77, 79, 80, 81, 89, 90, 92, 97, 100, 103, 104, 111, 112, 115, 118, 119, 120, 121, 122, 125, 127, 132, 133, 134, 138, 139, 141, 142, 144, 146, 148, 151, 153, 165, 166, 167, 172, 173, 176, 177, 179, 182, 183, 184, 190, 197, 201, 204, 208, 211, 214, 215, 216, 219, 222, 223, 228, 235, 239, 242, 243, 247, 248, 250, 251, 255, 264, 268, 271, 272, 279, 280, 283, 286, 288, 293, 294, 301, 311, 312, 314, 318, 322, 329, 330, 344, 351, 352, 355, 359, 361, 365, 376, 378, 382, 385, 386, 387, 389, 393, 402, 412, 419, 421, 422, 432, 433, 434, 437, 439, 455, 469, 472, 475, 476, 480, 481, 482, 501, 504, 510, 514, 517, 529, 530, 531, 535, 543, 544, 555, 556, 565, 581, 582, 584, 589, 591, 596, 600, 605, 610, 618, 620, 623, 624, 625, 626, 629, 630, 631, 633, 636, 637, 641, 643, 645, 650, 657, 662, 664, 667, 675, 677, 679, 680, 691, 695, 700, 701, 706, 708, 709, 714, 715, 718, 721, 723, 724, 728, 731, 739, 740, 747, 749, 750, 751, 753, 758, 759, 763, 764, 765, 766, 768, 769, 770]"
hcci_500,Q980_0h_WC,roi_500,Helios G4 PFIB CXe_InLens_20000.0kV_1000.0x,254,3,0,0,770,1,"[1, 2, 3, 4, 5, 6, 7, 8, 9, 10, 11, 12, 14, 15, 16, 17, 20, 21, 22, 23, 25, 26, 27, 28, 31, 35, 36, 37, 38, 39, 40, 41, 42, 43, 44, 46, 51, 52, 53, 54, 56, 57, 59, 60, 61, 65, 68, 70, 72, 73, 74, 75, 76, 77, 80, 86, 87, 89, 90, 93, 94, 96, 102, 106, 107, 115, 118, 120, 123, 125, 127, 128, 131, 132, 134, 136, 138, 141, 142, 143, 145, 146, 148, 150, 155, 156, 157, 158, 161, 162, 163, 164, 165, 167, 168, 173, 177, 178, 179, 184, 188, 190, 193, 194, 195, 198, 199, 203, 204, 208, 210, 211, 213, 215, 218, 219, 230, 232, 239, 245, 251, 255, 256, 257, 260, 263, 264, 266, 267, 269, 272, 273, 276, 281, 283, 284, 285, 287, 288, 289, 292, 295, 298, 299, 303, 304, 307, 311, 313, 316, 319, 320, 323, 324, 328, 329, 332, 336, 338, 346, 347, 348, 353, 354, 359, 363, 364, 367, 370, 373, 374, 376, 379, 385, 390, 391, 393, 404, 408, 413, 416, 422, 423, 425, 433, 441, 447, 453, 462, 470, 475, 477, 478, 480, 481, 484, 485, 487, 488, 492, 493, 499, 512, 521, 524, 529, 533, 536, 540, 544, 546, 548, 557, 558, 571, 574, 579, 580, 582, 588, 592, 600, 602, 609, 613, 621, 623, 631, 638, 639, 644, 646, 663, 678, 688, 696, 697, 700, 702, 717, 719, 730, 736, 746, 753, 756, 758, 760, 765, 766, 767, 768, 769, 770]"
hcci_501,Q980_0h_WC,roi_501,Helios G4 PFIB CXe_SE_20000.0kV_5000.0x,254,3,0,0,770,1,"[1, 2, 3, 4, 5, 6, 7, 8, 9, 10, 11, 12, 13, 14, 15, 16, 17, 18, 19, 20, 21, 22, 23, 24, 25, 26, 27, 28, 29, 30, 31, 32, 33, 34, 35, 36, 37, 38, 39, 40, 42, 43, 44, 45, 46, 47, 48, 49, 50, 51, 52, 53, 54, 55, 56, 57, 58, 59, 60, 61, 62, 63, 64, 66, 67, 68, 72, 73, 74, 78, 79, 81, 86, 90, 93, 96, 103, 106, 107, 110, 114, 115, 127, 130, 139, 142, 148, 152, 153, 155, 170, 179, 181, 182, 184, 187, 191, 196, 201, 206, 213, 242, 252, 255, 257, 258, 277, 279, 281, 298, 305, 306, 308, 311, 313, 324, 330, 331, 337, 339, 346, 351, 356, 360, 364, 368, 376, 379, 380, 388, 391, 392, 394, 404, 407, 409, 412, 417, 424, 426, 439, 446, 448, 452, 458, 462, 463, 464, 468, 470, 474, 482, 488, 491, 493, 496, 500, 501, 506, 508, 511, 512, 516, 524, 528, 530, 534, 541, 547, 550, 552, 554, 555, 557, 558, 562, 568, 574, 580, 583, 594, 599, 602, 603, 605, 607, 609, 610, 616, 620, 621, 622, 623, 624, 626, 627, 634, 643, 645, 648, 652, 655, 669, 672, 674, 676, 683, 685, 687, 689, 692, 695, 697, 698, 699, 701, 702, 703, 705, 706, 711, 712, 715, 716, 719, 720, 721, 723, 732, 734, 737, 738, 739, 742, 743, 744, 745, 747, 751, 752, 753, 754, 755, 756, 759, 760, 763, 764, 765, 766, 767, 768, 769, 770]"
hcci_502,Q980_0h_WC,roi_502,Helios G4 PFIB CXe_SE_20000.0kV_5000.0x,254,3,0,0,770,1,"[1, 2, 3, 4, 5, 6, 7, 8, 9, 10, 11, 12, 13, 14, 15, 16, 17, 18, 19, 20, 21, 22, 23, 24, 25, 26, 27, 28, 29, 30, 31, 32, 33, 34, 35, 37, 38, 39, 40, 41, 42, 43, 44, 45, 47, 48, 49, 50, 51, 52, 53, 55, 56, 57, 58, 60, 64, 66, 68, 69, 73, 76, 78, 79, 80, 83, 86, 87, 91, 94, 96, 98, 99, 103, 106, 110, 111, 114, 115, 123, 125, 126, 129, 137, 139, 140, 144, 145, 147, 148, 152, 157, 168, 173, 175, 176, 180, 184, 188, 198, 207, 209, 215, 216, 217, 218, 232, 234, 235, 240, 243, 245, 248, 255, 258, 264, 266, 272, 276, 279, 281, 285, 288, 294, 305, 307, 310, 313, 316, 319, 322, 324, 326, 334, 338, 346, 364, 381, 388, 392, 395, 396, 402, 408, 409, 413, 417, 424, 428, 440, 441, 446, 448, 451, 452, 455, 461, 467, 473, 481, 482, 484, 485, 486, 489, 493, 494, 497, 499, 502, 512, 517, 524, 525, 526, 527, 530, 537, 541, 542, 543, 544, 556, 561, 564, 566, 570, 572, 573, 575, 577, 579, 582, 583, 588, 590, 599, 605, 607, 609, 619, 625, 626, 628, 631, 638, 643, 650, 652, 656, 659, 660, 664, 666, 667, 668, 670, 672, 673, 677, 682, 690, 692, 700, 705, 707, 708, 710, 719, 720, 721, 723, 725, 727, 728, 733, 735, 736, 742, 746, 750, 751, 755, 756, 757, 758, 760, 763, 764, 766, 767, 768, 769, 770]"
hcci_503,Q980_0h_WC,roi_503,Helios G4 PFIB CXe_BSE_20000.0kV_5000.0x,255,2,0,0,771,1,"[1, 2, 3, 4, 5, 6, 7, 8, 9, 10, 11, 12, 13, 14, 15, 16, 17, 18, 19, 20, 21, 22, 23, 24, 25, 26, 27, 28, 29, 30, 31, 32, 33, 34, 35, 36, 37, 38, 40, 44, 46, 47, 48, 49, 53, 54, 55, 56, 59, 60, 61, 62, 64, 65, 68, 71, 72, 76, 80, 81, 82, 86, 89, 90, 93, 96, 99, 102, 103, 108, 109, 113, 114, 115, 117, 118, 119, 125, 126, 130, 131, 133, 136, 137, 142, 144, 147, 149, 153, 154, 161, 170, 173, 176, 182, 186, 190, 193, 194, 198, 201, 208, 219, 230, 233, 244, 247, 252, 253, 260, 264, 265, 266, 267, 268, 269, 277, 282, 289, 296, 302, 305, 306, 307, 310, 311, 314, 318, 323, 332, 333, 336, 352, 365, 373, 379, 383, 385, 389, 390, 402, 410, 416, 420, 427, 431, 434, 435, 440, 445, 448, 453, 455, 457, 459, 462, 463, 477, 483, 484, 485, 493, 495, 500, 502, 505, 508, 518, 520, 521, 523, 527, 528, 529, 530, 533, 546, 548, 553, 554, 557, 563, 564, 565, 567, 571, 572, 574, 577, 580, 585, 588, 590, 592, 599, 605, 611, 613, 614, 615, 619, 626, 630, 635, 640, 641, 646, 650, 651, 657, 658, 660, 662, 667, 669, 672, 674, 675, 676, 677, 680, 687, 690, 704, 707, 709, 710, 718, 719, 720, 722, 724, 727, 729, 732, 733, 735, 738, 740, 743, 744, 745, 750, 751, 752, 753, 756, 757, 761, 763, 765, 766, 767, 769, 770]"
hcci_504,Q980_0h_WC,roi_504,Helios G4 PFIB CXe_BSE_20000.0kV_5000.0x,255,2,0,0,771,1,"[1, 2, 3, 4, 5, 6, 7, 8, 9, 10, 11, 12, 13, 14, 15, 16, 17, 18, 19, 20, 21, 22, 23, 24, 25, 26, 27, 28, 29, 30, 31, 32, 33, 34, 35, 36, 37, 38, 40, 41, 42, 43, 44, 45, 46, 47, 49, 50, 51, 55, 58, 63, 64, 65, 67, 68, 69, 70, 72, 73, 75, 79, 81, 83, 84, 96, 99, 105, 106, 107, 111, 112, 113, 124, 126, 127, 128, 129, 134, 136, 144, 145, 147, 158, 159, 160, 163, 164, 165, 169, 171, 177, 184, 185, 186, 188, 189, 209, 210, 211, 213, 217, 220, 227, 231, 236, 241, 244, 247, 254, 258, 261, 262, 269, 270, 271, 273, 276, 279, 285, 289, 294, 297, 304, 305, 315, 317, 321, 323, 329, 332, 334, 342, 347, 358, 359, 363, 368, 369, 374, 381, 383, 386, 388, 390, 394, 395, 403, 410, 411, 412, 413, 414, 418, 432, 441, 451, 452, 453, 456, 467, 471, 475, 481, 492, 493, 495, 499, 502, 513, 524, 525, 528, 541, 544, 545, 548, 557, 558, 559, 561, 562, 563, 564, 570, 574, 587, 590, 594, 599, 600, 601, 604, 605, 607, 613, 615, 616, 618, 620, 623, 628, 629, 631, 632, 635, 636, 637, 641, 646, 650, 652, 659, 664, 665, 666, 667, 669, 672, 673, 679, 684, 690, 691, 694, 698, 699, 707, 711, 715, 719, 721, 722, 723, 726, 728, 729, 730, 731, 734, 736, 740, 745, 747, 754, 755, 757, 758, 761, 762, 763, 765, 766, 769, 771]"
hcci_505,Q980_0h_WC,roi_505,Helios G4 PFIB CXe_InLens_20000.0kV_5000.0x,254,3,0,0,770,1,"[1, 2, 3, 4, 5, 6, 7, 8, 9, 10, 11, 12, 13, 14, 15, 16, 17, 18, 19, 20, 21, 22, 23, 24, 25, 26, 27, 28, 29, 30, 31, 32, 33, 34, 35, 36, 37, 38, 39, 40, 41, 42, 43, 44, 46, 47, 48, 49, 50, 51, 52, 53, 55, 56, 57, 58, 60, 61, 62, 65, 67, 68, 69, 70, 71, 73, 74, 77, 78, 79, 80, 82, 83, 84, 89, 91, 92, 97, 100, 103, 105, 108, 112, 116, 117, 118, 119, 120, 123, 128, 136, 137, 138, 139, 144, 145, 147, 151, 154, 155, 157, 162, 192, 204, 208, 209, 212, 218, 219, 224, 225, 236, 254, 271, 278, 279, 282, 293, 294, 295, 299, 301, 319, 326, 327, 329, 330, 331, 336, 344, 347, 357, 363, 366, 367, 369, 371, 374, 376, 379, 392, 393, 398, 399, 409, 416, 419, 422, 431, 435, 439, 444, 447, 448, 452, 457, 459, 463, 464, 471, 478, 481, 483, 484, 485, 486, 488, 489, 492, 497, 499, 506, 508, 510, 517, 524, 532, 534, 539, 541, 544, 547, 549, 553, 556, 557, 559, 565, 575, 577, 578, 583, 587, 588, 590, 596, 598, 599, 600, 602, 613, 616, 620, 622, 625, 627, 629, 632, 634, 635, 636, 645, 647, 653, 655, 661, 662, 667, 668, 670, 671, 672, 681, 683, 690, 692, 693, 697, 712, 717, 718, 720, 721, 723, 729, 733, 740, 741, 743, 748, 752, 753, 754, 755, 756, 757, 759, 761, 763, 766, 767, 768, 769, 770]"
hcci_506,Q980_0h_WC,roi_506,Helios G4 PFIB CXe_InLens_20000.0kV_5000.0x,254,3,0,0,770,1,"[1, 2, 3, 4, 5, 6, 7, 8, 9, 10, 11, 12, 13, 14, 15, 16, 17, 18, 21, 22, 23, 24, 27, 28, 30, 32, 33, 36, 37, 38, 39, 40, 41, 42, 43, 44, 48, 49, 50, 52, 53, 55, 56, 58, 59, 60, 61, 62, 64, 65, 67, 68, 70, 71, 72, 76, 77, 78, 79, 80, 82, 83, 85, 86, 87, 88, 91, 93, 96, 97, 101, 104, 105, 107, 108, 110, 112, 114, 115, 116, 117, 120, 122, 123, 125, 126, 128, 129, 130, 132, 134, 136, 137, 140, 141, 142, 145, 146, 149, 150, 155, 156, 163, 165, 169, 171, 173, 174, 179, 181, 184, 186, 187, 199, 201, 204, 210, 211, 212, 213, 214, 220, 222, 223, 224, 229, 235, 238, 240, 242, 243, 246, 248, 250, 256, 258, 262, 269, 276, 287, 294, 295, 297, 302, 316, 318, 325, 327, 331, 333, 336, 340, 341, 344, 348, 349, 352, 353, 356, 362, 369, 371, 372, 374, 381, 382, 383, 395, 400, 402, 411, 412, 413, 414, 416, 420, 421, 424, 428, 429, 430, 448, 449, 452, 453, 458, 461, 464, 465, 470, 472, 475, 476, 478, 491, 492, 495, 496, 511, 515, 520, 522, 523, 525, 526, 530, 537, 541, 550, 554, 561, 562, 566, 569, 570, 575, 582, 585, 586, 588, 591, 597, 598, 599, 600, 609, 616, 622, 625, 627, 640, 643, 652, 653, 654, 659, 660, 662, 663, 666, 673, 674, 704, 708, 710, 723, 724, 733, 746, 749, 752, 753, 761, 762]"
hcci_507,Q980_9h_AC,roi_507,Helios G4 PFIB CXe_SE_5000.0kV_1000.0x,252,3,0,0,770,1,"[1, 2, 3, 4, 5, 6, 7, 8, 9, 10, 11, 12, 13, 14, 15, 16, 20, 21, 22, 23, 24, 25, 27, 28, 29, 30, 34, 35, 36, 38, 41, 42, 43, 44, 46, 49, 50, 51, 53, 54, 55, 56, 57, 58, 61, 66, 67, 68, 71, 75, 76, 77, 78, 79, 80, 81, 82, 83, 84, 87, 89, 90, 91, 92, 94, 95, 98, 99, 100, 101, 102, 103, 104, 105, 107, 108, 109, 110, 111, 112, 113, 116, 117, 118, 119, 123, 124, 126, 127, 129, 131, 132, 135, 136, 138, 139, 140, 146, 147, 148, 150, 151, 156, 157, 159, 160, 161, 163, 165, 166, 168, 169, 170, 171, 172, 174, 175, 177, 178, 179, 180, 185, 186, 188, 190, 191, 192, 193, 195, 197, 198, 199, 200, 202, 204, 206, 207, 208, 209, 210, 211, 213, 214, 215, 216, 217, 218, 221, 222, 224, 229, 230, 232, 233, 240, 241, 243, 246, 249, 250, 251, 253, 254, 255, 256, 257, 258, 261, 263, 268, 269, 277, 278, 280, 282, 284, 286, 288, 291, 293, 297, 298, 299, 303, 305, 306, 311, 314, 317, 319, 320, 329, 333, 341, 342, 343, 346, 347, 349, 352, 353, 355, 363, 364, 366, 377, 384, 391, 392, 397, 398, 400, 405, 407, 408, 409, 426, 442, 445, 446, 452, 459, 462, 466, 469, 470, 471, 483, 486, 498, 509, 525, 533, 536, 543, 549, 551, 556, 558, 562, 573, 614, 628, 651, 653, 668, 672, 712, 716, 742, 747, 760]"
hcci_508,Q980_9h_AC,roi_508,Helios G4 PFIB CXe_SE_5000.0kV_1000.0x,252,3,0,0,770,1,"[1, 2, 3, 4, 5, 6, 7, 8, 9, 10, 11, 12, 13, 14, 16, 18, 19, 21, 22, 23, 24, 26, 27, 28, 29, 31, 32, 33, 36, 37, 38, 40, 41, 42, 43, 46, 49, 53, 57, 60, 61, 62, 66, 71, 72, 75, 77, 79, 80, 82, 85, 87, 88, 89, 92, 93, 94, 95, 97, 98, 99, 101, 103, 104, 105, 106, 107, 108, 109, 111, 113, 114, 115, 116, 117, 118, 119, 121, 122, 123, 124, 125, 126, 128, 129, 130, 131, 136, 137, 138, 139, 140, 141, 142, 143, 144, 145, 146, 147, 148, 149, 150, 151, 152, 153, 154, 157, 159, 161, 162, 164, 165, 167, 169, 170, 171, 172, 173, 174, 175, 177, 181, 182, 183, 184, 185, 189, 190, 192, 194, 197, 198, 199, 205, 207, 210, 211, 212, 213, 215, 216, 219, 220, 221, 224, 225, 226, 227, 228, 231, 232, 234, 235, 236, 238, 239, 240, 242, 243, 244, 247, 250, 251, 256, 259, 261, 262, 267, 270, 271, 272, 274, 277, 278, 282, 288, 290, 295, 296, 298, 299, 300, 302, 304, 312, 315, 325, 328, 335, 348, 350, 352, 353, 358, 359, 375, 380, 387, 389, 404, 409, 420, 423, 425, 426, 431, 432, 433, 453, 460, 464, 466, 472, 488, 490, 498, 501, 502, 518, 521, 526, 549, 551, 558, 573, 578, 582, 588, 594, 602, 619, 633, 637, 645, 652, 660, 664, 669, 673, 674, 693, 694, 696, 700, 703, 706, 711, 725, 727, 743, 756, 765]"
hcci_509,Q980_9h_AC,roi_509,Helios G4 PFIB CXe_BSE_5000.0kV_1000.0x,252,3,0,0,770,1,"[1, 2, 3, 4, 5, 6, 7, 8, 9, 10, 11, 12, 13, 14, 15, 16, 17, 18, 19, 20, 21, 22, 23, 24, 25, 26, 28, 30, 31, 32, 33, 34, 35, 36, 37, 40, 44, 45, 46, 47, 48, 50, 51, 53, 54, 55, 56, 58, 59, 60, 61, 63, 64, 65, 66, 67, 68, 72, 74, 75, 77, 78, 79, 80, 81, 82, 83, 86, 88, 89, 91, 93, 94, 95, 96, 99, 100, 101, 102, 103, 105, 106, 108, 110, 112, 117, 118, 119, 120, 123, 124, 125, 126, 127, 132, 137, 138, 140, 143, 146, 150, 153, 157, 159, 162, 163, 165, 169, 175, 179, 181, 184, 186, 187, 188, 189, 190, 194, 195, 201, 203, 205, 206, 210, 211, 213, 215, 216, 219, 220, 221, 224, 225, 228, 231, 233, 237, 240, 244, 248, 255, 258, 260, 264, 265, 267, 272, 277, 278, 288, 295, 296, 304, 305, 306, 310, 311, 312, 313, 317, 323, 325, 327, 328, 331, 334, 335, 340, 351, 360, 364, 365, 370, 371, 374, 385, 388, 389, 392, 393, 394, 395, 397, 401, 406, 407, 414, 433, 440, 443, 445, 449, 463, 472, 479, 480, 484, 497, 501, 506, 510, 511, 513, 515, 516, 518, 527, 542, 550, 557, 559, 562, 565, 568, 569, 570, 575, 577, 587, 591, 601, 605, 606, 607, 616, 621, 622, 627, 636, 640, 646, 653, 658, 663, 668, 669, 673, 675, 677, 692, 694, 696, 697, 700, 707, 708, 710, 712, 715, 722, 731, 744]"
hcci_51,Q980_0h_WC,roi_51,Helios G4 PFIB CXe_BSE_10000.0kV_1000.0x,254,3,0,0,770,1,"[1, 2, 3, 4, 5, 6, 7, 8, 9, 10, 11, 12, 13, 14, 15, 16, 17, 18, 19, 21, 22, 24, 25, 26, 27, 28, 29, 30, 32, 34, 36, 37, 39, 42, 47, 48, 52, 63, 65, 69, 73, 75, 76, 77, 78, 80, 85, 86, 88, 89, 91, 92, 95, 97, 98, 100, 101, 103, 105, 107, 112, 114, 115, 122, 123, 124, 125, 127, 129, 130, 132, 138, 140, 143, 144, 146, 148, 151, 152, 153, 158, 163, 166, 169, 172, 176, 190, 192, 195, 200, 201, 207, 208, 211, 216, 219, 223, 224, 226, 227, 234, 235, 247, 249, 251, 252, 253, 257, 258, 259, 260, 261, 271, 272, 273, 277, 289, 296, 301, 308, 309, 312, 313, 319, 320, 329, 331, 332, 340, 341, 342, 352, 353, 358, 359, 362, 364, 368, 371, 372, 376, 380, 383, 384, 386, 390, 395, 397, 399, 405, 407, 408, 413, 415, 417, 419, 421, 425, 430, 434, 435, 452, 454, 457, 459, 466, 468, 472, 473, 476, 478, 483, 484, 488, 490, 494, 495, 498, 502, 506, 507, 517, 524, 527, 537, 540, 543, 544, 545, 557, 559, 565, 569, 570, 571, 580, 584, 596, 598, 601, 603, 608, 611, 616, 617, 626, 627, 630, 631, 648, 653, 656, 658, 659, 664, 668, 671, 672, 677, 679, 680, 682, 684, 687, 692, 694, 698, 701, 708, 709, 711, 712, 715, 717, 720, 723, 738, 740, 744, 745, 746, 748, 749, 750, 751, 754, 755, 761, 765, 766, 767, 768, 769, 770]"
hcci_510,Q980_9h_AC,roi_510,Helios G4 PFIB CXe_BSE_5000.0kV_1000.0x,252,3,0,0,770,1,"[1, 2, 3, 4, 5, 6, 7, 8, 9, 10, 11, 12, 13, 14, 15, 16, 17, 18, 19, 20, 21, 22, 23, 24, 25, 26, 27, 28, 30, 32, 33, 34, 35, 36, 38, 39, 40, 41, 42, 43, 44, 45, 46, 47, 50, 51, 52, 53, 54, 57, 58, 59, 60, 61, 62, 64, 69, 71, 72, 73, 76, 78, 79, 80, 81, 82, 83, 85, 86, 87, 88, 90, 93, 97, 99, 101, 104, 106, 107, 108, 109, 110, 113, 114, 115, 119, 120, 122, 124, 125, 126, 133, 142, 144, 146, 147, 148, 151, 153, 155, 159, 160, 161, 162, 165, 166, 172, 175, 178, 181, 188, 189, 191, 192, 193, 196, 197, 200, 202, 203, 207, 208, 212, 217, 220, 221, 222, 226, 228, 229, 230, 236, 239, 240, 241, 246, 249, 255, 263, 265, 266, 269, 272, 273, 274, 275, 277, 278, 284, 287, 288, 295, 301, 303, 306, 308, 314, 316, 320, 321, 333, 335, 343, 352, 359, 364, 370, 380, 383, 394, 395, 404, 405, 409, 410, 420, 426, 431, 433, 440, 447, 451, 457, 460, 486, 489, 493, 495, 497, 499, 508, 510, 513, 519, 524, 526, 529, 534, 537, 538, 543, 544, 545, 550, 560, 563, 566, 568, 571, 576, 577, 578, 580, 586, 587, 589, 592, 593, 595, 596, 598, 603, 608, 614, 616, 622, 629, 639, 643, 656, 661, 668, 674, 679, 680, 684, 685, 687, 689, 690, 696, 702, 703, 704, 715, 721, 724, 727, 729, 736, 751, 754]"
hcci_511,Q980_9h_AC,roi_511,Helios G4 PFIB CXe_InLens_5000.0kV_1000.0x,252,3,0,0,770,1,"[1, 2, 3, 4, 5, 6, 7, 8, 9, 10, 11, 12, 13, 14, 15, 16, 17, 18, 19, 20, 21, 22, 23, 25, 27, 28, 29, 30, 32, 33, 34, 37, 39, 41, 43, 44, 47, 48, 49, 52, 55, 56, 57, 59, 65, 66, 71, 72, 73, 76, 80, 82, 84, 87, 91, 92, 93, 96, 97, 100, 101, 103, 105, 107, 108, 110, 111, 112, 113, 115, 116, 117, 118, 120, 122, 123, 124, 126, 127, 130, 132, 136, 138, 139, 143, 144, 146, 148, 150, 151, 156, 162, 163, 167, 176, 181, 186, 187, 188, 189, 192, 195, 198, 200, 201, 202, 207, 211, 212, 214, 216, 218, 220, 228, 230, 231, 241, 244, 258, 259, 263, 266, 270, 271, 273, 281, 284, 286, 290, 292, 293, 300, 301, 302, 309, 314, 317, 320, 322, 326, 327, 334, 339, 354, 374, 378, 387, 389, 391, 394, 405, 413, 417, 418, 424, 431, 433, 436, 438, 441, 442, 450, 452, 453, 460, 462, 463, 468, 470, 478, 481, 484, 490, 503, 505, 506, 507, 508, 509, 522, 530, 534, 539, 541, 542, 544, 548, 551, 564, 574, 585, 587, 588, 592, 593, 594, 601, 606, 609, 610, 617, 618, 621, 623, 627, 630, 631, 632, 644, 647, 649, 651, 652, 654, 655, 656, 658, 660, 674, 677, 678, 686, 687, 688, 692, 693, 694, 695, 696, 700, 702, 708, 712, 713, 714, 718, 719, 725, 729, 733, 739, 740, 742, 745, 749, 753, 754, 756, 760, 761, 762, 766]"
hcci_512,Q980_9h_AC,roi_512,Helios G4 PFIB CXe_InLens_5000.0kV_1000.0x,252,3,0,0,770,1,"[1, 2, 3, 4, 5, 7, 9, 10, 12, 13, 14, 15, 16, 17, 18, 19, 20, 21, 23, 24, 25, 27, 29, 30, 31, 32, 33, 34, 35, 36, 39, 42, 44, 45, 46, 47, 48, 49, 51, 52, 53, 54, 55, 58, 59, 60, 62, 64, 65, 66, 69, 70, 71, 72, 73, 74, 75, 76, 77, 78, 81, 82, 83, 85, 89, 90, 93, 95, 96, 97, 98, 100, 102, 104, 109, 111, 112, 114, 116, 117, 118, 119, 121, 122, 124, 126, 131, 135, 136, 138, 140, 141, 143, 146, 150, 152, 155, 157, 160, 163, 165, 169, 170, 171, 172, 174, 181, 182, 186, 191, 192, 195, 198, 200, 201, 202, 203, 204, 209, 210, 212, 214, 215, 219, 225, 226, 232, 244, 250, 252, 255, 256, 257, 259, 260, 261, 262, 266, 271, 273, 274, 278, 289, 294, 298, 299, 302, 303, 304, 306, 313, 317, 320, 330, 341, 350, 352, 353, 356, 358, 361, 363, 365, 369, 373, 382, 384, 393, 397, 398, 400, 404, 414, 426, 429, 433, 437, 445, 457, 464, 465, 469, 478, 479, 481, 487, 488, 491, 493, 500, 503, 510, 515, 527, 530, 533, 534, 537, 538, 552, 555, 556, 561, 566, 575, 591, 595, 597, 617, 618, 628, 631, 632, 634, 644, 648, 652, 653, 657, 658, 660, 687, 689, 692, 693, 694, 696, 697, 703, 704, 709, 717, 719, 722, 723, 728, 731, 733, 735, 737, 738, 742, 744, 748, 749, 750, 751, 752, 754, 757, 763, 769]"
hcci_513,Q980_9h_AC,roi_513,Helios G4 PFIB CXe_SE_5000.0kV_5000.0x,252,3,0,0,770,1,"[1, 2, 3, 4, 5, 6, 7, 8, 9, 10, 11, 12, 13, 14, 15, 16, 17, 18, 19, 20, 21, 22, 23, 24, 25, 26, 27, 28, 29, 30, 31, 32, 33, 34, 35, 37, 38, 39, 40, 41, 42, 43, 44, 45, 46, 47, 48, 49, 50, 51, 52, 54, 55, 56, 57, 58, 59, 60, 61, 62, 63, 65, 67, 68, 70, 71, 73, 74, 76, 79, 83, 85, 87, 88, 90, 91, 92, 94, 97, 100, 101, 102, 104, 106, 107, 111, 112, 117, 119, 122, 125, 135, 136, 137, 138, 139, 142, 143, 150, 156, 164, 175, 179, 183, 191, 201, 204, 210, 211, 212, 217, 224, 240, 242, 246, 249, 251, 253, 254, 265, 267, 268, 270, 280, 286, 295, 296, 297, 299, 303, 304, 307, 308, 309, 314, 318, 324, 328, 330, 332, 333, 336, 337, 338, 339, 342, 344, 349, 353, 355, 361, 364, 368, 372, 373, 374, 375, 379, 381, 388, 392, 399, 402, 407, 408, 412, 418, 425, 436, 442, 444, 445, 447, 451, 452, 453, 459, 464, 467, 468, 469, 474, 478, 479, 480, 484, 485, 501, 502, 504, 505, 508, 510, 515, 518, 522, 524, 525, 528, 530, 531, 533, 536, 541, 548, 549, 555, 566, 571, 578, 580, 582, 587, 592, 602, 611, 612, 614, 617, 625, 627, 631, 633, 635, 636, 637, 639, 645, 647, 665, 673, 678, 684, 690, 694, 695, 700, 703, 704, 707, 711, 722, 735, 740, 744, 745, 752, 754, 756, 757, 764, 766]"
hcci_514,Q980_9h_AC,roi_514,Helios G4 PFIB CXe_SE_5000.0kV_5000.0x,252,3,0,0,770,1,"[1, 2, 3, 4, 5, 6, 7, 8, 9, 10, 11, 12, 13, 14, 15, 16, 17, 18, 19, 20, 21, 22, 23, 24, 25, 26, 27, 28, 29, 30, 31, 33, 34, 35, 36, 38, 39, 40, 41, 42, 43, 44, 45, 46, 49, 50, 51, 52, 53, 54, 55, 56, 57, 59, 60, 61, 63, 66, 69, 70, 74, 76, 79, 80, 81, 91, 96, 98, 102, 103, 107, 111, 112, 113, 114, 124, 132, 134, 141, 144, 145, 147, 153, 160, 162, 163, 164, 170, 175, 177, 178, 180, 183, 186, 189, 196, 200, 207, 214, 216, 224, 225, 231, 242, 243, 246, 248, 256, 257, 265, 269, 275, 277, 278, 282, 285, 286, 290, 292, 293, 294, 295, 297, 299, 313, 317, 319, 320, 321, 322, 323, 324, 330, 334, 335, 338, 349, 352, 353, 354, 355, 358, 360, 361, 363, 367, 370, 371, 372, 374, 377, 378, 380, 385, 386, 387, 388, 394, 400, 402, 403, 404, 406, 409, 411, 412, 415, 418, 422, 424, 427, 428, 432, 434, 435, 440, 443, 446, 448, 449, 452, 454, 455, 458, 460, 464, 465, 467, 468, 469, 471, 479, 480, 492, 500, 505, 506, 507, 509, 510, 512, 521, 528, 531, 533, 539, 541, 548, 556, 559, 560, 563, 568, 576, 596, 598, 602, 608, 613, 619, 621, 623, 624, 628, 631, 632, 634, 635, 642, 644, 649, 650, 663, 664, 672, 674, 680, 688, 695, 701, 702, 706, 707, 718, 722, 726, 742, 746, 747, 752, 754, 756]"
hcci_515,Q980_9h_AC,roi_515,Helios G4 PFIB CXe_BSE_5000.0kV_5000.0x,252,3,0,0,770,1,"[1, 2, 3, 4, 5, 6, 7, 8, 9, 10, 11, 12, 13, 14, 15, 16, 17, 18, 19, 20, 21, 22, 23, 24, 25, 26, 27, 28, 29, 30, 31, 32, 33, 34, 35, 36, 37, 38, 39, 40, 41, 42, 43, 44, 45, 46, 47, 48, 49, 51, 52, 53, 54, 55, 58, 59, 60, 61, 65, 67, 68, 70, 73, 74, 77, 78, 79, 81, 83, 84, 85, 91, 97, 98, 99, 101, 102, 106, 112, 113, 117, 118, 122, 124, 125, 132, 133, 134, 136, 137, 138, 139, 143, 155, 159, 162, 163, 167, 170, 171, 173, 174, 179, 180, 185, 187, 190, 191, 197, 199, 201, 204, 206, 207, 210, 211, 215, 216, 225, 233, 235, 237, 244, 247, 249, 250, 254, 255, 259, 265, 266, 268, 269, 272, 279, 285, 286, 287, 290, 293, 294, 296, 297, 300, 301, 308, 312, 313, 316, 317, 321, 322, 323, 326, 327, 333, 335, 336, 338, 342, 345, 355, 363, 368, 369, 372, 375, 379, 387, 390, 391, 394, 396, 397, 403, 405, 407, 410, 411, 417, 423, 428, 430, 432, 438, 440, 442, 443, 448, 451, 452, 453, 455, 456, 458, 459, 469, 471, 474, 477, 479, 484, 491, 493, 496, 501, 506, 509, 510, 515, 526, 538, 548, 554, 555, 556, 557, 560, 563, 579, 582, 587, 588, 589, 591, 597, 600, 610, 615, 625, 627, 630, 632, 635, 642, 644, 649, 654, 662, 667, 695, 711, 727, 733, 735, 744, 750, 751, 753, 757, 758, 767]"
hcci_516,Q980_9h_AC,roi_516,Helios G4 PFIB CXe_BSE_5000.0kV_5000.0x,252,3,0,0,770,1,"[1, 2, 3, 4, 5, 6, 7, 8, 9, 10, 11, 12, 13, 14, 15, 16, 17, 18, 19, 20, 21, 22, 23, 24, 25, 26, 27, 28, 29, 30, 31, 32, 34, 37, 39, 41, 42, 43, 45, 46, 48, 49, 51, 52, 53, 54, 55, 56, 57, 58, 59, 60, 62, 64, 65, 66, 67, 69, 71, 72, 73, 75, 76, 78, 82, 83, 85, 86, 88, 90, 91, 92, 93, 95, 96, 99, 102, 103, 104, 105, 106, 109, 110, 114, 117, 118, 119, 120, 122, 123, 125, 126, 132, 133, 135, 136, 137, 139, 141, 142, 146, 150, 152, 155, 159, 163, 167, 170, 175, 176, 177, 179, 180, 181, 183, 186, 187, 195, 197, 198, 205, 208, 217, 221, 223, 224, 225, 227, 231, 233, 237, 238, 239, 244, 247, 248, 249, 255, 256, 257, 260, 261, 264, 269, 277, 280, 281, 286, 288, 290, 295, 297, 300, 305, 306, 307, 308, 311, 321, 323, 327, 332, 335, 336, 337, 340, 341, 342, 344, 345, 350, 352, 353, 354, 365, 367, 368, 369, 374, 378, 379, 380, 382, 383, 386, 388, 389, 390, 394, 396, 398, 399, 400, 403, 406, 410, 413, 414, 418, 421, 422, 423, 427, 432, 435, 437, 439, 440, 442, 446, 454, 456, 468, 476, 478, 483, 501, 502, 503, 505, 507, 515, 516, 519, 525, 528, 531, 534, 545, 546, 556, 559, 565, 572, 579, 609, 612, 618, 634, 636, 654, 655, 657, 687, 688, 698, 700, 713, 722, 727, 747, 759]"
hcci_517,Q980_9h_AC,roi_517,Helios G4 PFIB CXe_InLens_5000.0kV_5000.0x,252,3,0,0,770,1,"[1, 2, 3, 4, 5, 6, 7, 8, 9, 10, 11, 12, 13, 14, 15, 16, 19, 20, 22, 23, 24, 25, 26, 28, 35, 36, 37, 38, 39, 41, 42, 43, 44, 45, 46, 48, 49, 52, 53, 54, 55, 57, 59, 61, 62, 66, 67, 68, 69, 70, 73, 75, 77, 78, 83, 86, 87, 89, 90, 92, 93, 94, 97, 101, 102, 103, 104, 106, 107, 110, 112, 113, 116, 121, 123, 127, 128, 130, 135, 140, 141, 156, 159, 176, 177, 178, 180, 189, 194, 196, 205, 217, 218, 219, 220, 227, 228, 231, 233, 237, 238, 242, 243, 249, 251, 254, 255, 256, 258, 259, 263, 264, 265, 266, 267, 271, 275, 277, 281, 284, 285, 286, 294, 296, 300, 301, 305, 306, 307, 311, 317, 318, 319, 321, 323, 326, 331, 333, 334, 336, 338, 340, 341, 342, 344, 345, 346, 347, 351, 352, 355, 356, 361, 364, 365, 366, 367, 372, 376, 379, 380, 381, 383, 388, 390, 392, 394, 396, 397, 398, 404, 405, 406, 408, 411, 416, 418, 420, 424, 426, 427, 429, 431, 432, 435, 438, 440, 441, 442, 452, 454, 459, 467, 472, 474, 477, 479, 481, 483, 484, 489, 490, 492, 499, 503, 504, 512, 514, 515, 517, 519, 521, 522, 525, 527, 529, 530, 535, 545, 555, 576, 590, 603, 604, 613, 617, 621, 622, 623, 627, 629, 633, 634, 636, 640, 646, 653, 659, 668, 670, 673, 686, 689, 694, 697, 703, 713, 719, 726, 727, 757, 768]"
hcci_518,Q980_9h_AC,roi_518,Helios G4 PFIB CXe_InLens_5000.0kV_5000.0x,252,3,0,0,770,1,"[1, 2, 3, 4, 5, 6, 7, 8, 9, 10, 11, 12, 13, 14, 15, 16, 17, 19, 20, 21, 22, 23, 25, 26, 28, 29, 30, 31, 33, 34, 35, 36, 38, 41, 42, 43, 45, 47, 51, 52, 56, 57, 58, 59, 60, 63, 65, 67, 68, 69, 71, 72, 73, 74, 75, 76, 77, 79, 82, 84, 85, 87, 93, 96, 104, 105, 106, 109, 114, 119, 121, 123, 128, 136, 137, 138, 140, 141, 144, 145, 146, 149, 151, 155, 158, 159, 171, 173, 175, 177, 181, 183, 184, 188, 194, 199, 200, 202, 204, 205, 206, 207, 211, 212, 213, 214, 219, 220, 223, 224, 225, 229, 234, 236, 238, 241, 243, 248, 252, 253, 256, 257, 259, 261, 265, 266, 274, 277, 278, 280, 283, 288, 289, 292, 296, 298, 299, 300, 301, 308, 318, 320, 323, 324, 327, 329, 330, 334, 339, 340, 341, 349, 350, 353, 354, 357, 358, 359, 361, 364, 365, 367, 369, 370, 371, 374, 377, 379, 384, 385, 387, 389, 390, 393, 397, 398, 403, 404, 407, 408, 409, 411, 412, 413, 416, 420, 422, 423, 428, 429, 435, 436, 438, 440, 441, 443, 444, 448, 453, 454, 455, 465, 467, 469, 474, 478, 480, 494, 497, 501, 502, 509, 518, 527, 535, 538, 543, 544, 545, 548, 549, 554, 566, 568, 572, 579, 581, 586, 589, 599, 607, 609, 611, 613, 625, 632, 639, 642, 652, 657, 663, 664, 667, 674, 676, 679, 700, 702, 708, 725, 740, 753]"
hcci_519,Q980_9h_AC,roi_519,Helios G4 PFIB CXe_SE_10000.0kV_1000.0x,252,3,0,0,770,1,"[1, 2, 3, 4, 5, 6, 7, 8, 9, 10, 11, 12, 13, 14, 15, 16, 17, 18, 19, 20, 21, 22, 23, 24, 25, 26, 27, 29, 30, 31, 32, 33, 36, 38, 39, 44, 53, 54, 56, 58, 59, 60, 61, 62, 63, 66, 68, 69, 74, 75, 80, 82, 84, 85, 87, 88, 89, 90, 92, 95, 97, 98, 99, 100, 102, 103, 104, 105, 106, 109, 111, 112, 117, 118, 120, 121, 122, 123, 124, 125, 126, 132, 134, 136, 138, 139, 141, 142, 143, 144, 145, 146, 149, 150, 151, 152, 153, 154, 155, 156, 160, 163, 164, 167, 168, 171, 172, 173, 175, 176, 177, 178, 179, 180, 181, 183, 184, 185, 187, 190, 191, 192, 193, 194, 195, 196, 198, 200, 201, 202, 203, 204, 205, 213, 217, 218, 221, 224, 227, 228, 230, 231, 232, 235, 236, 238, 239, 240, 242, 243, 244, 245, 246, 252, 253, 255, 256, 257, 263, 264, 265, 268, 272, 273, 275, 276, 280, 283, 287, 290, 291, 292, 294, 295, 298, 303, 311, 314, 315, 317, 320, 326, 327, 330, 337, 339, 340, 343, 348, 356, 363, 373, 376, 378, 385, 389, 393, 396, 402, 408, 409, 410, 424, 428, 438, 440, 457, 468, 470, 474, 475, 477, 479, 486, 517, 519, 528, 535, 541, 542, 543, 544, 546, 551, 560, 563, 579, 581, 583, 588, 603, 614, 637, 638, 645, 650, 661, 662, 672, 678, 680, 683, 704, 705, 709, 715, 727, 730, 736, 747, 751, 752]"
hcci_52,Q980_0h_WC,roi_52,Helios G4 PFIB CXe_BSE_10000.0kV_1000.0x,254,3,0,0,770,1,"[1, 2, 3, 4, 5, 6, 7, 8, 9, 10, 11, 12, 13, 14, 15, 16, 17, 18, 19, 20, 21, 22, 23, 24, 25, 26, 27, 28, 29, 30, 31, 32, 34, 36, 37, 38, 39, 44, 49, 51, 54, 57, 59, 65, 66, 67, 70, 72, 75, 76, 77, 78, 79, 81, 83, 84, 86, 91, 93, 100, 102, 103, 106, 107, 108, 109, 114, 116, 118, 120, 123, 124, 127, 130, 132, 136, 139, 143, 145, 146, 148, 151, 152, 155, 156, 157, 159, 165, 167, 170, 173, 174, 175, 176, 178, 180, 182, 186, 189, 204, 205, 208, 209, 212, 215, 218, 219, 222, 228, 232, 234, 235, 236, 238, 239, 241, 256, 261, 263, 264, 274, 276, 277, 285, 287, 290, 299, 305, 311, 315, 316, 318, 320, 326, 327, 328, 330, 333, 334, 340, 341, 356, 366, 369, 371, 377, 383, 390, 394, 398, 399, 400, 402, 408, 410, 425, 428, 429, 433, 436, 443, 451, 452, 454, 458, 466, 472, 483, 487, 489, 492, 496, 508, 510, 511, 519, 522, 526, 530, 533, 534, 544, 547, 552, 555, 561, 568, 570, 574, 577, 579, 588, 593, 598, 601, 605, 609, 610, 612, 636, 637, 640, 645, 648, 649, 653, 654, 656, 658, 660, 664, 665, 666, 670, 671, 674, 678, 683, 686, 693, 695, 697, 698, 704, 708, 709, 710, 714, 716, 725, 726, 732, 735, 738, 739, 740, 745, 746, 747, 749, 750, 751, 753, 756, 757, 762, 763, 764, 765, 766, 767, 768, 769, 770]"
hcci_520,Q980_9h_AC,roi_520,Helios G4 PFIB CXe_SE_10000.0kV_1000.0x,252,3,0,0,770,1,"[1, 2, 3, 4, 5, 6, 7, 8, 9, 10, 11, 12, 13, 14, 15, 16, 18, 19, 20, 21, 22, 23, 24, 25, 26, 28, 29, 30, 31, 33, 34, 36, 38, 39, 40, 44, 45, 46, 47, 48, 51, 52, 53, 55, 56, 57, 58, 59, 63, 64, 68, 74, 77, 78, 79, 84, 86, 87, 88, 92, 93, 94, 95, 96, 97, 99, 102, 105, 106, 107, 108, 109, 112, 114, 115, 116, 117, 119, 120, 121, 122, 123, 124, 126, 127, 128, 129, 132, 133, 134, 135, 136, 137, 139, 141, 142, 143, 144, 146, 147, 148, 151, 152, 153, 154, 156, 157, 158, 159, 161, 162, 164, 167, 169, 170, 171, 172, 173, 175, 178, 179, 183, 184, 185, 187, 189, 191, 192, 193, 194, 196, 198, 201, 202, 206, 207, 209, 212, 213, 214, 215, 216, 217, 220, 223, 224, 225, 228, 229, 235, 236, 239, 241, 243, 245, 247, 248, 250, 251, 256, 257, 258, 259, 260, 261, 264, 265, 267, 268, 269, 275, 276, 280, 281, 283, 284, 285, 295, 298, 303, 304, 305, 312, 316, 319, 322, 332, 335, 338, 341, 343, 344, 347, 354, 356, 386, 419, 441, 455, 460, 463, 464, 465, 476, 478, 481, 482, 489, 507, 518, 529, 532, 536, 543, 545, 554, 556, 563, 577, 580, 583, 586, 590, 591, 612, 620, 624, 647, 649, 667, 669, 677, 681, 683, 692, 695, 698, 700, 702, 706, 708, 710, 711, 718, 732, 742, 747, 748, 749, 756, 758, 767]"
hcci_521,Q980_9h_AC,roi_521,Helios G4 PFIB CXe_BSE_10000.0kV_1000.0x,252,3,0,0,770,1,"[1, 2, 3, 4, 5, 6, 7, 8, 9, 10, 11, 12, 13, 14, 15, 16, 17, 18, 19, 20, 21, 22, 23, 24, 25, 26, 27, 28, 29, 30, 31, 32, 33, 35, 36, 37, 38, 39, 40, 41, 42, 43, 44, 45, 47, 48, 49, 50, 51, 52, 53, 54, 55, 56, 57, 58, 59, 60, 61, 62, 63, 64, 65, 69, 74, 76, 77, 78, 79, 80, 85, 86, 88, 90, 92, 93, 95, 97, 100, 102, 104, 105, 107, 113, 114, 125, 127, 128, 131, 139, 141, 142, 143, 145, 146, 147, 148, 149, 151, 152, 153, 156, 158, 159, 161, 163, 170, 171, 172, 174, 177, 178, 179, 182, 183, 185, 186, 189, 195, 196, 197, 199, 200, 203, 214, 217, 218, 221, 222, 223, 224, 226, 227, 231, 233, 234, 236, 247, 249, 250, 255, 258, 261, 262, 263, 270, 278, 279, 281, 282, 288, 289, 291, 294, 299, 300, 301, 302, 305, 306, 309, 315, 316, 318, 319, 321, 326, 327, 330, 331, 333, 334, 336, 348, 350, 353, 356, 361, 363, 365, 372, 376, 378, 379, 391, 392, 393, 396, 400, 401, 403, 413, 414, 419, 421, 424, 425, 426, 427, 428, 432, 436, 437, 444, 445, 450, 454, 459, 461, 463, 475, 480, 494, 515, 518, 521, 531, 537, 546, 547, 557, 559, 566, 575, 576, 578, 583, 586, 598, 600, 608, 615, 621, 630, 633, 651, 654, 657, 669, 675, 676, 690, 697, 700, 702, 713, 720, 729, 732, 747, 750, 752]"
hcci_522,Q980_9h_AC,roi_522,Helios G4 PFIB CXe_BSE_10000.0kV_1000.0x,252,3,0,0,770,1,"[1, 2, 3, 4, 5, 6, 7, 8, 9, 10, 11, 12, 13, 14, 15, 16, 17, 18, 19, 20, 21, 22, 23, 24, 25, 26, 27, 28, 29, 30, 31, 32, 33, 35, 36, 37, 38, 39, 40, 41, 42, 44, 45, 46, 47, 48, 49, 50, 51, 52, 53, 54, 55, 56, 58, 60, 61, 62, 63, 64, 66, 67, 69, 70, 71, 72, 73, 78, 82, 83, 84, 87, 88, 90, 93, 94, 95, 96, 98, 100, 101, 102, 105, 109, 111, 112, 113, 115, 116, 117, 120, 121, 124, 128, 136, 137, 141, 143, 145, 148, 151, 158, 159, 169, 171, 172, 177, 178, 180, 183, 185, 187, 189, 190, 191, 193, 194, 195, 196, 199, 201, 204, 207, 209, 210, 211, 216, 218, 219, 220, 225, 229, 238, 241, 242, 252, 258, 259, 266, 270, 271, 273, 274, 276, 278, 280, 283, 287, 291, 292, 293, 295, 305, 314, 325, 327, 329, 332, 334, 337, 341, 345, 347, 357, 364, 381, 385, 386, 387, 394, 404, 406, 407, 411, 416, 425, 426, 444, 451, 459, 461, 466, 469, 471, 474, 476, 480, 481, 485, 493, 494, 501, 502, 509, 514, 516, 520, 521, 525, 527, 530, 532, 534, 537, 543, 550, 551, 552, 559, 574, 576, 579, 582, 583, 586, 588, 590, 594, 595, 603, 608, 611, 619, 627, 630, 633, 636, 638, 644, 646, 656, 667, 671, 677, 683, 684, 687, 689, 690, 698, 699, 706, 708, 719, 722, 726, 732, 736, 738, 739, 742, 759]"
hcci_523,Q980_9h_AC,roi_523,Helios G4 PFIB CXe_InLens_10000.0kV_1000.0x,252,3,0,0,770,1,"[1, 2, 3, 4, 5, 6, 7, 8, 9, 10, 11, 12, 13, 14, 15, 16, 17, 18, 19, 20, 21, 22, 24, 25, 26, 27, 28, 29, 30, 31, 32, 34, 35, 37, 38, 39, 43, 44, 45, 46, 50, 56, 57, 59, 61, 62, 63, 65, 67, 70, 71, 72, 77, 78, 87, 90, 92, 95, 97, 98, 100, 101, 102, 105, 106, 108, 109, 110, 111, 114, 117, 118, 119, 120, 121, 122, 123, 124, 125, 128, 134, 136, 137, 140, 141, 142, 146, 147, 148, 149, 150, 151, 157, 159, 161, 162, 165, 166, 167, 168, 169, 170, 171, 178, 181, 183, 185, 186, 190, 193, 194, 196, 197, 198, 199, 200, 201, 208, 210, 211, 213, 214, 215, 218, 223, 224, 229, 234, 239, 242, 243, 244, 246, 248, 252, 255, 256, 258, 260, 263, 268, 278, 280, 281, 286, 290, 291, 293, 299, 300, 308, 309, 312, 328, 339, 344, 346, 349, 351, 354, 355, 356, 359, 362, 367, 372, 373, 374, 375, 377, 378, 379, 380, 381, 388, 389, 390, 395, 406, 410, 411, 423, 432, 438, 443, 446, 449, 454, 462, 471, 472, 482, 488, 489, 502, 507, 508, 518, 519, 523, 525, 529, 538, 539, 542, 546, 547, 549, 553, 554, 558, 559, 562, 564, 570, 572, 577, 578, 582, 583, 596, 599, 600, 603, 607, 609, 611, 623, 630, 635, 641, 642, 647, 652, 659, 663, 668, 671, 683, 687, 695, 697, 704, 706, 730, 733, 735, 740, 744, 749, 751, 759]"
hcci_524,Q980_9h_AC,roi_524,Helios G4 PFIB CXe_InLens_10000.0kV_1000.0x,252,3,0,0,770,1,"[1, 2, 3, 4, 5, 6, 7, 8, 9, 10, 11, 12, 13, 14, 15, 17, 18, 19, 20, 21, 22, 23, 24, 25, 27, 30, 31, 32, 33, 34, 35, 37, 41, 42, 43, 45, 46, 47, 50, 51, 52, 58, 60, 62, 63, 65, 66, 70, 72, 73, 74, 75, 76, 78, 79, 83, 85, 86, 91, 99, 103, 105, 107, 110, 113, 116, 118, 119, 120, 121, 122, 126, 127, 131, 132, 133, 134, 137, 140, 142, 145, 148, 149, 150, 156, 158, 159, 160, 161, 162, 164, 165, 166, 168, 170, 172, 176, 179, 180, 183, 187, 189, 191, 192, 194, 198, 200, 202, 206, 207, 209, 210, 212, 213, 214, 215, 218, 220, 222, 223, 228, 232, 235, 238, 240, 245, 246, 251, 255, 259, 260, 265, 266, 270, 272, 273, 277, 279, 280, 281, 284, 288, 290, 294, 299, 300, 302, 304, 305, 319, 324, 325, 329, 334, 338, 353, 356, 357, 358, 363, 369, 370, 373, 375, 379, 380, 381, 383, 384, 389, 393, 395, 401, 402, 415, 417, 420, 422, 424, 427, 428, 436, 440, 447, 452, 489, 492, 500, 502, 511, 514, 521, 526, 527, 529, 535, 539, 544, 547, 558, 565, 568, 572, 573, 574, 580, 581, 583, 585, 588, 589, 596, 607, 608, 611, 614, 621, 622, 623, 624, 626, 627, 630, 639, 648, 657, 660, 661, 668, 671, 678, 680, 681, 683, 685, 686, 690, 698, 701, 706, 707, 715, 726, 728, 733, 734, 739, 741, 746, 751, 755, 758]"
hcci_525,Q980_9h_AC,roi_525,Helios G4 PFIB CXe_SE_10000.0kV_5000.0x,252,3,0,0,770,1,"[1, 2, 3, 4, 5, 6, 7, 8, 9, 10, 11, 12, 13, 14, 15, 16, 17, 18, 19, 20, 21, 22, 23, 24, 25, 26, 27, 28, 29, 30, 31, 32, 33, 34, 35, 36, 37, 38, 39, 40, 41, 42, 43, 44, 45, 46, 47, 48, 49, 50, 51, 54, 55, 56, 57, 59, 60, 61, 62, 64, 65, 66, 67, 70, 71, 72, 73, 74, 75, 76, 78, 79, 82, 85, 87, 88, 99, 101, 102, 106, 108, 116, 121, 127, 130, 132, 143, 147, 149, 150, 151, 154, 157, 166, 168, 171, 172, 175, 189, 192, 194, 195, 206, 208, 211, 213, 220, 226, 232, 240, 243, 246, 248, 249, 256, 257, 261, 264, 266, 267, 273, 275, 276, 277, 278, 279, 280, 283, 284, 285, 296, 298, 303, 304, 307, 308, 309, 311, 314, 316, 320, 324, 326, 327, 328, 329, 335, 338, 343, 344, 345, 346, 353, 354, 356, 362, 363, 370, 371, 373, 374, 380, 383, 384, 388, 395, 398, 403, 408, 414, 415, 421, 424, 428, 429, 433, 435, 436, 439, 440, 442, 444, 445, 446, 449, 450, 455, 457, 463, 467, 474, 476, 478, 480, 484, 489, 495, 498, 499, 501, 503, 506, 515, 518, 525, 527, 528, 536, 538, 542, 550, 554, 555, 556, 558, 570, 573, 574, 587, 590, 593, 606, 615, 617, 621, 624, 627, 634, 650, 655, 660, 669, 671, 675, 677, 680, 688, 709, 711, 724, 728, 734, 737, 739, 740, 741, 749, 750, 751, 754, 756, 759]"
hcci_526,Q980_9h_AC,roi_526,Helios G4 PFIB CXe_SE_10000.0kV_5000.0x,252,3,0,0,770,1,"[1, 2, 3, 4, 5, 6, 7, 8, 9, 10, 11, 12, 13, 14, 15, 16, 17, 18, 19, 20, 21, 22, 23, 24, 25, 26, 27, 28, 29, 30, 31, 32, 33, 34, 35, 36, 37, 38, 39, 40, 41, 42, 43, 44, 45, 46, 47, 49, 50, 52, 53, 54, 55, 56, 57, 60, 61, 62, 63, 64, 67, 68, 69, 72, 73, 75, 76, 77, 78, 79, 85, 87, 91, 92, 97, 99, 104, 106, 110, 111, 114, 117, 118, 120, 122, 123, 127, 132, 134, 145, 155, 160, 161, 173, 177, 184, 187, 189, 193, 196, 198, 201, 206, 214, 215, 216, 219, 223, 229, 230, 232, 239, 241, 252, 254, 257, 259, 260, 261, 264, 265, 273, 277, 281, 285, 286, 290, 293, 296, 297, 298, 299, 302, 309, 312, 314, 315, 317, 323, 325, 329, 331, 333, 334, 342, 343, 346, 349, 350, 352, 356, 360, 361, 362, 363, 364, 365, 367, 369, 376, 379, 380, 382, 388, 390, 391, 395, 396, 401, 405, 407, 408, 409, 411, 412, 414, 416, 420, 421, 425, 428, 431, 432, 437, 438, 439, 447, 452, 454, 455, 461, 464, 465, 466, 473, 474, 481, 482, 486, 491, 499, 503, 506, 509, 514, 517, 522, 525, 529, 531, 536, 538, 539, 551, 553, 557, 564, 571, 578, 579, 584, 587, 588, 589, 592, 598, 608, 609, 620, 623, 630, 632, 644, 646, 652, 657, 660, 693, 695, 709, 714, 718, 725, 727, 731, 732, 743, 747, 752, 753, 754, 758]"
hcci_527,Q980_9h_AC,roi_527,Helios G4 PFIB CXe_BSE_10000.0kV_5000.0x,252,3,0,0,770,1,"[1, 2, 3, 4, 5, 6, 7, 8, 9, 10, 11, 12, 13, 14, 15, 16, 17, 18, 19, 20, 21, 22, 23, 24, 25, 26, 27, 28, 29, 30, 31, 32, 33, 34, 35, 36, 37, 38, 39, 40, 41, 42, 43, 44, 45, 46, 47, 48, 51, 52, 53, 54, 56, 57, 58, 59, 60, 64, 65, 66, 71, 73, 75, 76, 77, 79, 80, 83, 84, 85, 88, 89, 90, 92, 93, 95, 96, 98, 99, 101, 102, 104, 105, 106, 109, 112, 115, 116, 119, 120, 123, 124, 125, 126, 128, 129, 130, 131, 133, 136, 139, 142, 143, 145, 147, 149, 151, 152, 153, 154, 155, 157, 161, 167, 168, 173, 174, 180, 182, 184, 185, 188, 191, 195, 196, 199, 200, 203, 208, 210, 218, 219, 222, 223, 234, 238, 240, 243, 246, 251, 252, 253, 254, 255, 258, 261, 262, 263, 264, 265, 269, 270, 273, 274, 275, 276, 280, 281, 284, 285, 286, 288, 289, 290, 292, 296, 299, 300, 304, 306, 307, 309, 311, 313, 316, 318, 319, 321, 324, 325, 328, 330, 331, 335, 338, 340, 342, 348, 349, 350, 351, 361, 363, 368, 369, 371, 374, 380, 390, 392, 394, 397, 399, 405, 410, 413, 418, 419, 421, 424, 425, 427, 429, 431, 433, 434, 435, 440, 448, 462, 470, 480, 500, 510, 521, 524, 528, 529, 549, 552, 556, 562, 574, 591, 609, 614, 615, 621, 628, 629, 647, 657, 660, 663, 668, 686, 706, 744, 747, 761, 767, 769]"
hcci_528,Q980_9h_AC,roi_528,Helios G4 PFIB CXe_BSE_10000.0kV_5000.0x,252,3,0,0,770,1,"[1, 2, 3, 4, 5, 6, 7, 8, 9, 10, 11, 12, 13, 14, 15, 16, 17, 18, 19, 20, 21, 22, 23, 24, 27, 28, 29, 30, 31, 33, 34, 35, 36, 37, 38, 39, 42, 44, 45, 46, 48, 56, 58, 59, 60, 61, 63, 64, 65, 66, 68, 69, 71, 73, 74, 76, 78, 79, 80, 82, 83, 88, 90, 91, 93, 94, 95, 97, 98, 99, 102, 106, 107, 108, 109, 110, 112, 113, 114, 116, 117, 119, 120, 121, 123, 125, 127, 128, 129, 130, 132, 134, 139, 145, 148, 154, 155, 156, 157, 160, 161, 162, 163, 164, 165, 166, 169, 172, 173, 175, 176, 177, 180, 181, 183, 184, 186, 189, 193, 197, 204, 205, 209, 210, 211, 214, 215, 217, 218, 221, 222, 225, 227, 235, 238, 240, 241, 247, 248, 250, 251, 252, 254, 255, 256, 257, 258, 259, 260, 261, 262, 266, 267, 271, 273, 280, 282, 284, 286, 288, 290, 296, 307, 308, 309, 310, 311, 315, 317, 318, 321, 330, 333, 334, 337, 340, 346, 347, 350, 352, 355, 356, 358, 361, 369, 375, 378, 379, 381, 383, 389, 391, 398, 406, 407, 411, 412, 413, 416, 418, 424, 425, 429, 434, 437, 440, 444, 450, 452, 454, 465, 470, 474, 487, 492, 496, 502, 503, 504, 509, 511, 518, 525, 528, 533, 534, 540, 541, 546, 547, 557, 567, 591, 596, 608, 609, 620, 622, 627, 628, 643, 646, 656, 658, 676, 707, 732, 733, 735, 738, 763, 765]"
hcci_529,Q980_9h_AC,roi_529,Helios G4 PFIB CXe_InLens_10000.0kV_5000.0x,252,3,0,0,770,1,"[1, 2, 3, 4, 5, 6, 7, 8, 9, 10, 11, 12, 13, 14, 15, 16, 17, 18, 19, 20, 21, 22, 23, 24, 25, 26, 27, 28, 29, 30, 31, 32, 34, 35, 36, 37, 38, 39, 40, 41, 42, 43, 44, 47, 48, 49, 50, 51, 53, 54, 55, 57, 59, 63, 64, 65, 69, 71, 73, 85, 87, 89, 90, 93, 95, 96, 99, 100, 102, 104, 107, 114, 116, 117, 118, 130, 133, 137, 140, 143, 148, 149, 150, 154, 157, 158, 163, 164, 165, 168, 169, 171, 179, 181, 187, 188, 190, 191, 192, 193, 194, 199, 203, 207, 209, 210, 212, 214, 215, 217, 226, 227, 228, 229, 230, 233, 237, 238, 239, 242, 243, 244, 246, 247, 248, 250, 260, 264, 266, 270, 273, 276, 278, 283, 284, 288, 290, 294, 295, 300, 301, 303, 305, 306, 309, 310, 311, 316, 319, 321, 330, 333, 335, 336, 342, 343, 344, 348, 350, 351, 352, 358, 359, 362, 363, 365, 367, 370, 371, 373, 375, 378, 382, 385, 407, 411, 423, 434, 435, 436, 439, 446, 447, 448, 457, 459, 461, 463, 465, 469, 472, 473, 476, 477, 482, 486, 489, 492, 495, 497, 499, 501, 511, 518, 526, 535, 539, 541, 546, 547, 548, 552, 555, 564, 565, 574, 575, 577, 583, 584, 586, 590, 594, 598, 601, 609, 610, 611, 614, 622, 628, 630, 647, 657, 659, 667, 669, 671, 673, 679, 684, 692, 708, 711, 721, 733, 736, 738, 745, 753, 760, 767]"
hcci_53,Q980_0h_WC,roi_53,Helios G4 PFIB CXe_InLens_10000.0kV_1000.0x,254,3,0,0,770,1,"[1, 2, 3, 4, 5, 6, 7, 8, 9, 10, 11, 13, 14, 15, 16, 17, 18, 19, 20, 21, 22, 23, 24, 25, 26, 27, 28, 30, 33, 34, 35, 37, 39, 40, 41, 42, 43, 46, 47, 48, 50, 52, 53, 55, 57, 58, 59, 60, 63, 64, 65, 68, 70, 72, 77, 79, 82, 84, 86, 87, 88, 89, 90, 93, 94, 99, 100, 104, 106, 107, 108, 109, 117, 119, 121, 122, 129, 132, 133, 134, 136, 140, 145, 147, 150, 153, 154, 158, 159, 165, 166, 167, 168, 170, 171, 173, 175, 180, 181, 186, 188, 189, 192, 197, 199, 200, 206, 207, 208, 210, 212, 214, 216, 217, 225, 226, 227, 228, 230, 231, 232, 233, 239, 240, 241, 242, 249, 258, 259, 274, 276, 281, 284, 285, 286, 294, 296, 298, 299, 301, 302, 305, 306, 309, 323, 324, 325, 327, 331, 342, 348, 349, 355, 371, 383, 386, 387, 392, 395, 402, 404, 405, 406, 409, 412, 414, 415, 417, 420, 422, 425, 429, 430, 431, 439, 442, 445, 448, 455, 456, 458, 471, 474, 476, 482, 485, 499, 500, 507, 508, 511, 520, 522, 525, 529, 535, 538, 542, 545, 548, 552, 562, 587, 589, 598, 604, 610, 618, 625, 632, 642, 650, 653, 654, 663, 664, 666, 668, 669, 671, 676, 678, 679, 680, 684, 690, 695, 696, 699, 700, 702, 705, 707, 708, 710, 711, 713, 718, 723, 738, 742, 743, 748, 749, 750, 752, 756, 759, 762, 764, 765, 768, 769, 770]"
hcci_530,Q980_9h_AC,roi_530,Helios G4 PFIB CXe_InLens_10000.0kV_5000.0x,252,3,0,0,770,1,"[1, 2, 3, 4, 5, 6, 7, 8, 9, 10, 11, 12, 13, 14, 15, 16, 17, 18, 19, 20, 21, 22, 23, 24, 25, 26, 27, 28, 29, 30, 31, 32, 33, 34, 35, 36, 37, 38, 39, 40, 41, 44, 45, 47, 48, 49, 51, 52, 54, 55, 56, 57, 58, 61, 63, 65, 67, 68, 69, 70, 71, 72, 74, 75, 76, 77, 78, 81, 82, 84, 86, 90, 93, 95, 101, 102, 104, 105, 106, 108, 109, 112, 113, 114, 115, 117, 118, 121, 122, 123, 125, 127, 128, 132, 133, 134, 137, 138, 142, 143, 144, 145, 147, 148, 149, 150, 153, 154, 155, 156, 157, 158, 159, 162, 167, 174, 177, 182, 183, 186, 187, 188, 189, 190, 192, 193, 194, 195, 197, 198, 201, 203, 208, 211, 212, 214, 215, 219, 221, 229, 231, 232, 235, 236, 237, 246, 249, 250, 251, 252, 254, 255, 258, 260, 264, 270, 271, 273, 274, 275, 276, 277, 285, 286, 287, 289, 290, 291, 293, 297, 300, 303, 307, 309, 312, 318, 320, 323, 324, 328, 334, 335, 338, 340, 341, 343, 345, 349, 352, 353, 355, 360, 362, 363, 364, 369, 370, 376, 381, 386, 391, 392, 402, 407, 410, 417, 421, 423, 427, 428, 433, 440, 441, 443, 445, 448, 453, 458, 459, 468, 469, 472, 475, 478, 485, 488, 489, 500, 515, 518, 525, 526, 527, 530, 537, 559, 565, 585, 586, 588, 589, 600, 612, 613, 614, 615, 619, 639, 640, 655, 664, 699]"
hcci_531,Q980_9h_AC,roi_531,Helios G4 PFIB CXe_SE_20000.0kV_1000.0x,252,3,0,0,770,1,"[1, 2, 3, 4, 5, 6, 7, 8, 9, 10, 11, 12, 13, 14, 15, 16, 17, 18, 19, 20, 21, 22, 23, 24, 25, 26, 27, 28, 29, 30, 31, 32, 33, 34, 35, 37, 38, 40, 42, 44, 45, 47, 49, 50, 51, 52, 54, 56, 57, 59, 63, 68, 69, 71, 72, 73, 77, 79, 81, 82, 83, 84, 85, 87, 89, 92, 93, 96, 97, 100, 102, 103, 104, 106, 110, 111, 117, 118, 119, 122, 123, 124, 128, 130, 131, 132, 133, 135, 136, 138, 139, 140, 145, 146, 147, 149, 150, 152, 153, 154, 155, 156, 157, 160, 162, 165, 167, 169, 170, 171, 172, 173, 174, 176, 177, 179, 180, 183, 187, 188, 190, 191, 194, 195, 197, 198, 199, 200, 202, 203, 204, 206, 207, 208, 209, 210, 211, 213, 218, 219, 220, 221, 222, 224, 227, 228, 232, 234, 237, 239, 241, 243, 245, 247, 248, 249, 254, 255, 256, 257, 259, 260, 263, 264, 271, 273, 278, 280, 282, 288, 289, 290, 294, 295, 297, 301, 302, 305, 314, 315, 318, 321, 324, 333, 342, 345, 352, 356, 359, 365, 371, 381, 389, 395, 406, 407, 409, 412, 415, 419, 435, 440, 444, 461, 466, 469, 471, 474, 478, 480, 500, 525, 528, 535, 541, 546, 551, 554, 555, 560, 569, 577, 582, 588, 594, 597, 598, 600, 603, 609, 621, 623, 629, 639, 655, 661, 663, 677, 678, 681, 687, 693, 703, 704, 711, 717, 719, 722, 734, 735, 738, 748]"
hcci_532,Q980_9h_AC,roi_532,Helios G4 PFIB CXe_SE_20000.0kV_1000.0x,252,3,0,0,770,1,"[1, 2, 3, 4, 5, 6, 7, 8, 9, 10, 11, 12, 13, 15, 16, 17, 18, 19, 20, 21, 22, 23, 24, 25, 26, 27, 28, 29, 30, 31, 32, 33, 34, 35, 36, 37, 38, 40, 42, 43, 44, 46, 47, 49, 50, 51, 53, 54, 55, 56, 59, 60, 61, 62, 63, 64, 66, 67, 68, 72, 73, 75, 76, 77, 78, 79, 80, 81, 82, 83, 85, 87, 89, 92, 94, 95, 96, 97, 98, 99, 106, 107, 110, 111, 115, 116, 117, 119, 122, 123, 124, 127, 129, 130, 133, 134, 135, 136, 138, 139, 144, 146, 148, 152, 155, 157, 158, 163, 164, 168, 170, 174, 175, 178, 180, 185, 187, 188, 191, 193, 197, 200, 202, 203, 205, 207, 209, 211, 214, 219, 221, 222, 226, 228, 232, 233, 236, 239, 241, 243, 246, 251, 255, 256, 260, 263, 264, 272, 273, 274, 275, 277, 281, 282, 284, 285, 288, 294, 295, 297, 306, 307, 310, 316, 318, 330, 338, 339, 341, 343, 344, 345, 348, 355, 366, 383, 384, 387, 396, 397, 398, 399, 401, 402, 404, 407, 411, 433, 452, 453, 458, 460, 467, 477, 478, 479, 482, 486, 488, 492, 494, 498, 513, 514, 516, 527, 529, 532, 542, 543, 556, 562, 565, 567, 573, 577, 581, 585, 587, 605, 608, 617, 625, 635, 642, 643, 651, 659, 663, 681, 684, 687, 691, 692, 693, 695, 697, 698, 701, 705, 708, 714, 715, 716, 726, 729, 730, 734, 743, 757, 761, 766]"
hcci_533,Q980_9h_AC,roi_533,Helios G4 PFIB CXe_BSE_20000.0kV_1000.0x,252,3,0,0,770,1,"[1, 2, 3, 4, 5, 6, 7, 8, 9, 10, 11, 12, 13, 14, 15, 16, 17, 18, 19, 20, 21, 22, 23, 24, 25, 27, 28, 29, 30, 31, 32, 33, 34, 35, 36, 37, 38, 39, 42, 43, 44, 45, 46, 47, 50, 51, 53, 54, 55, 56, 57, 58, 61, 63, 64, 66, 68, 69, 72, 73, 74, 75, 76, 80, 81, 82, 83, 86, 87, 89, 91, 92, 93, 95, 97, 98, 99, 103, 104, 105, 106, 107, 108, 109, 113, 115, 116, 119, 122, 124, 127, 129, 132, 134, 138, 143, 145, 146, 147, 152, 159, 161, 164, 165, 173, 174, 177, 179, 180, 181, 182, 183, 185, 195, 197, 199, 200, 201, 210, 217, 218, 221, 223, 224, 225, 232, 235, 236, 237, 238, 243, 247, 251, 252, 262, 264, 265, 266, 269, 274, 275, 284, 288, 292, 295, 300, 301, 318, 319, 321, 333, 341, 346, 348, 350, 365, 366, 371, 376, 379, 381, 388, 392, 399, 408, 415, 417, 425, 432, 441, 449, 451, 452, 455, 460, 463, 464, 465, 466, 467, 469, 475, 479, 481, 486, 487, 494, 498, 500, 502, 504, 506, 507, 508, 513, 515, 517, 519, 525, 530, 534, 539, 548, 555, 558, 565, 566, 572, 573, 574, 576, 577, 585, 589, 592, 594, 595, 597, 599, 603, 606, 607, 621, 629, 635, 640, 656, 659, 663, 667, 670, 692, 694, 695, 701, 707, 709, 710, 711, 714, 727, 728, 734, 735, 737, 743, 746, 748, 754, 756, 760, 767]"
hcci_534,Q980_9h_AC,roi_534,Helios G4 PFIB CXe_BSE_20000.0kV_1000.0x,252,3,0,0,770,1,"[1, 2, 3, 4, 5, 6, 7, 8, 9, 10, 11, 12, 13, 14, 15, 16, 17, 18, 19, 20, 21, 22, 23, 24, 26, 27, 28, 29, 30, 33, 34, 35, 37, 38, 39, 40, 41, 43, 46, 48, 52, 53, 54, 55, 56, 58, 59, 61, 64, 66, 67, 69, 70, 74, 75, 76, 77, 78, 79, 80, 81, 82, 83, 84, 85, 89, 90, 91, 92, 94, 95, 96, 99, 102, 103, 104, 107, 108, 112, 113, 118, 121, 122, 124, 125, 126, 127, 128, 130, 133, 135, 136, 137, 141, 142, 143, 146, 147, 150, 151, 156, 158, 159, 160, 166, 170, 171, 172, 173, 174, 175, 177, 178, 179, 188, 189, 195, 199, 200, 201, 202, 203, 204, 205, 209, 212, 226, 227, 228, 229, 237, 238, 249, 255, 257, 263, 272, 274, 279, 281, 285, 287, 288, 294, 314, 315, 325, 338, 343, 349, 361, 370, 372, 375, 384, 385, 387, 398, 408, 412, 413, 415, 416, 422, 425, 432, 434, 440, 442, 453, 460, 461, 477, 479, 480, 481, 493, 498, 505, 508, 509, 511, 513, 514, 517, 523, 527, 535, 538, 541, 542, 544, 551, 556, 559, 560, 563, 565, 568, 569, 574, 577, 578, 585, 588, 590, 596, 599, 600, 608, 610, 613, 616, 621, 622, 623, 624, 625, 633, 640, 647, 651, 652, 653, 672, 674, 675, 677, 685, 686, 688, 689, 693, 697, 702, 703, 704, 711, 712, 717, 723, 724, 728, 730, 731, 732, 734, 737, 738, 742, 748, 762]"
hcci_535,Q980_9h_AC,roi_535,Helios G4 PFIB CXe_InLens_20000.0kV_1000.0x,252,3,0,0,770,1,"[1, 2, 3, 4, 5, 6, 7, 8, 9, 10, 11, 12, 13, 14, 15, 16, 17, 18, 19, 20, 21, 22, 23, 24, 25, 26, 27, 28, 29, 30, 31, 32, 33, 34, 35, 36, 41, 43, 44, 45, 46, 47, 48, 51, 52, 53, 57, 58, 59, 60, 62, 67, 68, 69, 71, 73, 77, 81, 83, 90, 94, 95, 96, 97, 98, 99, 100, 101, 103, 104, 106, 108, 109, 110, 113, 117, 118, 119, 120, 123, 126, 129, 132, 133, 135, 138, 140, 141, 144, 145, 146, 149, 151, 153, 154, 156, 157, 159, 160, 161, 162, 164, 166, 167, 168, 170, 171, 173, 176, 181, 182, 185, 187, 189, 191, 192, 194, 199, 200, 201, 202, 204, 205, 206, 207, 209, 210, 211, 217, 218, 219, 221, 224, 225, 226, 228, 233, 237, 239, 242, 245, 248, 250, 255, 256, 258, 262, 265, 267, 275, 281, 284, 289, 293, 297, 303, 305, 313, 315, 326, 328, 330, 336, 338, 341, 342, 346, 348, 355, 356, 364, 368, 376, 390, 394, 401, 409, 410, 412, 416, 423, 425, 427, 429, 430, 432, 437, 441, 446, 448, 450, 463, 464, 469, 480, 481, 487, 498, 505, 506, 513, 516, 517, 522, 524, 526, 527, 532, 538, 543, 569, 571, 575, 578, 579, 581, 582, 589, 603, 604, 617, 627, 634, 637, 638, 640, 643, 644, 649, 651, 654, 663, 667, 669, 670, 678, 686, 698, 708, 709, 710, 716, 718, 720, 721, 724, 737, 739, 743, 752, 758, 759]"
hcci_536,Q980_9h_AC,roi_536,Helios G4 PFIB CXe_InLens_20000.0kV_1000.0x,252,3,0,0,770,1,"[1, 2, 3, 4, 5, 6, 8, 9, 10, 11, 12, 13, 14, 15, 16, 17, 19, 20, 21, 22, 23, 24, 25, 26, 27, 28, 29, 31, 32, 33, 34, 35, 38, 39, 40, 41, 42, 43, 44, 45, 46, 49, 50, 51, 52, 53, 54, 55, 56, 57, 58, 59, 61, 62, 63, 67, 68, 70, 71, 75, 76, 77, 78, 79, 80, 84, 85, 87, 88, 89, 92, 93, 95, 96, 99, 100, 108, 109, 111, 112, 114, 115, 117, 118, 120, 122, 125, 126, 127, 129, 130, 133, 134, 137, 140, 141, 142, 144, 146, 147, 148, 149, 150, 151, 153, 158, 160, 165, 167, 168, 169, 171, 174, 175, 177, 180, 181, 182, 184, 185, 187, 190, 195, 196, 197, 200, 204, 205, 214, 219, 220, 222, 227, 229, 231, 233, 234, 236, 238, 239, 242, 243, 244, 246, 249, 250, 251, 254, 257, 259, 266, 274, 283, 285, 288, 290, 291, 293, 294, 297, 301, 303, 305, 312, 318, 332, 339, 343, 344, 347, 365, 366, 367, 370, 372, 374, 380, 382, 386, 392, 393, 399, 403, 405, 408, 421, 436, 447, 448, 456, 458, 459, 464, 466, 468, 477, 490, 497, 516, 520, 522, 531, 538, 540, 541, 543, 545, 548, 553, 557, 559, 567, 573, 578, 585, 588, 607, 617, 618, 621, 627, 628, 631, 633, 637, 638, 641, 646, 659, 677, 678, 681, 683, 685, 686, 695, 702, 704, 713, 721, 722, 726, 734, 736, 740, 744, 745, 747, 748, 756, 757, 765]"
hcci_537,Q980_9h_AC,roi_537,Helios G4 PFIB CXe_SE_20000.0kV_5000.0x,252,3,0,0,770,1,"[1, 2, 3, 4, 5, 6, 7, 8, 9, 10, 11, 12, 13, 14, 15, 16, 17, 18, 19, 20, 21, 22, 23, 24, 25, 26, 27, 28, 29, 30, 31, 32, 33, 34, 35, 37, 38, 39, 40, 41, 42, 43, 44, 45, 46, 47, 48, 52, 53, 54, 56, 58, 60, 63, 64, 66, 71, 72, 73, 74, 75, 77, 81, 82, 84, 85, 86, 88, 90, 91, 92, 93, 99, 103, 104, 110, 111, 112, 113, 115, 116, 120, 123, 127, 128, 129, 135, 136, 140, 144, 150, 151, 157, 166, 171, 175, 178, 186, 189, 190, 192, 193, 200, 202, 203, 204, 206, 215, 216, 232, 233, 241, 244, 246, 247, 250, 252, 259, 261, 262, 265, 266, 270, 273, 274, 276, 277, 279, 285, 287, 288, 291, 292, 293, 304, 307, 310, 312, 313, 315, 316, 317, 318, 319, 322, 325, 326, 332, 333, 335, 338, 339, 340, 342, 348, 352, 353, 354, 355, 356, 361, 365, 367, 372, 375, 379, 381, 382, 383, 385, 386, 388, 390, 392, 393, 397, 399, 400, 401, 403, 406, 408, 415, 417, 418, 425, 430, 435, 439, 444, 445, 449, 455, 467, 468, 471, 474, 475, 489, 491, 494, 495, 499, 501, 503, 507, 509, 512, 515, 527, 537, 542, 545, 558, 562, 563, 568, 569, 571, 582, 586, 588, 591, 592, 593, 594, 595, 600, 604, 612, 613, 616, 636, 646, 650, 682, 688, 694, 695, 699, 704, 722, 725, 728, 733, 735, 739, 748, 749, 752, 754, 759]"
hcci_538,Q980_9h_AC,roi_538,Helios G4 PFIB CXe_SE_20000.0kV_5000.0x,252,3,0,0,770,1,"[1, 2, 3, 4, 5, 6, 7, 8, 9, 10, 11, 12, 13, 14, 15, 16, 17, 18, 19, 20, 21, 22, 23, 24, 25, 26, 28, 29, 31, 33, 34, 36, 37, 38, 40, 41, 42, 43, 44, 45, 46, 48, 49, 50, 51, 52, 54, 55, 57, 58, 59, 60, 61, 62, 64, 66, 67, 69, 70, 74, 75, 76, 78, 79, 81, 82, 85, 86, 87, 88, 89, 91, 94, 96, 97, 98, 101, 102, 103, 105, 108, 113, 114, 119, 123, 127, 130, 133, 136, 137, 142, 143, 148, 152, 157, 158, 162, 165, 168, 171, 173, 175, 177, 183, 185, 186, 187, 189, 193, 195, 196, 198, 199, 202, 205, 208, 219, 221, 222, 225, 226, 228, 229, 232, 234, 235, 236, 242, 243, 250, 251, 253, 257, 259, 261, 262, 263, 264, 267, 268, 271, 272, 273, 274, 276, 277, 279, 280, 283, 285, 286, 291, 292, 294, 296, 297, 299, 300, 301, 304, 318, 322, 323, 324, 325, 326, 328, 330, 331, 333, 334, 336, 337, 338, 340, 346, 348, 349, 352, 353, 359, 363, 379, 381, 385, 386, 394, 397, 402, 403, 404, 407, 410, 417, 422, 424, 427, 432, 433, 434, 438, 442, 449, 451, 453, 455, 457, 460, 461, 469, 472, 474, 484, 487, 490, 491, 492, 495, 496, 508, 511, 512, 516, 520, 523, 526, 535, 544, 552, 555, 563, 569, 599, 602, 605, 608, 617, 632, 637, 640, 649, 656, 659, 663, 668, 670, 672, 675, 683, 705, 708, 718]"
hcci_539,Q980_9h_AC,roi_539,Helios G4 PFIB CXe_BSE_20000.0kV_5000.0x,252,3,0,0,770,1,"[1, 2, 3, 4, 5, 6, 7, 8, 9, 10, 11, 12, 13, 14, 15, 16, 17, 18, 19, 20, 21, 22, 23, 24, 25, 26, 27, 29, 30, 31, 32, 33, 34, 35, 36, 37, 38, 39, 40, 41, 42, 43, 44, 45, 47, 48, 49, 50, 51, 52, 53, 54, 55, 57, 58, 59, 60, 61, 62, 63, 64, 65, 66, 67, 70, 72, 75, 78, 79, 81, 82, 83, 84, 86, 88, 89, 90, 91, 94, 99, 103, 105, 106, 107, 109, 110, 111, 117, 118, 119, 120, 122, 124, 126, 128, 129, 133, 135, 138, 143, 153, 154, 157, 158, 160, 161, 172, 180, 181, 186, 187, 188, 194, 201, 202, 203, 209, 210, 214, 220, 225, 228, 230, 232, 234, 235, 237, 243, 244, 246, 250, 253, 256, 258, 263, 266, 269, 270, 273, 278, 279, 280, 281, 284, 287, 288, 291, 292, 293, 294, 295, 296, 298, 300, 302, 304, 307, 311, 315, 320, 324, 328, 333, 335, 336, 337, 342, 343, 345, 346, 348, 349, 351, 353, 356, 362, 365, 367, 368, 384, 389, 390, 393, 399, 400, 401, 406, 407, 410, 411, 413, 417, 418, 423, 428, 429, 433, 439, 445, 450, 452, 455, 456, 457, 458, 460, 466, 469, 473, 474, 477, 480, 487, 491, 507, 509, 510, 519, 522, 523, 528, 540, 542, 544, 545, 548, 558, 561, 574, 582, 587, 589, 592, 596, 607, 608, 610, 621, 623, 645, 648, 673, 676, 685, 687, 701, 713, 722, 728, 748, 764, 769]"
hcci_54,Q980_0h_WC,roi_54,Helios G4 PFIB CXe_InLens_10000.0kV_1000.0x,254,3,0,0,770,1,"[1, 2, 3, 4, 5, 6, 7, 8, 9, 10, 11, 12, 13, 14, 15, 16, 17, 18, 19, 20, 21, 22, 23, 24, 25, 26, 27, 29, 30, 31, 32, 33, 34, 36, 37, 38, 39, 40, 41, 42, 43, 44, 45, 46, 47, 48, 49, 50, 52, 54, 55, 56, 58, 59, 62, 63, 64, 66, 67, 70, 71, 72, 73, 78, 79, 80, 81, 82, 85, 88, 90, 93, 94, 95, 96, 97, 99, 102, 106, 108, 110, 115, 118, 119, 121, 122, 129, 131, 134, 135, 142, 143, 144, 145, 149, 153, 154, 165, 166, 170, 171, 183, 195, 198, 202, 204, 206, 207, 208, 212, 213, 218, 223, 224, 231, 233, 236, 238, 241, 244, 245, 248, 250, 251, 252, 254, 256, 258, 260, 262, 263, 265, 270, 277, 285, 286, 290, 291, 300, 302, 307, 315, 317, 318, 321, 322, 325, 335, 341, 345, 346, 347, 348, 355, 364, 387, 389, 399, 400, 401, 406, 407, 408, 410, 411, 421, 426, 428, 432, 434, 435, 437, 457, 461, 464, 467, 473, 479, 484, 487, 495, 501, 508, 509, 514, 519, 524, 526, 538, 545, 546, 547, 548, 551, 552, 565, 568, 571, 575, 582, 596, 606, 610, 614, 621, 622, 623, 624, 626, 632, 635, 646, 648, 650, 651, 665, 666, 670, 671, 673, 675, 676, 678, 680, 681, 693, 697, 698, 699, 705, 708, 712, 722, 723, 725, 727, 731, 732, 736, 737, 741, 753, 755, 756, 761, 762, 763, 764, 765, 766, 767, 768, 769, 770]"
hcci_540,Q980_9h_AC,roi_540,Helios G4 PFIB CXe_BSE_20000.0kV_5000.0x,252,3,0,0,770,1,"[1, 2, 3, 4, 5, 6, 7, 8, 9, 10, 11, 12, 13, 14, 15, 16, 17, 18, 20, 21, 22, 23, 24, 25, 26, 27, 29, 31, 34, 39, 40, 41, 45, 46, 47, 50, 51, 56, 57, 60, 61, 63, 64, 65, 68, 69, 70, 73, 74, 75, 76, 77, 79, 82, 84, 87, 90, 92, 93, 97, 99, 100, 101, 103, 104, 105, 106, 107, 109, 110, 113, 115, 118, 119, 120, 122, 125, 126, 127, 128, 130, 131, 132, 134, 137, 139, 140, 144, 146, 147, 148, 156, 157, 164, 165, 166, 167, 169, 170, 173, 175, 177, 179, 180, 182, 183, 187, 190, 192, 195, 197, 198, 199, 200, 201, 206, 210, 213, 214, 215, 221, 224, 226, 227, 228, 229, 231, 232, 234, 236, 239, 245, 249, 251, 256, 257, 260, 265, 266, 270, 273, 274, 276, 277, 279, 284, 286, 288, 289, 294, 298, 300, 301, 303, 306, 308, 310, 312, 315, 320, 323, 325, 326, 328, 329, 333, 343, 344, 346, 351, 352, 354, 356, 357, 364, 365, 366, 368, 372, 374, 375, 376, 377, 378, 379, 381, 382, 385, 387, 393, 397, 400, 407, 413, 418, 419, 421, 426, 427, 431, 436, 437, 438, 439, 441, 443, 447, 448, 450, 451, 452, 454, 455, 459, 468, 471, 476, 478, 483, 485, 486, 488, 492, 496, 497, 502, 506, 515, 521, 524, 538, 553, 567, 569, 570, 572, 578, 591, 607, 611, 614, 622, 640, 661, 674, 681, 710, 719, 743, 750, 756, 758]"
hcci_541,Q980_9h_AC,roi_541,Helios G4 PFIB CXe_InLens_20000.0kV_5000.0x,252,3,0,0,770,1,"[1, 2, 3, 4, 5, 6, 7, 8, 9, 10, 11, 12, 13, 14, 15, 16, 17, 18, 19, 20, 21, 22, 23, 24, 25, 26, 27, 28, 29, 30, 31, 32, 34, 35, 36, 37, 38, 39, 40, 41, 42, 43, 44, 45, 46, 49, 50, 51, 53, 54, 55, 61, 62, 69, 71, 74, 78, 80, 85, 88, 89, 90, 94, 95, 97, 99, 100, 102, 104, 109, 111, 112, 113, 116, 121, 123, 124, 125, 126, 128, 129, 130, 133, 136, 138, 139, 141, 146, 147, 149, 153, 154, 157, 159, 161, 163, 164, 166, 167, 168, 170, 180, 187, 193, 195, 196, 197, 201, 202, 203, 206, 207, 209, 216, 218, 220, 221, 224, 225, 226, 227, 229, 230, 232, 236, 238, 242, 244, 245, 247, 251, 252, 254, 258, 259, 261, 262, 267, 268, 270, 271, 277, 278, 280, 282, 283, 284, 285, 288, 289, 295, 301, 302, 303, 310, 315, 316, 320, 325, 326, 338, 339, 343, 344, 347, 349, 356, 362, 370, 376, 378, 382, 384, 387, 388, 389, 391, 395, 402, 405, 407, 408, 411, 412, 413, 414, 415, 416, 418, 420, 426, 429, 436, 437, 444, 449, 450, 451, 453, 455, 457, 459, 461, 464, 467, 469, 474, 478, 479, 480, 488, 490, 498, 499, 505, 508, 510, 515, 516, 517, 519, 525, 532, 536, 540, 542, 565, 576, 579, 593, 596, 604, 611, 613, 624, 631, 635, 636, 639, 645, 646, 657, 659, 662, 665, 666, 673, 677, 683, 694, 718, 766]"
hcci_542,Q980_9h_AC,roi_542,Helios G4 PFIB CXe_InLens_20000.0kV_5000.0x,252,3,0,0,770,1,"[1, 2, 3, 4, 5, 6, 7, 8, 9, 10, 11, 12, 13, 14, 15, 17, 18, 19, 20, 21, 22, 23, 24, 25, 26, 27, 28, 29, 30, 31, 32, 33, 34, 35, 36, 37, 38, 39, 40, 41, 44, 45, 46, 47, 48, 49, 50, 51, 52, 53, 54, 55, 56, 57, 58, 59, 60, 61, 62, 63, 64, 65, 66, 67, 68, 69, 70, 71, 74, 75, 77, 78, 80, 81, 83, 84, 85, 86, 89, 90, 91, 93, 94, 95, 97, 98, 99, 100, 101, 102, 103, 104, 105, 106, 107, 108, 109, 110, 111, 113, 114, 115, 116, 117, 119, 120, 121, 123, 124, 125, 127, 129, 131, 133, 137, 139, 140, 141, 142, 143, 144, 145, 146, 147, 148, 149, 150, 151, 153, 155, 156, 157, 158, 160, 161, 162, 163, 167, 168, 171, 172, 174, 175, 176, 177, 178, 179, 181, 182, 185, 188, 191, 192, 194, 195, 196, 198, 199, 203, 204, 205, 209, 213, 216, 217, 218, 222, 223, 229, 232, 233, 237, 239, 240, 243, 246, 248, 249, 250, 254, 255, 257, 258, 259, 261, 265, 266, 268, 276, 277, 278, 284, 291, 296, 297, 299, 303, 309, 323, 327, 332, 335, 339, 345, 348, 350, 355, 357, 362, 367, 379, 381, 382, 383, 388, 389, 396, 406, 411, 418, 423, 429, 436, 442, 451, 452, 457, 459, 461, 465, 474, 489, 500, 507, 513, 516, 520, 564, 576, 582, 583, 594, 599, 600, 620, 626, 627, 666, 714, 736, 764, 766]"
hcci_543,AsCast,roi_543,VEGA3 XMH_SE_5000.0kV_4000.0x,256,3,0,0,770,1,"[1, 2, 3, 4, 5, 6, 7, 8, 9, 10, 11, 12, 13, 14, 15, 16, 17, 18, 19, 20, 21, 22, 23, 24, 25, 26, 27, 28, 30, 31, 32, 33, 34, 35, 36, 37, 38, 39, 40, 42, 43, 44, 45, 46, 47, 48, 49, 53, 54, 55, 56, 57, 58, 59, 60, 61, 62, 65, 66, 67, 69, 70, 71, 72, 73, 74, 75, 76, 77, 80, 81, 82, 83, 84, 85, 86, 88, 90, 91, 93, 94, 95, 97, 99, 100, 101, 102, 104, 105, 106, 107, 108, 110, 112, 116, 119, 120, 121, 122, 123, 124, 125, 129, 130, 131, 132, 133, 135, 138, 139, 140, 144, 146, 147, 150, 152, 153, 154, 159, 160, 161, 162, 163, 164, 166, 167, 170, 171, 178, 182, 183, 184, 185, 187, 188, 195, 197, 198, 200, 203, 210, 211, 214, 215, 221, 225, 226, 227, 231, 234, 236, 237, 238, 240, 241, 252, 259, 262, 268, 269, 270, 272, 274, 275, 276, 277, 279, 280, 282, 283, 284, 287, 288, 290, 292, 299, 300, 306, 311, 312, 313, 315, 318, 319, 323, 324, 325, 326, 330, 333, 341, 343, 346, 356, 357, 360, 361, 364, 371, 373, 388, 389, 398, 399, 403, 405, 411, 414, 421, 422, 423, 427, 428, 429, 430, 431, 432, 434, 436, 439, 443, 464, 468, 470, 471, 480, 485, 491, 492, 493, 500, 505, 523, 534, 536, 551, 560, 568, 578, 583, 586, 591, 621, 625, 629, 632, 636, 640, 652, 654, 679, 682, 705, 733, 746, 747]"
hcci_544,AsCast,roi_544,VEGA3 XMH_SE_5000.0kV_4000.0x,256,3,0,0,770,1,"[1, 2, 3, 4, 5, 6, 7, 8, 9, 10, 11, 12, 13, 14, 15, 16, 17, 18, 19, 20, 21, 22, 23, 24, 25, 26, 27, 28, 29, 30, 31, 32, 33, 34, 35, 36, 37, 38, 39, 40, 41, 42, 43, 44, 46, 47, 48, 49, 50, 51, 52, 54, 55, 56, 57, 58, 59, 60, 61, 62, 63, 64, 65, 66, 67, 68, 69, 70, 71, 72, 74, 75, 77, 78, 80, 82, 84, 86, 87, 88, 89, 90, 92, 93, 94, 100, 101, 103, 104, 105, 107, 109, 111, 112, 114, 117, 120, 121, 123, 124, 125, 127, 128, 130, 131, 133, 137, 138, 146, 151, 154, 156, 158, 162, 166, 168, 169, 171, 173, 174, 178, 182, 189, 194, 198, 199, 202, 207, 210, 211, 215, 218, 226, 227, 229, 232, 235, 236, 238, 239, 241, 244, 249, 260, 261, 264, 265, 266, 268, 272, 279, 281, 282, 286, 290, 296, 297, 298, 299, 306, 308, 315, 319, 320, 321, 322, 324, 325, 333, 339, 349, 351, 352, 363, 364, 366, 371, 372, 374, 375, 377, 379, 381, 386, 389, 390, 392, 394, 395, 396, 400, 401, 402, 403, 405, 410, 411, 412, 418, 423, 424, 425, 427, 428, 431, 434, 439, 444, 449, 461, 464, 465, 469, 470, 472, 475, 477, 481, 486, 487, 489, 493, 496, 497, 502, 504, 505, 507, 508, 511, 529, 532, 537, 541, 546, 548, 550, 552, 558, 563, 586, 587, 595, 596, 611, 616, 621, 622, 635, 673, 678, 686, 690, 719, 748, 754]"
hcci_545,AsCast,roi_545,VEGA3 XMH_BSE_5000.0kV_4000.0x,256,3,0,0,770,1,"[1, 2, 3, 4, 5, 6, 7, 8, 9, 10, 11, 12, 13, 14, 15, 16, 17, 18, 19, 20, 21, 22, 23, 24, 25, 26, 27, 28, 29, 30, 31, 32, 33, 34, 35, 36, 37, 38, 39, 40, 41, 42, 43, 44, 45, 46, 48, 49, 50, 51, 52, 53, 54, 55, 56, 57, 58, 59, 60, 61, 62, 63, 64, 65, 66, 67, 68, 69, 71, 73, 74, 75, 76, 77, 79, 81, 85, 86, 87, 88, 89, 91, 95, 96, 97, 98, 99, 100, 101, 103, 104, 105, 106, 107, 108, 109, 111, 114, 115, 117, 118, 119, 121, 122, 123, 124, 125, 127, 129, 130, 134, 135, 139, 140, 142, 143, 144, 145, 147, 149, 150, 152, 154, 155, 156, 158, 160, 161, 162, 163, 166, 167, 168, 172, 174, 176, 177, 180, 181, 182, 183, 185, 186, 187, 188, 190, 191, 192, 193, 197, 200, 201, 204, 205, 206, 209, 211, 212, 213, 214, 220, 223, 227, 229, 231, 232, 234, 235, 239, 242, 243, 245, 246, 248, 250, 254, 255, 256, 259, 263, 266, 267, 268, 271, 274, 275, 277, 279, 282, 286, 288, 294, 304, 305, 310, 314, 317, 320, 323, 324, 325, 329, 332, 341, 343, 344, 346, 347, 351, 357, 358, 364, 371, 373, 387, 391, 392, 394, 397, 399, 400, 404, 405, 417, 419, 425, 430, 432, 438, 443, 451, 452, 453, 456, 458, 465, 466, 472, 479, 481, 485, 517, 520, 524, 537, 569, 570, 571, 584, 596, 630, 631, 660, 661, 694, 731]"
hcci_546,AsCast,roi_546,VEGA3 XMH_BSE_5000.0kV_4000.0x,256,3,0,0,770,1,"[1, 3, 9, 11, 15, 22, 23, 24, 27, 28, 29, 39, 42, 44, 47, 51, 56, 57, 58, 61, 68, 71, 72, 74, 76, 77, 87, 88, 90, 91, 93, 99, 102, 106, 107, 114, 116, 119, 126, 128, 130, 134, 141, 149, 151, 154, 158, 159, 161, 163, 167, 169, 172, 174, 176, 181, 183, 184, 185, 186, 187, 189, 193, 195, 196, 198, 200, 201, 205, 209, 213, 214, 219, 222, 225, 227, 231, 233, 236, 240, 241, 245, 249, 252, 256, 260, 261, 263, 264, 265, 266, 267, 268, 269, 270, 271, 272, 273, 274, 277, 278, 280, 282, 285, 288, 289, 291, 294, 295, 296, 299, 303, 306, 308, 309, 310, 315, 316, 322, 323, 329, 340, 342, 346, 348, 353, 358, 361, 362, 363, 364, 367, 368, 369, 374, 375, 377, 378, 381, 393, 395, 400, 402, 403, 404, 406, 407, 409, 412, 415, 418, 422, 426, 428, 430, 431, 432, 436, 438, 439, 441, 445, 447, 453, 455, 457, 459, 463, 468, 470, 474, 475, 476, 477, 481, 482, 485, 487, 488, 491, 494, 495, 497, 499, 501, 502, 503, 505, 506, 507, 509, 511, 521, 525, 526, 528, 532, 536, 538, 539, 544, 547, 548, 550, 551, 552, 555, 556, 558, 559, 565, 566, 569, 570, 572, 576, 577, 582, 583, 585, 586, 587, 591, 592, 593, 596, 600, 601, 603, 606, 613, 621, 624, 625, 631, 632, 633, 635, 636, 639, 643, 645, 651, 652, 653, 654, 657, 671, 684, 688, 689, 694, 703, 727, 748, 752]"
hcci_547,AsCast,roi_547,VEGA3 XMH_SE_5000.0kV_20000.0x,256,3,0,0,770,1,"[1, 2, 3, 4, 5, 6, 7, 8, 9, 10, 11, 12, 13, 15, 16, 17, 18, 19, 20, 21, 23, 24, 25, 26, 27, 28, 29, 30, 31, 32, 33, 34, 35, 36, 37, 38, 40, 41, 43, 44, 45, 46, 47, 48, 51, 53, 56, 58, 59, 60, 61, 62, 63, 65, 66, 67, 68, 70, 71, 73, 74, 77, 80, 81, 82, 83, 84, 85, 88, 90, 92, 93, 95, 97, 98, 100, 102, 103, 106, 110, 113, 114, 117, 119, 122, 123, 124, 126, 129, 133, 137, 139, 142, 146, 153, 156, 158, 163, 164, 166, 169, 171, 172, 175, 179, 182, 184, 186, 188, 192, 195, 196, 202, 203, 211, 212, 213, 216, 218, 219, 220, 223, 225, 230, 231, 234, 238, 239, 240, 242, 243, 245, 249, 253, 262, 263, 264, 268, 269, 273, 274, 279, 280, 282, 283, 284, 286, 292, 293, 295, 296, 297, 301, 307, 311, 317, 318, 319, 344, 345, 346, 347, 356, 360, 362, 369, 377, 381, 386, 389, 390, 397, 398, 401, 403, 405, 412, 413, 417, 421, 427, 431, 439, 442, 443, 447, 451, 453, 454, 455, 456, 458, 460, 461, 466, 468, 471, 474, 476, 477, 482, 484, 485, 487, 490, 497, 498, 499, 502, 504, 505, 510, 511, 514, 517, 519, 521, 523, 527, 529, 530, 531, 539, 541, 544, 550, 552, 553, 559, 561, 563, 564, 567, 568, 569, 589, 590, 603, 610, 613, 614, 621, 622, 628, 647, 656, 660, 662, 663, 666, 671, 672, 688, 694, 696, 739]"
hcci_548,AsCast,roi_548,VEGA3 XMH_SE_5000.0kV_20000.0x,256,3,0,0,770,1,"[1, 2, 3, 4, 5, 6, 7, 8, 9, 12, 13, 14, 16, 17, 18, 21, 23, 25, 26, 27, 29, 30, 31, 32, 34, 35, 36, 39, 40, 41, 42, 45, 46, 47, 51, 53, 56, 57, 60, 61, 64, 67, 68, 69, 71, 72, 74, 77, 79, 83, 86, 87, 92, 93, 95, 110, 113, 115, 116, 117, 124, 127, 133, 137, 139, 142, 145, 146, 147, 154, 160, 161, 165, 169, 175, 178, 184, 187, 191, 194, 196, 197, 198, 199, 200, 201, 205, 208, 218, 221, 223, 227, 233, 235, 240, 245, 254, 256, 258, 259, 260, 262, 270, 280, 285, 295, 296, 297, 299, 300, 301, 302, 305, 307, 308, 311, 313, 314, 315, 320, 321, 323, 325, 336, 338, 340, 342, 349, 350, 351, 353, 358, 361, 367, 370, 375, 377, 380, 381, 383, 385, 386, 389, 395, 400, 404, 408, 411, 412, 417, 418, 420, 422, 424, 428, 431, 433, 443, 444, 445, 446, 449, 453, 454, 455, 458, 459, 462, 474, 475, 477, 480, 482, 484, 487, 493, 497, 500, 504, 505, 507, 508, 511, 515, 518, 520, 521, 522, 525, 528, 530, 533, 535, 536, 541, 544, 545, 547, 550, 551, 552, 553, 555, 562, 563, 565, 566, 567, 569, 570, 571, 582, 584, 585, 587, 588, 589, 593, 598, 601, 603, 605, 616, 617, 619, 620, 625, 629, 630, 634, 636, 637, 642, 645, 647, 651, 653, 657, 659, 662, 665, 677, 678, 679, 680, 681, 687, 690, 693, 694, 709, 711, 712, 715, 719, 735]"
hcci_549,AsCast,roi_549,VEGA3 XMH_BSE_5000.0kV_20000.0x,256,3,0,0,770,1,"[1, 2, 3, 4, 5, 6, 7, 8, 9, 10, 11, 12, 13, 14, 15, 16, 17, 18, 19, 20, 21, 23, 24, 26, 27, 28, 29, 30, 31, 32, 34, 35, 37, 39, 40, 41, 42, 43, 44, 46, 47, 48, 49, 51, 52, 53, 54, 55, 56, 57, 58, 59, 60, 62, 63, 64, 65, 67, 69, 71, 72, 75, 76, 77, 78, 79, 80, 81, 82, 84, 85, 86, 88, 90, 92, 93, 95, 96, 97, 98, 99, 103, 104, 105, 107, 108, 110, 111, 114, 119, 120, 123, 127, 129, 132, 133, 135, 136, 139, 140, 142, 144, 145, 146, 152, 153, 155, 157, 158, 161, 162, 164, 165, 170, 171, 174, 175, 181, 184, 187, 190, 191, 195, 196, 199, 200, 201, 202, 205, 206, 207, 209, 214, 218, 219, 222, 224, 226, 228, 229, 231, 234, 235, 238, 242, 244, 246, 248, 250, 259, 261, 266, 267, 269, 270, 271, 277, 278, 280, 282, 290, 292, 293, 299, 300, 303, 304, 309, 311, 312, 314, 315, 320, 323, 325, 327, 328, 332, 335, 350, 352, 355, 358, 359, 362, 363, 372, 376, 377, 384, 385, 386, 395, 396, 399, 407, 408, 409, 411, 413, 414, 415, 416, 418, 419, 429, 432, 433, 436, 437, 439, 443, 447, 450, 456, 468, 471, 474, 480, 484, 488, 489, 491, 492, 494, 503, 504, 505, 507, 509, 511, 522, 528, 537, 543, 548, 552, 556, 557, 564, 567, 574, 575, 588, 606, 613, 619, 620, 641, 642, 645, 652, 659, 663, 666, 703]"
hcci_55,Q980_0h_WC,roi_55,Helios G4 PFIB CXe_SE_10000.0kV_5000.0x,254,3,0,0,770,1,"[1, 2, 3, 4, 5, 6, 7, 8, 9, 10, 11, 12, 13, 14, 15, 16, 17, 18, 19, 20, 21, 22, 23, 24, 25, 26, 27, 28, 29, 31, 32, 33, 34, 35, 36, 40, 41, 42, 43, 44, 45, 46, 50, 52, 53, 56, 57, 58, 59, 61, 62, 66, 70, 74, 75, 76, 77, 78, 79, 83, 86, 89, 91, 92, 93, 98, 99, 101, 104, 106, 107, 110, 120, 121, 126, 127, 131, 134, 139, 143, 146, 149, 150, 153, 155, 157, 160, 161, 162, 164, 168, 169, 173, 177, 180, 182, 192, 196, 199, 201, 209, 210, 212, 217, 218, 219, 221, 227, 228, 230, 232, 233, 241, 249, 251, 252, 257, 266, 272, 283, 285, 288, 300, 305, 306, 311, 323, 327, 331, 335, 343, 352, 354, 357, 360, 361, 362, 370, 380, 386, 388, 398, 399, 400, 412, 415, 422, 428, 431, 435, 448, 451, 458, 462, 470, 472, 474, 475, 477, 478, 480, 482, 484, 487, 494, 497, 503, 510, 512, 513, 517, 519, 520, 524, 528, 540, 542, 543, 545, 547, 552, 553, 554, 555, 559, 561, 562, 567, 569, 572, 580, 590, 596, 597, 601, 604, 606, 615, 620, 621, 626, 628, 632, 637, 638, 644, 648, 651, 653, 656, 658, 659, 663, 666, 667, 669, 674, 679, 682, 685, 689, 696, 697, 704, 707, 716, 717, 718, 719, 720, 723, 729, 731, 732, 733, 738, 741, 745, 747, 748, 750, 751, 753, 754, 757, 758, 759, 760, 761, 762, 763, 765, 769, 770]"
hcci_550,AsCast,roi_550,VEGA3 XMH_BSE_5000.0kV_20000.0x,256,3,0,0,770,1,"[1, 2, 3, 4, 5, 8, 11, 12, 13, 16, 19, 21, 23, 26, 29, 32, 33, 34, 35, 36, 39, 40, 42, 43, 45, 46, 52, 55, 57, 62, 64, 67, 68, 71, 79, 80, 86, 90, 92, 95, 96, 101, 104, 105, 106, 110, 111, 112, 116, 119, 122, 123, 125, 126, 128, 130, 131, 132, 136, 141, 142, 147, 148, 149, 153, 156, 157, 158, 162, 163, 165, 166, 168, 173, 177, 178, 185, 186, 188, 190, 191, 192, 199, 200, 204, 208, 209, 212, 213, 221, 229, 230, 233, 236, 241, 245, 247, 253, 256, 262, 265, 269, 272, 274, 276, 280, 282, 283, 285, 290, 294, 296, 297, 298, 301, 302, 303, 306, 307, 308, 313, 315, 317, 321, 322, 326, 328, 330, 334, 336, 338, 339, 342, 343, 345, 348, 352, 354, 355, 359, 360, 368, 373, 375, 379, 381, 389, 401, 402, 405, 406, 408, 413, 418, 422, 423, 425, 428, 430, 433, 435, 439, 440, 443, 445, 450, 452, 453, 457, 458, 463, 464, 467, 468, 469, 479, 481, 484, 488, 489, 491, 492, 494, 495, 497, 501, 505, 511, 515, 516, 518, 520, 521, 523, 525, 526, 528, 529, 532, 536, 539, 541, 542, 547, 549, 551, 552, 555, 556, 562, 565, 577, 579, 584, 587, 588, 589, 592, 593, 594, 595, 597, 598, 608, 609, 610, 612, 613, 619, 620, 623, 626, 631, 639, 641, 644, 647, 650, 654, 657, 666, 669, 674, 677, 683, 691, 692, 704, 705, 707, 709, 710, 714, 727, 732, 742]"
hcci_551,AsCast,roi_551,VEGA3 XMH_SE_10000.0kV_4000.0x,256,3,0,0,770,1,"[1, 2, 3, 4, 5, 6, 9, 10, 11, 12, 14, 15, 16, 18, 19, 22, 26, 28, 30, 32, 34, 36, 38, 39, 45, 46, 48, 49, 51, 52, 53, 54, 55, 56, 61, 65, 67, 68, 69, 70, 71, 72, 73, 74, 79, 81, 82, 83, 84, 85, 86, 91, 99, 101, 103, 104, 105, 109, 110, 112, 113, 114, 115, 116, 118, 121, 122, 123, 124, 125, 127, 129, 130, 134, 136, 137, 142, 145, 148, 150, 151, 152, 153, 157, 158, 160, 161, 162, 163, 169, 179, 182, 183, 187, 190, 191, 192, 195, 198, 199, 202, 203, 205, 207, 209, 210, 211, 212, 213, 216, 219, 222, 224, 225, 226, 230, 231, 234, 235, 239, 241, 244, 245, 247, 248, 254, 256, 262, 263, 266, 269, 270, 272, 274, 278, 279, 282, 283, 284, 286, 288, 289, 291, 294, 296, 297, 301, 303, 305, 306, 311, 317, 318, 319, 324, 325, 331, 333, 338, 342, 344, 346, 348, 351, 352, 356, 357, 361, 367, 369, 370, 371, 373, 376, 378, 380, 382, 388, 391, 397, 398, 400, 402, 407, 414, 423, 424, 425, 426, 436, 437, 438, 439, 443, 444, 450, 455, 456, 458, 460, 465, 468, 469, 470, 471, 478, 479, 481, 483, 484, 486, 489, 498, 500, 501, 503, 505, 509, 512, 515, 524, 527, 528, 534, 554, 555, 558, 559, 561, 563, 566, 572, 583, 586, 594, 608, 618, 623, 624, 648, 651, 656, 657, 663, 665, 678, 684, 693, 697, 699, 701, 735, 738, 741, 751, 757]"
hcci_552,AsCast,roi_552,VEGA3 XMH_SE_10000.0kV_4000.0x,256,3,0,0,770,1,"[1, 2, 3, 4, 5, 6, 7, 8, 9, 10, 11, 12, 13, 14, 15, 16, 17, 18, 19, 20, 21, 22, 24, 25, 26, 27, 28, 29, 30, 32, 33, 34, 35, 36, 37, 38, 39, 40, 41, 42, 43, 44, 45, 46, 47, 48, 49, 50, 52, 54, 55, 56, 57, 58, 59, 60, 61, 63, 64, 65, 66, 67, 68, 69, 71, 72, 73, 74, 75, 76, 77, 78, 79, 80, 81, 82, 83, 84, 86, 87, 88, 89, 90, 91, 92, 93, 94, 97, 98, 99, 100, 101, 102, 103, 107, 108, 109, 110, 112, 113, 114, 115, 117, 119, 120, 122, 123, 125, 128, 129, 131, 132, 133, 134, 136, 138, 139, 142, 145, 147, 148, 149, 150, 152, 154, 155, 158, 159, 160, 161, 163, 165, 167, 172, 173, 174, 182, 184, 187, 193, 197, 198, 202, 203, 205, 206, 208, 218, 224, 226, 233, 234, 237, 239, 242, 251, 252, 253, 254, 255, 259, 263, 265, 268, 269, 271, 274, 275, 281, 287, 288, 289, 290, 294, 301, 302, 305, 307, 314, 316, 319, 321, 324, 326, 334, 343, 346, 352, 355, 358, 361, 366, 368, 369, 373, 378, 379, 382, 383, 384, 387, 390, 392, 394, 397, 399, 400, 403, 410, 420, 425, 428, 429, 434, 435, 436, 442, 444, 453, 457, 460, 468, 473, 488, 490, 497, 503, 505, 507, 508, 512, 524, 526, 536, 540, 543, 546, 547, 553, 557, 560, 567, 578, 598, 606, 627, 636, 652, 657, 673, 687, 697, 704, 707, 743, 758]"
hcci_553,AsCast,roi_553,VEGA3 XMH_BSE_10000.0kV_4000.0x,256,3,0,0,770,1,"[1, 2, 3, 4, 5, 6, 7, 8, 9, 10, 11, 12, 13, 14, 15, 16, 17, 18, 19, 20, 21, 22, 23, 24, 25, 26, 27, 28, 29, 30, 31, 32, 33, 34, 35, 36, 37, 38, 39, 40, 41, 42, 43, 44, 45, 46, 47, 48, 49, 50, 51, 52, 53, 54, 55, 56, 57, 58, 59, 60, 61, 62, 63, 64, 65, 66, 67, 68, 69, 70, 71, 72, 73, 74, 75, 76, 77, 78, 79, 80, 81, 82, 83, 84, 85, 86, 87, 88, 90, 91, 93, 94, 95, 96, 97, 98, 99, 100, 101, 102, 103, 104, 106, 107, 109, 110, 111, 112, 113, 114, 116, 117, 119, 120, 122, 123, 124, 127, 129, 132, 133, 136, 138, 139, 142, 143, 144, 147, 149, 150, 151, 152, 154, 157, 158, 159, 162, 166, 167, 168, 171, 173, 176, 177, 178, 179, 184, 185, 186, 188, 189, 190, 191, 194, 195, 202, 204, 210, 211, 212, 215, 218, 220, 221, 222, 226, 227, 228, 229, 230, 231, 232, 236, 238, 241, 245, 246, 247, 248, 251, 254, 255, 257, 261, 262, 268, 270, 271, 275, 276, 278, 280, 291, 295, 296, 299, 301, 304, 307, 308, 309, 319, 321, 329, 333, 335, 338, 346, 354, 355, 359, 360, 366, 371, 373, 385, 386, 387, 392, 393, 397, 407, 411, 412, 413, 417, 424, 426, 430, 432, 441, 447, 453, 457, 458, 461, 469, 470, 484, 492, 496, 499, 503, 508, 515, 534, 542, 558, 579, 592, 603, 621, 625, 654, 696, 725]"
hcci_554,AsCast,roi_554,VEGA3 XMH_BSE_10000.0kV_4000.0x,256,3,0,0,770,1,"[1, 2, 3, 4, 5, 6, 7, 8, 9, 10, 11, 12, 13, 14, 15, 16, 17, 18, 19, 20, 21, 22, 23, 24, 25, 26, 27, 28, 30, 31, 33, 34, 35, 36, 38, 41, 42, 43, 45, 46, 48, 49, 50, 51, 52, 54, 56, 57, 58, 59, 60, 61, 62, 64, 67, 68, 69, 70, 71, 73, 74, 75, 76, 77, 79, 81, 83, 85, 87, 89, 91, 99, 100, 101, 103, 104, 107, 109, 110, 112, 114, 115, 116, 118, 121, 122, 123, 124, 125, 126, 128, 130, 132, 136, 139, 141, 144, 145, 148, 150, 152, 153, 156, 159, 160, 162, 165, 166, 167, 170, 172, 175, 179, 180, 182, 183, 185, 187, 188, 189, 191, 193, 194, 196, 198, 200, 206, 212, 217, 223, 224, 227, 234, 235, 239, 244, 245, 252, 256, 257, 260, 261, 262, 263, 264, 271, 273, 275, 277, 279, 281, 285, 286, 289, 290, 293, 295, 302, 303, 304, 307, 308, 312, 317, 318, 321, 323, 336, 337, 338, 340, 341, 345, 348, 349, 354, 357, 359, 361, 364, 366, 371, 385, 395, 396, 398, 407, 414, 416, 419, 420, 421, 422, 430, 431, 432, 434, 437, 440, 441, 444, 448, 449, 452, 454, 457, 458, 459, 461, 469, 476, 479, 480, 481, 492, 495, 497, 499, 501, 509, 511, 512, 513, 517, 521, 522, 524, 526, 528, 533, 534, 540, 541, 543, 544, 548, 554, 555, 556, 559, 564, 569, 575, 577, 583, 584, 588, 590, 593, 596, 608, 609, 639, 680, 688, 699]"
hcci_555,AsCast,roi_555,VEGA3 XMH_SE_10000.0kV_20000.0x,256,3,0,0,770,1,"[1, 2, 3, 4, 5, 7, 8, 9, 10, 11, 13, 14, 15, 16, 17, 18, 19, 21, 22, 23, 24, 25, 26, 27, 28, 29, 31, 32, 33, 34, 36, 37, 38, 40, 41, 42, 43, 44, 45, 46, 47, 49, 50, 53, 55, 56, 57, 58, 59, 60, 61, 62, 63, 65, 66, 67, 72, 73, 78, 80, 81, 86, 87, 88, 92, 93, 96, 97, 98, 101, 102, 104, 107, 108, 110, 111, 118, 127, 128, 130, 132, 134, 137, 143, 145, 160, 161, 162, 167, 169, 174, 185, 188, 193, 202, 212, 224, 226, 231, 232, 239, 243, 249, 250, 262, 276, 279, 280, 284, 286, 295, 310, 317, 326, 333, 336, 338, 339, 351, 353, 354, 355, 357, 359, 365, 369, 374, 378, 381, 385, 387, 388, 392, 393, 405, 423, 424, 428, 431, 441, 445, 446, 448, 449, 450, 452, 453, 460, 462, 464, 465, 467, 468, 471, 473, 475, 476, 477, 478, 480, 485, 488, 492, 493, 500, 502, 503, 506, 513, 514, 516, 520, 522, 523, 524, 525, 530, 534, 537, 544, 547, 551, 556, 559, 561, 563, 566, 568, 571, 573, 575, 577, 582, 587, 588, 590, 595, 599, 604, 605, 606, 610, 611, 612, 613, 615, 618, 622, 624, 626, 627, 628, 629, 630, 631, 633, 634, 635, 637, 640, 644, 645, 646, 647, 651, 653, 655, 656, 659, 664, 666, 668, 675, 676, 677, 680, 682, 683, 685, 686, 695, 702, 703, 704, 706, 709, 713, 714, 715, 717, 719, 726, 733, 743, 754, 764]"
hcci_556,AsCast,roi_556,VEGA3 XMH_SE_10000.0kV_20000.0x,256,3,0,0,770,1,"[1, 2, 3, 4, 5, 6, 7, 8, 9, 10, 12, 14, 15, 16, 17, 18, 20, 21, 23, 24, 25, 26, 27, 28, 29, 31, 32, 33, 34, 35, 36, 37, 38, 39, 43, 44, 45, 47, 49, 50, 51, 55, 57, 60, 63, 65, 66, 69, 71, 72, 74, 75, 79, 80, 82, 85, 86, 88, 93, 94, 97, 100, 101, 102, 105, 109, 111, 112, 116, 117, 119, 121, 125, 126, 131, 134, 135, 142, 144, 147, 155, 157, 163, 164, 173, 176, 192, 195, 196, 197, 199, 202, 205, 216, 221, 223, 224, 228, 234, 235, 241, 242, 244, 249, 255, 267, 269, 280, 285, 286, 288, 289, 296, 297, 301, 304, 307, 308, 317, 319, 324, 329, 331, 333, 334, 339, 346, 347, 348, 350, 351, 355, 357, 358, 359, 362, 363, 365, 370, 374, 376, 380, 384, 388, 391, 392, 393, 396, 399, 402, 406, 410, 411, 419, 421, 423, 427, 428, 429, 431, 444, 445, 446, 455, 458, 460, 470, 471, 473, 474, 480, 484, 488, 489, 492, 496, 497, 499, 503, 505, 507, 509, 510, 513, 515, 517, 518, 519, 521, 525, 526, 527, 529, 532, 545, 552, 557, 558, 560, 563, 565, 566, 568, 576, 577, 579, 580, 582, 584, 586, 587, 589, 590, 597, 599, 600, 601, 603, 608, 610, 612, 614, 615, 617, 619, 621, 622, 623, 624, 626, 629, 633, 637, 643, 645, 647, 656, 658, 660, 661, 662, 663, 664, 669, 677, 678, 679, 681, 684, 692, 696, 699, 709, 713, 727, 730]"
hcci_557,AsCast,roi_557,VEGA3 XMH_BSE_10000.0kV_20000.0x,256,3,0,0,770,1,"[1, 2, 3, 4, 5, 6, 7, 8, 9, 10, 11, 12, 13, 14, 15, 16, 17, 18, 19, 20, 21, 22, 23, 24, 25, 26, 27, 28, 29, 30, 31, 32, 33, 34, 35, 36, 37, 38, 39, 40, 41, 42, 43, 44, 45, 46, 47, 48, 49, 50, 51, 52, 53, 54, 55, 56, 57, 58, 59, 60, 61, 62, 63, 65, 67, 68, 69, 71, 72, 73, 74, 75, 76, 80, 82, 84, 85, 87, 88, 90, 91, 93, 94, 97, 98, 100, 101, 103, 106, 107, 111, 112, 116, 118, 121, 122, 123, 126, 127, 128, 130, 131, 132, 133, 135, 138, 140, 142, 143, 145, 147, 148, 151, 152, 154, 155, 159, 160, 165, 166, 167, 168, 169, 171, 172, 174, 175, 177, 179, 185, 188, 191, 193, 195, 198, 199, 200, 201, 202, 203, 206, 207, 212, 214, 215, 216, 217, 219, 224, 227, 228, 229, 231, 233, 235, 236, 237, 240, 243, 245, 248, 249, 250, 253, 254, 258, 259, 266, 267, 271, 272, 273, 274, 276, 277, 278, 280, 283, 284, 285, 289, 293, 300, 301, 302, 308, 311, 315, 318, 322, 324, 325, 327, 332, 334, 339, 340, 342, 344, 352, 364, 372, 380, 384, 387, 391, 393, 396, 410, 415, 421, 423, 424, 431, 432, 435, 436, 437, 438, 443, 448, 449, 450, 458, 465, 479, 483, 485, 492, 499, 515, 525, 527, 534, 541, 546, 547, 548, 550, 560, 568, 572, 584, 600, 607, 609, 612, 624, 625, 634, 639, 647, 674, 689, 696, 714]"
hcci_558,AsCast,roi_558,VEGA3 XMH_BSE_10000.0kV_20000.0x,256,3,0,0,770,1,"[1, 2, 3, 4, 5, 6, 7, 8, 9, 10, 11, 12, 13, 14, 15, 16, 17, 18, 19, 20, 21, 22, 23, 24, 25, 26, 27, 29, 31, 32, 34, 35, 36, 38, 39, 40, 41, 42, 44, 45, 46, 48, 49, 51, 52, 55, 56, 57, 58, 59, 62, 63, 64, 65, 66, 67, 69, 70, 71, 72, 73, 76, 77, 78, 79, 80, 81, 84, 85, 87, 89, 90, 92, 94, 95, 96, 97, 98, 100, 103, 105, 108, 109, 111, 112, 115, 116, 117, 118, 119, 121, 127, 128, 129, 132, 135, 136, 137, 139, 140, 146, 148, 149, 150, 151, 154, 157, 160, 162, 163, 166, 168, 170, 172, 176, 177, 180, 182, 184, 186, 187, 190, 191, 192, 193, 195, 197, 198, 202, 205, 209, 211, 213, 215, 217, 219, 220, 222, 226, 227, 231, 235, 236, 238, 240, 244, 247, 249, 260, 262, 264, 269, 270, 271, 279, 282, 283, 284, 286, 287, 288, 289, 290, 292, 297, 298, 305, 309, 310, 311, 312, 313, 314, 315, 316, 317, 318, 319, 322, 331, 334, 336, 339, 340, 341, 355, 361, 363, 367, 368, 372, 375, 376, 377, 380, 382, 385, 395, 398, 402, 414, 415, 422, 426, 427, 430, 433, 440, 441, 448, 452, 455, 457, 464, 466, 468, 472, 476, 483, 485, 486, 497, 499, 505, 509, 510, 511, 513, 514, 519, 520, 533, 542, 544, 545, 551, 558, 559, 573, 587, 600, 602, 605, 608, 615, 621, 652, 656, 661, 662, 664, 680, 684, 691, 692, 702]"
hcci_559,AsCast,roi_559,VEGA3 XMH_SE_20000.0kV_4000.0x,256,3,0,0,770,1,"[1, 2, 3, 4, 5, 6, 7, 8, 9, 10, 11, 13, 14, 15, 17, 18, 21, 22, 23, 24, 25, 26, 28, 29, 30, 32, 33, 34, 36, 37, 38, 44, 46, 47, 49, 51, 55, 57, 59, 60, 64, 65, 68, 70, 72, 74, 75, 77, 80, 84, 87, 94, 95, 96, 97, 100, 101, 102, 104, 105, 106, 107, 108, 110, 111, 112, 113, 114, 118, 120, 121, 123, 125, 126, 128, 129, 131, 133, 135, 137, 138, 140, 144, 145, 149, 153, 154, 157, 160, 162, 163, 165, 173, 175, 178, 180, 181, 187, 189, 191, 192, 193, 196, 197, 198, 201, 202, 206, 207, 208, 209, 211, 212, 215, 221, 222, 224, 227, 229, 239, 241, 247, 249, 250, 252, 254, 257, 258, 259, 260, 261, 265, 268, 269, 270, 272, 273, 274, 280, 285, 289, 294, 296, 297, 299, 302, 307, 308, 310, 311, 316, 317, 318, 319, 323, 326, 330, 332, 334, 335, 336, 337, 340, 341, 342, 351, 353, 358, 362, 363, 367, 369, 376, 379, 381, 383, 389, 391, 393, 396, 397, 403, 404, 405, 407, 412, 419, 422, 424, 429, 440, 441, 443, 449, 451, 452, 453, 454, 457, 462, 465, 470, 473, 475, 477, 482, 483, 486, 488, 496, 497, 498, 502, 504, 513, 514, 515, 518, 519, 524, 531, 535, 538, 540, 541, 543, 545, 549, 551, 566, 568, 583, 591, 592, 595, 597, 598, 600, 614, 617, 618, 631, 639, 654, 662, 664, 672, 688, 693, 697, 707, 727, 730, 734, 750, 758]"
hcci_56,Q980_0h_WC,roi_56,Helios G4 PFIB CXe_SE_10000.0kV_5000.0x,254,3,0,0,770,1,"[1, 2, 3, 4, 5, 6, 7, 8, 9, 10, 11, 12, 13, 14, 15, 16, 17, 18, 19, 20, 21, 22, 23, 24, 25, 26, 27, 28, 29, 30, 31, 32, 33, 34, 35, 36, 37, 38, 39, 40, 41, 42, 43, 44, 45, 46, 47, 48, 49, 50, 51, 52, 53, 54, 55, 56, 57, 59, 60, 61, 62, 63, 65, 66, 69, 70, 72, 73, 74, 80, 81, 83, 90, 92, 94, 97, 98, 99, 100, 102, 106, 107, 108, 109, 112, 114, 115, 121, 122, 125, 126, 128, 131, 135, 136, 139, 141, 143, 146, 147, 153, 157, 164, 168, 172, 176, 181, 183, 185, 191, 201, 202, 205, 208, 211, 217, 220, 224, 226, 228, 230, 234, 236, 244, 247, 252, 256, 258, 261, 266, 267, 269, 271, 280, 281, 283, 289, 298, 301, 303, 308, 319, 325, 327, 330, 335, 341, 349, 351, 356, 359, 360, 367, 375, 379, 381, 404, 406, 407, 412, 416, 429, 433, 436, 440, 444, 445, 450, 453, 465, 469, 472, 480, 489, 490, 491, 492, 500, 501, 502, 507, 509, 513, 514, 523, 525, 526, 536, 548, 549, 552, 566, 572, 575, 576, 579, 580, 585, 589, 592, 597, 602, 605, 607, 608, 611, 617, 619, 622, 624, 626, 627, 628, 635, 641, 642, 644, 648, 652, 653, 661, 662, 664, 667, 670, 671, 673, 674, 676, 686, 694, 702, 704, 705, 706, 709, 712, 725, 726, 728, 734, 736, 741, 744, 746, 747, 754, 758, 761, 762, 765, 766, 767, 770]"
hcci_560,AsCast,roi_560,VEGA3 XMH_SE_20000.0kV_4000.0x,256,3,0,0,770,1,"[1, 2, 3, 4, 5, 6, 7, 8, 9, 10, 11, 12, 13, 14, 15, 17, 18, 19, 20, 21, 22, 24, 25, 26, 27, 28, 29, 30, 31, 32, 33, 34, 35, 37, 39, 40, 41, 42, 43, 44, 45, 46, 47, 48, 49, 50, 51, 52, 53, 54, 55, 56, 57, 58, 59, 60, 61, 62, 63, 64, 66, 67, 68, 69, 70, 71, 72, 73, 74, 75, 76, 77, 78, 79, 80, 81, 82, 84, 85, 86, 87, 88, 89, 91, 92, 93, 94, 96, 97, 98, 99, 100, 101, 102, 105, 107, 108, 109, 110, 112, 113, 114, 115, 116, 117, 119, 122, 123, 124, 125, 127, 128, 129, 131, 132, 133, 134, 135, 136, 137, 138, 139, 140, 143, 148, 150, 153, 157, 158, 159, 162, 163, 164, 168, 173, 174, 176, 177, 178, 180, 193, 194, 199, 201, 203, 208, 209, 211, 215, 217, 218, 220, 222, 226, 231, 234, 237, 238, 240, 242, 248, 250, 253, 259, 263, 264, 265, 268, 275, 281, 284, 294, 302, 303, 307, 309, 310, 311, 319, 323, 326, 337, 338, 340, 341, 344, 348, 353, 357, 358, 359, 363, 367, 369, 373, 380, 381, 384, 386, 387, 390, 391, 393, 394, 398, 401, 408, 410, 416, 420, 421, 424, 425, 427, 428, 434, 454, 458, 464, 466, 472, 473, 474, 476, 482, 484, 486, 492, 513, 515, 516, 521, 523, 531, 535, 544, 558, 563, 568, 574, 577, 584, 586, 589, 620, 624, 625, 638, 681, 687, 688, 690, 707, 708, 753, 764]"
hcci_561,AsCast,roi_561,VEGA3 XMH_BSE_20000.0kV_4000.0x,256,3,0,0,770,1,"[1, 2, 3, 4, 5, 6, 7, 8, 9, 10, 11, 12, 13, 14, 15, 16, 17, 18, 19, 20, 21, 22, 23, 24, 25, 26, 27, 28, 29, 30, 31, 32, 33, 34, 35, 36, 37, 38, 39, 40, 41, 42, 43, 44, 45, 46, 47, 48, 49, 50, 51, 52, 53, 54, 55, 56, 57, 58, 59, 60, 61, 62, 63, 64, 65, 66, 67, 68, 69, 70, 71, 72, 73, 74, 75, 76, 77, 78, 79, 80, 81, 82, 83, 84, 85, 86, 87, 88, 89, 90, 91, 92, 93, 94, 95, 96, 97, 99, 101, 102, 103, 104, 105, 106, 107, 108, 109, 110, 111, 112, 114, 115, 116, 117, 118, 119, 121, 122, 123, 124, 126, 128, 131, 134, 135, 136, 137, 138, 139, 140, 141, 143, 145, 147, 151, 156, 159, 160, 162, 163, 164, 173, 174, 176, 177, 178, 181, 182, 184, 186, 190, 193, 194, 196, 200, 201, 207, 211, 213, 215, 216, 218, 220, 221, 227, 229, 230, 234, 247, 251, 254, 255, 256, 258, 262, 263, 267, 278, 279, 283, 285, 287, 291, 292, 296, 299, 300, 306, 307, 316, 318, 320, 322, 324, 325, 329, 332, 334, 335, 336, 337, 338, 339, 340, 348, 350, 356, 357, 361, 362, 365, 368, 371, 372, 373, 380, 382, 392, 395, 406, 407, 411, 418, 428, 431, 433, 436, 438, 445, 461, 464, 473, 475, 476, 483, 495, 500, 510, 513, 514, 516, 518, 550, 562, 568, 575, 581, 597, 610, 611, 634, 661, 666, 671, 718, 750]"
hcci_562,AsCast,roi_562,VEGA3 XMH_BSE_20000.0kV_4000.0x,256,3,0,0,770,1,"[1, 2, 3, 4, 5, 6, 7, 8, 9, 10, 11, 12, 13, 14, 15, 16, 17, 18, 19, 20, 21, 22, 23, 24, 25, 26, 27, 28, 29, 30, 31, 32, 33, 34, 35, 36, 37, 38, 39, 40, 41, 42, 43, 44, 45, 46, 47, 48, 49, 50, 51, 52, 53, 54, 55, 56, 57, 58, 59, 60, 61, 62, 63, 64, 65, 66, 67, 68, 69, 70, 71, 72, 73, 74, 75, 76, 77, 78, 79, 80, 81, 82, 83, 84, 85, 86, 87, 88, 89, 90, 91, 92, 93, 94, 95, 96, 97, 98, 99, 102, 104, 106, 107, 108, 109, 111, 113, 114, 117, 118, 121, 123, 124, 125, 126, 127, 128, 130, 132, 133, 134, 135, 137, 138, 139, 140, 141, 145, 146, 147, 152, 154, 159, 162, 163, 164, 165, 166, 167, 169, 170, 171, 174, 175, 177, 178, 179, 180, 185, 187, 191, 192, 194, 196, 197, 199, 201, 202, 203, 204, 205, 207, 208, 213, 215, 233, 234, 238, 240, 243, 246, 247, 250, 254, 256, 257, 258, 262, 264, 272, 275, 276, 286, 287, 290, 294, 300, 304, 312, 314, 323, 326, 327, 331, 345, 346, 357, 358, 362, 364, 365, 366, 367, 370, 372, 378, 382, 384, 390, 395, 396, 397, 398, 399, 406, 408, 410, 411, 412, 415, 420, 431, 443, 445, 449, 450, 455, 456, 457, 459, 460, 462, 469, 472, 473, 475, 477, 481, 501, 502, 509, 511, 516, 518, 519, 522, 527, 541, 544, 548, 594, 600, 601, 603, 648, 692]"
hcci_563,AsCast,roi_563,VEGA3 XMH_SE_20000.0kV_20000.0x,256,3,0,0,770,1,"[1, 2, 3, 4, 5, 6, 7, 8, 9, 10, 11, 12, 13, 14, 15, 16, 17, 18, 19, 20, 21, 22, 23, 24, 25, 26, 27, 28, 29, 30, 31, 32, 33, 34, 35, 36, 37, 38, 39, 41, 42, 43, 44, 45, 46, 47, 48, 49, 51, 53, 54, 55, 56, 57, 59, 60, 61, 63, 66, 67, 68, 69, 70, 71, 73, 75, 76, 77, 78, 80, 83, 84, 85, 90, 94, 95, 96, 97, 98, 103, 105, 107, 113, 115, 117, 118, 119, 120, 125, 127, 130, 133, 134, 138, 141, 147, 148, 150, 151, 155, 157, 158, 161, 163, 164, 165, 168, 169, 172, 174, 175, 176, 178, 179, 183, 185, 186, 188, 189, 192, 195, 196, 197, 198, 201, 202, 203, 205, 209, 210, 213, 216, 221, 222, 225, 229, 234, 238, 244, 245, 246, 247, 252, 254, 256, 257, 261, 276, 279, 280, 285, 301, 302, 304, 305, 307, 311, 315, 330, 331, 339, 350, 356, 357, 359, 364, 365, 366, 370, 373, 378, 382, 385, 387, 394, 403, 406, 408, 410, 411, 417, 419, 421, 425, 429, 435, 436, 443, 446, 448, 451, 455, 457, 458, 459, 460, 461, 462, 465, 467, 469, 475, 476, 487, 489, 492, 496, 499, 500, 502, 503, 512, 514, 515, 519, 522, 525, 527, 529, 542, 549, 550, 560, 563, 566, 568, 569, 570, 572, 575, 583, 596, 601, 607, 613, 618, 625, 627, 635, 642, 644, 645, 646, 650, 659, 676, 703, 709, 717, 718, 719, 722, 723, 729, 731, 758]"
hcci_564,AsCast,roi_564,VEGA3 XMH_SE_20000.0kV_20000.0x,256,3,0,0,770,1,"[1, 2, 3, 4, 5, 6, 7, 8, 9, 10, 11, 12, 13, 14, 15, 16, 17, 18, 19, 20, 21, 22, 23, 24, 25, 26, 27, 28, 29, 30, 31, 32, 33, 34, 35, 36, 37, 39, 40, 41, 42, 43, 44, 45, 46, 47, 48, 49, 51, 52, 53, 55, 56, 57, 58, 59, 60, 61, 62, 63, 65, 69, 73, 74, 75, 76, 80, 81, 82, 83, 84, 88, 89, 91, 92, 93, 95, 98, 99, 101, 103, 106, 107, 113, 115, 116, 118, 119, 123, 124, 128, 130, 139, 143, 145, 146, 147, 154, 155, 157, 158, 160, 161, 164, 165, 176, 178, 180, 183, 186, 199, 210, 211, 214, 217, 223, 224, 227, 229, 236, 244, 246, 259, 262, 266, 267, 272, 273, 281, 282, 289, 293, 294, 296, 299, 301, 302, 303, 306, 321, 329, 333, 336, 340, 341, 342, 348, 356, 359, 361, 362, 363, 366, 367, 372, 376, 378, 379, 389, 394, 400, 410, 416, 422, 424, 425, 427, 428, 430, 431, 432, 434, 436, 438, 439, 447, 450, 451, 453, 458, 466, 468, 472, 479, 482, 486, 492, 496, 497, 501, 510, 518, 521, 522, 524, 527, 529, 532, 533, 537, 543, 545, 551, 553, 555, 558, 560, 562, 563, 565, 566, 575, 577, 578, 580, 584, 587, 591, 596, 597, 599, 600, 601, 604, 608, 614, 620, 627, 628, 630, 636, 639, 640, 642, 643, 647, 648, 649, 652, 654, 656, 661, 672, 676, 678, 694, 696, 707, 711, 714, 719, 728, 734, 747, 749, 752]"
hcci_565,AsCast,roi_565,VEGA3 XMH_BSE_20000.0kV_20000.0x,256,3,0,0,770,1,"[1, 2, 3, 4, 5, 6, 7, 8, 9, 10, 11, 12, 13, 14, 15, 16, 17, 18, 19, 20, 21, 22, 23, 24, 25, 26, 27, 28, 29, 30, 31, 32, 33, 34, 35, 36, 37, 38, 40, 41, 43, 44, 47, 48, 49, 50, 52, 53, 54, 56, 57, 58, 59, 60, 61, 62, 64, 68, 69, 70, 71, 72, 73, 74, 75, 76, 77, 78, 80, 84, 85, 86, 87, 88, 89, 90, 92, 94, 95, 96, 97, 98, 101, 102, 104, 105, 114, 115, 117, 120, 121, 122, 127, 130, 132, 133, 136, 141, 143, 146, 147, 150, 153, 155, 156, 159, 160, 164, 165, 172, 175, 183, 195, 196, 201, 209, 218, 220, 231, 232, 235, 238, 241, 252, 253, 254, 257, 259, 269, 271, 272, 280, 284, 288, 289, 290, 295, 296, 297, 300, 301, 303, 305, 312, 315, 318, 320, 322, 324, 326, 328, 330, 331, 334, 338, 349, 351, 352, 355, 356, 358, 359, 360, 362, 366, 368, 374, 377, 379, 380, 386, 391, 398, 402, 404, 405, 407, 411, 418, 419, 420, 421, 423, 424, 430, 443, 447, 448, 452, 455, 457, 466, 478, 480, 481, 495, 496, 497, 503, 504, 511, 516, 520, 525, 527, 539, 540, 541, 546, 552, 553, 556, 559, 561, 562, 563, 567, 569, 571, 585, 602, 609, 610, 616, 624, 626, 628, 638, 639, 640, 641, 642, 643, 645, 648, 664, 670, 681, 685, 694, 696, 698, 702, 705, 708, 717, 720, 722, 727, 729, 730, 734, 749, 755, 758, 760]"
hcci_566,AsCast,roi_566,VEGA3 XMH_BSE_20000.0kV_20000.0x,256,3,0,0,770,1,"[1, 2, 3, 4, 5, 6, 7, 8, 9, 10, 11, 12, 13, 14, 15, 16, 17, 18, 19, 21, 22, 23, 24, 25, 26, 28, 31, 32, 33, 34, 35, 37, 38, 41, 42, 44, 45, 46, 48, 49, 50, 51, 53, 54, 55, 56, 58, 62, 67, 68, 69, 70, 72, 73, 75, 78, 80, 81, 82, 83, 84, 86, 87, 88, 90, 91, 93, 96, 98, 100, 101, 102, 103, 105, 107, 112, 113, 116, 118, 119, 121, 122, 123, 128, 130, 134, 135, 141, 143, 144, 147, 154, 159, 161, 163, 166, 172, 173, 180, 185, 191, 192, 193, 200, 201, 204, 206, 221, 222, 228, 229, 234, 235, 236, 242, 247, 254, 259, 260, 264, 265, 266, 271, 272, 273, 274, 279, 280, 284, 285, 291, 297, 298, 302, 303, 308, 309, 318, 324, 330, 331, 332, 339, 340, 341, 345, 346, 349, 352, 354, 356, 357, 358, 361, 363, 364, 370, 375, 377, 384, 385, 390, 394, 398, 401, 402, 405, 410, 412, 415, 419, 422, 428, 430, 431, 433, 435, 437, 438, 439, 440, 442, 443, 445, 450, 453, 458, 459, 465, 469, 473, 477, 483, 486, 487, 488, 497, 498, 499, 500, 501, 503, 504, 522, 523, 524, 529, 539, 542, 545, 546, 548, 549, 552, 554, 556, 557, 564, 572, 577, 578, 590, 594, 612, 616, 621, 625, 630, 631, 632, 634, 636, 640, 645, 649, 651, 656, 660, 661, 663, 666, 669, 680, 684, 702, 705, 715, 718, 719, 726, 732, 739, 742, 749, 751, 756]"
hcci_567,Q980_0h_WC,roi_567,VEGA3 XMH_SE_5000.0kV_4000.0x,254,3,0,0,770,1,"[1, 2, 3, 4, 5, 6, 7, 8, 9, 10, 11, 12, 13, 14, 15, 16, 17, 18, 19, 20, 21, 22, 23, 24, 25, 26, 27, 28, 29, 30, 31, 32, 36, 37, 39, 44, 45, 47, 54, 59, 63, 67, 68, 69, 72, 79, 81, 83, 84, 86, 88, 91, 92, 94, 97, 99, 101, 102, 103, 105, 107, 108, 109, 110, 112, 113, 117, 124, 125, 126, 133, 140, 141, 142, 144, 152, 154, 155, 156, 157, 160, 162, 168, 171, 173, 177, 179, 180, 182, 184, 185, 186, 190, 193, 194, 196, 201, 204, 213, 214, 221, 222, 223, 228, 231, 233, 238, 242, 246, 256, 257, 260, 261, 263, 264, 266, 267, 269, 272, 274, 275, 276, 277, 278, 281, 283, 287, 288, 294, 295, 296, 300, 302, 314, 317, 319, 320, 321, 322, 323, 324, 325, 327, 330, 331, 332, 338, 342, 344, 346, 347, 350, 352, 354, 356, 358, 359, 365, 371, 372, 376, 385, 386, 388, 392, 395, 397, 399, 405, 407, 411, 415, 416, 419, 422, 425, 426, 427, 433, 436, 438, 440, 442, 452, 455, 463, 464, 468, 474, 477, 483, 486, 488, 491, 498, 499, 500, 501, 502, 510, 514, 518, 519, 521, 533, 536, 537, 543, 544, 545, 546, 551, 554, 570, 577, 581, 584, 588, 608, 617, 618, 620, 624, 626, 629, 630, 635, 638, 643, 650, 653, 654, 655, 662, 677, 678, 682, 683, 690, 695, 700, 703, 711, 714, 720, 723, 735, 740, 744, 747, 750, 751, 758, 759]"
hcci_568,Q980_0h_WC,roi_568,VEGA3 XMH_SE_5000.0kV_4000.0x,254,3,0,0,770,1,"[1, 2, 3, 4, 5, 6, 7, 8, 9, 10, 11, 12, 13, 14, 15, 16, 17, 18, 19, 20, 21, 22, 24, 25, 26, 27, 28, 29, 30, 31, 32, 33, 35, 36, 37, 38, 39, 40, 41, 42, 45, 47, 48, 51, 54, 57, 60, 63, 64, 66, 69, 73, 74, 75, 76, 77, 79, 86, 87, 88, 93, 94, 95, 99, 100, 102, 105, 107, 112, 113, 117, 118, 121, 124, 125, 126, 134, 137, 138, 140, 141, 144, 147, 148, 150, 153, 157, 158, 159, 161, 162, 165, 168, 171, 175, 177, 184, 186, 188, 191, 193, 198, 199, 204, 206, 207, 209, 213, 215, 216, 222, 224, 225, 226, 227, 229, 230, 232, 234, 239, 245, 246, 250, 251, 252, 254, 256, 257, 258, 259, 260, 263, 270, 273, 276, 277, 279, 280, 281, 287, 289, 290, 291, 292, 297, 300, 311, 328, 329, 331, 336, 341, 346, 350, 353, 360, 361, 376, 377, 379, 384, 386, 388, 389, 392, 399, 400, 405, 409, 410, 412, 420, 424, 428, 433, 438, 440, 442, 444, 459, 460, 464, 467, 470, 472, 474, 486, 490, 495, 502, 506, 508, 515, 521, 523, 532, 538, 539, 540, 543, 545, 553, 554, 560, 572, 576, 581, 587, 599, 608, 611, 615, 617, 625, 627, 629, 630, 633, 635, 639, 648, 656, 665, 672, 686, 688, 691, 699, 702, 704, 708, 709, 711, 712, 719, 728, 730, 740, 744, 746, 747, 748, 755, 757, 758, 760, 761, 763, 765, 766, 767, 768, 769, 770]"
hcci_569,Q980_0h_WC,roi_569,VEGA3 XMH_BSE_5000.0kV_4000.0x,254,3,0,0,770,1,"[1, 2, 3, 4, 5, 6, 7, 8, 9, 10, 11, 12, 16, 17, 19, 20, 22, 23, 25, 29, 32, 33, 34, 35, 37, 41, 45, 50, 53, 54, 55, 56, 58, 61, 62, 64, 65, 74, 76, 78, 81, 82, 83, 85, 86, 87, 89, 91, 92, 93, 94, 95, 97, 99, 101, 105, 106, 107, 112, 117, 123, 126, 128, 129, 132, 133, 134, 135, 136, 137, 140, 141, 142, 144, 148, 149, 150, 151, 153, 154, 161, 170, 173, 174, 176, 177, 181, 183, 185, 187, 190, 191, 194, 195, 197, 198, 201, 204, 205, 208, 211, 212, 213, 216, 218, 219, 221, 223, 232, 234, 240, 247, 249, 265, 267, 269, 270, 272, 278, 279, 282, 286, 290, 291, 292, 298, 313, 316, 326, 329, 331, 333, 335, 338, 340, 344, 345, 352, 364, 376, 377, 378, 385, 386, 387, 400, 402, 413, 414, 417, 418, 423, 426, 427, 430, 432, 437, 439, 447, 454, 461, 467, 479, 480, 481, 483, 486, 501, 503, 507, 512, 516, 517, 518, 519, 520, 533, 534, 538, 540, 543, 550, 552, 557, 558, 565, 569, 571, 572, 573, 574, 576, 578, 579, 580, 589, 594, 600, 601, 602, 604, 606, 607, 608, 627, 632, 633, 636, 642, 646, 647, 652, 656, 658, 663, 674, 677, 684, 693, 700, 702, 703, 710, 711, 713, 719, 721, 726, 728, 731, 733, 734, 738, 739, 741, 742, 745, 746, 747, 749, 751, 753, 754, 758, 759, 760, 762, 763, 764, 765, 767, 768, 769, 770]"
hcci_57,Q980_0h_WC,roi_57,Helios G4 PFIB CXe_BSE_10000.0kV_5000.0x,254,3,0,0,770,1,"[1, 2, 3, 4, 5, 6, 7, 8, 9, 10, 11, 12, 13, 14, 15, 16, 17, 18, 19, 20, 22, 23, 24, 25, 26, 28, 30, 31, 32, 33, 34, 35, 36, 37, 38, 40, 43, 44, 45, 46, 50, 51, 52, 53, 54, 55, 56, 57, 58, 59, 62, 65, 66, 70, 78, 79, 82, 83, 85, 86, 87, 88, 92, 93, 94, 105, 107, 108, 111, 114, 117, 118, 119, 134, 138, 139, 147, 154, 156, 160, 165, 166, 168, 170, 173, 179, 181, 187, 190, 196, 197, 199, 202, 207, 208, 209, 211, 213, 215, 216, 218, 219, 226, 228, 238, 240, 241, 249, 250, 251, 254, 256, 260, 262, 263, 266, 267, 273, 280, 282, 287, 289, 292, 294, 297, 298, 301, 308, 309, 313, 314, 318, 319, 323, 324, 329, 330, 331, 339, 345, 360, 362, 364, 374, 377, 379, 385, 386, 389, 396, 406, 407, 413, 419, 424, 427, 433, 436, 441, 447, 460, 467, 474, 475, 483, 493, 495, 496, 499, 510, 515, 518, 525, 529, 531, 533, 534, 539, 543, 544, 545, 548, 559, 564, 571, 576, 578, 581, 588, 591, 592, 595, 596, 597, 598, 601, 602, 604, 610, 616, 617, 622, 626, 644, 649, 650, 655, 659, 660, 662, 663, 665, 667, 671, 678, 687, 698, 699, 701, 703, 704, 706, 707, 710, 714, 717, 722, 725, 726, 728, 729, 731, 732, 733, 734, 736, 738, 739, 740, 741, 742, 743, 746, 747, 748, 751, 753, 754, 758, 760, 762, 764, 765, 767]"
hcci_570,Q980_0h_WC,roi_570,VEGA3 XMH_BSE_5000.0kV_4000.0x,254,3,0,0,770,1,"[1, 2, 3, 6, 7, 9, 10, 11, 13, 14, 19, 21, 24, 25, 26, 27, 28, 30, 32, 33, 34, 39, 43, 44, 45, 47, 50, 51, 52, 56, 58, 59, 60, 62, 63, 64, 70, 71, 73, 74, 75, 78, 80, 81, 84, 85, 88, 89, 90, 91, 93, 95, 96, 105, 107, 108, 109, 110, 116, 120, 121, 125, 127, 131, 135, 141, 142, 143, 144, 151, 159, 161, 162, 165, 169, 170, 180, 184, 185, 186, 188, 195, 198, 206, 208, 212, 213, 215, 217, 220, 221, 224, 225, 228, 229, 230, 231, 235, 236, 237, 238, 239, 243, 244, 248, 250, 255, 261, 262, 263, 266, 267, 271, 279, 282, 285, 286, 290, 295, 299, 302, 311, 317, 318, 320, 325, 326, 329, 331, 332, 335, 342, 343, 345, 346, 349, 351, 354, 356, 357, 364, 365, 366, 368, 370, 374, 377, 380, 382, 383, 384, 385, 388, 394, 401, 410, 411, 414, 418, 419, 421, 430, 431, 434, 438, 440, 444, 447, 448, 449, 451, 453, 454, 466, 469, 483, 484, 486, 487, 488, 496, 497, 506, 509, 512, 513, 515, 516, 519, 522, 523, 527, 536, 539, 549, 558, 559, 562, 572, 576, 592, 602, 607, 608, 613, 622, 625, 631, 634, 636, 638, 646, 651, 654, 661, 686, 692, 693, 696, 699, 710, 715, 720, 721, 723, 726, 727, 728, 730, 735, 736, 741, 744, 745, 746, 748, 749, 750, 751, 752, 754, 755, 757, 758, 759, 761, 762, 764, 765, 766, 767, 768, 769, 770]"
hcci_571,Q980_0h_WC,roi_571,VEGA3 XMH_SE_5000.0kV_20000.0x,255,2,0,0,771,1,"[1, 2, 3, 4, 5, 6, 7, 8, 9, 10, 11, 12, 13, 14, 15, 16, 17, 18, 19, 20, 22, 23, 25, 26, 27, 28, 29, 30, 32, 33, 34, 35, 36, 37, 39, 40, 41, 42, 43, 44, 46, 47, 48, 51, 55, 56, 57, 58, 59, 60, 61, 66, 67, 69, 70, 71, 72, 74, 75, 77, 79, 80, 81, 82, 83, 84, 86, 87, 89, 90, 93, 96, 97, 99, 101, 103, 104, 106, 107, 108, 109, 113, 115, 116, 117, 118, 123, 131, 136, 141, 142, 143, 146, 148, 149, 152, 153, 156, 158, 160, 164, 169, 179, 184, 187, 188, 189, 191, 196, 201, 202, 203, 207, 209, 210, 216, 217, 218, 220, 224, 227, 228, 229, 230, 235, 239, 240, 241, 243, 245, 246, 247, 248, 252, 253, 254, 256, 268, 269, 274, 277, 280, 286, 290, 291, 293, 295, 299, 302, 303, 308, 315, 317, 320, 324, 331, 341, 346, 364, 369, 376, 377, 382, 383, 388, 389, 392, 393, 394, 419, 425, 434, 462, 465, 467, 468, 474, 477, 481, 494, 496, 508, 510, 511, 512, 515, 517, 518, 519, 520, 525, 527, 533, 534, 535, 537, 540, 546, 551, 552, 560, 563, 567, 569, 570, 571, 573, 574, 580, 582, 583, 585, 590, 595, 599, 606, 609, 618, 627, 636, 645, 652, 653, 660, 663, 665, 674, 684, 689, 697, 702, 703, 704, 707, 711, 718, 720, 724, 725, 726, 727, 728, 738, 742, 743, 746, 750, 752, 755, 757, 760, 766, 767, 768, 769]"
hcci_572,Q980_0h_WC,roi_572,VEGA3 XMH_SE_5000.0kV_20000.0x,255,2,0,0,771,1,"[1, 2, 3, 4, 5, 6, 7, 8, 9, 10, 11, 12, 13, 14, 15, 16, 17, 18, 19, 20, 21, 22, 23, 24, 25, 27, 28, 29, 30, 31, 35, 36, 37, 38, 39, 40, 41, 43, 44, 47, 48, 49, 51, 52, 56, 60, 64, 65, 67, 69, 71, 77, 79, 81, 86, 87, 89, 91, 94, 96, 97, 103, 106, 110, 111, 113, 115, 119, 121, 123, 124, 125, 127, 128, 132, 136, 137, 140, 143, 147, 148, 150, 151, 154, 156, 158, 162, 166, 168, 169, 171, 172, 174, 176, 180, 181, 182, 184, 187, 189, 190, 192, 194, 198, 201, 203, 204, 212, 226, 228, 233, 239, 259, 260, 266, 267, 270, 274, 276, 278, 280, 283, 284, 285, 286, 287, 288, 291, 294, 295, 302, 304, 309, 310, 311, 312, 315, 317, 318, 319, 321, 322, 324, 329, 330, 334, 341, 343, 348, 358, 359, 362, 364, 374, 377, 378, 380, 382, 383, 394, 395, 399, 402, 405, 407, 412, 416, 417, 419, 420, 421, 422, 427, 443, 446, 451, 453, 456, 458, 462, 463, 464, 465, 467, 476, 483, 486, 499, 505, 506, 507, 510, 528, 529, 530, 535, 538, 542, 544, 545, 548, 550, 554, 555, 558, 559, 582, 590, 592, 594, 595, 603, 607, 615, 638, 640, 646, 651, 655, 657, 660, 664, 672, 679, 681, 683, 689, 691, 697, 700, 705, 707, 708, 715, 716, 723, 726, 727, 731, 732, 736, 740, 742, 747, 748, 755, 756, 757, 760, 763, 765, 766, 767, 769, 771]"
hcci_573,Q980_0h_WC,roi_573,VEGA3 XMH_BSE_5000.0kV_20000.0x,254,3,0,0,770,1,"[1, 2, 3, 4, 5, 6, 7, 8, 9, 10, 11, 12, 13, 14, 15, 17, 18, 19, 20, 21, 23, 24, 25, 26, 27, 28, 29, 31, 32, 34, 38, 40, 42, 48, 51, 55, 56, 58, 59, 63, 66, 72, 73, 74, 75, 79, 86, 87, 92, 93, 94, 95, 96, 103, 109, 112, 113, 117, 118, 120, 127, 134, 137, 138, 141, 142, 143, 149, 151, 153, 157, 166, 170, 176, 180, 184, 186, 191, 192, 193, 197, 198, 199, 200, 202, 204, 205, 207, 208, 212, 214, 220, 224, 227, 229, 233, 234, 237, 238, 239, 242, 244, 245, 248, 254, 259, 267, 277, 281, 283, 287, 288, 293, 296, 306, 309, 314, 321, 323, 324, 328, 332, 334, 337, 343, 346, 350, 354, 357, 358, 359, 360, 362, 367, 370, 374, 379, 381, 385, 387, 389, 393, 394, 400, 402, 406, 412, 419, 423, 425, 428, 443, 444, 447, 450, 452, 454, 458, 460, 464, 466, 468, 469, 472, 475, 476, 477, 479, 480, 486, 488, 490, 491, 495, 506, 507, 508, 512, 522, 532, 534, 536, 547, 550, 557, 559, 562, 563, 566, 570, 575, 576, 578, 579, 580, 584, 592, 593, 594, 602, 604, 609, 612, 613, 619, 620, 637, 639, 648, 649, 657, 660, 661, 669, 671, 677, 682, 684, 687, 691, 692, 695, 697, 702, 705, 708, 710, 711, 715, 718, 719, 720, 725, 726, 732, 734, 735, 739, 742, 744, 745, 746, 747, 748, 753, 754, 760, 761, 762, 763, 764, 765, 766, 768]"
hcci_574,Q980_0h_WC,roi_574,VEGA3 XMH_BSE_5000.0kV_20000.0x,254,3,0,0,770,1,"[1, 2, 3, 4, 5, 7, 8, 9, 10, 11, 12, 14, 15, 18, 19, 22, 24, 25, 29, 30, 31, 33, 37, 38, 40, 42, 43, 44, 47, 57, 58, 61, 63, 67, 73, 74, 75, 80, 81, 82, 98, 99, 100, 101, 107, 114, 116, 121, 125, 127, 129, 131, 137, 143, 148, 149, 150, 153, 154, 163, 164, 166, 172, 175, 178, 179, 181, 184, 186, 189, 193, 194, 198, 201, 203, 207, 216, 218, 226, 231, 235, 236, 237, 244, 245, 249, 253, 255, 258, 261, 266, 267, 269, 277, 279, 284, 287, 288, 294, 298, 300, 302, 304, 307, 309, 313, 321, 323, 330, 332, 334, 337, 339, 340, 341, 348, 349, 352, 353, 354, 355, 358, 362, 364, 369, 375, 377, 379, 382, 383, 385, 388, 389, 391, 398, 401, 402, 405, 411, 419, 425, 428, 430, 432, 433, 453, 456, 459, 463, 465, 470, 471, 473, 482, 487, 491, 492, 500, 510, 512, 515, 520, 523, 524, 525, 527, 529, 533, 534, 537, 541, 544, 553, 554, 555, 557, 561, 565, 566, 573, 581, 582, 585, 592, 600, 602, 604, 606, 608, 609, 610, 611, 625, 628, 634, 641, 644, 645, 646, 647, 648, 653, 654, 656, 657, 659, 660, 661, 664, 665, 666, 671, 672, 675, 681, 682, 687, 688, 691, 694, 697, 705, 706, 707, 708, 710, 715, 717, 719, 720, 721, 727, 729, 730, 733, 734, 736, 742, 743, 744, 745, 748, 749, 750, 751, 752, 754, 761, 762, 763, 765, 767, 768, 770]"
hcci_575,Q980_0h_WC,roi_575,VEGA3 XMH_SE_10000.0kV_4000.0x,254,3,0,0,770,1,"[1, 2, 3, 4, 5, 6, 7, 8, 9, 10, 11, 12, 13, 14, 15, 16, 17, 18, 19, 20, 21, 22, 23, 24, 25, 26, 27, 28, 29, 35, 37, 39, 41, 43, 49, 50, 59, 60, 64, 68, 70, 71, 76, 77, 79, 81, 85, 88, 90, 95, 97, 99, 101, 102, 104, 111, 112, 114, 116, 118, 121, 122, 123, 124, 132, 133, 140, 141, 142, 144, 147, 150, 157, 159, 162, 165, 170, 171, 173, 178, 179, 180, 182, 185, 189, 190, 196, 198, 201, 205, 210, 217, 219, 225, 226, 227, 230, 233, 234, 236, 242, 247, 248, 250, 252, 253, 254, 255, 257, 259, 265, 271, 274, 277, 280, 290, 291, 297, 298, 301, 302, 304, 306, 312, 314, 316, 320, 321, 322, 324, 327, 332, 333, 334, 335, 337, 344, 345, 347, 353, 355, 356, 357, 359, 360, 362, 364, 365, 368, 371, 373, 374, 376, 379, 380, 382, 383, 386, 391, 392, 397, 401, 403, 405, 406, 408, 414, 415, 421, 423, 424, 429, 431, 432, 434, 441, 442, 449, 451, 452, 456, 459, 460, 463, 464, 465, 472, 477, 479, 480, 485, 488, 490, 491, 497, 499, 500, 502, 505, 506, 508, 512, 513, 515, 520, 524, 526, 527, 532, 543, 546, 548, 550, 554, 555, 571, 573, 577, 581, 585, 589, 599, 601, 602, 614, 626, 627, 631, 632, 633, 634, 635, 645, 651, 653, 655, 659, 662, 664, 665, 666, 669, 674, 682, 685, 694, 704, 705, 710, 717, 718, 721, 727, 733]"
hcci_576,Q980_0h_WC,roi_576,VEGA3 XMH_SE_10000.0kV_4000.0x,254,3,0,0,770,1,"[1, 2, 3, 4, 5, 6, 7, 8, 9, 10, 11, 12, 13, 14, 15, 16, 17, 18, 19, 20, 21, 22, 23, 24, 25, 26, 27, 28, 29, 30, 31, 32, 33, 34, 35, 36, 37, 38, 39, 40, 41, 42, 43, 45, 46, 47, 50, 51, 52, 55, 56, 57, 58, 59, 63, 64, 65, 66, 67, 71, 72, 73, 74, 75, 76, 77, 78, 80, 81, 82, 84, 86, 87, 89, 97, 100, 104, 108, 112, 116, 126, 132, 134, 142, 149, 154, 155, 157, 163, 166, 172, 175, 179, 180, 183, 185, 188, 192, 201, 203, 205, 210, 212, 215, 216, 220, 222, 223, 225, 226, 230, 233, 234, 239, 242, 244, 249, 250, 257, 260, 261, 263, 266, 270, 272, 274, 275, 282, 283, 286, 288, 290, 294, 296, 302, 304, 306, 309, 311, 314, 330, 342, 343, 347, 349, 351, 352, 374, 378, 381, 384, 386, 391, 392, 394, 396, 397, 399, 401, 402, 412, 425, 426, 428, 429, 431, 433, 440, 441, 443, 444, 447, 448, 449, 452, 455, 456, 460, 461, 462, 463, 469, 470, 471, 477, 480, 483, 488, 489, 491, 501, 508, 510, 514, 515, 519, 524, 526, 537, 545, 555, 559, 561, 567, 570, 574, 575, 578, 580, 588, 591, 601, 604, 605, 606, 617, 620, 623, 627, 629, 631, 634, 636, 644, 648, 649, 656, 660, 661, 668, 673, 674, 677, 679, 681, 683, 696, 707, 709, 713, 715, 724, 733, 735, 746, 752, 753, 759, 760, 765, 767, 768, 769, 770]"
hcci_577,Q980_0h_WC,roi_577,VEGA3 XMH_BSE_10000.0kV_4000.0x,254,3,0,0,770,1,"[1, 2, 3, 4, 5, 6, 7, 8, 9, 10, 11, 12, 13, 14, 15, 16, 17, 18, 19, 20, 21, 22, 23, 24, 25, 26, 27, 28, 29, 30, 31, 32, 33, 34, 36, 37, 39, 40, 42, 43, 44, 45, 47, 48, 49, 53, 58, 60, 66, 71, 73, 74, 75, 76, 78, 79, 83, 85, 87, 89, 93, 94, 95, 96, 99, 101, 102, 107, 108, 110, 112, 118, 119, 122, 123, 125, 129, 131, 141, 142, 143, 144, 145, 146, 147, 148, 150, 156, 160, 163, 164, 166, 167, 170, 176, 188, 189, 202, 205, 207, 209, 211, 219, 237, 238, 243, 244, 245, 246, 252, 256, 258, 259, 260, 265, 270, 271, 282, 286, 291, 299, 302, 304, 313, 315, 316, 319, 327, 336, 344, 346, 353, 355, 362, 372, 377, 383, 384, 385, 386, 389, 390, 395, 398, 399, 402, 403, 406, 414, 415, 427, 440, 441, 442, 449, 452, 455, 461, 464, 467, 469, 470, 472, 478, 484, 489, 490, 492, 508, 510, 516, 521, 528, 536, 539, 540, 543, 546, 552, 560, 562, 563, 567, 568, 572, 578, 581, 591, 596, 597, 603, 606, 617, 618, 621, 623, 627, 628, 629, 630, 634, 635, 638, 639, 645, 653, 655, 659, 667, 672, 682, 686, 688, 690, 691, 692, 694, 696, 700, 704, 706, 710, 712, 721, 724, 725, 727, 729, 731, 732, 734, 740, 742, 743, 745, 747, 748, 749, 750, 752, 754, 755, 758, 759, 760, 761, 762, 764, 765, 766, 767, 768, 769, 770]"
hcci_578,Q980_0h_WC,roi_578,VEGA3 XMH_BSE_10000.0kV_4000.0x,254,3,0,0,770,1,"[1, 2, 3, 4, 5, 6, 7, 8, 9, 10, 11, 13, 14, 15, 16, 17, 18, 19, 20, 21, 24, 25, 26, 28, 32, 37, 41, 42, 43, 44, 45, 51, 52, 53, 54, 55, 56, 58, 60, 62, 63, 64, 67, 71, 75, 76, 78, 79, 81, 84, 91, 93, 94, 95, 96, 99, 103, 104, 105, 113, 116, 117, 118, 126, 129, 132, 133, 135, 140, 141, 142, 143, 144, 156, 158, 160, 164, 166, 170, 172, 175, 181, 182, 183, 184, 185, 186, 193, 196, 197, 199, 204, 205, 206, 208, 209, 221, 223, 224, 237, 240, 241, 242, 245, 251, 252, 254, 255, 264, 270, 272, 286, 299, 309, 310, 311, 319, 321, 324, 326, 329, 331, 338, 339, 343, 347, 352, 353, 356, 361, 363, 368, 369, 376, 383, 387, 389, 392, 393, 395, 397, 401, 405, 409, 411, 416, 423, 431, 434, 435, 437, 449, 455, 461, 462, 464, 469, 471, 472, 473, 488, 490, 497, 498, 505, 507, 509, 511, 514, 524, 525, 528, 530, 531, 533, 534, 537, 538, 547, 559, 560, 564, 567, 568, 573, 583, 588, 589, 591, 593, 594, 596, 597, 599, 601, 603, 604, 608, 609, 612, 617, 618, 621, 622, 630, 633, 661, 673, 675, 683, 684, 687, 691, 699, 700, 701, 703, 707, 710, 714, 715, 721, 722, 725, 727, 728, 730, 733, 735, 737, 740, 741, 742, 743, 749, 750, 751, 753, 754, 755, 756, 758, 759, 760, 761, 762, 763, 764, 765, 766, 767, 768, 769, 770]"
hcci_579,Q980_0h_WC,roi_579,VEGA3 XMH_SE_10000.0kV_20000.0x,254,3,0,0,770,1,"[1, 2, 3, 4, 5, 6, 7, 8, 9, 10, 11, 12, 13, 14, 15, 16, 17, 18, 19, 20, 21, 22, 23, 24, 25, 26, 27, 28, 29, 30, 32, 33, 34, 35, 36, 37, 38, 39, 40, 41, 42, 43, 44, 45, 46, 47, 48, 51, 52, 53, 54, 55, 56, 57, 58, 59, 60, 61, 62, 63, 64, 65, 68, 70, 71, 72, 73, 74, 75, 77, 78, 80, 81, 83, 84, 86, 87, 89, 94, 98, 99, 101, 102, 103, 105, 106, 110, 115, 117, 119, 121, 124, 126, 128, 129, 132, 138, 142, 143, 144, 145, 151, 153, 154, 155, 157, 160, 163, 164, 165, 168, 170, 177, 180, 182, 183, 184, 194, 198, 204, 206, 212, 221, 222, 228, 235, 236, 237, 243, 245, 250, 252, 257, 261, 266, 271, 273, 274, 278, 286, 289, 297, 308, 310, 313, 315, 317, 322, 328, 330, 331, 335, 338, 344, 356, 357, 364, 367, 369, 373, 374, 387, 389, 393, 398, 399, 408, 418, 427, 434, 435, 441, 444, 445, 448, 450, 455, 457, 458, 461, 468, 474, 476, 481, 482, 487, 488, 492, 494, 495, 498, 514, 516, 528, 530, 534, 542, 549, 551, 552, 561, 564, 566, 574, 575, 583, 590, 599, 601, 606, 608, 610, 613, 622, 632, 637, 645, 647, 653, 663, 666, 670, 676, 680, 682, 705, 707, 709, 712, 713, 714, 720, 722, 724, 725, 729, 730, 732, 734, 736, 743, 747, 749, 751, 755, 756, 758, 759, 760, 763, 765, 766, 768, 769]"
hcci_58,Q980_0h_WC,roi_58,Helios G4 PFIB CXe_BSE_10000.0kV_5000.0x,254,3,0,0,770,1,"[1, 2, 3, 4, 5, 6, 7, 8, 9, 10, 11, 12, 13, 14, 15, 16, 17, 18, 19, 21, 22, 24, 25, 27, 28, 29, 30, 31, 32, 33, 34, 35, 37, 38, 40, 44, 45, 47, 49, 54, 57, 58, 60, 63, 65, 67, 71, 75, 78, 80, 82, 87, 89, 90, 92, 93, 95, 100, 104, 111, 115, 116, 118, 129, 130, 132, 133, 139, 145, 146, 149, 151, 159, 164, 165, 166, 167, 172, 174, 176, 178, 182, 184, 186, 187, 191, 192, 202, 205, 206, 212, 221, 228, 233, 235, 236, 238, 242, 247, 251, 259, 260, 266, 267, 270, 271, 275, 277, 280, 285, 293, 301, 302, 304, 313, 316, 318, 320, 322, 324, 329, 332, 336, 337, 339, 347, 348, 353, 361, 364, 366, 367, 368, 373, 377, 379, 382, 383, 386, 389, 391, 392, 396, 404, 409, 413, 418, 421, 423, 431, 432, 437, 445, 448, 461, 464, 466, 472, 475, 480, 485, 486, 487, 488, 489, 492, 495, 496, 497, 499, 500, 507, 512, 515, 520, 521, 522, 525, 530, 533, 534, 535, 537, 550, 553, 554, 557, 559, 564, 566, 573, 578, 581, 582, 585, 588, 589, 593, 595, 597, 601, 603, 612, 614, 620, 625, 627, 628, 641, 642, 643, 644, 646, 649, 651, 655, 658, 668, 671, 672, 673, 676, 677, 679, 680, 682, 684, 688, 694, 695, 697, 701, 710, 719, 721, 724, 725, 726, 729, 730, 736, 737, 739, 741, 742, 743, 746, 749, 750, 752, 754, 756, 759, 761]"
hcci_580,Q980_0h_WC,roi_580,VEGA3 XMH_SE_10000.0kV_20000.0x,254,3,0,0,770,1,"[1, 2, 3, 4, 5, 6, 7, 8, 9, 10, 11, 12, 13, 14, 15, 16, 17, 18, 19, 20, 21, 22, 23, 24, 25, 26, 27, 28, 29, 30, 31, 32, 33, 34, 35, 36, 37, 39, 40, 41, 43, 44, 45, 47, 48, 51, 52, 54, 55, 56, 58, 61, 62, 63, 66, 67, 68, 71, 74, 75, 76, 79, 80, 83, 84, 87, 91, 92, 97, 98, 99, 100, 102, 103, 106, 109, 111, 113, 117, 118, 124, 125, 135, 136, 147, 148, 152, 155, 156, 159, 162, 164, 171, 176, 180, 190, 192, 193, 195, 201, 202, 210, 211, 213, 217, 222, 223, 224, 225, 228, 238, 239, 244, 245, 246, 251, 252, 253, 255, 260, 262, 263, 268, 270, 272, 275, 277, 281, 283, 285, 286, 289, 296, 298, 300, 301, 303, 307, 308, 310, 312, 314, 319, 321, 322, 329, 334, 335, 342, 348, 350, 351, 353, 358, 359, 362, 367, 371, 372, 374, 377, 379, 384, 387, 390, 393, 400, 402, 405, 417, 419, 420, 423, 429, 436, 438, 446, 452, 455, 458, 460, 464, 468, 469, 474, 476, 486, 489, 491, 496, 497, 502, 504, 508, 511, 523, 525, 526, 527, 531, 534, 543, 551, 556, 558, 564, 576, 577, 581, 582, 585, 588, 590, 596, 600, 604, 605, 620, 621, 627, 652, 660, 667, 669, 670, 677, 679, 692, 694, 697, 699, 712, 713, 716, 717, 718, 720, 721, 726, 728, 732, 733, 737, 740, 743, 746, 749, 750, 751, 752, 757, 762, 763, 766]"
hcci_581,Q980_0h_WC,roi_581,VEGA3 XMH_BSE_10000.0kV_20000.0x,254,3,0,0,770,1,"[1, 2, 3, 4, 5, 6, 7, 8, 9, 10, 11, 12, 13, 14, 15, 16, 17, 18, 19, 20, 21, 22, 23, 24, 25, 26, 27, 29, 30, 33, 38, 40, 44, 52, 54, 57, 59, 61, 62, 66, 68, 71, 76, 78, 79, 84, 85, 86, 88, 90, 94, 97, 98, 100, 105, 107, 109, 117, 119, 120, 121, 122, 124, 125, 135, 140, 143, 150, 151, 154, 155, 158, 162, 163, 170, 172, 173, 177, 180, 182, 186, 191, 192, 200, 202, 208, 213, 215, 216, 218, 221, 230, 235, 240, 241, 242, 246, 253, 256, 259, 263, 264, 266, 271, 277, 298, 301, 302, 303, 305, 306, 309, 310, 312, 321, 324, 326, 327, 335, 339, 349, 350, 352, 370, 371, 375, 381, 385, 391, 400, 402, 408, 413, 415, 416, 421, 422, 424, 426, 439, 442, 445, 447, 449, 451, 452, 453, 455, 456, 461, 462, 472, 474, 479, 482, 484, 485, 486, 489, 492, 497, 501, 503, 506, 513, 515, 521, 523, 532, 534, 535, 541, 544, 549, 550, 554, 555, 560, 561, 562, 564, 567, 569, 578, 579, 580, 581, 586, 596, 598, 600, 603, 604, 610, 616, 618, 620, 621, 622, 623, 624, 629, 630, 635, 637, 645, 646, 650, 652, 655, 657, 660, 662, 673, 674, 679, 680, 681, 686, 693, 696, 698, 700, 702, 705, 712, 714, 720, 721, 724, 727, 731, 735, 739, 740, 743, 746, 747, 748, 749, 750, 751, 752, 754, 755, 757, 759, 760, 762, 766, 767, 768, 769, 770]"
hcci_582,Q980_0h_WC,roi_582,VEGA3 XMH_BSE_10000.0kV_20000.0x,254,3,0,0,770,1,"[1, 2, 3, 4, 5, 6, 8, 9, 10, 11, 12, 13, 14, 15, 16, 17, 18, 19, 20, 21, 23, 24, 26, 27, 42, 45, 46, 53, 55, 58, 67, 72, 75, 85, 90, 92, 94, 95, 96, 103, 105, 106, 109, 112, 117, 118, 122, 133, 134, 141, 142, 148, 150, 152, 156, 158, 170, 174, 176, 179, 181, 183, 184, 185, 186, 191, 193, 194, 209, 212, 213, 214, 216, 217, 218, 222, 225, 233, 236, 240, 243, 244, 245, 249, 256, 262, 263, 264, 272, 273, 274, 277, 282, 283, 285, 287, 293, 294, 295, 307, 317, 318, 320, 321, 322, 323, 324, 326, 327, 328, 329, 332, 335, 343, 347, 353, 354, 361, 363, 365, 368, 370, 371, 372, 376, 377, 387, 388, 391, 393, 395, 398, 406, 409, 413, 415, 420, 423, 425, 433, 438, 444, 452, 458, 468, 477, 481, 482, 483, 484, 486, 489, 491, 496, 497, 501, 511, 514, 518, 519, 521, 528, 532, 537, 539, 540, 542, 546, 549, 550, 552, 556, 561, 565, 566, 568, 571, 573, 574, 577, 579, 585, 588, 592, 598, 599, 600, 605, 606, 607, 608, 610, 612, 616, 617, 623, 625, 626, 628, 629, 632, 635, 640, 641, 644, 647, 648, 649, 651, 652, 654, 657, 658, 668, 672, 673, 675, 676, 677, 679, 680, 681, 685, 686, 689, 690, 694, 702, 703, 706, 710, 711, 714, 715, 720, 722, 724, 725, 726, 728, 729, 734, 737, 741, 745, 749, 756, 757, 762, 763, 765, 766, 767, 769]"
hcci_583,Q980_0h_WC,roi_583,VEGA3 XMH_SE_20000.0kV_4000.0x,254,3,0,0,770,1,"[1, 2, 3, 4, 5, 6, 7, 8, 9, 10, 11, 12, 13, 14, 15, 16, 17, 18, 19, 20, 21, 22, 23, 24, 25, 26, 27, 28, 29, 31, 32, 34, 35, 37, 39, 40, 41, 42, 43, 44, 46, 47, 50, 54, 55, 57, 58, 59, 60, 61, 63, 66, 67, 69, 71, 72, 75, 77, 80, 84, 85, 86, 94, 95, 104, 106, 109, 118, 120, 128, 130, 132, 133, 134, 140, 141, 143, 150, 151, 154, 155, 157, 158, 164, 167, 168, 172, 175, 181, 189, 194, 198, 207, 210, 222, 225, 226, 230, 231, 238, 242, 243, 246, 248, 250, 251, 258, 259, 261, 262, 267, 268, 269, 275, 278, 281, 283, 284, 285, 288, 293, 296, 297, 298, 302, 309, 311, 313, 315, 321, 324, 327, 331, 332, 333, 337, 342, 343, 344, 346, 350, 356, 358, 359, 360, 361, 364, 368, 369, 370, 373, 375, 377, 380, 383, 384, 386, 390, 394, 398, 401, 403, 404, 405, 407, 408, 409, 415, 419, 421, 423, 427, 431, 433, 436, 438, 442, 444, 445, 447, 448, 451, 458, 459, 460, 462, 469, 472, 473, 474, 477, 480, 483, 496, 499, 501, 502, 509, 511, 515, 517, 518, 519, 522, 526, 532, 533, 535, 536, 537, 541, 543, 547, 549, 552, 557, 558, 561, 570, 571, 579, 580, 581, 601, 605, 631, 633, 634, 641, 642, 644, 647, 650, 652, 656, 661, 662, 674, 677, 680, 690, 692, 695, 696, 697, 698, 700, 706, 709, 711, 714, 719, 720, 740]"
hcci_584,Q980_0h_WC,roi_584,VEGA3 XMH_SE_20000.0kV_4000.0x,254,3,0,0,770,1,"[1, 2, 3, 4, 5, 6, 7, 8, 9, 10, 11, 12, 13, 14, 15, 16, 17, 18, 19, 20, 21, 22, 23, 24, 26, 27, 28, 29, 31, 32, 33, 34, 36, 37, 39, 40, 41, 43, 44, 46, 47, 50, 51, 52, 54, 55, 56, 59, 61, 63, 65, 66, 67, 68, 70, 71, 73, 75, 77, 79, 84, 86, 87, 90, 98, 100, 101, 104, 105, 107, 110, 112, 115, 118, 122, 125, 126, 128, 130, 131, 135, 139, 140, 146, 153, 154, 163, 171, 177, 178, 185, 188, 192, 195, 197, 198, 202, 206, 213, 214, 216, 217, 221, 225, 226, 229, 232, 233, 235, 243, 245, 247, 248, 253, 256, 259, 262, 264, 265, 267, 270, 274, 276, 278, 280, 281, 282, 286, 291, 298, 299, 300, 301, 302, 306, 320, 322, 325, 329, 332, 336, 340, 341, 350, 358, 359, 361, 362, 373, 376, 386, 388, 389, 391, 394, 395, 396, 399, 403, 404, 409, 416, 418, 423, 424, 425, 426, 431, 433, 436, 441, 442, 446, 447, 449, 450, 453, 455, 457, 463, 468, 469, 471, 473, 475, 478, 482, 488, 490, 492, 498, 499, 500, 503, 510, 517, 518, 525, 527, 531, 533, 534, 535, 536, 540, 544, 546, 554, 562, 566, 571, 582, 589, 590, 607, 612, 613, 615, 617, 621, 634, 636, 641, 642, 646, 647, 653, 654, 664, 669, 671, 675, 679, 680, 681, 687, 695, 701, 706, 716, 717, 728, 738, 742, 748, 750, 756, 757, 759, 765, 766, 768, 769, 770]"
hcci_585,Q980_0h_WC,roi_585,VEGA3 XMH_BSE_20000.0kV_4000.0x,254,3,0,0,770,1,"[1, 2, 3, 4, 5, 6, 7, 8, 9, 10, 11, 12, 13, 14, 16, 17, 18, 19, 21, 22, 24, 25, 26, 27, 28, 29, 30, 31, 32, 33, 35, 37, 38, 39, 40, 41, 42, 46, 48, 49, 50, 51, 52, 53, 55, 58, 60, 65, 66, 68, 69, 71, 72, 73, 77, 80, 81, 83, 84, 85, 91, 93, 94, 96, 99, 125, 127, 152, 167, 176, 177, 181, 183, 185, 187, 190, 193, 199, 202, 204, 211, 214, 219, 222, 232, 244, 246, 254, 278, 280, 285, 286, 288, 290, 292, 295, 301, 304, 305, 306, 307, 309, 311, 312, 313, 314, 316, 318, 319, 320, 322, 323, 325, 330, 331, 338, 343, 355, 356, 361, 376, 377, 379, 382, 383, 385, 387, 389, 391, 395, 396, 401, 404, 406, 410, 418, 425, 426, 429, 431, 433, 436, 445, 448, 453, 460, 462, 464, 467, 476, 480, 486, 487, 491, 493, 494, 495, 497, 498, 500, 502, 507, 510, 513, 519, 525, 528, 530, 538, 540, 541, 543, 547, 548, 549, 554, 557, 558, 559, 562, 569, 576, 577, 578, 579, 583, 587, 589, 590, 591, 592, 597, 606, 608, 612, 614, 616, 619, 620, 622, 640, 642, 644, 646, 648, 653, 655, 657, 662, 666, 668, 671, 674, 675, 680, 683, 688, 689, 694, 695, 697, 704, 707, 709, 717, 719, 722, 723, 724, 725, 728, 729, 732, 733, 734, 740, 742, 744, 746, 750, 751, 753, 755, 756, 757, 762, 763, 764, 765, 766, 767, 768, 769, 770]"
hcci_586,Q980_0h_WC,roi_586,VEGA3 XMH_BSE_20000.0kV_4000.0x,254,3,0,0,770,1,"[1, 2, 3, 6, 7, 8, 9, 10, 12, 13, 14, 15, 16, 17, 18, 19, 21, 24, 29, 30, 33, 35, 36, 40, 42, 43, 48, 53, 54, 55, 56, 59, 61, 68, 70, 71, 72, 78, 79, 82, 83, 86, 89, 91, 92, 93, 94, 95, 100, 103, 105, 109, 110, 114, 117, 120, 125, 134, 135, 140, 149, 151, 156, 157, 159, 160, 161, 163, 173, 174, 181, 183, 197, 200, 207, 216, 219, 223, 235, 237, 238, 241, 244, 248, 253, 254, 255, 259, 263, 268, 272, 277, 279, 282, 283, 289, 294, 296, 301, 304, 306, 311, 326, 330, 341, 343, 344, 351, 352, 353, 355, 357, 365, 367, 371, 372, 374, 376, 383, 385, 386, 390, 393, 394, 396, 397, 401, 426, 432, 433, 434, 435, 437, 438, 439, 442, 444, 445, 451, 452, 455, 456, 457, 461, 462, 465, 470, 478, 479, 481, 493, 501, 502, 508, 509, 511, 515, 517, 519, 524, 525, 528, 530, 532, 534, 535, 536, 539, 542, 543, 544, 546, 555, 558, 560, 561, 562, 566, 569, 571, 572, 576, 577, 582, 584, 585, 592, 600, 602, 609, 612, 615, 623, 625, 626, 627, 630, 634, 639, 642, 647, 658, 659, 669, 676, 677, 681, 683, 685, 687, 694, 695, 699, 703, 704, 707, 708, 710, 713, 720, 721, 723, 724, 728, 729, 730, 731, 733, 735, 738, 739, 741, 743, 746, 747, 749, 750, 751, 752, 753, 754, 756, 757, 758, 761, 762, 763, 764, 765, 766, 767, 768, 769, 770]"
hcci_587,Q980_0h_WC,roi_587,VEGA3 XMH_SE_20000.0kV_20000.0x,256,1,0,0,772,1,"[1, 2, 3, 4, 5, 6, 7, 8, 9, 10, 11, 12, 13, 14, 15, 16, 17, 18, 19, 20, 21, 22, 23, 24, 25, 26, 27, 28, 29, 30, 31, 32, 33, 34, 35, 36, 37, 38, 39, 41, 43, 44, 45, 47, 49, 50, 51, 52, 53, 54, 55, 57, 58, 59, 60, 61, 63, 64, 65, 66, 67, 68, 70, 71, 73, 74, 76, 79, 84, 85, 86, 87, 89, 92, 93, 94, 95, 98, 99, 104, 106, 107, 113, 116, 117, 119, 120, 128, 131, 137, 138, 140, 142, 143, 149, 154, 157, 164, 165, 167, 173, 178, 184, 187, 190, 191, 201, 203, 204, 205, 209, 226, 227, 234, 237, 243, 251, 257, 260, 263, 275, 280, 284, 285, 293, 302, 303, 305, 315, 316, 317, 322, 323, 324, 325, 326, 328, 340, 344, 352, 357, 367, 372, 376, 379, 386, 393, 396, 399, 401, 408, 410, 414, 418, 423, 429, 431, 441, 442, 443, 445, 451, 456, 465, 466, 468, 469, 472, 477, 481, 487, 490, 498, 503, 504, 509, 510, 523, 526, 536, 541, 542, 549, 552, 561, 565, 566, 573, 574, 576, 580, 581, 586, 588, 590, 591, 594, 597, 610, 613, 614, 615, 617, 619, 620, 627, 629, 641, 644, 649, 651, 654, 661, 670, 673, 675, 676, 681, 682, 686, 694, 695, 697, 704, 713, 715, 716, 718, 721, 722, 723, 730, 738, 739, 740, 741, 742, 745, 747, 748, 750, 751, 752, 753, 754, 757, 758, 759, 762, 763, 765, 768, 769, 770, 771, 772]"
hcci_588,Q980_0h_WC,roi_588,VEGA3 XMH_SE_20000.0kV_20000.0x,256,1,0,0,772,1,"[1, 2, 3, 4, 5, 6, 7, 8, 9, 10, 11, 12, 13, 14, 15, 16, 17, 18, 19, 20, 21, 22, 23, 24, 26, 28, 29, 30, 31, 32, 33, 35, 36, 39, 41, 42, 43, 44, 45, 46, 49, 50, 51, 52, 53, 54, 55, 56, 57, 58, 59, 60, 61, 62, 64, 69, 71, 72, 73, 74, 75, 78, 81, 83, 85, 86, 89, 95, 97, 102, 104, 105, 106, 108, 110, 111, 119, 122, 123, 126, 129, 130, 131, 136, 137, 139, 140, 142, 143, 144, 146, 148, 151, 157, 158, 160, 165, 170, 174, 178, 181, 188, 189, 192, 196, 199, 201, 209, 210, 212, 215, 216, 221, 229, 231, 232, 239, 250, 254, 257, 258, 259, 260, 263, 268, 271, 273, 275, 285, 286, 287, 290, 294, 300, 304, 305, 307, 309, 312, 314, 318, 334, 338, 340, 344, 348, 351, 356, 371, 373, 374, 376, 384, 386, 387, 392, 394, 407, 415, 416, 420, 421, 432, 435, 442, 447, 448, 464, 465, 476, 477, 481, 484, 485, 493, 497, 499, 500, 504, 513, 519, 520, 528, 529, 531, 535, 537, 538, 539, 540, 547, 549, 552, 557, 561, 564, 568, 577, 579, 580, 582, 583, 587, 589, 597, 599, 600, 607, 608, 611, 612, 618, 621, 623, 625, 626, 631, 638, 651, 653, 663, 664, 671, 679, 681, 683, 684, 685, 687, 690, 704, 707, 710, 715, 719, 721, 725, 726, 728, 731, 734, 739, 741, 742, 744, 747, 748, 753, 762, 765, 766, 767, 768, 769, 771, 772]"
hcci_589,Q980_0h_WC,roi_589,VEGA3 XMH_BSE_20000.0kV_20000.0x,256,1,0,0,772,1,"[1, 2, 3, 4, 5, 6, 7, 8, 9, 10, 11, 12, 13, 14, 15, 16, 18, 19, 20, 22, 24, 26, 30, 31, 33, 34, 35, 37, 38, 39, 40, 43, 45, 48, 54, 57, 58, 60, 64, 68, 71, 74, 75, 81, 82, 83, 86, 88, 94, 98, 99, 103, 108, 111, 114, 115, 116, 118, 120, 121, 124, 125, 127, 128, 131, 134, 138, 139, 140, 149, 152, 153, 159, 160, 162, 170, 173, 179, 186, 189, 192, 195, 203, 208, 214, 215, 218, 222, 224, 225, 227, 228, 235, 240, 249, 255, 257, 268, 271, 285, 286, 287, 288, 291, 295, 296, 301, 305, 313, 316, 323, 324, 327, 332, 336, 337, 342, 344, 349, 351, 353, 360, 362, 368, 369, 371, 372, 384, 387, 390, 396, 405, 406, 409, 414, 416, 417, 418, 419, 423, 425, 428, 431, 447, 452, 453, 459, 462, 463, 466, 468, 469, 470, 471, 473, 475, 476, 483, 486, 493, 494, 498, 500, 509, 513, 523, 528, 533, 534, 536, 537, 541, 542, 554, 556, 557, 560, 561, 567, 569, 577, 583, 584, 587, 591, 595, 596, 597, 600, 601, 602, 605, 606, 608, 610, 611, 614, 615, 621, 624, 627, 628, 632, 636, 639, 644, 649, 652, 662, 666, 671, 672, 674, 675, 683, 685, 686, 695, 696, 698, 701, 703, 705, 707, 708, 711, 712, 716, 718, 719, 721, 725, 728, 729, 730, 732, 734, 737, 738, 742, 744, 747, 752, 753, 756, 760, 761, 762, 763, 764, 765, 767, 769, 770, 771, 772]"
hcci_59,Q980_0h_WC,roi_59,Helios G4 PFIB CXe_InLens_10000.0kV_5000.0x,254,3,0,0,770,1,"[1, 2, 3, 4, 5, 6, 7, 8, 9, 10, 11, 12, 13, 14, 15, 16, 17, 18, 19, 20, 21, 22, 23, 24, 25, 26, 27, 28, 29, 30, 31, 32, 33, 34, 35, 36, 37, 38, 39, 40, 41, 42, 43, 44, 45, 46, 47, 48, 50, 52, 53, 55, 60, 61, 62, 63, 65, 66, 69, 70, 72, 73, 75, 76, 79, 82, 83, 89, 90, 93, 94, 95, 98, 99, 101, 102, 103, 104, 107, 110, 111, 113, 114, 116, 117, 122, 124, 131, 135, 146, 147, 149, 154, 156, 157, 158, 159, 160, 163, 164, 165, 166, 169, 172, 174, 176, 180, 181, 182, 183, 186, 190, 194, 198, 201, 202, 205, 216, 220, 222, 232, 239, 242, 243, 245, 248, 252, 256, 264, 265, 266, 272, 284, 285, 298, 299, 302, 314, 321, 334, 335, 345, 356, 357, 359, 360, 366, 373, 385, 387, 389, 391, 393, 398, 401, 403, 408, 416, 422, 425, 426, 430, 437, 442, 444, 450, 452, 453, 459, 460, 463, 464, 466, 468, 469, 470, 479, 481, 484, 490, 497, 501, 509, 510, 511, 513, 516, 522, 525, 526, 531, 534, 538, 539, 542, 544, 546, 566, 567, 568, 569, 580, 583, 588, 591, 595, 599, 601, 602, 606, 613, 614, 616, 618, 619, 621, 629, 635, 637, 639, 645, 660, 661, 665, 670, 680, 689, 692, 696, 697, 699, 700, 701, 703, 706, 707, 708, 709, 710, 713, 718, 719, 720, 728, 732, 733, 745, 758, 760, 764, 765, 766, 767, 768]"
hcci_590,Q980_0h_WC,roi_590,VEGA3 XMH_BSE_20000.0kV_20000.0x,256,1,0,0,772,1,"[1, 2, 3, 4, 5, 6, 7, 8, 9, 10, 11, 12, 13, 14, 15, 16, 17, 18, 24, 25, 26, 28, 31, 33, 34, 36, 37, 40, 43, 47, 50, 54, 55, 57, 59, 64, 65, 76, 77, 78, 87, 90, 91, 95, 100, 101, 102, 104, 108, 109, 116, 117, 120, 124, 126, 128, 134, 136, 140, 141, 145, 149, 150, 152, 154, 158, 159, 160, 161, 163, 164, 167, 173, 174, 180, 190, 193, 195, 197, 207, 208, 211, 212, 214, 216, 224, 226, 227, 237, 239, 244, 251, 252, 253, 257, 259, 261, 266, 270, 271, 275, 276, 285, 286, 290, 293, 294, 303, 306, 310, 311, 313, 314, 319, 325, 328, 332, 333, 336, 339, 341, 349, 353, 354, 355, 360, 364, 365, 366, 368, 378, 380, 384, 389, 390, 391, 394, 395, 399, 400, 401, 402, 405, 408, 409, 410, 411, 413, 420, 423, 425, 428, 433, 437, 439, 441, 445, 448, 455, 469, 470, 471, 473, 480, 489, 490, 500, 501, 513, 519, 520, 521, 526, 527, 528, 537, 539, 542, 554, 555, 556, 562, 564, 568, 569, 570, 571, 579, 585, 593, 596, 601, 611, 612, 613, 619, 622, 634, 635, 636, 637, 640, 642, 643, 644, 649, 650, 651, 652, 654, 655, 662, 666, 667, 668, 670, 672, 675, 678, 681, 682, 683, 690, 694, 696, 697, 700, 704, 706, 709, 711, 714, 716, 718, 720, 721, 725, 727, 728, 731, 736, 737, 739, 744, 745, 746, 747, 754, 755, 765, 766, 767, 768, 769, 771, 772]"
hcci_591,Q980_9h_AC,roi_591,VEGA3 XMH_SE_5000.0kV_4000.0x,252,3,0,0,770,1,"[1, 2, 3, 4, 5, 6, 7, 8, 9, 10, 11, 12, 13, 14, 15, 16, 17, 18, 19, 20, 21, 22, 23, 24, 25, 26, 27, 28, 29, 30, 32, 33, 34, 35, 37, 38, 39, 40, 41, 42, 43, 44, 45, 46, 47, 50, 53, 55, 56, 58, 59, 60, 61, 62, 64, 65, 67, 68, 71, 75, 76, 77, 80, 82, 85, 88, 89, 90, 91, 92, 93, 95, 96, 97, 103, 104, 105, 106, 107, 109, 110, 112, 113, 114, 118, 121, 122, 123, 124, 126, 127, 129, 132, 133, 136, 139, 140, 142, 143, 146, 147, 150, 151, 154, 155, 156, 157, 158, 159, 160, 163, 166, 167, 173, 174, 175, 176, 177, 178, 180, 181, 183, 185, 186, 189, 190, 191, 192, 194, 195, 196, 197, 199, 200, 201, 202, 203, 204, 205, 206, 208, 210, 211, 213, 214, 215, 217, 225, 227, 228, 229, 230, 232, 234, 237, 238, 240, 243, 250, 253, 254, 257, 260, 262, 263, 266, 267, 269, 270, 275, 277, 281, 282, 286, 289, 290, 293, 297, 301, 303, 304, 305, 307, 309, 312, 318, 322, 323, 327, 330, 331, 339, 343, 346, 348, 352, 357, 365, 367, 368, 369, 373, 374, 376, 382, 387, 393, 401, 403, 405, 407, 412, 413, 419, 427, 428, 436, 443, 448, 449, 452, 456, 457, 463, 478, 487, 497, 506, 509, 513, 528, 530, 533, 545, 554, 563, 569, 581, 593, 615, 616, 635, 650, 651, 653, 656, 682, 687, 698, 705, 721, 760]"
hcci_592,Q980_9h_AC,roi_592,VEGA3 XMH_SE_5000.0kV_4000.0x,252,3,0,0,770,1,"[1, 2, 3, 4, 5, 6, 7, 8, 9, 10, 11, 12, 13, 14, 15, 16, 17, 18, 19, 20, 21, 22, 23, 24, 25, 26, 27, 28, 29, 30, 31, 32, 33, 34, 35, 36, 37, 38, 39, 40, 41, 42, 43, 44, 45, 46, 47, 48, 50, 51, 52, 53, 54, 56, 57, 58, 59, 60, 61, 62, 63, 64, 65, 66, 67, 68, 69, 71, 72, 73, 74, 75, 76, 77, 78, 79, 80, 84, 85, 87, 88, 90, 91, 92, 97, 99, 100, 102, 104, 106, 108, 109, 110, 111, 112, 114, 122, 124, 127, 129, 130, 131, 132, 136, 137, 138, 149, 151, 152, 153, 154, 162, 166, 168, 169, 170, 175, 177, 179, 181, 183, 187, 190, 191, 197, 199, 200, 201, 203, 204, 214, 215, 219, 220, 223, 224, 225, 226, 227, 228, 235, 239, 240, 241, 244, 248, 252, 253, 254, 257, 263, 265, 266, 268, 269, 270, 271, 272, 274, 276, 277, 281, 288, 289, 292, 294, 295, 296, 300, 302, 303, 304, 307, 308, 310, 312, 320, 328, 329, 332, 334, 339, 347, 349, 356, 358, 359, 360, 367, 368, 370, 371, 374, 375, 377, 382, 386, 389, 394, 397, 399, 403, 409, 412, 416, 417, 418, 419, 427, 431, 433, 434, 443, 449, 450, 460, 461, 467, 470, 472, 475, 491, 512, 517, 524, 525, 527, 534, 545, 548, 549, 552, 567, 569, 572, 573, 582, 584, 593, 603, 614, 631, 640, 644, 646, 652, 687, 693, 699, 719, 727, 750]"
hcci_593,Q980_9h_AC,roi_593,VEGA3 XMH_BSE_5000.0kV_4000.0x,252,3,0,0,770,1,"[1, 2, 3, 4, 5, 6, 7, 8, 9, 10, 11, 12, 13, 14, 15, 16, 17, 18, 19, 20, 21, 22, 23, 24, 26, 27, 28, 29, 32, 33, 34, 35, 36, 37, 38, 39, 40, 42, 43, 44, 45, 47, 48, 49, 50, 51, 55, 57, 59, 60, 61, 62, 63, 65, 66, 67, 68, 69, 70, 71, 73, 74, 75, 78, 80, 82, 84, 85, 86, 87, 88, 90, 92, 93, 94, 97, 98, 100, 105, 107, 108, 109, 111, 112, 113, 115, 116, 121, 122, 126, 127, 130, 131, 133, 134, 135, 136, 138, 143, 146, 147, 148, 151, 153, 154, 155, 156, 159, 161, 165, 167, 169, 170, 173, 180, 184, 188, 196, 197, 198, 199, 200, 205, 207, 208, 212, 213, 216, 217, 218, 219, 223, 227, 228, 231, 232, 233, 236, 241, 242, 243, 248, 253, 262, 266, 270, 271, 273, 278, 281, 286, 290, 291, 294, 297, 299, 300, 303, 307, 322, 323, 324, 329, 331, 339, 341, 343, 350, 353, 355, 356, 357, 358, 359, 363, 369, 371, 379, 381, 388, 389, 394, 397, 401, 405, 411, 415, 418, 424, 427, 431, 433, 436, 443, 445, 461, 462, 467, 473, 478, 483, 488, 497, 498, 503, 504, 506, 508, 511, 515, 516, 518, 520, 524, 527, 530, 533, 551, 552, 561, 564, 570, 571, 597, 598, 604, 606, 607, 616, 619, 621, 624, 634, 643, 648, 649, 651, 660, 661, 666, 669, 688, 690, 698, 703, 704, 707, 709, 711, 717, 718, 746]"
hcci_594,Q980_9h_AC,roi_594,VEGA3 XMH_BSE_5000.0kV_4000.0x,252,3,0,0,770,1,"[1, 2, 3, 4, 5, 6, 7, 8, 9, 10, 11, 12, 13, 14, 15, 18, 20, 23, 25, 26, 27, 28, 29, 30, 31, 32, 34, 36, 37, 38, 39, 40, 43, 46, 47, 49, 52, 54, 56, 59, 61, 62, 63, 67, 68, 69, 70, 71, 77, 81, 82, 86, 87, 88, 90, 91, 93, 95, 96, 97, 98, 100, 102, 103, 104, 106, 107, 108, 109, 111, 114, 115, 116, 118, 126, 129, 131, 134, 135, 136, 138, 143, 145, 146, 147, 149, 151, 152, 155, 156, 157, 158, 160, 164, 165, 167, 169, 170, 171, 172, 173, 178, 181, 183, 184, 186, 187, 189, 194, 196, 199, 200, 201, 202, 203, 204, 205, 206, 209, 210, 211, 212, 214, 215, 216, 217, 222, 228, 246, 247, 249, 250, 256, 258, 259, 260, 261, 263, 266, 268, 271, 272, 273, 276, 282, 286, 295, 297, 298, 300, 301, 302, 306, 323, 327, 328, 334, 335, 343, 353, 358, 364, 369, 371, 372, 375, 376, 379, 384, 390, 394, 408, 411, 414, 420, 423, 427, 429, 434, 439, 444, 448, 452, 456, 462, 466, 468, 469, 477, 481, 486, 493, 494, 498, 506, 514, 519, 521, 526, 537, 539, 542, 543, 545, 546, 547, 551, 558, 560, 564, 580, 581, 592, 603, 606, 610, 615, 620, 621, 631, 634, 636, 643, 645, 653, 656, 657, 658, 664, 666, 667, 673, 683, 684, 686, 688, 689, 692, 693, 699, 704, 712, 717, 718, 722, 724, 725, 727, 731, 740, 743, 750]"
hcci_595,Q980_9h_AC,roi_595,VEGA3 XMH_SE_5000.0kV_20000.0x,252,3,0,0,770,1,"[1, 2, 3, 4, 5, 6, 7, 8, 9, 10, 11, 12, 13, 14, 15, 16, 17, 18, 19, 20, 21, 22, 23, 24, 25, 26, 27, 29, 30, 31, 33, 35, 39, 40, 43, 44, 46, 47, 49, 50, 51, 52, 53, 55, 56, 58, 60, 61, 62, 65, 66, 68, 69, 71, 72, 79, 82, 83, 84, 85, 86, 87, 88, 89, 91, 92, 94, 97, 100, 102, 104, 106, 108, 112, 121, 122, 123, 124, 125, 129, 130, 132, 138, 139, 152, 153, 156, 159, 161, 162, 164, 166, 167, 170, 173, 174, 175, 181, 182, 186, 187, 189, 190, 191, 192, 194, 196, 197, 198, 200, 202, 207, 212, 214, 222, 224, 225, 231, 233, 235, 237, 241, 242, 243, 247, 248, 250, 253, 255, 256, 257, 258, 259, 261, 262, 263, 264, 267, 268, 269, 270, 271, 272, 273, 276, 278, 280, 282, 283, 285, 287, 290, 291, 292, 293, 295, 296, 298, 303, 306, 308, 310, 312, 316, 319, 321, 323, 325, 327, 330, 346, 347, 348, 349, 351, 357, 358, 361, 363, 364, 365, 366, 368, 370, 371, 373, 374, 376, 383, 390, 396, 402, 403, 404, 406, 423, 429, 431, 439, 440, 444, 447, 450, 451, 454, 456, 461, 463, 466, 467, 473, 478, 479, 480, 481, 485, 495, 499, 500, 507, 510, 514, 520, 529, 530, 532, 537, 542, 544, 545, 547, 549, 551, 560, 566, 574, 575, 581, 582, 584, 592, 601, 606, 614, 624, 634, 665, 691, 693, 698, 725, 757]"
hcci_596,Q980_9h_AC,roi_596,VEGA3 XMH_SE_5000.0kV_20000.0x,252,3,0,0,770,1,"[1, 2, 3, 4, 5, 6, 7, 8, 9, 10, 11, 12, 13, 14, 15, 16, 17, 19, 20, 21, 23, 24, 25, 26, 27, 28, 30, 31, 32, 33, 34, 36, 37, 38, 39, 40, 41, 42, 43, 44, 45, 46, 47, 48, 49, 50, 51, 52, 53, 54, 55, 56, 57, 58, 59, 60, 61, 62, 63, 64, 65, 66, 67, 68, 70, 72, 75, 76, 78, 80, 82, 83, 85, 87, 89, 92, 93, 96, 97, 100, 102, 103, 104, 106, 107, 110, 111, 112, 115, 116, 117, 118, 120, 122, 123, 124, 126, 128, 132, 133, 134, 136, 138, 139, 140, 141, 142, 143, 146, 148, 150, 151, 152, 154, 156, 158, 160, 161, 163, 164, 165, 166, 167, 168, 170, 171, 173, 174, 175, 176, 177, 179, 180, 181, 184, 185, 186, 187, 191, 192, 194, 201, 202, 203, 205, 206, 208, 210, 211, 220, 222, 223, 226, 228, 230, 233, 234, 240, 243, 244, 247, 251, 252, 254, 255, 257, 258, 261, 262, 263, 269, 270, 273, 275, 277, 278, 280, 281, 283, 286, 290, 292, 294, 299, 311, 314, 316, 319, 320, 322, 324, 325, 327, 329, 330, 335, 336, 337, 338, 342, 346, 347, 356, 357, 358, 365, 367, 368, 371, 374, 375, 382, 384, 385, 386, 389, 390, 391, 393, 394, 396, 397, 398, 402, 404, 413, 414, 417, 419, 425, 428, 431, 437, 439, 449, 458, 459, 461, 464, 468, 477, 487, 494, 495, 504, 508, 514, 534, 663, 693, 702, 734]"
hcci_597,Q980_9h_AC,roi_597,VEGA3 XMH_BSE_5000.0kV_20000.0x,254,1,0,0,772,1,"[1, 2, 3, 4, 5, 7, 8, 9, 10, 11, 12, 13, 14, 16, 18, 21, 23, 24, 25, 26, 27, 29, 31, 33, 36, 37, 42, 44, 45, 46, 47, 49, 50, 52, 53, 54, 55, 56, 57, 58, 62, 63, 67, 69, 71, 72, 74, 75, 76, 77, 78, 81, 83, 85, 86, 87, 88, 89, 90, 93, 94, 95, 98, 99, 102, 104, 107, 108, 109, 113, 114, 118, 125, 127, 128, 133, 136, 140, 142, 143, 144, 147, 148, 149, 150, 153, 154, 155, 162, 168, 169, 179, 180, 181, 182, 185, 186, 188, 190, 191, 192, 194, 195, 196, 199, 202, 203, 205, 209, 211, 213, 214, 216, 217, 218, 219, 221, 228, 233, 234, 236, 238, 240, 241, 242, 245, 247, 248, 252, 253, 256, 257, 259, 260, 263, 264, 266, 268, 273, 278, 281, 282, 284, 285, 286, 288, 291, 297, 298, 299, 300, 301, 308, 309, 313, 314, 315, 319, 320, 324, 327, 331, 334, 335, 339, 340, 343, 345, 346, 347, 349, 350, 353, 356, 357, 359, 360, 362, 363, 366, 367, 369, 371, 372, 376, 377, 382, 384, 394, 398, 406, 408, 410, 411, 412, 413, 417, 418, 423, 424, 427, 433, 441, 445, 450, 454, 455, 459, 461, 462, 463, 468, 474, 477, 479, 481, 482, 484, 486, 490, 494, 497, 498, 506, 509, 532, 533, 535, 541, 545, 550, 554, 561, 562, 564, 574, 594, 595, 598, 601, 612, 618, 621, 622, 627, 631, 640, 641, 663, 671, 694, 726, 753, 762]"
hcci_598,Q980_9h_AC,roi_598,VEGA3 XMH_BSE_5000.0kV_20000.0x,254,1,0,0,772,1,"[1, 2, 3, 4, 5, 6, 8, 10, 11, 12, 13, 14, 15, 20, 21, 22, 23, 24, 25, 26, 28, 30, 31, 32, 33, 34, 35, 37, 38, 39, 42, 43, 44, 46, 51, 52, 53, 54, 55, 57, 58, 60, 61, 64, 65, 66, 68, 69, 76, 77, 79, 83, 84, 85, 87, 88, 89, 90, 91, 92, 93, 94, 95, 96, 98, 100, 102, 103, 105, 107, 108, 109, 110, 117, 120, 126, 127, 129, 130, 131, 132, 136, 138, 139, 140, 145, 150, 152, 155, 158, 160, 164, 168, 176, 177, 179, 181, 182, 184, 185, 193, 194, 197, 202, 203, 205, 210, 213, 214, 216, 217, 218, 224, 230, 232, 238, 244, 245, 249, 251, 254, 256, 258, 260, 261, 262, 263, 270, 271, 272, 273, 280, 283, 284, 286, 287, 290, 291, 294, 300, 301, 307, 308, 309, 311, 313, 314, 316, 318, 319, 320, 324, 325, 326, 329, 330, 334, 342, 348, 350, 360, 361, 364, 369, 372, 376, 379, 380, 384, 388, 389, 393, 394, 398, 405, 407, 411, 414, 420, 421, 427, 433, 434, 436, 438, 439, 440, 442, 443, 444, 446, 450, 451, 452, 453, 455, 462, 465, 467, 469, 474, 477, 479, 485, 493, 498, 503, 505, 507, 509, 516, 523, 524, 525, 527, 528, 533, 536, 542, 544, 549, 553, 563, 565, 566, 573, 585, 588, 592, 604, 605, 612, 615, 621, 630, 646, 650, 661, 668, 669, 670, 673, 678, 679, 683, 689, 713, 715, 729, 753, 760, 766, 769, 771]"
hcci_599,Q980_9h_AC,roi_599,VEGA3 XMH_SE_10000.0kV_4000.0x,252,3,0,0,770,1,"[1, 2, 3, 4, 5, 6, 7, 8, 9, 10, 11, 12, 13, 14, 15, 16, 17, 18, 19, 20, 21, 22, 23, 24, 25, 26, 27, 28, 29, 30, 31, 32, 33, 35, 36, 37, 39, 40, 41, 42, 46, 47, 48, 49, 50, 51, 55, 56, 57, 58, 59, 60, 64, 65, 66, 68, 69, 70, 71, 72, 73, 74, 75, 76, 79, 80, 81, 83, 85, 86, 88, 94, 95, 99, 100, 101, 103, 105, 106, 108, 110, 113, 115, 118, 119, 120, 121, 122, 123, 126, 130, 134, 138, 146, 149, 151, 155, 156, 157, 158, 160, 163, 169, 173, 175, 182, 187, 188, 191, 208, 217, 220, 222, 225, 227, 231, 236, 244, 247, 251, 255, 264, 266, 273, 284, 286, 288, 290, 292, 300, 303, 309, 310, 311, 312, 320, 323, 328, 332, 335, 351, 353, 356, 360, 379, 384, 392, 396, 400, 402, 405, 411, 418, 420, 421, 425, 428, 432, 433, 444, 451, 456, 458, 463, 469, 470, 472, 477, 485, 488, 492, 497, 498, 501, 502, 505, 509, 510, 514, 516, 517, 518, 521, 525, 530, 535, 536, 543, 545, 547, 548, 549, 553, 563, 566, 567, 569, 576, 579, 580, 581, 582, 583, 587, 595, 597, 598, 601, 605, 609, 613, 614, 615, 616, 618, 620, 629, 630, 631, 634, 642, 645, 647, 649, 651, 660, 662, 664, 673, 677, 681, 682, 683, 687, 689, 690, 695, 697, 698, 699, 702, 703, 705, 707, 724, 726, 730, 731, 753, 755, 756, 757]"
hcci_6,AsCast,roi_6,Helios G4 PFIB CXe_InLens_5000.0kV_1000.0x,256,3,0,0,770,1,"[1, 2, 3, 4, 5, 6, 7, 8, 9, 10, 11, 12, 13, 14, 15, 16, 17, 18, 19, 20, 21, 22, 23, 24, 25, 26, 27, 28, 29, 30, 31, 32, 33, 34, 35, 36, 37, 38, 39, 40, 41, 42, 43, 44, 45, 46, 47, 48, 49, 50, 51, 52, 53, 54, 55, 56, 57, 58, 59, 60, 61, 62, 63, 64, 65, 66, 67, 68, 69, 70, 71, 72, 73, 74, 75, 76, 77, 78, 79, 80, 81, 82, 83, 84, 85, 86, 87, 88, 89, 90, 91, 92, 93, 94, 95, 96, 97, 98, 99, 100, 101, 102, 103, 104, 105, 106, 107, 108, 109, 110, 111, 112, 113, 114, 115, 116, 117, 118, 119, 120, 121, 122, 123, 124, 125, 126, 127, 128, 130, 131, 133, 135, 136, 138, 139, 140, 142, 143, 144, 145, 149, 150, 153, 158, 160, 161, 163, 164, 165, 166, 169, 171, 172, 173, 175, 178, 180, 181, 182, 184, 185, 186, 187, 188, 190, 192, 194, 195, 196, 197, 202, 204, 206, 207, 209, 210, 213, 216, 217, 218, 220, 226, 228, 230, 232, 236, 241, 242, 253, 255, 260, 265, 278, 280, 285, 286, 287, 291, 297, 300, 301, 302, 305, 306, 311, 312, 313, 318, 319, 320, 322, 330, 337, 339, 351, 352, 354, 364, 372, 373, 374, 385, 387, 395, 408, 413, 423, 425, 436, 441, 448, 449, 450, 452, 456, 459, 462, 470, 475, 486, 492, 499, 509, 522, 523, 555, 557, 566, 597, 617, 626, 636, 653, 685, 689, 734]"
hcci_60,Q980_0h_WC,roi_60,Helios G4 PFIB CXe_InLens_10000.0kV_5000.0x,254,3,0,0,770,1,"[1, 2, 3, 4, 5, 6, 7, 8, 9, 10, 11, 12, 13, 14, 15, 16, 17, 18, 19, 20, 21, 22, 23, 24, 25, 26, 27, 28, 29, 30, 31, 32, 33, 34, 35, 36, 38, 39, 40, 41, 42, 43, 44, 45, 46, 47, 48, 50, 51, 52, 53, 54, 55, 56, 58, 59, 60, 61, 62, 65, 66, 67, 68, 69, 70, 72, 74, 75, 77, 78, 79, 80, 81, 83, 85, 86, 89, 91, 94, 95, 97, 98, 101, 104, 109, 112, 114, 115, 118, 119, 122, 128, 129, 133, 138, 143, 147, 156, 160, 176, 178, 180, 185, 188, 197, 199, 203, 204, 205, 212, 217, 219, 222, 223, 225, 227, 234, 238, 242, 245, 246, 247, 248, 254, 255, 256, 257, 263, 266, 269, 272, 277, 281, 284, 308, 311, 312, 313, 314, 327, 332, 334, 340, 342, 343, 344, 351, 357, 359, 367, 375, 380, 384, 386, 387, 392, 393, 394, 395, 396, 398, 420, 430, 435, 436, 440, 444, 452, 456, 459, 463, 468, 470, 476, 477, 482, 485, 492, 494, 495, 498, 499, 503, 505, 507, 509, 510, 512, 513, 519, 521, 522, 530, 533, 537, 541, 543, 547, 548, 556, 564, 566, 567, 568, 569, 572, 573, 577, 587, 591, 595, 604, 611, 614, 626, 632, 633, 634, 636, 639, 640, 642, 648, 652, 653, 661, 671, 675, 678, 680, 681, 685, 686, 688, 691, 698, 704, 705, 707, 708, 713, 714, 720, 722, 723, 728, 734, 738, 741, 751, 752, 757, 762, 766]"
hcci_600,Q980_9h_AC,roi_600,VEGA3 XMH_SE_10000.0kV_4000.0x,252,3,0,0,770,1,"[1, 2, 3, 4, 5, 6, 7, 8, 9, 10, 11, 12, 13, 14, 15, 16, 17, 18, 19, 20, 21, 22, 23, 24, 25, 26, 27, 28, 29, 30, 31, 32, 33, 34, 35, 36, 37, 38, 39, 40, 42, 43, 44, 45, 46, 47, 48, 49, 50, 51, 52, 53, 54, 56, 57, 58, 59, 60, 61, 62, 63, 64, 65, 66, 67, 68, 69, 72, 73, 74, 76, 77, 78, 79, 80, 81, 82, 84, 85, 86, 88, 89, 90, 91, 92, 93, 94, 95, 98, 99, 103, 106, 108, 112, 119, 122, 125, 126, 127, 129, 131, 134, 135, 139, 141, 143, 149, 152, 154, 155, 156, 157, 162, 164, 168, 169, 171, 173, 174, 181, 183, 186, 190, 191, 196, 197, 199, 200, 205, 207, 215, 216, 222, 227, 229, 230, 233, 234, 235, 237, 239, 243, 246, 247, 251, 253, 257, 258, 262, 265, 266, 267, 268, 271, 274, 278, 280, 281, 282, 285, 289, 292, 293, 294, 297, 303, 304, 307, 308, 312, 315, 319, 322, 325, 329, 330, 334, 342, 345, 347, 350, 351, 352, 355, 358, 359, 374, 376, 378, 380, 383, 388, 390, 391, 393, 394, 396, 397, 400, 401, 404, 407, 412, 413, 414, 424, 426, 428, 433, 443, 446, 449, 450, 451, 456, 469, 471, 475, 483, 484, 495, 496, 504, 513, 522, 528, 530, 539, 559, 561, 577, 584, 612, 613, 616, 619, 624, 638, 644, 648, 650, 652, 657, 661, 670, 675, 692, 706, 712, 721, 744, 754]"
hcci_601,Q980_9h_AC,roi_601,VEGA3 XMH_BSE_10000.0kV_4000.0x,252,3,0,0,770,1,"[1, 2, 3, 4, 5, 6, 7, 8, 9, 10, 11, 12, 13, 14, 15, 16, 17, 18, 19, 20, 21, 22, 23, 24, 25, 26, 27, 28, 29, 31, 32, 33, 34, 35, 36, 37, 38, 39, 40, 41, 42, 43, 44, 45, 46, 47, 48, 49, 50, 51, 52, 53, 54, 55, 56, 57, 58, 59, 61, 63, 64, 65, 66, 67, 69, 70, 71, 73, 75, 76, 78, 80, 82, 84, 85, 86, 87, 88, 89, 92, 95, 98, 101, 106, 107, 111, 112, 114, 115, 117, 118, 120, 123, 126, 129, 131, 134, 136, 137, 140, 141, 142, 146, 148, 149, 150, 151, 153, 154, 155, 156, 157, 160, 162, 163, 166, 167, 168, 170, 173, 174, 175, 177, 182, 184, 185, 186, 188, 189, 191, 202, 204, 205, 206, 207, 209, 212, 213, 214, 219, 220, 221, 222, 223, 230, 234, 238, 250, 251, 252, 258, 260, 261, 262, 269, 277, 279, 280, 285, 287, 290, 291, 293, 294, 302, 311, 313, 314, 316, 319, 320, 323, 325, 326, 327, 329, 331, 333, 334, 335, 338, 344, 347, 348, 356, 358, 362, 364, 365, 366, 368, 374, 379, 380, 394, 397, 401, 402, 404, 407, 410, 411, 413, 430, 432, 433, 434, 436, 440, 443, 465, 467, 470, 471, 475, 477, 482, 486, 493, 508, 510, 517, 521, 522, 531, 536, 538, 552, 560, 573, 582, 585, 597, 601, 606, 618, 637, 638, 653, 670, 677, 678, 682, 683, 699, 704, 707, 709, 717, 725, 730, 740]"
hcci_602,Q980_9h_AC,roi_602,VEGA3 XMH_BSE_10000.0kV_4000.0x,252,3,0,0,770,1,"[1, 2, 3, 4, 5, 6, 7, 8, 9, 10, 11, 12, 13, 14, 15, 16, 17, 18, 20, 21, 22, 23, 24, 25, 26, 27, 28, 29, 30, 31, 32, 34, 35, 36, 37, 38, 39, 40, 41, 42, 43, 44, 46, 47, 49, 50, 51, 52, 55, 56, 58, 59, 61, 63, 64, 65, 67, 71, 74, 76, 77, 80, 82, 83, 87, 88, 89, 92, 94, 97, 99, 101, 102, 105, 108, 109, 114, 115, 118, 122, 123, 124, 126, 131, 135, 136, 139, 140, 141, 144, 149, 154, 156, 158, 159, 160, 161, 164, 165, 169, 175, 176, 177, 185, 187, 191, 192, 195, 198, 200, 201, 205, 206, 212, 213, 214, 215, 216, 219, 222, 227, 229, 230, 232, 233, 234, 235, 238, 240, 242, 243, 246, 251, 252, 253, 254, 255, 257, 259, 260, 261, 262, 264, 267, 268, 270, 271, 272, 283, 284, 288, 292, 293, 295, 297, 298, 300, 309, 311, 319, 321, 326, 332, 337, 338, 349, 354, 357, 360, 362, 365, 377, 378, 379, 380, 382, 383, 389, 398, 402, 404, 406, 407, 410, 423, 424, 431, 432, 440, 446, 450, 454, 455, 471, 472, 479, 487, 491, 494, 508, 509, 511, 517, 521, 526, 532, 538, 539, 542, 545, 553, 556, 572, 575, 583, 584, 585, 588, 593, 595, 598, 599, 608, 611, 612, 613, 614, 618, 621, 624, 626, 631, 644, 648, 665, 669, 672, 679, 683, 684, 685, 688, 689, 691, 711, 718, 721, 722, 724, 725, 736, 749]"
hcci_603,Q980_9h_AC,roi_603,VEGA3 XMH_SE_10000.0kV_20000.0x,252,3,0,0,770,1,"[1, 2, 3, 4, 5, 6, 7, 8, 9, 10, 11, 12, 13, 14, 15, 16, 17, 18, 19, 20, 21, 22, 23, 24, 25, 26, 27, 28, 29, 30, 31, 32, 33, 34, 35, 36, 37, 38, 39, 40, 41, 42, 43, 44, 45, 46, 47, 48, 50, 51, 52, 53, 54, 55, 56, 58, 62, 63, 66, 67, 68, 72, 74, 75, 84, 85, 90, 91, 94, 95, 96, 98, 99, 101, 102, 103, 115, 118, 123, 133, 144, 151, 152, 158, 160, 162, 171, 174, 177, 181, 182, 184, 185, 188, 190, 191, 193, 196, 199, 203, 205, 207, 208, 209, 216, 217, 219, 220, 222, 224, 229, 234, 236, 240, 241, 244, 246, 248, 250, 253, 254, 256, 257, 266, 268, 269, 270, 271, 274, 275, 277, 278, 281, 283, 288, 289, 290, 291, 292, 294, 297, 298, 299, 302, 303, 307, 308, 310, 311, 312, 313, 317, 318, 319, 321, 322, 326, 328, 331, 333, 338, 339, 340, 347, 348, 349, 350, 351, 352, 354, 363, 364, 367, 368, 370, 373, 374, 376, 380, 391, 397, 398, 403, 406, 409, 412, 414, 420, 423, 426, 428, 435, 438, 444, 445, 449, 452, 458, 459, 460, 461, 467, 476, 479, 482, 487, 489, 492, 493, 495, 505, 507, 509, 515, 516, 521, 527, 529, 539, 540, 541, 543, 544, 547, 550, 553, 556, 557, 561, 569, 581, 589, 601, 602, 606, 612, 614, 617, 621, 624, 627, 663, 666, 671, 689, 700, 701, 705, 708, 758, 767, 768]"
hcci_604,Q980_9h_AC,roi_604,VEGA3 XMH_SE_10000.0kV_20000.0x,252,3,0,0,770,1,"[1, 2, 3, 4, 5, 6, 7, 8, 9, 10, 11, 12, 13, 14, 15, 16, 17, 18, 19, 20, 21, 22, 23, 24, 25, 26, 27, 28, 29, 31, 32, 33, 34, 35, 36, 37, 38, 39, 40, 41, 42, 44, 45, 46, 47, 48, 50, 52, 53, 54, 55, 56, 57, 58, 60, 61, 62, 63, 64, 65, 66, 68, 69, 74, 75, 76, 77, 78, 80, 81, 82, 84, 86, 88, 89, 90, 91, 93, 94, 96, 98, 103, 104, 105, 106, 107, 108, 109, 110, 111, 112, 114, 115, 116, 117, 118, 120, 122, 124, 125, 126, 128, 129, 131, 133, 135, 138, 140, 141, 142, 144, 145, 146, 147, 149, 150, 151, 152, 154, 155, 157, 159, 161, 162, 163, 171, 173, 174, 175, 180, 181, 184, 188, 189, 190, 191, 193, 195, 196, 199, 200, 207, 214, 216, 219, 220, 224, 229, 231, 232, 235, 239, 242, 245, 246, 249, 259, 260, 261, 266, 267, 272, 276, 279, 284, 287, 289, 292, 293, 294, 295, 299, 300, 304, 308, 314, 316, 317, 318, 320, 329, 331, 336, 337, 340, 345, 348, 349, 352, 354, 356, 358, 360, 363, 365, 377, 378, 382, 384, 389, 391, 392, 393, 397, 399, 407, 408, 417, 421, 424, 429, 430, 431, 432, 433, 435, 449, 452, 458, 459, 463, 465, 474, 478, 479, 481, 482, 487, 500, 503, 506, 512, 513, 514, 516, 522, 531, 541, 549, 556, 564, 572, 585, 612, 615, 619, 624, 627, 630, 665, 713, 760]"
hcci_605,Q980_9h_AC,roi_605,VEGA3 XMH_BSE_10000.0kV_20000.0x,253,2,0,0,771,1,"[1, 2, 3, 4, 5, 6, 7, 8, 9, 10, 11, 12, 15, 16, 17, 20, 21, 22, 24, 25, 26, 27, 29, 30, 31, 33, 36, 39, 40, 41, 44, 47, 48, 49, 50, 52, 53, 58, 60, 63, 65, 66, 72, 73, 74, 78, 80, 81, 82, 86, 89, 91, 92, 93, 94, 96, 99, 100, 101, 104, 105, 106, 107, 108, 112, 114, 115, 117, 118, 119, 120, 122, 123, 126, 129, 131, 132, 135, 136, 138, 139, 142, 143, 144, 146, 151, 155, 156, 162, 165, 168, 171, 172, 173, 174, 177, 178, 182, 184, 188, 198, 200, 201, 202, 203, 206, 208, 210, 212, 215, 220, 225, 226, 228, 230, 231, 232, 234, 237, 238, 242, 249, 250, 253, 255, 256, 257, 258, 261, 262, 263, 265, 270, 271, 272, 273, 274, 275, 276, 277, 279, 281, 283, 286, 290, 291, 293, 295, 296, 300, 301, 303, 307, 308, 310, 311, 315, 318, 320, 321, 322, 326, 334, 336, 338, 340, 341, 343, 344, 348, 349, 350, 351, 352, 353, 354, 355, 358, 365, 372, 378, 380, 383, 386, 387, 388, 390, 391, 394, 396, 401, 404, 406, 407, 411, 416, 419, 423, 426, 428, 430, 432, 433, 435, 437, 438, 440, 443, 445, 446, 448, 454, 457, 463, 464, 467, 471, 477, 482, 489, 492, 494, 496, 497, 501, 507, 509, 511, 515, 518, 522, 534, 536, 541, 542, 550, 552, 554, 560, 565, 575, 577, 585, 590, 597, 598, 606, 613, 654, 662, 682, 689, 737]"
hcci_607,Q980_9h_AC,roi_607,VEGA3 XMH_SE_20000.0kV_4000.0x,252,3,0,0,770,1,"[1, 2, 3, 4, 5, 6, 8, 12, 13, 14, 16, 17, 18, 19, 20, 21, 23, 24, 26, 28, 29, 30, 31, 32, 34, 35, 36, 37, 38, 39, 40, 41, 42, 45, 49, 51, 55, 57, 60, 63, 64, 65, 67, 69, 71, 72, 74, 76, 78, 79, 82, 83, 84, 88, 89, 91, 93, 98, 104, 108, 114, 115, 116, 123, 125, 129, 134, 140, 146, 148, 154, 158, 164, 165, 170, 173, 174, 178, 179, 182, 184, 185, 187, 191, 193, 197, 198, 201, 204, 205, 211, 216, 218, 219, 228, 230, 239, 241, 245, 246, 258, 276, 279, 280, 281, 283, 285, 306, 308, 324, 325, 326, 328, 333, 334, 339, 342, 345, 349, 355, 357, 361, 363, 373, 374, 376, 381, 385, 387, 388, 389, 391, 395, 401, 412, 421, 422, 423, 425, 434, 443, 445, 449, 451, 454, 455, 459, 461, 464, 468, 475, 479, 482, 486, 487, 496, 499, 501, 502, 505, 510, 511, 524, 529, 531, 537, 540, 542, 543, 547, 548, 551, 552, 556, 557, 561, 562, 565, 571, 576, 581, 585, 592, 593, 594, 596, 601, 603, 604, 606, 607, 608, 610, 612, 613, 615, 618, 620, 623, 625, 626, 633, 636, 637, 638, 640, 642, 643, 644, 645, 651, 652, 653, 656, 658, 662, 663, 664, 668, 670, 675, 676, 678, 679, 680, 682, 683, 685, 687, 689, 691, 692, 693, 696, 697, 699, 707, 710, 713, 714, 715, 717, 729, 734, 736, 739, 742, 745, 750, 755, 759, 761]"
hcci_608,Q980_9h_AC,roi_608,VEGA3 XMH_SE_20000.0kV_4000.0x,252,3,0,0,770,1,"[1, 2, 3, 4, 5, 6, 7, 8, 9, 10, 11, 12, 13, 14, 15, 16, 17, 18, 19, 20, 21, 22, 23, 24, 25, 26, 27, 28, 30, 31, 32, 33, 34, 35, 36, 37, 38, 39, 40, 41, 42, 43, 46, 47, 48, 49, 50, 51, 52, 53, 54, 55, 56, 57, 58, 59, 60, 61, 63, 64, 65, 66, 68, 69, 70, 71, 73, 75, 78, 79, 80, 82, 83, 85, 86, 87, 90, 97, 98, 100, 103, 106, 110, 112, 117, 118, 119, 124, 125, 128, 129, 131, 133, 134, 137, 139, 140, 141, 151, 152, 153, 154, 156, 159, 160, 161, 162, 167, 168, 170, 171, 172, 178, 180, 182, 187, 189, 191, 192, 195, 197, 201, 209, 210, 214, 219, 222, 232, 238, 244, 245, 248, 249, 257, 258, 259, 260, 263, 264, 265, 287, 288, 293, 295, 303, 304, 305, 314, 318, 319, 325, 331, 334, 335, 345, 356, 357, 370, 393, 407, 408, 411, 412, 415, 420, 421, 426, 427, 428, 431, 432, 433, 439, 445, 452, 455, 460, 462, 465, 466, 468, 471, 476, 478, 479, 488, 491, 501, 513, 514, 515, 518, 523, 524, 532, 538, 540, 542, 545, 553, 555, 557, 562, 565, 568, 570, 574, 580, 584, 586, 591, 602, 603, 608, 614, 616, 618, 623, 632, 633, 637, 643, 645, 651, 652, 656, 659, 663, 664, 672, 681, 684, 691, 692, 700, 701, 706, 707, 713, 718, 724, 733, 734, 736, 737, 738, 749, 750, 751, 756, 760, 763]"
hcci_609,Q980_9h_AC,roi_609,VEGA3 XMH_BSE_20000.0kV_4000.0x,252,3,0,0,770,1,"[1, 2, 3, 4, 5, 6, 7, 8, 9, 10, 11, 12, 13, 14, 15, 16, 17, 18, 19, 20, 21, 22, 23, 24, 25, 26, 27, 28, 29, 30, 31, 33, 34, 35, 36, 37, 38, 39, 40, 41, 42, 43, 44, 45, 46, 47, 48, 49, 50, 52, 53, 54, 55, 57, 58, 60, 61, 62, 63, 66, 67, 68, 70, 71, 72, 73, 75, 77, 79, 80, 84, 85, 86, 89, 93, 94, 95, 97, 98, 100, 101, 105, 108, 110, 115, 116, 118, 122, 126, 128, 129, 130, 136, 141, 142, 143, 145, 150, 153, 155, 156, 157, 161, 165, 168, 171, 179, 180, 181, 182, 183, 188, 192, 194, 195, 196, 198, 201, 206, 208, 210, 217, 218, 222, 229, 230, 234, 236, 238, 239, 242, 245, 246, 250, 255, 256, 260, 264, 265, 266, 269, 271, 275, 276, 277, 279, 283, 291, 296, 301, 302, 303, 308, 310, 311, 313, 314, 317, 319, 320, 322, 324, 329, 333, 351, 353, 355, 356, 361, 363, 364, 367, 369, 374, 380, 383, 391, 397, 398, 399, 403, 404, 405, 415, 417, 419, 420, 421, 423, 425, 438, 441, 447, 451, 452, 457, 459, 463, 464, 467, 472, 480, 483, 484, 494, 495, 496, 500, 504, 511, 515, 526, 527, 529, 530, 533, 541, 543, 545, 554, 557, 558, 567, 577, 578, 582, 595, 600, 601, 611, 621, 632, 639, 648, 657, 659, 679, 685, 692, 697, 717, 721, 722, 723, 727, 731, 741, 742, 743, 750, 758, 759]"
hcci_61,Q980_0h_WC,roi_61,Helios G4 PFIB CXe_SE_20000.0kV_1000.0x,254,3,0,0,770,1,"[1, 2, 3, 4, 5, 6, 7, 8, 9, 10, 11, 12, 13, 14, 15, 16, 17, 18, 19, 20, 21, 22, 23, 24, 26, 27, 28, 29, 30, 31, 32, 33, 34, 35, 36, 37, 39, 40, 41, 42, 43, 45, 46, 47, 50, 52, 53, 56, 59, 61, 62, 64, 65, 68, 69, 71, 72, 75, 76, 77, 79, 86, 87, 88, 89, 91, 92, 93, 104, 106, 109, 114, 118, 120, 121, 122, 124, 127, 129, 139, 142, 143, 144, 145, 148, 152, 154, 160, 163, 165, 167, 169, 170, 173, 175, 182, 183, 187, 189, 190, 194, 195, 196, 198, 199, 201, 203, 206, 214, 217, 218, 219, 221, 223, 224, 225, 228, 230, 232, 238, 242, 244, 249, 250, 252, 255, 258, 261, 267, 268, 272, 276, 277, 278, 282, 284, 286, 287, 292, 301, 302, 303, 306, 311, 312, 316, 317, 320, 328, 337, 346, 357, 361, 365, 368, 375, 381, 382, 384, 386, 390, 393, 398, 401, 403, 405, 406, 407, 415, 416, 420, 425, 434, 435, 436, 441, 442, 446, 450, 456, 457, 459, 461, 463, 468, 469, 471, 473, 485, 493, 496, 502, 509, 521, 530, 531, 533, 541, 545, 547, 548, 549, 554, 575, 577, 580, 587, 590, 593, 601, 605, 606, 607, 611, 616, 619, 629, 636, 637, 638, 640, 646, 663, 665, 666, 668, 672, 678, 681, 688, 690, 695, 697, 702, 705, 707, 710, 714, 722, 727, 729, 734, 739, 743, 746, 752, 754, 756, 760, 761, 765, 766, 768, 770]"
hcci_610,Q980_9h_AC,roi_610,VEGA3 XMH_BSE_20000.0kV_4000.0x,252,3,0,0,770,1,"[1, 2, 3, 4, 5, 6, 7, 8, 9, 10, 11, 12, 13, 14, 15, 16, 17, 18, 19, 20, 21, 22, 23, 24, 25, 27, 28, 29, 30, 31, 32, 33, 36, 37, 38, 39, 40, 44, 45, 46, 47, 48, 49, 50, 52, 55, 56, 57, 59, 60, 61, 62, 63, 64, 65, 66, 69, 70, 72, 74, 77, 78, 81, 83, 84, 85, 86, 87, 88, 90, 91, 93, 95, 96, 99, 101, 102, 104, 106, 107, 108, 109, 110, 111, 115, 117, 119, 120, 121, 127, 128, 134, 135, 144, 145, 149, 150, 152, 153, 154, 156, 158, 160, 161, 162, 164, 170, 171, 179, 180, 181, 183, 186, 188, 189, 190, 192, 195, 196, 197, 203, 204, 205, 207, 208, 210, 217, 225, 227, 233, 240, 241, 246, 252, 260, 261, 264, 270, 276, 278, 280, 281, 284, 287, 291, 295, 299, 304, 305, 307, 332, 340, 348, 362, 364, 367, 368, 373, 375, 376, 377, 380, 384, 386, 394, 397, 404, 414, 415, 425, 426, 442, 444, 449, 457, 461, 464, 468, 471, 479, 484, 487, 491, 494, 497, 501, 511, 512, 515, 516, 520, 523, 526, 529, 538, 540, 542, 546, 549, 555, 563, 564, 565, 566, 567, 571, 573, 581, 582, 583, 584, 588, 592, 593, 596, 597, 602, 603, 606, 608, 613, 615, 624, 625, 634, 640, 646, 654, 663, 673, 675, 676, 681, 687, 694, 697, 700, 703, 706, 710, 716, 718, 722, 728, 729, 730, 731, 737, 739, 743, 749, 765]"
hcci_611,Q980_9h_AC,roi_611,VEGA3 XMH_SE_20000.0kV_20000.0x,252,3,0,0,770,1,"[1, 2, 3, 4, 5, 6, 7, 8, 9, 10, 11, 12, 13, 15, 16, 17, 19, 20, 21, 22, 23, 24, 25, 26, 27, 28, 29, 30, 31, 32, 33, 34, 36, 37, 38, 39, 40, 41, 42, 47, 50, 52, 53, 54, 55, 56, 57, 59, 60, 63, 64, 65, 68, 76, 86, 87, 89, 93, 95, 103, 104, 108, 113, 115, 120, 126, 129, 130, 131, 139, 140, 142, 145, 146, 148, 152, 155, 158, 163, 165, 166, 167, 173, 179, 180, 181, 186, 188, 189, 190, 191, 193, 195, 199, 200, 206, 208, 215, 217, 218, 219, 220, 223, 224, 225, 228, 229, 231, 238, 241, 243, 245, 247, 249, 252, 256, 261, 262, 263, 265, 266, 269, 270, 271, 273, 274, 276, 277, 279, 281, 285, 287, 291, 293, 294, 295, 296, 298, 299, 303, 304, 305, 307, 311, 312, 315, 317, 322, 323, 326, 327, 330, 335, 338, 342, 343, 347, 350, 352, 353, 354, 355, 356, 365, 366, 372, 376, 377, 381, 382, 384, 385, 391, 393, 399, 402, 405, 412, 420, 423, 424, 426, 427, 432, 433, 435, 436, 437, 440, 442, 446, 449, 450, 451, 452, 453, 456, 457, 458, 459, 464, 466, 469, 471, 473, 475, 486, 487, 489, 490, 493, 499, 500, 504, 505, 516, 519, 521, 524, 526, 530, 531, 534, 541, 556, 567, 571, 573, 586, 591, 593, 602, 610, 612, 613, 629, 631, 636, 642, 656, 657, 660, 670, 682, 697, 699, 717, 732, 738, 741, 751, 769]"
hcci_612,Q980_9h_AC,roi_612,VEGA3 XMH_SE_20000.0kV_20000.0x,252,3,0,0,770,1,"[1, 2, 3, 4, 5, 6, 7, 8, 9, 10, 11, 12, 13, 14, 15, 16, 17, 18, 19, 20, 21, 22, 24, 26, 27, 28, 30, 31, 32, 33, 35, 38, 40, 43, 45, 46, 48, 49, 50, 51, 53, 54, 55, 56, 57, 58, 59, 65, 66, 67, 70, 71, 75, 76, 77, 79, 81, 84, 85, 86, 88, 89, 90, 91, 92, 93, 94, 96, 99, 101, 103, 105, 106, 107, 108, 110, 114, 116, 119, 123, 124, 125, 126, 127, 129, 130, 132, 133, 134, 135, 137, 139, 141, 143, 144, 146, 148, 149, 153, 154, 156, 157, 158, 159, 160, 161, 163, 164, 166, 169, 171, 173, 177, 179, 181, 185, 188, 192, 194, 196, 200, 202, 211, 213, 219, 224, 225, 226, 228, 232, 237, 241, 242, 244, 248, 249, 254, 255, 263, 265, 271, 272, 273, 274, 278, 280, 282, 283, 284, 289, 291, 292, 294, 297, 299, 301, 304, 306, 310, 315, 317, 318, 319, 320, 324, 325, 330, 335, 337, 345, 348, 355, 356, 361, 367, 368, 375, 377, 378, 380, 384, 385, 389, 390, 392, 395, 398, 401, 402, 408, 418, 425, 426, 430, 433, 435, 436, 438, 439, 445, 447, 448, 457, 458, 459, 468, 469, 470, 472, 474, 482, 483, 485, 487, 491, 492, 493, 498, 501, 502, 505, 507, 509, 512, 515, 518, 519, 520, 521, 535, 544, 553, 555, 556, 561, 563, 567, 568, 572, 594, 605, 607, 629, 631, 645, 665, 683, 687, 690, 700, 721, 758]"
hcci_613,Q980_9h_AC,roi_613,VEGA3 XMH_BSE_20000.0kV_20000.0x,253,2,0,0,771,1,"[1, 2, 3, 4, 5, 6, 7, 8, 9, 10, 11, 12, 13, 14, 16, 17, 18, 19, 20, 22, 25, 26, 29, 30, 32, 36, 39, 44, 46, 48, 54, 55, 56, 57, 59, 60, 62, 69, 78, 79, 80, 84, 88, 89, 91, 93, 94, 95, 96, 98, 101, 104, 109, 110, 115, 119, 123, 124, 126, 128, 129, 130, 131, 132, 136, 138, 140, 141, 144, 145, 146, 148, 150, 156, 157, 158, 162, 165, 171, 172, 173, 175, 177, 178, 179, 182, 189, 190, 191, 192, 196, 197, 199, 200, 207, 208, 210, 212, 214, 215, 217, 220, 221, 223, 229, 231, 233, 235, 236, 237, 238, 244, 245, 247, 251, 252, 253, 255, 256, 258, 260, 261, 262, 265, 266, 267, 268, 269, 274, 276, 277, 280, 283, 287, 290, 292, 294, 297, 302, 303, 308, 309, 310, 314, 315, 317, 320, 321, 323, 327, 332, 334, 335, 338, 340, 343, 345, 347, 348, 353, 356, 357, 363, 369, 370, 372, 373, 374, 375, 376, 379, 383, 385, 390, 394, 395, 396, 400, 401, 404, 406, 410, 413, 414, 415, 416, 419, 420, 421, 424, 427, 428, 429, 430, 432, 433, 437, 439, 440, 443, 445, 446, 448, 451, 453, 458, 460, 461, 464, 465, 473, 477, 479, 488, 491, 497, 501, 503, 519, 523, 528, 530, 532, 535, 538, 547, 549, 551, 559, 560, 561, 564, 571, 588, 592, 607, 612, 620, 628, 630, 631, 640, 647, 652, 656, 662, 680, 685, 700, 730, 748, 757, 767]"
hcci_615,AsCast,roi_615,Helios NanoLab_SE_5000.0kV_600.0x,256,3,0,0,770,1,"[1, 2, 3, 4, 5, 6, 7, 8, 9, 10, 11, 12, 13, 14, 15, 16, 17, 18, 19, 20, 21, 22, 23, 24, 25, 26, 27, 28, 29, 30, 31, 32, 33, 34, 35, 36, 37, 38, 39, 40, 41, 42, 43, 44, 45, 46, 47, 48, 49, 50, 51, 52, 53, 54, 55, 56, 57, 58, 59, 60, 61, 62, 63, 64, 65, 66, 67, 68, 69, 70, 71, 72, 73, 74, 75, 76, 77, 78, 79, 80, 81, 82, 83, 84, 85, 86, 87, 88, 89, 90, 91, 92, 93, 94, 95, 96, 97, 98, 99, 100, 101, 102, 103, 104, 105, 106, 107, 108, 109, 110, 111, 112, 113, 114, 115, 116, 117, 118, 119, 120, 121, 122, 123, 124, 125, 126, 127, 128, 129, 130, 131, 132, 133, 134, 136, 137, 138, 139, 140, 141, 142, 143, 144, 145, 146, 147, 148, 149, 150, 151, 152, 153, 155, 156, 157, 158, 159, 160, 164, 166, 167, 168, 169, 170, 171, 172, 174, 176, 178, 180, 182, 183, 185, 189, 190, 191, 192, 193, 194, 195, 197, 199, 200, 202, 205, 212, 213, 214, 215, 216, 219, 221, 227, 228, 232, 233, 234, 236, 238, 239, 240, 244, 249, 252, 257, 258, 262, 264, 271, 276, 283, 284, 287, 291, 293, 297, 303, 304, 313, 317, 320, 323, 324, 329, 339, 342, 345, 352, 353, 360, 362, 378, 387, 394, 396, 400, 413, 427, 428, 430, 432, 439, 452, 462, 473, 482, 487, 537, 539, 549, 555, 557, 593, 641, 650, 673]"
hcci_616,AsCast,roi_616,Helios NanoLab_SE_5000.0kV_600.0x,256,3,0,0,770,1,"[1, 2, 3, 4, 5, 6, 7, 8, 9, 10, 11, 12, 13, 14, 15, 16, 17, 18, 19, 20, 21, 22, 23, 24, 25, 26, 27, 28, 29, 30, 31, 32, 33, 34, 35, 36, 37, 38, 39, 40, 41, 42, 43, 44, 45, 46, 47, 48, 49, 50, 51, 52, 53, 54, 55, 56, 57, 58, 59, 60, 61, 62, 63, 64, 65, 66, 67, 68, 69, 70, 71, 72, 73, 74, 75, 76, 77, 78, 79, 80, 81, 82, 83, 84, 85, 86, 87, 88, 89, 90, 91, 92, 93, 94, 95, 96, 97, 98, 99, 100, 101, 102, 103, 104, 105, 106, 107, 108, 109, 110, 111, 112, 113, 114, 115, 116, 117, 118, 119, 120, 121, 122, 123, 124, 126, 127, 128, 129, 130, 133, 134, 135, 136, 137, 138, 139, 141, 142, 143, 144, 145, 146, 147, 148, 149, 151, 152, 153, 154, 155, 156, 158, 159, 160, 161, 162, 163, 164, 167, 168, 169, 170, 171, 172, 173, 175, 178, 182, 185, 187, 188, 190, 191, 193, 195, 196, 199, 201, 202, 204, 205, 206, 207, 208, 210, 213, 214, 216, 219, 224, 225, 228, 232, 236, 238, 239, 242, 243, 246, 248, 249, 250, 252, 253, 260, 261, 264, 265, 266, 272, 274, 283, 286, 296, 297, 304, 311, 312, 315, 316, 317, 319, 321, 323, 325, 326, 327, 344, 353, 358, 362, 375, 377, 384, 388, 391, 399, 412, 422, 428, 429, 431, 436, 441, 443, 464, 465, 505, 510, 521, 538, 553, 559, 603, 626, 639]"
hcci_617,AsCast,roi_617,Helios NanoLab_BSE_5000.0kV_600.0x,256,3,0,0,770,1,"[1, 2, 3, 4, 5, 6, 7, 8, 9, 10, 11, 12, 13, 14, 15, 16, 17, 18, 19, 20, 21, 22, 23, 24, 25, 26, 27, 28, 29, 30, 31, 32, 33, 34, 35, 36, 37, 38, 39, 40, 41, 42, 43, 44, 45, 46, 47, 48, 49, 50, 51, 52, 53, 54, 55, 56, 57, 58, 59, 60, 61, 62, 63, 64, 65, 66, 67, 68, 69, 70, 71, 72, 73, 74, 75, 76, 77, 78, 79, 80, 81, 82, 83, 84, 85, 86, 87, 88, 89, 90, 91, 92, 93, 94, 96, 97, 98, 99, 100, 101, 102, 103, 104, 105, 106, 107, 109, 110, 113, 114, 115, 116, 117, 118, 119, 120, 124, 126, 127, 128, 129, 131, 134, 136, 137, 140, 141, 144, 145, 147, 148, 149, 151, 154, 155, 158, 160, 164, 165, 169, 170, 171, 172, 174, 175, 176, 178, 183, 184, 185, 186, 192, 195, 197, 198, 200, 202, 205, 209, 210, 215, 217, 223, 225, 228, 229, 230, 236, 237, 241, 245, 247, 254, 262, 264, 268, 272, 278, 279, 281, 286, 289, 290, 299, 302, 309, 310, 316, 320, 321, 323, 324, 331, 344, 345, 347, 348, 352, 353, 355, 357, 358, 361, 362, 363, 365, 380, 386, 392, 393, 394, 397, 398, 400, 402, 404, 405, 421, 423, 427, 428, 431, 438, 440, 454, 466, 475, 478, 491, 497, 502, 503, 506, 514, 519, 520, 521, 525, 538, 544, 548, 551, 554, 556, 560, 569, 574, 586, 600, 624, 637, 647, 654, 691, 709, 712]"
hcci_618,AsCast,roi_618,Helios NanoLab_BSE_5000.0kV_600.0x,256,3,0,0,770,1,"[1, 2, 3, 4, 5, 6, 7, 8, 9, 10, 11, 12, 13, 14, 15, 16, 17, 18, 19, 20, 21, 22, 23, 24, 25, 26, 27, 28, 29, 30, 31, 32, 33, 34, 35, 36, 37, 38, 39, 40, 41, 42, 43, 44, 45, 46, 47, 48, 49, 50, 51, 52, 53, 54, 55, 56, 57, 58, 59, 60, 61, 62, 63, 64, 65, 66, 67, 68, 69, 70, 71, 72, 73, 74, 75, 76, 77, 78, 79, 80, 81, 82, 83, 84, 86, 87, 88, 89, 90, 91, 92, 93, 94, 95, 96, 97, 98, 99, 100, 101, 102, 103, 104, 105, 108, 109, 110, 111, 112, 113, 114, 115, 116, 117, 118, 119, 120, 121, 124, 125, 126, 127, 128, 129, 130, 131, 133, 134, 136, 138, 139, 140, 142, 143, 146, 148, 149, 150, 153, 154, 156, 159, 163, 164, 165, 168, 171, 172, 178, 179, 182, 185, 187, 189, 195, 199, 200, 202, 203, 207, 210, 212, 214, 217, 221, 222, 224, 226, 234, 236, 237, 241, 242, 243, 246, 248, 249, 250, 252, 253, 254, 258, 259, 267, 271, 274, 275, 284, 287, 289, 294, 295, 297, 298, 300, 302, 303, 305, 307, 313, 315, 319, 321, 324, 326, 327, 340, 343, 346, 349, 351, 355, 357, 360, 361, 371, 373, 376, 385, 399, 403, 407, 419, 422, 426, 432, 442, 457, 458, 459, 468, 476, 491, 493, 502, 514, 515, 516, 518, 532, 534, 539, 544, 552, 554, 559, 563, 572, 577, 581, 584, 596, 602, 605, 619, 639]"
hcci_619,AsCast,roi_619,Helios NanoLab_InLens_5000.0kV_600.0x,256,3,0,0,770,1,"[1, 2, 3, 4, 5, 6, 7, 8, 9, 10, 11, 12, 13, 14, 15, 16, 17, 18, 19, 20, 21, 22, 23, 24, 25, 26, 27, 28, 29, 30, 31, 32, 33, 34, 35, 36, 37, 38, 39, 40, 41, 42, 43, 44, 45, 46, 47, 48, 49, 50, 51, 52, 53, 54, 55, 56, 57, 58, 59, 60, 61, 62, 63, 64, 65, 66, 67, 68, 69, 70, 71, 72, 73, 74, 75, 76, 77, 78, 79, 80, 81, 82, 83, 84, 85, 86, 88, 89, 90, 91, 92, 93, 94, 95, 96, 97, 98, 100, 103, 104, 105, 106, 107, 109, 110, 111, 112, 113, 114, 116, 118, 119, 121, 122, 124, 125, 126, 128, 129, 130, 131, 132, 133, 134, 135, 137, 138, 139, 140, 144, 145, 146, 147, 148, 149, 150, 152, 154, 155, 156, 157, 159, 160, 161, 162, 163, 165, 166, 167, 168, 170, 171, 172, 173, 175, 178, 179, 180, 181, 185, 186, 191, 193, 194, 195, 196, 201, 202, 204, 205, 208, 210, 211, 212, 214, 217, 220, 222, 224, 225, 227, 229, 231, 240, 241, 245, 247, 251, 254, 257, 262, 264, 269, 272, 273, 276, 279, 280, 284, 288, 289, 292, 298, 301, 304, 309, 319, 324, 328, 329, 336, 337, 353, 354, 356, 357, 358, 361, 368, 371, 383, 385, 388, 401, 420, 425, 426, 427, 430, 438, 442, 445, 447, 452, 466, 475, 476, 482, 490, 491, 495, 503, 506, 507, 517, 527, 532, 539, 543, 547, 551, 553, 578, 595, 620, 621]"
hcci_62,Q980_0h_WC,roi_62,Helios G4 PFIB CXe_SE_20000.0kV_1000.0x,254,3,0,0,770,1,"[1, 2, 3, 4, 5, 6, 7, 8, 9, 10, 11, 12, 13, 14, 15, 16, 17, 18, 19, 20, 21, 22, 23, 24, 25, 26, 27, 28, 29, 31, 32, 33, 34, 35, 36, 37, 38, 39, 42, 43, 44, 46, 47, 48, 49, 50, 51, 52, 53, 54, 56, 57, 58, 61, 63, 65, 66, 67, 68, 71, 72, 73, 76, 77, 78, 80, 81, 82, 83, 84, 85, 89, 95, 99, 100, 101, 103, 105, 108, 118, 120, 123, 126, 129, 130, 132, 134, 137, 141, 145, 146, 149, 151, 152, 154, 155, 161, 163, 165, 170, 179, 180, 182, 183, 190, 191, 201, 202, 204, 213, 217, 218, 219, 220, 224, 225, 227, 230, 236, 237, 241, 242, 251, 252, 254, 257, 259, 261, 262, 263, 265, 268, 270, 272, 274, 277, 278, 279, 280, 287, 289, 299, 302, 305, 312, 314, 318, 326, 328, 329, 330, 332, 333, 340, 341, 342, 343, 345, 353, 355, 365, 367, 368, 370, 375, 382, 384, 387, 389, 393, 395, 396, 397, 409, 415, 417, 422, 429, 435, 437, 448, 452, 457, 459, 460, 465, 472, 474, 476, 478, 490, 492, 498, 501, 510, 512, 517, 525, 527, 531, 541, 543, 544, 545, 554, 562, 563, 564, 575, 576, 580, 583, 584, 585, 589, 595, 602, 605, 607, 616, 620, 622, 623, 636, 637, 644, 649, 650, 659, 684, 693, 695, 699, 703, 705, 711, 713, 717, 718, 719, 724, 735, 738, 739, 747, 755, 759, 761, 763, 766, 767, 768, 769, 770]"
hcci_620,AsCast,roi_620,Helios NanoLab_InLens_5000.0kV_600.0x,256,3,0,0,770,1,"[1, 2, 3, 4, 5, 6, 7, 8, 9, 10, 11, 12, 14, 15, 16, 17, 18, 19, 20, 21, 22, 23, 25, 26, 27, 28, 29, 30, 31, 32, 33, 34, 36, 37, 38, 39, 40, 41, 42, 45, 46, 47, 48, 50, 51, 52, 53, 54, 55, 57, 58, 59, 60, 61, 63, 64, 66, 68, 69, 70, 71, 72, 73, 74, 75, 76, 78, 79, 80, 81, 83, 84, 85, 86, 87, 88, 90, 93, 94, 95, 97, 98, 99, 100, 102, 103, 104, 107, 111, 113, 116, 118, 120, 121, 122, 124, 125, 131, 132, 136, 139, 140, 141, 143, 146, 147, 150, 151, 152, 157, 158, 159, 161, 162, 168, 173, 180, 184, 185, 188, 190, 195, 199, 201, 204, 206, 209, 218, 222, 224, 225, 226, 230, 234, 238, 239, 243, 244, 249, 252, 256, 263, 271, 272, 275, 277, 279, 282, 284, 288, 291, 293, 295, 301, 302, 304, 307, 312, 313, 316, 323, 325, 328, 338, 341, 342, 343, 345, 349, 353, 362, 368, 369, 370, 373, 379, 381, 386, 390, 400, 413, 422, 423, 424, 427, 428, 429, 440, 444, 447, 461, 462, 470, 474, 477, 478, 487, 493, 494, 495, 498, 499, 501, 511, 513, 516, 517, 524, 526, 530, 531, 536, 540, 554, 563, 566, 567, 574, 581, 583, 586, 595, 605, 606, 609, 613, 618, 619, 623, 626, 629, 632, 634, 636, 640, 641, 642, 643, 649, 651, 655, 656, 657, 661, 668, 674, 676, 677, 678, 681, 689, 694, 716, 719, 726, 732]"
hcci_621,AsCast,roi_621,Helios NanoLab_SE_5000.0kV_3250.0x,256,3,0,0,770,1,"[1, 2, 3, 4, 5, 6, 7, 8, 9, 10, 11, 12, 13, 14, 15, 16, 17, 18, 19, 20, 21, 22, 23, 24, 25, 26, 27, 28, 29, 30, 31, 32, 33, 34, 35, 36, 37, 38, 39, 40, 41, 42, 43, 44, 45, 46, 47, 48, 49, 50, 52, 53, 54, 55, 56, 57, 58, 59, 60, 61, 62, 63, 64, 65, 68, 69, 71, 72, 73, 75, 76, 77, 78, 79, 82, 85, 87, 89, 90, 91, 93, 99, 101, 102, 105, 108, 109, 110, 113, 114, 115, 116, 119, 125, 129, 130, 132, 134, 135, 145, 146, 147, 149, 150, 151, 152, 154, 156, 157, 158, 162, 164, 169, 170, 171, 178, 185, 188, 189, 192, 195, 196, 200, 201, 205, 209, 210, 217, 221, 225, 230, 232, 234, 236, 237, 239, 245, 249, 250, 258, 259, 261, 262, 265, 267, 269, 270, 271, 274, 275, 281, 286, 287, 295, 298, 301, 306, 317, 319, 328, 338, 342, 344, 346, 348, 352, 354, 357, 359, 361, 368, 374, 385, 388, 389, 390, 391, 398, 406, 414, 418, 421, 422, 430, 432, 434, 439, 444, 451, 460, 461, 462, 471, 475, 478, 485, 490, 491, 495, 505, 507, 511, 512, 523, 524, 529, 531, 533, 536, 538, 539, 548, 549, 555, 557, 560, 564, 565, 567, 568, 569, 570, 574, 575, 577, 580, 583, 585, 587, 588, 589, 591, 595, 603, 606, 621, 624, 629, 631, 633, 638, 639, 642, 650, 658, 659, 663, 672, 677, 681, 688, 689, 703, 725, 729, 745]"
hcci_622,AsCast,roi_622,Helios NanoLab_SE_5000.0kV_3250.0x,256,3,0,0,770,1,"[1, 2, 3, 4, 5, 6, 7, 8, 9, 10, 11, 12, 13, 14, 15, 16, 17, 18, 19, 20, 21, 22, 23, 24, 25, 26, 27, 28, 29, 30, 31, 32, 33, 34, 35, 36, 37, 38, 39, 40, 41, 42, 43, 44, 45, 46, 47, 48, 49, 50, 51, 52, 53, 54, 55, 56, 57, 58, 59, 60, 61, 62, 63, 64, 65, 66, 67, 68, 69, 70, 72, 74, 75, 76, 78, 79, 80, 81, 82, 85, 86, 87, 89, 90, 91, 92, 93, 94, 95, 96, 98, 100, 105, 108, 110, 112, 113, 114, 120, 125, 126, 133, 135, 136, 138, 139, 142, 143, 145, 149, 150, 152, 154, 157, 158, 159, 172, 177, 190, 191, 205, 206, 208, 212, 218, 219, 224, 226, 229, 235, 236, 237, 240, 245, 253, 255, 260, 273, 276, 283, 287, 290, 292, 296, 301, 310, 318, 324, 327, 329, 335, 344, 352, 360, 361, 367, 372, 376, 380, 381, 385, 391, 397, 413, 416, 419, 420, 429, 435, 436, 441, 445, 447, 451, 455, 459, 461, 466, 467, 479, 480, 481, 485, 491, 493, 494, 501, 502, 509, 513, 514, 516, 522, 526, 531, 533, 536, 540, 542, 545, 546, 551, 553, 561, 562, 571, 572, 573, 574, 575, 579, 582, 586, 587, 589, 592, 597, 598, 602, 603, 604, 605, 608, 609, 610, 614, 615, 618, 621, 622, 623, 624, 634, 636, 637, 640, 641, 649, 651, 654, 664, 665, 670, 673, 682, 688, 692, 693, 701, 702, 708, 710, 711, 719, 743, 746]"
hcci_623,AsCast,roi_623,Helios NanoLab_BSE_5000.0kV_3250.0x,256,3,0,0,770,1,"[1, 2, 3, 4, 5, 6, 7, 8, 9, 10, 11, 12, 13, 14, 15, 16, 17, 18, 19, 20, 21, 22, 23, 24, 25, 26, 27, 28, 29, 30, 31, 32, 33, 34, 35, 36, 37, 38, 39, 40, 41, 42, 43, 44, 45, 46, 47, 48, 50, 51, 54, 55, 56, 57, 58, 59, 60, 61, 62, 63, 64, 67, 69, 70, 71, 72, 75, 77, 80, 86, 88, 90, 93, 97, 100, 101, 103, 104, 105, 108, 109, 110, 111, 112, 114, 117, 120, 123, 125, 127, 128, 130, 131, 132, 137, 138, 139, 143, 147, 150, 152, 153, 156, 163, 173, 174, 177, 179, 181, 183, 194, 195, 198, 204, 206, 215, 218, 222, 227, 229, 231, 237, 244, 247, 250, 258, 267, 270, 272, 280, 282, 287, 290, 292, 294, 295, 302, 303, 304, 310, 313, 315, 316, 317, 318, 323, 325, 327, 328, 333, 334, 336, 339, 343, 344, 348, 350, 351, 352, 354, 357, 358, 360, 368, 372, 379, 380, 382, 390, 393, 395, 397, 402, 405, 407, 409, 412, 424, 429, 430, 443, 449, 452, 453, 465, 467, 468, 469, 473, 477, 481, 484, 491, 503, 504, 506, 507, 510, 511, 512, 513, 515, 516, 519, 524, 525, 526, 527, 529, 538, 543, 548, 549, 554, 558, 559, 561, 571, 574, 579, 580, 584, 590, 597, 604, 610, 613, 614, 615, 620, 623, 625, 627, 631, 642, 645, 648, 650, 652, 656, 669, 670, 672, 681, 683, 684, 701, 702, 709, 713, 714, 728, 729, 732, 743, 749]"
hcci_624,AsCast,roi_624,Helios NanoLab_BSE_5000.0kV_3250.0x,256,3,0,0,770,1,"[1, 2, 3, 4, 5, 6, 7, 8, 9, 10, 11, 12, 13, 14, 15, 16, 17, 18, 19, 20, 21, 22, 23, 24, 25, 26, 27, 28, 29, 30, 31, 32, 33, 34, 35, 36, 37, 38, 39, 40, 41, 42, 43, 44, 45, 46, 47, 48, 49, 50, 52, 53, 54, 55, 56, 57, 58, 59, 60, 61, 62, 63, 64, 65, 66, 67, 68, 69, 70, 71, 72, 73, 74, 75, 76, 78, 79, 80, 81, 82, 83, 84, 86, 87, 88, 89, 92, 93, 94, 95, 96, 99, 101, 102, 103, 104, 105, 106, 108, 111, 113, 116, 117, 120, 121, 122, 123, 127, 134, 136, 137, 138, 139, 141, 142, 148, 149, 150, 152, 155, 156, 157, 160, 164, 166, 171, 172, 174, 175, 179, 180, 181, 187, 189, 192, 194, 196, 199, 202, 203, 204, 206, 218, 220, 224, 227, 230, 232, 234, 236, 238, 241, 242, 247, 251, 252, 255, 259, 262, 268, 271, 276, 280, 286, 287, 291, 292, 294, 303, 311, 325, 326, 327, 338, 341, 342, 355, 364, 365, 368, 372, 383, 385, 389, 392, 395, 396, 398, 401, 405, 408, 410, 411, 417, 426, 428, 442, 448, 451, 452, 453, 454, 468, 474, 480, 483, 489, 513, 520, 521, 524, 531, 537, 547, 553, 554, 560, 568, 573, 575, 584, 587, 589, 594, 595, 597, 598, 600, 601, 605, 607, 609, 611, 620, 621, 630, 640, 643, 648, 651, 653, 661, 672, 678, 683, 699, 701, 704, 709, 710, 716, 719, 730, 735, 737, 745]"
hcci_625,AsCast,roi_625,Helios NanoLab_InLens_5000.0kV_3250.0x,256,3,0,0,770,1,"[1, 2, 3, 4, 5, 6, 7, 8, 9, 10, 11, 12, 13, 14, 15, 16, 17, 18, 19, 20, 21, 22, 23, 24, 25, 26, 27, 28, 29, 30, 31, 32, 33, 34, 35, 36, 37, 38, 39, 40, 41, 42, 43, 44, 46, 47, 49, 50, 51, 52, 53, 54, 55, 57, 58, 59, 60, 61, 63, 64, 65, 66, 67, 71, 72, 73, 75, 76, 77, 79, 81, 82, 83, 84, 85, 86, 87, 88, 89, 91, 92, 93, 94, 96, 97, 98, 99, 100, 102, 104, 105, 107, 108, 109, 110, 111, 112, 113, 114, 115, 116, 117, 122, 125, 127, 129, 131, 133, 137, 140, 141, 142, 143, 146, 150, 151, 156, 157, 158, 159, 160, 161, 163, 167, 169, 177, 179, 182, 185, 186, 187, 188, 190, 191, 196, 197, 198, 199, 201, 202, 203, 204, 205, 207, 208, 209, 210, 211, 212, 214, 216, 218, 219, 220, 221, 222, 225, 227, 231, 234, 238, 241, 242, 248, 249, 252, 254, 261, 262, 266, 267, 270, 272, 276, 278, 279, 280, 285, 292, 293, 295, 299, 300, 302, 306, 311, 312, 314, 315, 317, 318, 319, 320, 323, 327, 330, 331, 333, 334, 335, 338, 339, 342, 343, 344, 347, 350, 352, 359, 360, 364, 366, 370, 371, 375, 378, 381, 388, 389, 390, 392, 393, 401, 404, 405, 417, 423, 428, 434, 447, 461, 464, 482, 483, 488, 494, 496, 498, 499, 513, 531, 537, 538, 543, 556, 561, 570, 571, 583, 610, 622, 626, 680, 704, 712, 719]"
hcci_626,AsCast,roi_626,Helios NanoLab_InLens_5000.0kV_3250.0x,256,3,0,0,770,1,"[1, 2, 3, 4, 5, 6, 7, 8, 9, 10, 11, 12, 14, 15, 16, 17, 18, 20, 22, 23, 24, 25, 26, 27, 28, 33, 34, 35, 38, 39, 40, 42, 44, 47, 49, 51, 52, 53, 56, 58, 62, 63, 64, 66, 70, 71, 72, 73, 75, 76, 77, 79, 80, 85, 88, 90, 91, 92, 93, 94, 98, 99, 100, 103, 104, 106, 110, 111, 112, 113, 115, 116, 118, 120, 124, 125, 126, 129, 132, 133, 136, 137, 139, 141, 145, 146, 147, 148, 150, 151, 154, 155, 157, 159, 160, 161, 162, 164, 167, 169, 171, 173, 176, 180, 182, 184, 185, 190, 191, 192, 193, 194, 195, 198, 203, 213, 214, 228, 230, 233, 234, 235, 238, 239, 240, 242, 250, 251, 252, 253, 258, 267, 270, 272, 274, 281, 284, 288, 291, 308, 309, 311, 313, 316, 318, 321, 323, 325, 326, 328, 329, 333, 336, 338, 340, 344, 357, 361, 367, 370, 372, 373, 379, 390, 391, 393, 399, 403, 404, 409, 416, 424, 428, 432, 433, 442, 459, 460, 462, 465, 471, 475, 480, 482, 483, 485, 486, 487, 491, 497, 499, 500, 502, 507, 509, 510, 511, 512, 513, 514, 516, 522, 523, 524, 529, 531, 535, 537, 554, 556, 562, 566, 570, 578, 582, 587, 589, 594, 599, 602, 603, 609, 612, 613, 616, 619, 622, 630, 638, 644, 647, 649, 658, 662, 663, 664, 665, 678, 679, 683, 686, 688, 692, 703, 704, 707, 708, 711, 712, 714, 722, 726, 728, 736, 756, 759]"
hcci_627,AsCast,roi_627,Helios NanoLab_SE_10000.0kV_600.0x,256,3,0,0,770,1,"[1, 2, 3, 4, 5, 6, 7, 8, 9, 10, 11, 12, 13, 14, 15, 16, 17, 18, 19, 20, 21, 22, 23, 24, 25, 26, 27, 28, 29, 30, 31, 32, 33, 34, 35, 36, 37, 38, 39, 40, 41, 42, 43, 44, 45, 46, 47, 48, 49, 50, 51, 52, 53, 54, 55, 56, 57, 58, 59, 60, 61, 62, 63, 64, 65, 66, 67, 68, 69, 70, 71, 72, 73, 74, 75, 76, 77, 78, 79, 80, 81, 82, 83, 84, 85, 86, 87, 88, 89, 90, 91, 92, 93, 94, 95, 96, 97, 98, 99, 100, 101, 102, 103, 104, 105, 106, 107, 108, 109, 110, 111, 112, 113, 114, 115, 116, 117, 118, 119, 120, 121, 122, 123, 124, 125, 126, 127, 128, 129, 130, 131, 132, 134, 135, 136, 137, 138, 139, 140, 141, 142, 143, 144, 145, 146, 147, 149, 150, 151, 152, 153, 154, 155, 156, 157, 158, 159, 160, 162, 165, 167, 169, 170, 171, 172, 173, 175, 176, 178, 179, 180, 181, 183, 184, 190, 191, 192, 193, 194, 195, 196, 197, 198, 199, 200, 201, 202, 205, 209, 211, 212, 215, 216, 220, 221, 223, 226, 229, 230, 231, 232, 234, 237, 238, 239, 240, 241, 252, 255, 256, 257, 258, 268, 270, 272, 278, 292, 299, 302, 308, 310, 312, 313, 317, 335, 338, 339, 343, 347, 354, 357, 363, 364, 367, 373, 377, 380, 391, 396, 409, 427, 446, 456, 459, 467, 480, 486, 514, 516, 530, 550, 571, 650, 659, 697, 715]"
hcci_628,AsCast,roi_628,Helios NanoLab_SE_10000.0kV_600.0x,256,3,0,0,770,1,"[1, 2, 3, 4, 5, 6, 7, 8, 9, 10, 11, 12, 13, 14, 15, 16, 17, 18, 19, 20, 21, 22, 23, 24, 25, 26, 27, 28, 29, 30, 31, 32, 33, 34, 35, 36, 37, 38, 39, 40, 41, 42, 43, 44, 45, 46, 47, 48, 49, 50, 51, 52, 53, 54, 55, 56, 57, 58, 59, 60, 61, 62, 63, 64, 65, 66, 67, 68, 69, 70, 71, 72, 73, 74, 75, 76, 77, 78, 79, 80, 81, 82, 83, 84, 85, 86, 87, 88, 89, 90, 91, 92, 93, 94, 95, 96, 97, 98, 99, 100, 101, 102, 103, 104, 105, 106, 107, 108, 109, 110, 111, 112, 113, 114, 115, 116, 117, 118, 119, 120, 121, 122, 123, 124, 125, 126, 127, 128, 129, 130, 131, 132, 134, 135, 136, 137, 138, 139, 140, 141, 142, 143, 144, 145, 146, 147, 148, 150, 151, 152, 154, 155, 156, 158, 159, 161, 162, 163, 164, 165, 166, 167, 168, 169, 170, 171, 172, 173, 174, 175, 179, 180, 181, 182, 183, 187, 188, 190, 191, 193, 197, 198, 200, 201, 203, 206, 207, 209, 213, 215, 216, 219, 220, 221, 223, 224, 226, 228, 231, 233, 236, 240, 241, 242, 243, 250, 251, 256, 260, 272, 276, 280, 292, 293, 298, 299, 300, 305, 310, 317, 318, 321, 325, 342, 343, 346, 347, 352, 353, 356, 357, 359, 364, 372, 373, 377, 381, 402, 403, 407, 409, 413, 414, 417, 420, 444, 464, 472, 492, 504, 509, 512, 563, 591, 614, 635]"
hcci_629,AsCast,roi_629,Helios NanoLab_BSE_10000.0kV_600.0x,256,3,0,0,770,1,"[1, 2, 3, 4, 5, 6, 7, 8, 9, 10, 11, 12, 13, 14, 15, 16, 17, 18, 19, 20, 21, 22, 23, 24, 25, 26, 27, 28, 29, 30, 31, 32, 33, 34, 35, 36, 37, 38, 39, 40, 41, 42, 43, 44, 45, 46, 47, 48, 49, 50, 51, 52, 53, 54, 55, 56, 57, 58, 59, 60, 61, 62, 63, 64, 65, 66, 67, 68, 69, 70, 71, 72, 73, 74, 75, 76, 77, 78, 79, 80, 81, 82, 83, 84, 85, 86, 87, 88, 89, 90, 91, 92, 93, 94, 95, 96, 98, 99, 100, 101, 102, 103, 104, 105, 106, 107, 108, 109, 110, 111, 112, 113, 115, 117, 118, 119, 120, 121, 122, 123, 124, 126, 128, 130, 132, 135, 136, 139, 140, 141, 142, 144, 146, 147, 148, 149, 152, 155, 157, 158, 159, 160, 167, 168, 170, 174, 176, 177, 178, 179, 181, 184, 186, 190, 191, 192, 193, 195, 196, 197, 198, 199, 200, 201, 206, 212, 213, 217, 220, 223, 225, 227, 228, 235, 236, 240, 251, 252, 254, 259, 260, 267, 268, 269, 271, 273, 275, 278, 280, 283, 284, 286, 295, 298, 304, 310, 311, 313, 315, 317, 323, 341, 346, 352, 360, 362, 372, 384, 386, 392, 394, 397, 399, 400, 402, 406, 411, 421, 425, 431, 436, 437, 440, 454, 458, 469, 470, 475, 478, 481, 483, 490, 505, 513, 519, 522, 539, 552, 556, 559, 574, 577, 579, 583, 587, 588, 589, 604, 621, 629, 631, 664, 665, 683, 687, 690]"
hcci_63,Q980_0h_WC,roi_63,Helios G4 PFIB CXe_BSE_20000.0kV_1000.0x,254,3,0,0,770,1,"[1, 2, 3, 4, 5, 6, 7, 8, 9, 10, 11, 12, 13, 14, 15, 16, 17, 18, 19, 20, 21, 22, 23, 24, 25, 26, 27, 28, 29, 30, 31, 32, 33, 34, 35, 36, 37, 38, 39, 40, 42, 43, 44, 45, 47, 48, 49, 51, 53, 55, 57, 58, 59, 60, 61, 62, 63, 64, 65, 66, 67, 68, 70, 71, 72, 73, 75, 78, 79, 81, 83, 85, 87, 89, 90, 95, 102, 103, 106, 108, 110, 111, 115, 116, 117, 119, 122, 126, 132, 134, 135, 143, 155, 156, 165, 167, 170, 172, 174, 177, 184, 188, 191, 192, 196, 212, 213, 215, 218, 219, 226, 230, 231, 232, 236, 241, 251, 256, 269, 273, 277, 283, 289, 292, 302, 311, 313, 319, 320, 323, 328, 337, 346, 351, 356, 368, 376, 377, 382, 387, 397, 410, 415, 416, 421, 429, 432, 434, 436, 437, 438, 446, 447, 448, 450, 451, 454, 456, 457, 458, 462, 465, 466, 468, 477, 481, 486, 499, 503, 507, 508, 516, 518, 522, 524, 525, 533, 536, 538, 539, 554, 564, 567, 571, 573, 587, 590, 594, 595, 600, 601, 604, 611, 612, 615, 616, 617, 624, 625, 626, 630, 636, 639, 643, 646, 650, 653, 660, 662, 670, 674, 679, 682, 685, 686, 688, 691, 692, 694, 699, 700, 701, 704, 705, 712, 714, 716, 721, 722, 723, 724, 727, 728, 733, 736, 738, 739, 741, 742, 744, 746, 747, 749, 752, 754, 755, 758, 761, 765, 766, 767, 768, 769, 770]"
hcci_630,AsCast,roi_630,Helios NanoLab_BSE_10000.0kV_600.0x,256,3,0,0,770,1,"[1, 2, 3, 4, 5, 6, 7, 8, 9, 10, 11, 12, 13, 14, 15, 16, 17, 18, 19, 20, 21, 22, 23, 24, 25, 26, 27, 28, 29, 30, 31, 32, 33, 34, 35, 36, 37, 38, 39, 40, 41, 42, 43, 44, 45, 46, 47, 48, 49, 50, 51, 52, 53, 54, 55, 56, 57, 58, 59, 60, 61, 62, 63, 64, 65, 66, 67, 68, 69, 70, 71, 72, 73, 74, 75, 76, 77, 78, 80, 81, 82, 83, 84, 85, 86, 87, 89, 90, 91, 92, 93, 94, 95, 96, 97, 98, 99, 100, 101, 102, 104, 105, 106, 107, 109, 110, 111, 112, 113, 114, 115, 116, 117, 118, 119, 123, 124, 125, 126, 128, 129, 130, 132, 133, 134, 136, 138, 139, 140, 141, 145, 146, 147, 148, 149, 150, 156, 157, 158, 160, 161, 163, 165, 170, 171, 173, 177, 179, 181, 182, 183, 184, 186, 187, 189, 191, 194, 196, 202, 216, 217, 221, 222, 223, 224, 225, 226, 227, 230, 232, 233, 234, 236, 239, 241, 242, 243, 246, 247, 250, 253, 254, 256, 268, 273, 274, 281, 282, 285, 286, 287, 288, 289, 290, 307, 309, 310, 314, 318, 320, 321, 322, 323, 330, 335, 336, 343, 351, 353, 364, 367, 377, 379, 380, 385, 386, 388, 405, 415, 422, 428, 434, 438, 446, 450, 466, 473, 477, 480, 486, 492, 500, 501, 506, 509, 512, 527, 529, 534, 535, 544, 548, 561, 570, 571, 581, 582, 587, 593, 594, 598, 611, 612, 630, 632, 633]"
hcci_631,AsCast,roi_631,Helios NanoLab_InLens_10000.0kV_600.0x,256,3,0,0,770,1,"[1, 2, 3, 4, 5, 6, 7, 8, 9, 10, 11, 12, 13, 14, 15, 16, 17, 18, 19, 20, 21, 22, 23, 24, 25, 26, 27, 28, 29, 30, 31, 32, 33, 34, 35, 36, 37, 38, 39, 40, 41, 42, 43, 44, 45, 46, 47, 48, 49, 50, 51, 52, 53, 54, 55, 56, 57, 58, 59, 61, 62, 63, 64, 65, 66, 69, 70, 71, 73, 74, 76, 79, 80, 81, 82, 83, 84, 85, 86, 87, 89, 90, 91, 92, 95, 96, 97, 98, 99, 100, 101, 102, 103, 104, 105, 107, 108, 109, 111, 112, 113, 114, 115, 117, 118, 119, 122, 124, 125, 126, 127, 128, 130, 131, 132, 135, 136, 138, 139, 140, 141, 142, 145, 149, 151, 152, 154, 156, 157, 158, 159, 160, 161, 163, 164, 165, 166, 167, 168, 169, 170, 172, 173, 174, 175, 176, 178, 179, 181, 184, 187, 188, 190, 191, 193, 195, 197, 198, 201, 205, 206, 210, 211, 212, 213, 215, 216, 218, 223, 224, 226, 227, 228, 231, 238, 239, 240, 242, 249, 250, 253, 259, 267, 272, 273, 274, 278, 279, 282, 285, 288, 289, 305, 307, 314, 317, 323, 326, 328, 347, 352, 355, 363, 364, 365, 371, 385, 391, 394, 397, 398, 400, 403, 407, 418, 423, 441, 444, 447, 451, 463, 472, 476, 477, 482, 486, 489, 493, 495, 497, 503, 504, 507, 508, 511, 516, 524, 527, 528, 530, 549, 554, 556, 558, 574, 577, 578, 581, 599, 602, 603, 604, 609, 617, 622, 626]"
hcci_632,AsCast,roi_632,Helios NanoLab_InLens_10000.0kV_600.0x,256,3,0,0,770,1,"[1, 2, 3, 4, 5, 6, 7, 9, 10, 11, 12, 14, 15, 17, 18, 19, 20, 21, 22, 23, 24, 25, 26, 28, 30, 31, 36, 37, 39, 40, 41, 43, 47, 49, 50, 51, 52, 54, 55, 56, 58, 60, 61, 62, 65, 66, 68, 74, 75, 76, 77, 78, 79, 80, 82, 83, 84, 85, 86, 89, 90, 91, 94, 95, 99, 100, 101, 102, 103, 106, 107, 108, 110, 111, 116, 118, 119, 121, 122, 123, 124, 125, 126, 130, 131, 132, 133, 134, 140, 147, 149, 150, 154, 157, 158, 160, 162, 164, 167, 168, 170, 171, 180, 190, 193, 194, 196, 197, 202, 207, 209, 211, 213, 215, 217, 226, 230, 231, 233, 234, 243, 248, 251, 252, 253, 254, 255, 258, 263, 265, 266, 271, 273, 293, 294, 296, 298, 301, 302, 312, 330, 333, 336, 338, 341, 345, 346, 349, 353, 354, 360, 363, 367, 369, 370, 371, 378, 379, 386, 390, 399, 402, 405, 409, 415, 421, 425, 426, 429, 433, 434, 440, 443, 444, 445, 453, 454, 463, 474, 478, 480, 484, 485, 488, 495, 506, 508, 509, 511, 514, 516, 517, 519, 525, 527, 528, 533, 537, 545, 546, 549, 552, 556, 557, 563, 565, 567, 572, 579, 580, 584, 591, 603, 605, 606, 608, 614, 615, 617, 618, 621, 624, 625, 629, 631, 634, 636, 637, 642, 643, 646, 647, 648, 649, 652, 653, 661, 667, 668, 670, 672, 685, 690, 692, 696, 700, 701, 703, 706, 709, 714, 715, 726, 734, 745, 755]"
hcci_633,AsCast,roi_633,Helios NanoLab_SE_10000.0kV_3250.0x,256,3,0,0,770,1,"[1, 2, 3, 4, 5, 6, 7, 8, 9, 10, 11, 12, 13, 14, 15, 16, 17, 18, 19, 20, 21, 22, 23, 24, 25, 26, 27, 28, 29, 30, 31, 32, 33, 34, 35, 36, 37, 38, 39, 40, 41, 42, 43, 44, 45, 46, 47, 48, 50, 51, 53, 54, 56, 57, 58, 59, 61, 62, 64, 65, 66, 67, 69, 70, 71, 73, 74, 75, 76, 79, 80, 81, 84, 87, 88, 89, 90, 91, 92, 93, 95, 96, 97, 101, 104, 105, 107, 110, 116, 118, 119, 120, 122, 123, 124, 130, 132, 133, 136, 138, 140, 148, 156, 157, 161, 167, 169, 170, 185, 186, 187, 189, 190, 191, 195, 198, 200, 201, 202, 207, 213, 218, 224, 225, 227, 229, 232, 234, 237, 239, 240, 246, 251, 252, 259, 265, 269, 272, 286, 290, 293, 299, 301, 312, 313, 318, 319, 324, 328, 332, 334, 346, 363, 371, 372, 374, 377, 378, 386, 387, 388, 396, 402, 404, 409, 410, 413, 418, 420, 426, 431, 439, 441, 450, 456, 457, 459, 460, 468, 480, 483, 488, 493, 495, 498, 500, 501, 508, 511, 515, 516, 520, 522, 524, 525, 528, 529, 532, 534, 537, 539, 542, 545, 546, 547, 548, 551, 554, 564, 565, 566, 576, 578, 579, 580, 581, 585, 587, 588, 589, 590, 592, 596, 597, 598, 601, 603, 604, 605, 606, 608, 611, 612, 616, 617, 618, 619, 631, 633, 644, 648, 650, 652, 656, 666, 675, 680, 696, 698, 699, 707, 710, 714, 717, 723, 752]"
hcci_634,AsCast,roi_634,Helios NanoLab_SE_10000.0kV_3250.0x,256,3,0,0,770,1,"[1, 2, 3, 4, 5, 6, 7, 8, 9, 10, 11, 12, 13, 14, 15, 16, 17, 18, 19, 20, 21, 22, 23, 24, 25, 26, 27, 28, 29, 30, 31, 32, 33, 34, 35, 36, 37, 38, 39, 40, 41, 42, 43, 44, 45, 46, 47, 48, 49, 50, 51, 52, 53, 54, 55, 56, 57, 58, 59, 60, 61, 62, 64, 65, 66, 67, 68, 69, 70, 71, 72, 73, 76, 77, 78, 79, 80, 81, 82, 83, 85, 87, 88, 89, 92, 93, 95, 97, 98, 99, 100, 102, 105, 107, 110, 113, 115, 119, 121, 125, 126, 130, 132, 134, 136, 147, 148, 152, 157, 160, 171, 176, 180, 181, 203, 215, 217, 219, 231, 251, 262, 264, 279, 281, 282, 295, 301, 305, 307, 310, 314, 316, 319, 323, 331, 336, 339, 344, 349, 361, 372, 374, 376, 377, 380, 386, 393, 401, 403, 409, 411, 412, 418, 419, 421, 422, 425, 429, 437, 444, 447, 458, 459, 464, 467, 468, 476, 479, 485, 486, 493, 501, 505, 517, 520, 523, 526, 527, 529, 531, 534, 536, 537, 538, 539, 540, 542, 545, 553, 556, 559, 560, 561, 562, 565, 567, 574, 575, 577, 580, 581, 582, 584, 586, 587, 593, 596, 597, 599, 603, 604, 606, 608, 614, 615, 616, 619, 622, 623, 625, 630, 637, 640, 641, 645, 647, 649, 650, 651, 654, 662, 664, 667, 670, 671, 672, 676, 677, 683, 685, 689, 690, 693, 700, 704, 707, 709, 714, 722, 723, 729, 730, 731, 733, 742, 749]"
hcci_635,AsCast,roi_635,Helios NanoLab_BSE_10000.0kV_3250.0x,256,3,0,0,770,1,"[1, 2, 3, 4, 5, 6, 7, 8, 9, 10, 11, 12, 13, 14, 15, 16, 17, 18, 19, 20, 21, 22, 23, 24, 25, 26, 27, 28, 29, 30, 31, 32, 33, 34, 35, 36, 37, 38, 39, 40, 41, 42, 43, 44, 45, 46, 47, 48, 49, 50, 51, 52, 53, 54, 55, 56, 57, 58, 59, 60, 61, 62, 63, 64, 65, 66, 67, 68, 69, 70, 71, 72, 73, 74, 75, 76, 77, 78, 79, 80, 81, 82, 83, 84, 85, 86, 87, 88, 89, 91, 92, 93, 94, 95, 96, 97, 99, 100, 101, 102, 103, 104, 105, 106, 107, 108, 109, 111, 112, 113, 115, 116, 118, 119, 120, 121, 124, 125, 126, 127, 129, 131, 133, 134, 135, 137, 138, 139, 140, 142, 143, 145, 147, 148, 149, 151, 152, 154, 156, 160, 162, 163, 166, 167, 168, 172, 175, 182, 184, 185, 186, 187, 189, 192, 195, 200, 203, 204, 205, 207, 209, 213, 214, 215, 220, 221, 229, 230, 236, 238, 242, 247, 249, 250, 252, 253, 255, 256, 257, 261, 265, 268, 269, 271, 277, 282, 288, 293, 311, 317, 319, 322, 323, 324, 330, 331, 332, 334, 339, 341, 343, 350, 354, 361, 369, 372, 373, 374, 377, 378, 381, 383, 384, 390, 391, 392, 394, 398, 405, 406, 407, 408, 410, 411, 412, 415, 425, 432, 437, 438, 444, 449, 452, 460, 461, 462, 463, 470, 472, 473, 495, 496, 503, 508, 517, 546, 551, 567, 568, 585, 592, 611, 644, 665, 694, 725]"
hcci_636,AsCast,roi_636,Helios NanoLab_BSE_10000.0kV_3250.0x,256,3,0,0,770,1,"[1, 2, 3, 4, 5, 6, 7, 8, 9, 10, 11, 12, 13, 14, 15, 16, 17, 18, 19, 20, 21, 22, 23, 24, 25, 26, 27, 28, 29, 30, 31, 32, 33, 34, 35, 36, 37, 38, 39, 40, 41, 42, 43, 44, 45, 46, 47, 48, 49, 50, 51, 52, 53, 54, 55, 56, 57, 58, 59, 60, 61, 62, 63, 64, 65, 66, 67, 68, 69, 70, 71, 72, 73, 74, 75, 76, 77, 78, 79, 80, 81, 82, 83, 84, 85, 86, 87, 88, 89, 90, 91, 92, 93, 94, 95, 96, 97, 98, 99, 100, 101, 102, 103, 105, 106, 107, 109, 110, 111, 112, 113, 115, 116, 117, 118, 120, 121, 122, 124, 125, 126, 128, 130, 131, 132, 134, 135, 137, 138, 139, 140, 141, 142, 144, 149, 150, 151, 152, 154, 155, 158, 161, 162, 163, 165, 167, 168, 169, 170, 171, 173, 175, 181, 184, 186, 187, 190, 193, 194, 196, 198, 204, 206, 211, 215, 217, 221, 222, 228, 230, 233, 234, 235, 241, 242, 245, 246, 248, 249, 254, 256, 263, 267, 274, 276, 287, 289, 299, 303, 304, 308, 312, 317, 327, 329, 331, 334, 340, 348, 350, 352, 354, 362, 365, 368, 371, 372, 374, 382, 390, 392, 393, 396, 411, 420, 425, 431, 436, 444, 458, 460, 465, 481, 488, 499, 501, 504, 505, 512, 514, 522, 523, 540, 543, 550, 554, 555, 559, 562, 568, 570, 578, 579, 582, 593, 602, 607, 621, 628, 641, 649, 662, 667, 678, 706, 716]"
hcci_637,AsCast,roi_637,Helios NanoLab_InLens_10000.0kV_3250.0x,256,3,0,0,770,1,"[1, 2, 3, 4, 5, 6, 7, 8, 9, 10, 11, 12, 13, 14, 15, 16, 17, 18, 19, 20, 21, 22, 23, 24, 25, 26, 27, 28, 29, 30, 31, 32, 33, 34, 35, 36, 37, 38, 39, 40, 41, 42, 43, 44, 45, 46, 47, 48, 49, 50, 51, 52, 53, 54, 55, 56, 57, 58, 59, 61, 62, 63, 64, 65, 66, 67, 68, 69, 70, 71, 72, 74, 76, 77, 78, 79, 80, 84, 85, 86, 87, 88, 92, 93, 94, 95, 96, 97, 98, 99, 100, 104, 105, 106, 107, 108, 111, 112, 113, 114, 116, 117, 118, 119, 123, 126, 130, 131, 132, 133, 134, 136, 137, 138, 139, 141, 143, 145, 147, 152, 154, 155, 162, 163, 164, 168, 170, 171, 172, 175, 179, 182, 190, 197, 200, 208, 211, 212, 218, 221, 223, 226, 232, 234, 235, 237, 240, 243, 248, 250, 252, 253, 258, 261, 268, 271, 272, 274, 279, 283, 284, 286, 287, 288, 293, 296, 299, 300, 302, 303, 304, 309, 313, 316, 318, 321, 323, 324, 325, 326, 335, 351, 352, 355, 357, 358, 360, 365, 369, 373, 374, 375, 380, 382, 384, 386, 389, 390, 391, 394, 395, 405, 414, 415, 417, 418, 419, 420, 421, 422, 428, 432, 433, 435, 443, 447, 454, 461, 465, 470, 479, 493, 495, 503, 522, 523, 526, 530, 534, 542, 550, 553, 561, 574, 575, 587, 600, 604, 607, 616, 627, 632, 640, 642, 643, 647, 651, 666, 668, 669, 674, 678, 711, 713, 733, 740]"
hcci_638,AsCast,roi_638,Helios NanoLab_InLens_10000.0kV_3250.0x,256,3,0,0,770,1,"[1, 2, 3, 4, 5, 6, 7, 9, 10, 11, 12, 13, 14, 15, 16, 17, 18, 19, 21, 23, 25, 26, 28, 29, 30, 31, 34, 35, 40, 42, 44, 45, 46, 47, 49, 51, 52, 53, 54, 58, 61, 62, 63, 64, 67, 68, 72, 75, 76, 77, 78, 79, 86, 87, 89, 91, 94, 95, 100, 101, 102, 103, 105, 108, 112, 114, 115, 116, 118, 120, 122, 123, 124, 125, 126, 127, 128, 131, 132, 133, 134, 139, 144, 145, 146, 149, 150, 151, 152, 155, 158, 159, 165, 166, 167, 169, 172, 173, 180, 186, 189, 191, 192, 193, 195, 197, 198, 202, 204, 208, 209, 215, 220, 223, 227, 236, 240, 245, 246, 250, 254, 255, 259, 260, 264, 267, 270, 271, 279, 290, 293, 296, 297, 299, 304, 307, 317, 321, 341, 342, 344, 354, 355, 356, 357, 361, 372, 382, 390, 391, 392, 395, 406, 410, 411, 417, 419, 421, 428, 430, 435, 439, 451, 453, 454, 456, 467, 470, 475, 476, 479, 480, 485, 486, 492, 494, 504, 506, 512, 518, 521, 526, 528, 529, 532, 540, 548, 550, 552, 553, 567, 570, 571, 572, 573, 575, 576, 580, 582, 583, 584, 595, 600, 602, 608, 610, 614, 615, 620, 621, 622, 624, 625, 629, 635, 637, 640, 641, 642, 645, 651, 652, 653, 655, 661, 665, 668, 672, 674, 675, 676, 677, 682, 686, 690, 697, 701, 706, 715, 716, 720, 722, 725, 726, 727, 728, 733, 736, 738, 740, 741, 748, 749, 750, 764, 765]"
hcci_639,AsCast,roi_639,Helios NanoLab_SE_20000.0kV_600.0x,256,3,0,0,770,1,"[1, 2, 3, 4, 5, 6, 7, 8, 9, 10, 11, 12, 13, 14, 15, 16, 17, 18, 19, 20, 21, 22, 23, 24, 25, 26, 27, 28, 29, 30, 31, 32, 33, 34, 35, 36, 37, 38, 39, 40, 41, 42, 43, 44, 45, 46, 47, 48, 49, 50, 51, 52, 53, 54, 55, 56, 57, 58, 59, 60, 61, 62, 63, 64, 65, 66, 67, 68, 69, 70, 71, 72, 73, 74, 75, 76, 77, 78, 79, 80, 81, 82, 83, 84, 85, 86, 87, 88, 89, 90, 91, 92, 93, 94, 95, 96, 97, 98, 99, 100, 101, 102, 103, 104, 105, 106, 107, 108, 109, 110, 111, 112, 113, 114, 115, 116, 117, 118, 119, 120, 121, 122, 123, 124, 125, 126, 127, 128, 129, 130, 131, 132, 133, 134, 135, 136, 137, 138, 139, 140, 141, 142, 143, 144, 145, 146, 147, 148, 149, 150, 151, 152, 153, 154, 155, 156, 157, 159, 160, 161, 162, 163, 164, 165, 166, 170, 171, 172, 173, 174, 175, 176, 178, 179, 180, 181, 182, 183, 184, 185, 187, 188, 189, 190, 191, 192, 194, 195, 196, 197, 201, 202, 204, 205, 207, 208, 210, 212, 214, 221, 222, 223, 224, 225, 226, 228, 229, 231, 233, 234, 235, 236, 238, 239, 241, 249, 250, 254, 255, 256, 257, 262, 267, 272, 274, 276, 278, 284, 287, 297, 300, 314, 315, 317, 320, 321, 327, 341, 349, 356, 376, 381, 382, 383, 395, 421, 447, 453, 473, 479, 493, 501, 543, 612, 664, 685]"
hcci_64,Q980_0h_WC,roi_64,Helios G4 PFIB CXe_BSE_20000.0kV_1000.0x,254,3,0,0,770,1,"[1, 2, 3, 4, 5, 6, 7, 8, 9, 10, 11, 12, 13, 14, 15, 16, 17, 18, 19, 20, 21, 22, 23, 24, 25, 26, 27, 28, 29, 31, 33, 34, 35, 36, 38, 40, 43, 44, 45, 46, 48, 49, 52, 53, 55, 58, 59, 61, 63, 64, 65, 66, 71, 72, 74, 75, 77, 78, 82, 83, 85, 86, 88, 90, 91, 94, 96, 98, 99, 107, 109, 110, 111, 113, 118, 121, 126, 127, 129, 131, 136, 141, 142, 144, 146, 151, 153, 159, 160, 162, 165, 168, 169, 170, 171, 173, 175, 180, 183, 187, 190, 194, 200, 202, 205, 211, 213, 218, 222, 227, 239, 244, 248, 256, 258, 262, 265, 268, 269, 270, 275, 282, 287, 292, 293, 296, 303, 313, 317, 321, 327, 345, 346, 361, 366, 371, 372, 381, 383, 385, 388, 392, 394, 398, 404, 413, 414, 416, 421, 422, 423, 424, 431, 438, 443, 447, 448, 449, 452, 453, 457, 458, 475, 477, 482, 483, 484, 493, 494, 496, 504, 505, 516, 517, 520, 525, 541, 547, 550, 552, 566, 573, 575, 577, 580, 592, 594, 595, 597, 599, 600, 605, 606, 607, 618, 619, 625, 626, 627, 638, 642, 656, 657, 659, 664, 672, 673, 675, 676, 677, 679, 683, 685, 691, 693, 696, 697, 698, 705, 707, 710, 711, 716, 717, 723, 725, 727, 728, 730, 731, 733, 734, 737, 738, 743, 745, 748, 750, 751, 752, 754, 755, 756, 757, 758, 762, 763, 764, 765, 766, 767, 768, 769, 770]"
hcci_640,AsCast,roi_640,Helios NanoLab_SE_20000.0kV_600.0x,256,3,0,0,770,1,"[1, 2, 3, 4, 5, 6, 7, 8, 9, 10, 11, 12, 13, 14, 15, 16, 17, 18, 19, 20, 21, 22, 23, 24, 25, 26, 27, 28, 29, 30, 31, 32, 33, 34, 35, 36, 37, 38, 39, 40, 41, 42, 43, 44, 45, 46, 47, 48, 49, 50, 51, 52, 53, 54, 55, 56, 57, 58, 59, 60, 61, 62, 63, 64, 65, 66, 67, 68, 69, 70, 71, 72, 73, 74, 75, 76, 77, 78, 79, 80, 81, 82, 83, 84, 85, 86, 87, 88, 89, 90, 91, 92, 93, 94, 95, 96, 97, 98, 99, 100, 101, 102, 103, 104, 105, 106, 107, 108, 109, 110, 111, 112, 113, 114, 115, 116, 117, 118, 119, 120, 121, 122, 123, 124, 125, 126, 127, 128, 129, 130, 131, 132, 133, 134, 135, 136, 137, 138, 139, 140, 141, 142, 143, 144, 145, 146, 147, 148, 149, 150, 151, 152, 153, 154, 155, 156, 157, 158, 159, 160, 161, 162, 163, 164, 166, 167, 168, 169, 170, 171, 172, 173, 175, 176, 177, 178, 179, 180, 181, 184, 185, 186, 187, 188, 189, 192, 194, 195, 196, 198, 199, 200, 202, 204, 205, 206, 208, 210, 212, 213, 217, 218, 220, 221, 224, 226, 228, 230, 233, 238, 239, 242, 256, 257, 258, 260, 267, 271, 274, 283, 287, 288, 289, 295, 298, 301, 310, 316, 319, 321, 322, 331, 341, 344, 351, 352, 354, 356, 366, 370, 372, 374, 387, 389, 390, 414, 429, 457, 460, 494, 501, 509, 524, 535, 584, 627]"
hcci_641,AsCast,roi_641,Helios NanoLab_BSE_20000.0kV_600.0x,256,3,0,0,770,1,"[1, 2, 3, 4, 5, 6, 7, 8, 9, 10, 11, 12, 13, 14, 15, 16, 17, 18, 19, 20, 21, 22, 23, 24, 25, 26, 27, 28, 29, 30, 31, 32, 33, 34, 35, 36, 37, 38, 39, 40, 41, 42, 43, 44, 45, 46, 47, 48, 49, 50, 51, 52, 53, 54, 55, 56, 57, 58, 59, 60, 61, 62, 63, 64, 65, 66, 67, 68, 69, 70, 71, 72, 73, 74, 75, 76, 77, 78, 79, 80, 81, 82, 83, 84, 85, 86, 87, 88, 89, 90, 91, 92, 93, 94, 95, 96, 97, 98, 99, 100, 101, 102, 103, 104, 105, 106, 107, 108, 109, 110, 111, 112, 113, 114, 115, 116, 117, 118, 119, 120, 121, 122, 123, 124, 125, 126, 127, 128, 129, 130, 131, 132, 133, 134, 135, 137, 138, 139, 140, 142, 143, 144, 145, 146, 147, 148, 149, 150, 151, 153, 155, 156, 157, 159, 160, 164, 167, 168, 169, 170, 171, 172, 174, 175, 177, 178, 179, 182, 183, 184, 185, 188, 189, 190, 195, 199, 200, 202, 204, 208, 212, 213, 214, 216, 220, 221, 222, 223, 224, 226, 228, 230, 231, 235, 236, 238, 240, 242, 243, 245, 248, 250, 258, 259, 266, 270, 272, 283, 287, 295, 296, 300, 309, 311, 314, 318, 319, 320, 329, 333, 334, 335, 338, 355, 358, 364, 370, 372, 374, 379, 382, 391, 394, 395, 399, 402, 406, 414, 416, 422, 423, 429, 434, 447, 457, 469, 472, 476, 503, 513, 514, 527, 536, 542, 568, 615]"
hcci_642,AsCast,roi_642,Helios NanoLab_BSE_20000.0kV_600.0x,256,3,0,0,770,1,"[1, 2, 3, 4, 5, 6, 7, 8, 9, 10, 11, 12, 13, 14, 15, 16, 17, 18, 19, 20, 21, 22, 23, 24, 25, 26, 27, 28, 29, 30, 31, 32, 33, 34, 35, 36, 37, 38, 39, 40, 41, 42, 43, 44, 45, 46, 47, 48, 49, 50, 51, 52, 53, 54, 55, 56, 57, 58, 59, 60, 61, 62, 63, 64, 65, 66, 67, 68, 69, 70, 71, 72, 73, 74, 75, 76, 77, 78, 79, 80, 81, 82, 83, 84, 85, 86, 87, 88, 89, 90, 91, 92, 93, 94, 95, 96, 97, 98, 99, 100, 101, 102, 103, 104, 105, 106, 107, 108, 109, 110, 111, 112, 113, 114, 115, 116, 117, 118, 119, 120, 121, 122, 123, 124, 125, 126, 127, 128, 129, 130, 131, 132, 133, 136, 137, 138, 139, 140, 141, 142, 143, 144, 145, 146, 148, 149, 150, 151, 153, 155, 156, 157, 158, 161, 162, 163, 164, 165, 166, 167, 168, 169, 171, 172, 173, 174, 176, 177, 178, 179, 183, 184, 186, 188, 192, 196, 197, 200, 204, 205, 209, 211, 212, 214, 215, 216, 225, 226, 228, 232, 235, 236, 239, 240, 244, 251, 256, 257, 270, 273, 278, 279, 283, 288, 290, 299, 303, 305, 306, 328, 337, 340, 346, 352, 353, 355, 357, 362, 363, 364, 371, 380, 395, 397, 400, 402, 407, 411, 415, 424, 425, 427, 430, 438, 444, 447, 465, 468, 469, 472, 474, 477, 480, 487, 501, 520, 522, 529, 532, 542, 543, 549, 562, 569, 578, 607]"
hcci_643,AsCast,roi_643,Helios NanoLab_InLens_20000.0kV_600.0x,256,3,0,0,770,1,"[1, 2, 3, 4, 5, 6, 7, 8, 9, 10, 11, 12, 13, 14, 15, 16, 17, 18, 19, 20, 21, 22, 24, 25, 27, 30, 32, 33, 34, 37, 38, 39, 40, 41, 42, 43, 44, 47, 48, 49, 50, 51, 52, 54, 55, 56, 57, 58, 59, 60, 61, 62, 63, 66, 67, 69, 70, 71, 72, 73, 76, 77, 79, 80, 81, 82, 83, 85, 86, 87, 88, 89, 90, 91, 92, 93, 94, 95, 96, 98, 101, 102, 103, 106, 107, 108, 109, 110, 111, 112, 114, 119, 120, 121, 122, 123, 124, 125, 126, 127, 128, 129, 130, 131, 132, 134, 135, 136, 137, 138, 139, 140, 141, 142, 143, 145, 146, 147, 148, 150, 151, 153, 154, 155, 156, 157, 158, 160, 161, 162, 163, 167, 168, 169, 171, 174, 177, 181, 182, 183, 184, 185, 186, 187, 188, 189, 192, 194, 196, 197, 198, 200, 201, 202, 204, 205, 208, 211, 214, 216, 217, 219, 221, 222, 223, 225, 226, 232, 233, 235, 236, 238, 239, 240, 253, 256, 261, 262, 263, 264, 271, 273, 283, 288, 295, 296, 300, 302, 313, 316, 318, 340, 348, 351, 353, 354, 359, 362, 364, 368, 369, 374, 375, 386, 391, 395, 397, 406, 412, 418, 432, 439, 449, 450, 451, 454, 455, 462, 470, 475, 476, 478, 479, 483, 484, 489, 493, 495, 500, 508, 512, 515, 522, 526, 529, 531, 542, 543, 547, 548, 555, 565, 567, 573, 577, 584, 585, 594, 603, 609, 617, 618, 619, 628, 665, 677]"
hcci_644,AsCast,roi_644,Helios NanoLab_InLens_20000.0kV_600.0x,256,3,0,0,770,1,"[1, 2, 3, 4, 5, 7, 8, 9, 10, 11, 12, 13, 16, 17, 18, 19, 20, 21, 22, 25, 26, 28, 29, 31, 32, 33, 34, 35, 39, 41, 42, 44, 46, 48, 49, 51, 52, 53, 54, 57, 58, 59, 60, 61, 62, 63, 64, 66, 67, 68, 69, 72, 75, 76, 78, 79, 80, 85, 92, 94, 95, 96, 98, 99, 100, 102, 103, 104, 105, 107, 108, 110, 111, 120, 122, 123, 124, 126, 130, 135, 137, 138, 139, 141, 143, 144, 145, 146, 147, 148, 151, 154, 156, 157, 158, 160, 164, 166, 172, 174, 175, 176, 178, 179, 180, 191, 193, 194, 195, 198, 199, 204, 205, 208, 213, 216, 217, 218, 222, 224, 227, 232, 233, 234, 236, 237, 243, 246, 248, 250, 253, 261, 264, 265, 274, 275, 278, 279, 284, 290, 291, 296, 298, 299, 306, 309, 310, 321, 325, 326, 334, 336, 340, 341, 343, 348, 350, 354, 355, 363, 367, 369, 372, 376, 379, 384, 390, 391, 393, 396, 403, 413, 420, 422, 424, 429, 431, 432, 433, 434, 438, 441, 443, 444, 446, 453, 454, 458, 460, 468, 474, 482, 484, 488, 491, 492, 496, 499, 506, 507, 511, 512, 521, 522, 526, 527, 531, 532, 534, 535, 541, 547, 554, 559, 560, 561, 576, 578, 585, 586, 587, 590, 591, 597, 599, 608, 612, 615, 617, 621, 625, 626, 628, 632, 633, 635, 637, 640, 644, 647, 651, 653, 659, 661, 671, 673, 675, 680, 690, 692, 695, 701, 725, 728, 735, 743]"
hcci_645,AsCast,roi_645,Helios NanoLab_SE_20000.0kV_3250.0x,256,3,0,0,770,1,"[1, 2, 3, 4, 5, 6, 7, 8, 9, 10, 11, 12, 13, 14, 15, 16, 17, 18, 19, 20, 21, 22, 23, 24, 25, 26, 27, 28, 29, 30, 31, 32, 33, 34, 35, 36, 37, 38, 40, 41, 42, 43, 44, 45, 46, 47, 48, 49, 50, 51, 52, 55, 56, 57, 58, 59, 60, 61, 62, 63, 64, 65, 67, 69, 70, 71, 72, 74, 75, 76, 78, 79, 81, 82, 83, 87, 88, 89, 90, 91, 93, 94, 95, 97, 100, 107, 108, 112, 113, 116, 117, 118, 120, 122, 126, 131, 134, 138, 140, 145, 150, 158, 160, 162, 165, 168, 175, 177, 178, 181, 184, 193, 196, 197, 200, 208, 209, 210, 212, 217, 220, 221, 222, 225, 228, 230, 234, 237, 245, 257, 258, 260, 261, 265, 268, 271, 272, 274, 276, 286, 287, 293, 322, 326, 333, 335, 336, 337, 353, 354, 360, 362, 366, 368, 372, 375, 379, 386, 387, 399, 412, 413, 419, 421, 424, 426, 428, 431, 433, 435, 441, 442, 445, 452, 457, 461, 463, 467, 475, 481, 482, 484, 487, 490, 491, 492, 493, 497, 498, 500, 501, 502, 503, 510, 518, 519, 520, 523, 525, 528, 530, 538, 543, 549, 550, 553, 556, 558, 561, 562, 564, 566, 571, 572, 576, 577, 584, 585, 586, 587, 595, 598, 602, 606, 609, 610, 611, 612, 614, 616, 617, 618, 628, 633, 634, 638, 640, 649, 651, 653, 664, 674, 675, 680, 684, 692, 703, 705, 712, 714, 716, 719, 733, 736, 741, 748]"
hcci_646,AsCast,roi_646,Helios NanoLab_SE_20000.0kV_3250.0x,256,3,0,0,770,1,"[1, 2, 3, 4, 5, 6, 7, 8, 9, 10, 11, 12, 13, 14, 15, 16, 17, 18, 19, 20, 21, 22, 23, 24, 25, 26, 27, 28, 29, 30, 31, 32, 33, 34, 35, 36, 37, 38, 39, 40, 41, 42, 43, 44, 45, 46, 47, 48, 49, 50, 51, 52, 53, 54, 55, 56, 57, 58, 59, 61, 62, 63, 64, 65, 67, 68, 69, 70, 71, 72, 74, 75, 76, 77, 78, 80, 81, 82, 84, 85, 86, 87, 89, 91, 92, 93, 95, 97, 99, 100, 101, 102, 107, 109, 111, 112, 113, 115, 121, 123, 130, 133, 137, 149, 150, 155, 165, 167, 180, 181, 182, 185, 189, 204, 210, 212, 213, 226, 236, 238, 257, 261, 267, 274, 280, 284, 286, 298, 299, 300, 303, 308, 311, 320, 322, 334, 337, 347, 359, 360, 367, 375, 378, 381, 385, 390, 392, 398, 403, 413, 416, 418, 419, 423, 426, 427, 429, 432, 440, 445, 446, 448, 452, 457, 464, 467, 469, 473, 474, 476, 479, 482, 483, 487, 491, 503, 505, 506, 508, 514, 517, 518, 519, 521, 522, 523, 533, 539, 540, 550, 553, 557, 561, 564, 570, 572, 573, 575, 584, 586, 588, 591, 593, 597, 598, 600, 602, 610, 611, 612, 617, 621, 623, 624, 626, 629, 630, 631, 635, 638, 640, 644, 645, 648, 649, 650, 662, 664, 665, 669, 675, 678, 680, 681, 687, 688, 690, 693, 699, 702, 703, 707, 721, 722, 723, 726, 727, 732, 734, 739, 745, 747, 748, 752, 753, 758]"
hcci_647,AsCast,roi_647,Helios NanoLab_BSE_20000.0kV_3250.0x,256,3,0,0,770,1,"[1, 2, 3, 4, 5, 6, 7, 8, 9, 10, 11, 12, 13, 14, 15, 16, 17, 18, 19, 20, 21, 22, 23, 24, 25, 26, 27, 28, 29, 30, 31, 32, 33, 34, 35, 36, 37, 38, 39, 40, 41, 42, 43, 44, 45, 46, 47, 48, 49, 50, 51, 52, 53, 54, 55, 56, 57, 58, 59, 60, 61, 62, 63, 64, 65, 66, 67, 68, 69, 70, 71, 72, 73, 74, 75, 76, 77, 78, 79, 80, 81, 82, 83, 84, 85, 86, 87, 88, 89, 91, 92, 93, 94, 95, 97, 99, 100, 102, 104, 105, 106, 107, 108, 109, 113, 114, 115, 117, 118, 120, 122, 123, 125, 133, 135, 136, 137, 142, 143, 144, 145, 146, 149, 150, 152, 157, 159, 160, 161, 163, 164, 167, 169, 173, 174, 176, 179, 181, 189, 191, 197, 198, 206, 209, 213, 214, 217, 220, 223, 227, 229, 231, 233, 236, 237, 238, 244, 249, 250, 251, 254, 258, 261, 263, 266, 268, 271, 275, 279, 285, 287, 288, 289, 290, 293, 294, 298, 301, 315, 317, 320, 321, 322, 323, 325, 326, 327, 328, 332, 340, 343, 344, 349, 352, 353, 355, 358, 359, 362, 364, 368, 375, 380, 387, 388, 389, 390, 391, 393, 397, 399, 400, 402, 404, 411, 412, 417, 420, 437, 442, 446, 456, 469, 473, 475, 479, 480, 487, 490, 494, 498, 500, 510, 511, 512, 513, 519, 529, 534, 565, 571, 574, 587, 590, 598, 611, 620, 631, 664, 672, 683, 684, 697, 703, 723, 747]"
hcci_648,AsCast,roi_648,Helios NanoLab_BSE_20000.0kV_3250.0x,256,3,0,0,770,1,"[1, 2, 3, 4, 5, 6, 7, 8, 9, 10, 11, 12, 13, 14, 15, 16, 17, 18, 19, 20, 21, 22, 23, 24, 25, 26, 27, 28, 29, 30, 31, 32, 33, 34, 35, 36, 37, 38, 39, 40, 41, 42, 43, 44, 45, 46, 47, 48, 49, 50, 51, 52, 53, 54, 55, 56, 57, 58, 59, 60, 61, 62, 63, 64, 65, 66, 67, 68, 69, 70, 71, 72, 73, 74, 75, 76, 77, 78, 79, 80, 81, 82, 83, 84, 86, 87, 88, 89, 90, 91, 92, 93, 94, 95, 96, 97, 98, 99, 100, 101, 104, 105, 108, 109, 110, 111, 115, 118, 123, 124, 125, 127, 128, 129, 134, 138, 140, 142, 145, 147, 150, 152, 154, 158, 159, 162, 168, 170, 171, 176, 178, 179, 181, 184, 189, 191, 196, 197, 199, 201, 203, 204, 205, 207, 208, 214, 217, 221, 222, 223, 227, 228, 232, 235, 236, 239, 240, 241, 245, 246, 251, 253, 254, 260, 262, 263, 266, 274, 275, 276, 282, 283, 284, 287, 298, 301, 302, 305, 310, 311, 312, 316, 317, 324, 325, 327, 328, 329, 332, 334, 335, 340, 342, 348, 350, 359, 364, 365, 368, 376, 381, 388, 390, 402, 407, 408, 409, 411, 416, 430, 436, 437, 440, 443, 444, 447, 450, 455, 456, 460, 462, 476, 483, 494, 495, 498, 499, 502, 503, 513, 519, 520, 523, 524, 529, 534, 539, 541, 542, 543, 547, 565, 567, 576, 595, 631, 642, 650, 671, 674, 676, 687, 699, 700, 714, 721]"
hcci_649,AsCast,roi_649,Helios NanoLab_InLens_20000.0kV_3250.0x,256,3,0,0,770,1,"[1, 2, 3, 4, 5, 6, 7, 8, 9, 10, 11, 12, 13, 14, 15, 16, 17, 18, 19, 20, 21, 22, 23, 24, 25, 26, 27, 28, 29, 30, 31, 32, 33, 34, 35, 36, 37, 38, 39, 40, 41, 42, 43, 44, 45, 46, 47, 48, 49, 50, 51, 52, 53, 54, 55, 56, 57, 58, 59, 60, 61, 62, 63, 64, 65, 66, 67, 68, 69, 70, 71, 72, 73, 74, 77, 79, 80, 82, 83, 85, 86, 88, 90, 91, 93, 95, 98, 99, 100, 101, 102, 105, 107, 108, 109, 110, 111, 114, 120, 122, 123, 125, 126, 128, 130, 133, 140, 141, 148, 149, 150, 155, 157, 158, 162, 164, 172, 173, 175, 180, 185, 186, 188, 192, 193, 202, 206, 209, 221, 225, 229, 230, 238, 252, 253, 259, 260, 271, 272, 279, 283, 285, 286, 291, 294, 298, 305, 313, 315, 319, 326, 327, 329, 335, 338, 339, 341, 342, 354, 358, 362, 373, 374, 376, 378, 379, 380, 382, 384, 385, 386, 390, 395, 402, 404, 412, 417, 421, 423, 430, 433, 435, 438, 449, 459, 468, 470, 471, 473, 474, 479, 480, 483, 487, 488, 492, 497, 498, 499, 505, 518, 523, 526, 536, 539, 545, 548, 551, 553, 555, 559, 560, 561, 563, 565, 570, 571, 573, 576, 595, 601, 614, 616, 617, 623, 628, 629, 642, 647, 648, 649, 651, 652, 654, 655, 656, 658, 659, 670, 680, 688, 689, 694, 697, 701, 706, 708, 709, 721, 725, 726, 730, 731, 738, 748, 750]"
hcci_65,Q980_0h_WC,roi_65,Helios G4 PFIB CXe_InLens_20000.0kV_1000.0x,254,3,0,0,770,1,"[1, 2, 3, 4, 5, 6, 7, 8, 9, 10, 11, 12, 13, 14, 15, 16, 17, 18, 19, 20, 21, 22, 23, 24, 25, 26, 27, 28, 29, 30, 31, 32, 33, 34, 35, 36, 37, 38, 39, 40, 41, 42, 43, 44, 45, 46, 47, 48, 49, 50, 51, 53, 54, 55, 56, 57, 58, 59, 60, 61, 62, 63, 64, 66, 67, 68, 69, 70, 71, 72, 75, 79, 80, 81, 84, 89, 90, 91, 92, 96, 101, 106, 107, 115, 116, 122, 127, 133, 134, 135, 136, 137, 139, 147, 156, 159, 160, 162, 164, 170, 174, 177, 186, 189, 194, 198, 201, 202, 203, 211, 212, 213, 215, 217, 218, 219, 226, 227, 229, 230, 231, 240, 243, 244, 246, 249, 251, 252, 253, 269, 271, 273, 277, 286, 287, 288, 290, 291, 305, 306, 307, 308, 309, 310, 312, 326, 331, 332, 337, 340, 341, 342, 343, 347, 350, 351, 352, 358, 367, 370, 376, 377, 380, 382, 389, 390, 396, 403, 406, 407, 408, 412, 416, 431, 437, 438, 443, 451, 452, 455, 458, 461, 463, 472, 473, 483, 486, 492, 507, 509, 517, 529, 530, 535, 540, 555, 559, 565, 567, 572, 573, 574, 584, 586, 592, 596, 599, 601, 606, 609, 635, 637, 644, 646, 647, 651, 652, 659, 660, 661, 663, 667, 670, 676, 679, 680, 681, 684, 691, 692, 697, 698, 702, 705, 712, 716, 717, 719, 722, 728, 729, 736, 756, 757, 759, 760, 763, 764, 765, 766, 767, 768, 769, 770]"
hcci_650,AsCast,roi_650,Helios NanoLab_InLens_20000.0kV_3250.0x,256,3,0,0,770,1,"[1, 2, 3, 4, 5, 6, 8, 9, 10, 11, 12, 13, 14, 15, 16, 17, 18, 20, 21, 22, 23, 24, 26, 28, 29, 30, 32, 33, 34, 35, 39, 43, 44, 45, 49, 54, 56, 57, 58, 59, 61, 62, 64, 65, 67, 68, 69, 70, 73, 75, 76, 77, 78, 83, 88, 91, 94, 95, 96, 97, 99, 101, 103, 104, 105, 106, 108, 112, 113, 114, 115, 117, 119, 123, 125, 129, 130, 131, 133, 136, 138, 141, 144, 146, 149, 150, 155, 157, 158, 161, 165, 168, 170, 174, 175, 178, 181, 182, 184, 185, 188, 192, 193, 195, 197, 198, 203, 205, 207, 210, 212, 215, 216, 218, 221, 227, 237, 238, 244, 245, 250, 253, 266, 267, 275, 276, 282, 289, 295, 298, 301, 302, 312, 313, 316, 321, 324, 327, 331, 332, 346, 350, 358, 363, 364, 369, 371, 372, 374, 377, 388, 394, 395, 399, 407, 413, 415, 422, 423, 425, 427, 432, 433, 435, 439, 442, 448, 450, 455, 458, 459, 461, 469, 470, 472, 482, 495, 502, 506, 508, 511, 512, 515, 518, 523, 524, 525, 531, 532, 538, 544, 550, 551, 553, 554, 559, 571, 576, 577, 581, 582, 592, 593, 594, 600, 603, 605, 607, 608, 609, 610, 614, 616, 620, 621, 627, 629, 632, 634, 635, 656, 658, 660, 661, 663, 665, 667, 673, 676, 682, 685, 686, 690, 697, 698, 699, 700, 706, 707, 708, 710, 711, 715, 727, 729, 736, 744, 745, 748, 749, 755, 756, 757, 758, 763, 767]"
hcci_651,Q980_0h_WC,roi_651,Helios NanoLab_SE_5000.0kV_600.0x,254,3,0,0,770,1,"[1, 2, 3, 4, 5, 6, 7, 8, 9, 10, 11, 12, 13, 14, 15, 16, 17, 18, 19, 20, 21, 22, 23, 24, 25, 26, 27, 28, 29, 30, 32, 35, 36, 37, 38, 39, 41, 45, 46, 47, 49, 50, 51, 53, 58, 60, 65, 66, 67, 68, 69, 70, 72, 75, 78, 79, 81, 82, 83, 87, 89, 91, 93, 94, 97, 100, 106, 119, 120, 122, 127, 128, 129, 130, 132, 137, 140, 143, 146, 147, 150, 154, 155, 169, 183, 193, 196, 203, 209, 214, 217, 218, 231, 235, 242, 243, 244, 246, 249, 250, 258, 261, 264, 266, 267, 268, 270, 271, 274, 281, 288, 293, 296, 297, 298, 300, 302, 305, 306, 307, 324, 333, 339, 340, 341, 344, 346, 347, 351, 352, 358, 362, 363, 364, 366, 369, 370, 371, 373, 375, 378, 381, 385, 387, 390, 392, 393, 394, 399, 400, 401, 402, 403, 410, 411, 412, 414, 417, 421, 423, 427, 429, 435, 437, 439, 440, 447, 451, 454, 456, 459, 461, 462, 465, 470, 474, 479, 483, 488, 492, 493, 496, 497, 498, 499, 502, 508, 515, 516, 517, 522, 527, 530, 532, 539, 544, 546, 548, 549, 562, 565, 566, 567, 568, 570, 577, 578, 582, 583, 584, 585, 590, 597, 611, 616, 617, 621, 624, 626, 628, 630, 632, 636, 645, 647, 648, 656, 657, 660, 665, 679, 687, 694, 708, 709, 712, 714, 726, 731, 732, 738, 743, 744, 749, 750, 752, 755, 756, 763, 764, 766, 767, 768, 770]"
hcci_652,Q980_0h_WC,roi_652,Helios NanoLab_SE_5000.0kV_600.0x,254,3,0,0,770,1,"[1, 2, 3, 4, 5, 6, 7, 8, 9, 10, 11, 12, 13, 14, 15, 16, 17, 18, 19, 20, 21, 22, 23, 25, 26, 27, 28, 29, 30, 31, 33, 34, 36, 38, 39, 40, 46, 47, 48, 49, 50, 54, 55, 59, 60, 61, 69, 71, 72, 75, 77, 79, 83, 85, 88, 89, 90, 91, 92, 95, 96, 99, 100, 102, 109, 111, 112, 117, 119, 121, 123, 124, 128, 131, 135, 138, 139, 140, 141, 146, 149, 154, 159, 164, 167, 171, 172, 175, 179, 182, 189, 196, 198, 200, 201, 202, 205, 206, 207, 212, 214, 217, 220, 221, 222, 228, 229, 233, 235, 236, 237, 238, 240, 241, 242, 244, 246, 248, 250, 254, 258, 259, 262, 269, 271, 283, 284, 285, 289, 292, 296, 301, 304, 309, 313, 319, 322, 323, 329, 332, 333, 341, 353, 354, 356, 358, 359, 361, 367, 375, 379, 381, 383, 385, 386, 396, 398, 401, 402, 404, 408, 409, 410, 411, 412, 414, 415, 420, 427, 442, 449, 451, 452, 455, 456, 458, 466, 467, 470, 476, 477, 482, 491, 494, 496, 497, 498, 499, 500, 504, 506, 512, 516, 524, 529, 533, 535, 537, 538, 540, 543, 548, 549, 550, 552, 562, 564, 566, 567, 568, 569, 572, 575, 577, 582, 583, 585, 587, 610, 619, 620, 623, 626, 633, 648, 650, 653, 659, 664, 665, 666, 669, 670, 672, 677, 679, 697, 705, 710, 718, 724, 728, 745, 755, 758, 759, 762, 763, 765, 766, 767, 768, 769, 770]"
hcci_653,Q980_0h_WC,roi_653,Helios NanoLab_BSE_5000.0kV_600.0x,254,3,0,0,770,1,"[1, 2, 3, 4, 5, 6, 7, 8, 9, 14, 15, 16, 17, 19, 20, 21, 22, 24, 27, 28, 32, 34, 36, 38, 40, 42, 44, 47, 53, 54, 55, 56, 57, 58, 60, 61, 62, 64, 65, 68, 69, 72, 73, 75, 76, 78, 80, 82, 84, 87, 88, 89, 90, 92, 93, 94, 97, 100, 101, 102, 103, 105, 106, 107, 113, 114, 115, 117, 119, 123, 126, 127, 131, 134, 135, 136, 137, 138, 141, 143, 144, 146, 150, 151, 154, 156, 158, 159, 160, 161, 166, 172, 176, 178, 181, 184, 185, 195, 197, 201, 215, 218, 220, 221, 222, 224, 227, 229, 231, 232, 234, 235, 238, 243, 244, 247, 248, 251, 255, 262, 263, 264, 269, 270, 271, 273, 274, 275, 280, 282, 283, 293, 294, 295, 305, 309, 313, 314, 318, 325, 326, 328, 330, 336, 360, 366, 367, 373, 377, 384, 389, 395, 399, 403, 411, 413, 423, 431, 433, 434, 437, 441, 442, 444, 451, 472, 473, 475, 476, 483, 499, 509, 511, 513, 518, 521, 524, 533, 543, 549, 551, 554, 557, 561, 565, 566, 571, 577, 578, 581, 596, 599, 601, 603, 606, 607, 610, 613, 614, 616, 617, 620, 621, 622, 626, 628, 633, 634, 636, 639, 651, 652, 657, 659, 662, 670, 678, 685, 688, 689, 701, 703, 705, 709, 712, 713, 715, 716, 721, 723, 726, 730, 733, 734, 736, 737, 742, 747, 749, 750, 751, 755, 756, 757, 758, 759, 760, 764, 765, 766, 767, 768, 769, 770]"
hcci_654,Q980_0h_WC,roi_654,Helios NanoLab_BSE_5000.0kV_600.0x,254,3,0,0,770,1,"[1, 2, 3, 4, 6, 7, 8, 9, 10, 11, 12, 13, 14, 15, 16, 17, 18, 19, 21, 22, 23, 24, 25, 26, 27, 28, 30, 31, 32, 33, 35, 37, 38, 44, 45, 47, 49, 52, 55, 56, 58, 59, 62, 63, 64, 65, 66, 67, 69, 71, 79, 80, 82, 83, 84, 85, 86, 89, 90, 93, 94, 99, 100, 101, 103, 106, 107, 108, 110, 113, 115, 116, 118, 119, 121, 122, 125, 127, 128, 130, 132, 136, 137, 138, 139, 143, 146, 152, 153, 157, 161, 163, 167, 168, 169, 174, 178, 179, 182, 189, 190, 202, 205, 207, 209, 213, 216, 223, 232, 235, 240, 243, 248, 251, 256, 290, 294, 296, 297, 303, 309, 318, 323, 325, 330, 331, 334, 336, 339, 347, 353, 381, 384, 388, 391, 392, 394, 404, 406, 409, 410, 411, 420, 423, 428, 431, 439, 440, 454, 459, 460, 467, 476, 481, 484, 498, 500, 503, 504, 505, 510, 516, 518, 521, 522, 528, 531, 543, 547, 554, 561, 564, 565, 566, 576, 577, 580, 582, 584, 585, 588, 601, 604, 606, 613, 622, 624, 626, 628, 630, 634, 642, 643, 650, 653, 663, 664, 666, 667, 668, 671, 677, 678, 679, 680, 681, 686, 695, 696, 698, 701, 703, 706, 708, 709, 711, 714, 717, 723, 724, 729, 730, 731, 734, 735, 738, 740, 742, 743, 745, 746, 747, 749, 750, 751, 752, 753, 754, 755, 756, 757, 758, 759, 760, 761, 762, 763, 764, 765, 766, 767, 768, 769, 770]"
hcci_655,Q980_0h_WC,roi_655,Helios NanoLab_InLens_5000.0kV_600.0x,254,3,0,0,770,1,"[1, 2, 3, 4, 5, 6, 7, 8, 10, 11, 12, 14, 15, 16, 17, 18, 19, 21, 22, 23, 25, 27, 28, 31, 32, 33, 34, 35, 36, 39, 41, 42, 45, 46, 48, 51, 52, 56, 57, 63, 64, 67, 70, 72, 75, 77, 80, 83, 84, 87, 88, 90, 91, 92, 93, 95, 99, 101, 102, 106, 109, 110, 112, 115, 117, 123, 124, 128, 130, 131, 134, 135, 140, 146, 150, 153, 157, 159, 161, 162, 163, 164, 165, 166, 180, 181, 183, 186, 187, 191, 195, 200, 202, 205, 206, 209, 216, 218, 223, 234, 236, 243, 264, 265, 266, 269, 276, 283, 288, 289, 290, 294, 297, 299, 301, 311, 312, 313, 315, 316, 324, 331, 356, 360, 362, 364, 365, 372, 373, 374, 381, 384, 388, 390, 404, 407, 408, 413, 415, 420, 438, 440, 444, 446, 448, 452, 454, 458, 462, 469, 470, 477, 479, 480, 486, 488, 489, 493, 494, 502, 506, 515, 522, 528, 530, 535, 536, 537, 541, 542, 544, 545, 551, 552, 559, 566, 569, 577, 579, 581, 582, 594, 595, 596, 599, 600, 602, 604, 613, 614, 615, 619, 621, 625, 626, 628, 633, 636, 637, 639, 644, 651, 664, 667, 671, 674, 675, 678, 680, 683, 688, 690, 691, 693, 697, 701, 703, 705, 706, 709, 712, 713, 720, 721, 723, 728, 729, 732, 733, 736, 737, 738, 740, 741, 743, 745, 746, 747, 748, 749, 750, 751, 753, 754, 757, 759, 762, 763, 764, 766, 767, 768, 769, 770]"
hcci_656,Q980_0h_WC,roi_656,Helios NanoLab_InLens_5000.0kV_600.0x,254,3,0,0,770,3,"[3, 4, 10, 12, 14, 15, 16, 17, 19, 20, 22, 30, 36, 40, 43, 44, 46, 47, 48, 51, 52, 55, 56, 59, 60, 61, 65, 68, 74, 75, 76, 83, 85, 86, 87, 95, 96, 98, 103, 104, 105, 108, 111, 112, 116, 119, 121, 122, 124, 125, 126, 130, 132, 134, 138, 140, 143, 147, 152, 157, 158, 159, 161, 163, 164, 167, 168, 173, 174, 175, 176, 177, 178, 184, 190, 192, 194, 196, 197, 204, 207, 208, 211, 213, 219, 220, 223, 224, 225, 227, 230, 233, 236, 242, 243, 245, 249, 251, 252, 254, 255, 258, 262, 264, 265, 266, 269, 271, 273, 275, 276, 277, 279, 284, 285, 286, 290, 293, 294, 302, 305, 306, 315, 319, 324, 327, 329, 330, 333, 335, 337, 342, 343, 345, 346, 352, 354, 355, 356, 359, 362, 363, 364, 367, 368, 372, 376, 377, 381, 384, 387, 389, 393, 407, 408, 413, 416, 418, 420, 423, 425, 430, 436, 437, 440, 442, 443, 447, 448, 451, 455, 457, 459, 465, 466, 467, 468, 469, 475, 476, 478, 479, 483, 489, 492, 496, 498, 500, 501, 503, 512, 515, 516, 521, 527, 528, 540, 541, 544, 545, 554, 555, 557, 558, 560, 567, 575, 576, 578, 583, 585, 586, 588, 593, 596, 598, 601, 602, 609, 615, 629, 631, 634, 635, 637, 641, 642, 651, 655, 657, 663, 664, 667, 677, 679, 681, 687, 690, 694, 699, 708, 714, 715, 721, 725, 730, 732, 734, 742, 746, 751, 760, 762, 764]"
hcci_657,Q980_0h_WC,roi_657,Helios NanoLab_SE_5000.0kV_3250.0x,254,3,0,0,770,1,"[1, 2, 3, 4, 5, 6, 7, 8, 9, 10, 11, 12, 13, 14, 15, 16, 17, 18, 19, 20, 21, 22, 23, 24, 25, 26, 27, 28, 29, 31, 32, 35, 37, 38, 39, 41, 42, 44, 46, 47, 48, 50, 53, 54, 55, 57, 58, 59, 60, 63, 65, 67, 69, 72, 74, 76, 79, 82, 84, 87, 88, 89, 90, 91, 97, 98, 101, 102, 103, 109, 110, 112, 113, 114, 115, 116, 117, 121, 122, 123, 132, 147, 150, 154, 155, 156, 161, 163, 167, 170, 174, 175, 177, 179, 180, 182, 183, 187, 189, 191, 193, 195, 197, 200, 201, 205, 211, 213, 214, 216, 217, 221, 224, 227, 231, 233, 237, 238, 241, 242, 243, 246, 247, 248, 255, 256, 258, 260, 265, 267, 269, 271, 273, 281, 285, 295, 298, 302, 303, 304, 311, 313, 316, 317, 322, 324, 326, 328, 333, 335, 336, 339, 340, 342, 344, 348, 349, 350, 352, 353, 358, 359, 363, 364, 368, 373, 376, 377, 378, 381, 384, 388, 394, 400, 404, 408, 419, 422, 424, 426, 427, 432, 433, 436, 449, 452, 459, 461, 464, 471, 483, 486, 487, 495, 503, 504, 517, 519, 523, 524, 526, 529, 533, 541, 542, 549, 550, 554, 555, 559, 561, 564, 565, 567, 571, 575, 593, 594, 605, 621, 623, 625, 630, 633, 657, 671, 677, 682, 687, 693, 696, 699, 703, 704, 705, 716, 723, 732, 739, 742, 745, 746, 749, 751, 755, 758, 759, 761, 762, 764, 765, 766, 767, 768]"
hcci_658,Q980_0h_WC,roi_658,Helios NanoLab_SE_5000.0kV_3250.0x,254,3,0,0,770,1,"[1, 2, 3, 4, 5, 6, 7, 8, 9, 10, 11, 12, 13, 14, 15, 16, 17, 18, 19, 20, 21, 22, 23, 25, 26, 27, 28, 29, 30, 31, 32, 35, 36, 37, 38, 39, 41, 42, 43, 44, 46, 47, 48, 49, 53, 54, 56, 60, 62, 63, 66, 69, 78, 83, 86, 88, 89, 91, 93, 96, 100, 102, 106, 107, 108, 110, 113, 114, 116, 117, 122, 124, 127, 128, 129, 131, 133, 134, 141, 142, 144, 147, 150, 151, 153, 156, 158, 159, 160, 161, 166, 167, 168, 169, 170, 171, 174, 179, 183, 191, 194, 195, 197, 206, 208, 209, 210, 217, 218, 219, 220, 221, 225, 226, 229, 231, 233, 234, 235, 239, 240, 242, 245, 246, 249, 251, 253, 257, 258, 259, 263, 265, 266, 267, 271, 273, 275, 278, 286, 287, 288, 293, 294, 299, 310, 313, 316, 318, 319, 324, 332, 333, 335, 340, 341, 345, 347, 350, 351, 361, 364, 366, 367, 369, 375, 378, 382, 387, 388, 389, 390, 393, 394, 395, 403, 404, 408, 411, 412, 415, 416, 420, 421, 423, 428, 431, 437, 440, 446, 447, 448, 463, 471, 472, 477, 479, 484, 490, 491, 494, 498, 506, 512, 513, 520, 523, 529, 537, 538, 544, 553, 558, 561, 572, 575, 581, 582, 589, 592, 599, 604, 616, 627, 630, 631, 632, 638, 646, 647, 651, 655, 658, 668, 669, 670, 673, 674, 686, 689, 699, 707, 713, 714, 715, 718, 719, 728, 739, 748, 756, 757, 763, 766, 768]"
hcci_659,Q980_0h_WC,roi_659,Helios NanoLab_BSE_5000.0kV_3250.0x,254,3,0,0,770,1,"[1, 2, 3, 4, 5, 6, 7, 8, 9, 10, 11, 12, 13, 14, 15, 16, 17, 18, 19, 20, 21, 22, 23, 24, 25, 26, 27, 28, 29, 30, 31, 32, 33, 34, 35, 36, 38, 39, 40, 41, 42, 44, 46, 48, 58, 60, 63, 75, 80, 81, 82, 85, 87, 92, 94, 96, 100, 103, 105, 106, 108, 117, 121, 122, 127, 137, 138, 140, 144, 148, 151, 159, 163, 164, 166, 167, 168, 170, 173, 176, 182, 183, 192, 197, 200, 201, 206, 208, 210, 217, 218, 220, 225, 226, 228, 231, 232, 236, 239, 243, 244, 245, 246, 247, 249, 252, 259, 266, 269, 271, 272, 274, 276, 280, 288, 290, 297, 303, 306, 309, 314, 316, 317, 324, 325, 329, 340, 342, 343, 344, 355, 365, 366, 367, 385, 388, 397, 402, 405, 412, 423, 432, 437, 439, 441, 445, 448, 451, 452, 454, 455, 456, 461, 464, 465, 466, 471, 472, 474, 475, 479, 483, 486, 487, 489, 492, 493, 501, 504, 510, 512, 515, 519, 520, 523, 531, 532, 533, 534, 535, 536, 539, 541, 545, 546, 550, 554, 562, 563, 568, 569, 572, 579, 586, 587, 588, 592, 595, 597, 602, 603, 605, 609, 620, 628, 631, 632, 635, 648, 653, 662, 664, 667, 669, 670, 673, 675, 676, 677, 679, 680, 683, 685, 692, 695, 697, 701, 704, 711, 714, 715, 716, 722, 723, 724, 725, 732, 733, 736, 737, 739, 740, 742, 745, 749, 750, 752, 755, 759, 760, 761, 763, 765, 768]"
hcci_66,Q980_0h_WC,roi_66,Helios G4 PFIB CXe_InLens_20000.0kV_1000.0x,254,3,0,0,770,1,"[1, 2, 3, 4, 5, 6, 7, 8, 9, 10, 11, 12, 13, 14, 15, 16, 17, 18, 19, 20, 21, 22, 23, 24, 25, 26, 27, 28, 29, 30, 31, 32, 33, 34, 35, 36, 37, 38, 39, 41, 42, 43, 44, 45, 46, 47, 48, 49, 50, 51, 52, 53, 55, 56, 57, 58, 59, 60, 61, 62, 63, 64, 67, 68, 69, 70, 71, 72, 74, 75, 76, 77, 79, 81, 84, 85, 87, 88, 89, 92, 95, 96, 97, 98, 99, 100, 102, 103, 105, 108, 109, 111, 116, 122, 124, 125, 127, 133, 134, 142, 145, 146, 147, 154, 155, 163, 168, 173, 178, 190, 192, 193, 195, 196, 223, 230, 231, 232, 239, 240, 245, 246, 250, 252, 254, 255, 258, 269, 272, 274, 276, 279, 282, 286, 289, 290, 291, 294, 301, 305, 306, 308, 309, 312, 319, 323, 334, 344, 345, 351, 356, 363, 364, 366, 369, 372, 374, 376, 380, 383, 388, 394, 411, 416, 425, 426, 427, 432, 438, 439, 446, 458, 460, 464, 465, 470, 471, 473, 487, 490, 493, 496, 497, 509, 513, 514, 523, 532, 535, 538, 541, 544, 549, 551, 563, 573, 574, 591, 600, 601, 602, 609, 611, 612, 617, 618, 623, 630, 632, 634, 635, 637, 643, 644, 647, 648, 651, 652, 653, 654, 664, 668, 669, 670, 671, 684, 692, 693, 694, 697, 702, 707, 715, 718, 719, 722, 726, 736, 737, 738, 742, 743, 747, 753, 760, 761, 763, 764, 765, 766, 767, 768, 769, 770]"
hcci_660,Q980_0h_WC,roi_660,Helios NanoLab_BSE_5000.0kV_3250.0x,254,3,0,0,770,1,"[1, 2, 3, 4, 5, 6, 7, 8, 9, 10, 11, 12, 13, 14, 15, 16, 17, 18, 19, 20, 21, 22, 23, 24, 25, 26, 27, 28, 29, 30, 31, 32, 33, 34, 35, 36, 37, 38, 39, 40, 41, 42, 43, 46, 48, 50, 53, 58, 64, 66, 70, 71, 72, 85, 95, 99, 100, 105, 112, 119, 121, 122, 128, 129, 130, 131, 135, 140, 142, 144, 152, 154, 159, 170, 173, 175, 176, 184, 186, 187, 194, 197, 200, 203, 206, 213, 214, 217, 218, 228, 233, 236, 245, 253, 259, 262, 263, 264, 268, 271, 272, 273, 275, 276, 279, 280, 282, 285, 286, 290, 294, 296, 302, 304, 306, 307, 310, 312, 313, 317, 319, 321, 324, 327, 328, 330, 331, 333, 334, 337, 339, 341, 344, 348, 349, 354, 355, 357, 360, 367, 368, 379, 385, 387, 397, 403, 405, 406, 408, 411, 419, 420, 421, 423, 424, 430, 432, 433, 438, 439, 440, 444, 447, 448, 454, 458, 461, 462, 476, 484, 486, 487, 495, 497, 499, 502, 503, 506, 512, 513, 514, 517, 520, 521, 533, 534, 535, 536, 537, 538, 543, 544, 545, 548, 553, 563, 566, 572, 573, 578, 579, 580, 582, 584, 592, 593, 606, 609, 612, 613, 617, 626, 627, 628, 633, 635, 637, 645, 646, 648, 653, 665, 666, 670, 671, 678, 687, 690, 691, 692, 697, 698, 701, 706, 707, 708, 713, 718, 723, 726, 728, 731, 733, 738, 743, 744, 747, 751, 753, 761, 764, 765, 768, 769]"
hcci_661,Q980_0h_WC,roi_661,Helios NanoLab_InLens_5000.0kV_3250.0x,254,3,0,0,770,1,"[1, 2, 3, 4, 7, 8, 9, 10, 11, 13, 15, 18, 19, 20, 24, 27, 29, 32, 34, 35, 36, 37, 38, 39, 41, 42, 43, 44, 46, 47, 49, 51, 52, 55, 56, 59, 61, 62, 63, 64, 66, 72, 73, 75, 79, 81, 82, 84, 85, 87, 88, 92, 97, 99, 102, 103, 107, 112, 113, 119, 126, 127, 129, 132, 134, 135, 136, 138, 139, 142, 143, 145, 148, 151, 152, 154, 160, 162, 164, 165, 167, 168, 172, 177, 183, 186, 187, 190, 203, 207, 208, 209, 211, 223, 224, 225, 235, 236, 239, 242, 243, 247, 260, 264, 271, 285, 289, 290, 292, 298, 299, 314, 317, 318, 329, 331, 332, 335, 337, 344, 345, 346, 350, 366, 374, 383, 385, 397, 411, 413, 415, 422, 432, 435, 436, 437, 441, 442, 443, 445, 447, 462, 463, 465, 474, 475, 476, 480, 482, 484, 488, 489, 492, 499, 501, 504, 507, 511, 512, 513, 518, 519, 530, 531, 534, 537, 541, 542, 545, 551, 553, 555, 563, 567, 568, 570, 576, 577, 585, 586, 591, 598, 600, 604, 605, 606, 608, 609, 611, 612, 613, 621, 622, 625, 632, 637, 641, 643, 644, 645, 647, 648, 651, 653, 656, 662, 666, 675, 676, 681, 684, 689, 692, 694, 696, 700, 701, 702, 704, 709, 710, 711, 714, 715, 717, 718, 722, 723, 727, 730, 732, 733, 741, 742, 744, 745, 746, 748, 749, 750, 752, 753, 754, 755, 756, 761, 762, 764, 765, 766, 767, 768, 769, 770]"
hcci_662,Q980_0h_WC,roi_662,Helios NanoLab_InLens_5000.0kV_3250.0x,254,3,0,0,770,1,"[1, 2, 3, 4, 10, 13, 14, 16, 17, 18, 21, 22, 26, 27, 28, 29, 30, 32, 35, 36, 38, 40, 42, 44, 49, 50, 51, 53, 55, 59, 60, 62, 63, 64, 66, 69, 70, 71, 73, 75, 76, 77, 79, 80, 82, 83, 84, 86, 87, 88, 89, 90, 91, 96, 97, 99, 101, 102, 104, 105, 110, 111, 113, 114, 115, 116, 119, 121, 126, 127, 128, 129, 132, 137, 138, 139, 140, 141, 142, 145, 146, 149, 152, 153, 155, 156, 157, 158, 160, 166, 167, 168, 170, 171, 172, 173, 174, 175, 178, 180, 181, 182, 183, 185, 188, 190, 192, 194, 197, 201, 202, 203, 205, 208, 211, 215, 216, 219, 220, 222, 223, 225, 228, 230, 231, 232, 233, 234, 236, 238, 240, 246, 247, 248, 250, 255, 256, 257, 261, 266, 269, 272, 273, 285, 287, 288, 291, 293, 295, 300, 302, 303, 305, 306, 307, 312, 314, 316, 322, 324, 326, 328, 330, 335, 337, 339, 345, 346, 356, 360, 361, 362, 373, 374, 383, 386, 391, 395, 400, 401, 407, 421, 422, 438, 439, 442, 450, 465, 467, 468, 471, 475, 480, 482, 483, 486, 487, 493, 496, 501, 502, 503, 504, 508, 512, 527, 532, 536, 543, 544, 545, 548, 549, 558, 562, 567, 570, 572, 580, 587, 601, 604, 620, 625, 627, 630, 638, 647, 655, 668, 673, 678, 682, 684, 686, 697, 706, 710, 711, 723, 724, 725, 726, 727, 729, 736, 738, 741, 742, 743, 748, 750, 766, 768]"
hcci_663,Q980_0h_WC,roi_663,Helios NanoLab_SE_10000.0kV_600.0x,254,3,0,0,770,1,"[1, 2, 3, 4, 5, 6, 7, 8, 9, 10, 11, 12, 13, 14, 15, 16, 17, 18, 19, 20, 21, 22, 23, 24, 25, 26, 27, 28, 30, 31, 32, 33, 39, 42, 43, 46, 48, 49, 50, 55, 56, 57, 60, 63, 65, 66, 67, 70, 71, 73, 74, 76, 78, 82, 83, 85, 87, 88, 91, 92, 96, 108, 111, 114, 117, 119, 121, 122, 126, 129, 131, 138, 142, 145, 147, 157, 161, 163, 166, 171, 182, 190, 193, 195, 198, 206, 212, 214, 223, 234, 240, 248, 252, 256, 258, 261, 262, 266, 272, 273, 276, 279, 280, 281, 283, 289, 291, 292, 293, 294, 298, 302, 303, 304, 305, 308, 309, 311, 314, 316, 317, 327, 328, 330, 336, 342, 343, 344, 346, 347, 349, 354, 357, 359, 363, 367, 371, 373, 374, 375, 376, 379, 384, 385, 386, 387, 390, 391, 403, 404, 405, 407, 408, 411, 412, 414, 415, 417, 421, 428, 430, 433, 434, 437, 439, 440, 449, 450, 453, 456, 459, 460, 465, 467, 475, 477, 479, 482, 483, 485, 487, 488, 489, 492, 493, 496, 498, 499, 505, 506, 507, 512, 513, 514, 516, 519, 520, 529, 530, 531, 534, 537, 542, 557, 564, 568, 569, 570, 577, 583, 585, 586, 588, 590, 594, 598, 602, 603, 605, 607, 613, 614, 621, 624, 628, 637, 639, 649, 652, 655, 662, 667, 674, 675, 681, 686, 688, 694, 698, 703, 724, 726, 731, 736, 738, 746, 753, 756, 759, 763, 764, 766, 768, 769]"
hcci_664,Q980_0h_WC,roi_664,Helios NanoLab_SE_10000.0kV_600.0x,254,3,0,0,770,1,"[1, 2, 3, 4, 5, 6, 7, 8, 9, 10, 11, 12, 13, 14, 15, 16, 17, 18, 19, 20, 21, 22, 23, 24, 25, 27, 28, 29, 30, 31, 32, 33, 34, 35, 36, 37, 38, 41, 42, 43, 45, 46, 47, 48, 51, 56, 57, 62, 63, 64, 65, 68, 71, 73, 74, 75, 76, 77, 81, 82, 84, 85, 86, 87, 89, 90, 93, 95, 96, 97, 102, 104, 107, 109, 110, 111, 112, 113, 115, 116, 117, 125, 126, 127, 129, 135, 137, 140, 146, 147, 148, 153, 154, 155, 157, 162, 165, 167, 170, 176, 200, 201, 202, 207, 210, 214, 215, 216, 226, 229, 232, 233, 238, 239, 243, 246, 250, 259, 261, 262, 267, 268, 272, 273, 274, 285, 288, 292, 294, 296, 298, 303, 309, 314, 320, 325, 326, 337, 344, 346, 347, 349, 350, 352, 354, 356, 363, 366, 373, 379, 381, 384, 388, 392, 395, 396, 399, 404, 413, 414, 416, 418, 426, 427, 428, 430, 437, 444, 449, 451, 454, 455, 459, 461, 472, 487, 489, 494, 495, 504, 506, 510, 511, 513, 517, 527, 528, 533, 534, 547, 553, 556, 560, 562, 569, 570, 576, 577, 578, 582, 589, 594, 596, 605, 617, 620, 621, 623, 626, 627, 633, 635, 638, 641, 643, 648, 651, 652, 659, 664, 668, 679, 680, 683, 685, 687, 690, 691, 693, 694, 696, 703, 705, 710, 711, 714, 724, 725, 734, 737, 740, 751, 752, 756, 757, 760, 763, 764, 765, 766, 767, 768, 769, 770]"
hcci_665,Q980_0h_WC,roi_665,Helios NanoLab_BSE_10000.0kV_600.0x,254,3,0,0,770,1,"[1, 2, 3, 4, 5, 6, 7, 8, 9, 10, 11, 12, 13, 14, 15, 16, 17, 18, 19, 20, 21, 22, 23, 24, 25, 26, 27, 28, 29, 30, 31, 32, 33, 34, 35, 36, 37, 40, 41, 42, 43, 44, 46, 47, 48, 49, 50, 51, 52, 54, 55, 57, 58, 59, 60, 62, 64, 65, 66, 68, 70, 71, 72, 75, 81, 82, 89, 91, 92, 93, 94, 97, 98, 101, 102, 105, 106, 110, 111, 116, 117, 120, 121, 123, 126, 129, 131, 133, 136, 137, 138, 141, 143, 147, 149, 150, 152, 153, 156, 161, 163, 167, 168, 169, 170, 178, 185, 203, 206, 208, 210, 212, 226, 234, 243, 247, 250, 256, 257, 258, 263, 265, 267, 281, 306, 317, 322, 326, 328, 331, 332, 338, 340, 350, 352, 375, 376, 384, 400, 407, 409, 412, 415, 416, 418, 420, 427, 429, 431, 441, 446, 448, 449, 450, 451, 454, 455, 465, 474, 485, 486, 487, 489, 491, 493, 496, 499, 501, 504, 508, 510, 513, 514, 515, 520, 523, 525, 528, 533, 543, 544, 549, 558, 563, 565, 569, 573, 574, 577, 593, 596, 603, 604, 605, 606, 609, 611, 612, 624, 636, 638, 641, 643, 645, 648, 651, 653, 658, 659, 664, 673, 674, 682, 683, 688, 689, 694, 699, 700, 704, 706, 713, 714, 716, 720, 724, 727, 731, 732, 733, 735, 737, 738, 739, 740, 741, 742, 743, 747, 750, 751, 755, 759, 760, 761, 762, 763, 764, 765, 766, 767, 768, 769, 770]"
hcci_666,Q980_0h_WC,roi_666,Helios NanoLab_BSE_10000.0kV_600.0x,254,3,0,0,770,1,"[1, 2, 3, 4, 5, 6, 7, 8, 9, 10, 11, 12, 14, 15, 16, 17, 18, 19, 20, 21, 23, 24, 25, 26, 27, 28, 29, 30, 31, 32, 33, 34, 35, 39, 40, 42, 43, 44, 47, 48, 49, 50, 51, 52, 57, 59, 62, 64, 66, 68, 69, 72, 73, 74, 75, 76, 77, 78, 79, 81, 83, 85, 89, 92, 95, 98, 100, 103, 105, 106, 108, 109, 115, 120, 122, 123, 130, 132, 133, 135, 136, 140, 144, 151, 152, 158, 159, 160, 161, 165, 170, 171, 173, 178, 181, 190, 194, 203, 213, 218, 225, 230, 233, 240, 244, 245, 251, 258, 260, 262, 267, 275, 276, 280, 284, 286, 321, 330, 339, 342, 349, 350, 357, 358, 359, 370, 374, 378, 383, 390, 391, 393, 397, 402, 406, 412, 418, 426, 429, 434, 436, 437, 441, 444, 445, 453, 455, 457, 463, 467, 468, 471, 475, 477, 478, 480, 483, 488, 489, 500, 504, 505, 506, 511, 514, 516, 520, 528, 545, 547, 551, 552, 553, 554, 557, 568, 569, 573, 575, 578, 581, 583, 584, 585, 588, 589, 591, 598, 604, 606, 613, 615, 626, 632, 635, 637, 639, 643, 647, 649, 650, 655, 656, 657, 664, 668, 669, 678, 681, 684, 685, 691, 697, 698, 699, 701, 703, 704, 710, 711, 714, 716, 717, 719, 720, 724, 728, 729, 733, 735, 739, 740, 742, 744, 746, 747, 748, 749, 751, 753, 755, 758, 759, 760, 761, 762, 763, 764, 765, 766, 767, 768, 769, 770]"
hcci_667,Q980_0h_WC,roi_667,Helios NanoLab_InLens_10000.0kV_600.0x,254,3,0,0,770,1,"[1, 2, 3, 4, 6, 7, 8, 9, 10, 11, 13, 14, 21, 22, 27, 28, 31, 32, 34, 37, 42, 43, 44, 45, 48, 49, 58, 59, 61, 64, 67, 69, 71, 72, 75, 79, 82, 83, 87, 88, 89, 91, 95, 97, 101, 104, 111, 112, 114, 116, 119, 120, 123, 126, 128, 132, 138, 139, 141, 146, 147, 152, 158, 159, 162, 169, 173, 177, 181, 184, 190, 198, 202, 207, 208, 212, 215, 217, 218, 219, 230, 242, 246, 251, 252, 257, 258, 270, 273, 277, 288, 289, 290, 292, 294, 298, 306, 307, 308, 315, 318, 322, 324, 326, 327, 329, 331, 332, 334, 341, 347, 348, 349, 351, 354, 355, 364, 365, 368, 378, 389, 392, 394, 405, 408, 421, 423, 425, 434, 439, 443, 445, 452, 453, 455, 459, 461, 462, 464, 473, 475, 478, 479, 481, 482, 484, 488, 489, 491, 493, 494, 499, 504, 505, 507, 509, 517, 521, 523, 524, 526, 527, 528, 533, 535, 538, 540, 541, 542, 543, 547, 555, 556, 561, 562, 565, 572, 574, 575, 576, 577, 579, 586, 591, 594, 596, 602, 606, 607, 610, 620, 621, 624, 629, 632, 633, 635, 637, 640, 646, 657, 658, 659, 664, 665, 666, 668, 674, 678, 679, 680, 682, 685, 686, 687, 691, 696, 697, 700, 712, 715, 716, 717, 718, 721, 724, 729, 731, 733, 734, 735, 736, 738, 739, 740, 741, 742, 743, 745, 747, 750, 753, 754, 755, 756, 759, 760, 761, 763, 765, 766, 767, 768, 770]"
hcci_668,Q980_0h_WC,roi_668,Helios NanoLab_InLens_10000.0kV_600.0x,254,3,0,0,770,1,"[1, 2, 3, 5, 7, 8, 9, 12, 14, 16, 17, 18, 22, 23, 25, 26, 28, 30, 31, 32, 37, 42, 44, 45, 46, 47, 48, 51, 53, 54, 55, 56, 64, 66, 69, 70, 72, 74, 77, 81, 82, 83, 85, 86, 91, 93, 95, 96, 97, 98, 99, 104, 105, 109, 110, 113, 114, 116, 120, 121, 122, 125, 126, 127, 133, 136, 137, 138, 139, 140, 141, 142, 143, 144, 146, 147, 150, 151, 155, 160, 164, 165, 166, 169, 171, 174, 176, 177, 178, 179, 183, 185, 186, 189, 192, 194, 199, 200, 201, 202, 203, 204, 205, 209, 215, 217, 221, 223, 225, 229, 233, 234, 237, 240, 246, 252, 257, 264, 266, 268, 270, 272, 273, 277, 285, 287, 292, 293, 294, 296, 303, 310, 311, 315, 318, 322, 323, 336, 345, 347, 350, 351, 352, 358, 363, 364, 369, 371, 372, 373, 376, 392, 394, 395, 397, 398, 399, 400, 403, 410, 418, 422, 425, 431, 433, 434, 435, 437, 439, 441, 444, 446, 459, 463, 470, 471, 473, 477, 482, 483, 484, 485, 486, 489, 494, 496, 500, 512, 513, 514, 524, 525, 533, 537, 544, 561, 566, 569, 570, 572, 582, 584, 598, 600, 609, 613, 622, 625, 627, 635, 639, 640, 647, 668, 669, 677, 679, 683, 696, 697, 699, 702, 709, 711, 718, 719, 722, 724, 725, 732, 734, 739, 741, 743, 746, 747, 753, 754, 755, 756, 757, 758, 759, 760, 761, 762, 763, 764, 765, 766, 767, 768, 769, 770]"
hcci_669,Q980_0h_WC,roi_669,Helios NanoLab_SE_10000.0kV_3250.0x,254,3,0,0,770,1,"[1, 2, 3, 4, 5, 6, 7, 8, 9, 10, 11, 12, 13, 14, 15, 16, 17, 18, 19, 20, 21, 22, 23, 24, 25, 26, 27, 28, 29, 30, 31, 32, 33, 34, 35, 36, 37, 40, 41, 42, 43, 45, 46, 48, 49, 50, 51, 52, 53, 54, 56, 57, 58, 60, 62, 65, 66, 67, 68, 70, 71, 72, 74, 75, 76, 77, 82, 83, 86, 88, 89, 96, 101, 102, 103, 107, 110, 117, 127, 132, 133, 136, 140, 143, 145, 153, 157, 158, 164, 167, 168, 169, 170, 173, 174, 175, 176, 177, 180, 182, 184, 185, 190, 193, 194, 195, 197, 200, 207, 208, 211, 213, 215, 218, 220, 223, 224, 226, 227, 228, 235, 237, 238, 239, 242, 244, 247, 254, 257, 258, 259, 260, 264, 265, 267, 268, 271, 272, 275, 283, 288, 293, 302, 303, 305, 308, 310, 315, 317, 322, 331, 333, 345, 349, 353, 355, 363, 365, 366, 372, 382, 395, 397, 407, 413, 415, 419, 426, 427, 429, 430, 432, 441, 442, 444, 448, 452, 454, 459, 466, 470, 473, 477, 478, 479, 492, 493, 495, 496, 497, 500, 501, 504, 515, 516, 530, 536, 540, 541, 544, 547, 553, 555, 558, 560, 566, 570, 573, 583, 584, 598, 599, 604, 606, 607, 615, 622, 635, 638, 644, 654, 657, 658, 661, 665, 677, 696, 703, 708, 709, 713, 717, 724, 729, 733, 736, 739, 741, 742, 743, 744, 745, 746, 749, 752, 757, 758, 759, 761, 762, 763, 764, 766, 769]"
hcci_67,Q980_0h_WC,roi_67,Helios G4 PFIB CXe_SE_20000.0kV_5000.0x,254,3,0,0,770,1,"[1, 2, 3, 4, 5, 6, 7, 8, 9, 10, 11, 12, 13, 14, 15, 16, 17, 18, 19, 20, 21, 22, 23, 24, 25, 26, 27, 28, 29, 30, 31, 32, 33, 34, 35, 36, 37, 38, 39, 40, 41, 42, 43, 44, 45, 46, 47, 48, 50, 51, 52, 53, 54, 55, 57, 58, 59, 60, 62, 63, 64, 65, 66, 67, 68, 71, 74, 75, 76, 79, 89, 90, 92, 95, 99, 108, 115, 121, 124, 125, 130, 134, 140, 141, 153, 157, 162, 166, 170, 184, 193, 204, 206, 212, 216, 217, 218, 221, 224, 226, 233, 234, 236, 239, 240, 241, 247, 248, 249, 264, 281, 286, 293, 295, 297, 299, 313, 314, 317, 318, 322, 323, 326, 335, 340, 343, 360, 362, 370, 372, 378, 394, 395, 403, 409, 414, 416, 417, 419, 423, 425, 427, 429, 433, 436, 438, 441, 443, 447, 453, 460, 467, 472, 474, 478, 483, 485, 488, 491, 492, 495, 497, 498, 520, 523, 539, 541, 543, 548, 561, 564, 567, 573, 577, 579, 583, 588, 590, 592, 597, 598, 601, 603, 608, 617, 626, 630, 632, 634, 637, 638, 639, 640, 642, 646, 652, 655, 656, 661, 670, 673, 674, 681, 687, 689, 690, 693, 695, 696, 697, 700, 701, 704, 706, 709, 710, 713, 716, 718, 719, 720, 723, 724, 725, 728, 731, 732, 735, 736, 737, 738, 739, 740, 741, 742, 746, 749, 750, 751, 753, 754, 757, 758, 759, 760, 761, 762, 764, 765, 766, 767, 768, 769, 770]"
hcci_670,Q980_0h_WC,roi_670,Helios NanoLab_SE_10000.0kV_3250.0x,254,3,0,0,770,1,"[1, 2, 3, 4, 5, 6, 7, 8, 9, 10, 11, 12, 13, 14, 15, 16, 17, 18, 19, 20, 21, 22, 23, 24, 25, 26, 27, 28, 29, 30, 31, 32, 33, 34, 36, 37, 38, 39, 40, 41, 42, 43, 44, 45, 48, 49, 50, 51, 52, 53, 55, 56, 58, 59, 60, 61, 65, 66, 68, 71, 79, 83, 84, 86, 90, 91, 98, 102, 104, 108, 110, 112, 115, 116, 117, 118, 119, 121, 122, 126, 127, 129, 133, 135, 136, 138, 143, 144, 152, 154, 159, 162, 163, 164, 167, 173, 176, 179, 181, 183, 186, 188, 191, 198, 199, 200, 201, 202, 203, 204, 205, 206, 211, 219, 221, 225, 226, 227, 228, 230, 233, 238, 241, 243, 248, 251, 254, 257, 260, 264, 267, 268, 269, 270, 271, 272, 273, 275, 277, 285, 286, 294, 296, 298, 300, 304, 307, 309, 311, 312, 319, 321, 324, 329, 331, 332, 334, 340, 341, 342, 348, 367, 376, 380, 394, 398, 402, 404, 405, 406, 407, 408, 409, 412, 414, 417, 418, 420, 437, 442, 443, 444, 447, 449, 452, 455, 459, 460, 463, 464, 467, 477, 486, 492, 494, 498, 501, 506, 509, 515, 517, 518, 523, 524, 525, 532, 557, 561, 575, 577, 590, 593, 596, 598, 600, 603, 612, 613, 616, 622, 623, 626, 629, 632, 638, 641, 649, 658, 659, 664, 668, 675, 689, 691, 699, 700, 703, 708, 713, 714, 717, 718, 729, 732, 733, 742, 744, 747, 755, 758, 762, 765, 767, 770]"
hcci_671,Q980_0h_WC,roi_671,Helios NanoLab_BSE_10000.0kV_3250.0x,254,3,0,0,770,1,"[1, 2, 3, 4, 5, 6, 7, 8, 9, 10, 11, 12, 13, 14, 15, 16, 17, 18, 19, 20, 21, 22, 23, 24, 25, 26, 27, 28, 29, 30, 31, 32, 33, 34, 36, 37, 39, 40, 42, 43, 44, 45, 49, 54, 56, 57, 60, 62, 64, 66, 75, 77, 78, 79, 80, 81, 86, 90, 93, 97, 99, 103, 104, 106, 109, 114, 120, 124, 125, 128, 129, 132, 140, 142, 146, 147, 151, 153, 159, 160, 162, 168, 175, 179, 185, 186, 190, 194, 195, 201, 204, 208, 210, 222, 226, 229, 231, 232, 240, 244, 247, 249, 257, 261, 268, 273, 285, 289, 292, 293, 298, 310, 320, 321, 327, 330, 335, 337, 338, 341, 344, 346, 362, 365, 371, 377, 380, 381, 385, 394, 412, 414, 419, 427, 428, 432, 437, 443, 445, 446, 447, 449, 453, 454, 458, 462, 467, 468, 470, 471, 484, 486, 493, 497, 499, 502, 503, 507, 510, 513, 515, 516, 518, 520, 523, 526, 527, 533, 534, 537, 539, 540, 542, 543, 549, 552, 553, 556, 558, 562, 563, 567, 570, 571, 573, 574, 582, 583, 584, 593, 596, 600, 601, 605, 606, 609, 612, 617, 620, 624, 634, 635, 637, 638, 639, 643, 647, 654, 656, 657, 659, 661, 662, 666, 667, 670, 681, 682, 684, 687, 692, 700, 702, 703, 704, 705, 706, 707, 715, 717, 720, 724, 727, 729, 730, 731, 735, 736, 739, 745, 747, 748, 749, 750, 752, 754, 755, 756, 757, 759, 761, 763, 764, 766]"
hcci_672,Q980_0h_WC,roi_672,Helios NanoLab_BSE_10000.0kV_3250.0x,254,3,0,0,770,1,"[1, 2, 3, 4, 5, 6, 7, 8, 9, 10, 11, 12, 13, 14, 15, 16, 17, 18, 19, 20, 21, 22, 23, 24, 25, 26, 27, 28, 29, 30, 31, 32, 33, 34, 35, 36, 37, 38, 39, 41, 42, 43, 44, 45, 46, 48, 49, 50, 51, 52, 54, 55, 57, 58, 59, 62, 64, 66, 67, 69, 70, 72, 74, 77, 80, 82, 84, 85, 86, 89, 91, 93, 99, 103, 106, 111, 114, 115, 122, 125, 129, 130, 140, 143, 148, 149, 150, 154, 162, 171, 177, 178, 180, 183, 190, 192, 197, 198, 199, 201, 204, 211, 215, 219, 223, 224, 225, 226, 229, 234, 242, 244, 247, 248, 250, 251, 252, 253, 254, 256, 259, 264, 275, 278, 288, 290, 292, 295, 296, 297, 305, 308, 312, 315, 318, 332, 335, 342, 345, 346, 362, 363, 364, 365, 366, 367, 372, 373, 378, 384, 395, 400, 409, 412, 417, 418, 422, 424, 429, 431, 433, 440, 444, 447, 451, 455, 457, 468, 477, 482, 486, 490, 493, 494, 498, 499, 507, 515, 520, 522, 524, 526, 534, 541, 543, 544, 545, 546, 553, 554, 558, 563, 565, 568, 569, 570, 574, 576, 578, 591, 594, 596, 597, 602, 606, 608, 615, 621, 626, 627, 636, 643, 645, 648, 652, 657, 658, 664, 667, 668, 669, 670, 676, 677, 678, 680, 688, 690, 693, 707, 719, 721, 723, 724, 730, 731, 733, 734, 737, 738, 743, 748, 749, 752, 754, 755, 757, 758, 761, 762, 763, 764, 765, 768]"
hcci_673,Q980_0h_WC,roi_673,Helios NanoLab_InLens_10000.0kV_3250.0x,254,3,0,0,770,1,"[1, 2, 3, 4, 7, 8, 9, 10, 12, 14, 17, 22, 23, 24, 25, 26, 28, 29, 30, 32, 33, 36, 37, 39, 40, 41, 42, 43, 47, 49, 50, 54, 55, 56, 58, 60, 62, 64, 67, 71, 78, 79, 80, 82, 84, 85, 86, 88, 89, 90, 95, 98, 100, 103, 109, 110, 111, 113, 116, 118, 119, 120, 130, 135, 136, 137, 138, 139, 140, 143, 144, 145, 147, 149, 155, 156, 158, 161, 162, 163, 164, 166, 167, 173, 175, 176, 177, 178, 180, 183, 186, 188, 190, 191, 198, 203, 208, 217, 218, 222, 224, 227, 229, 232, 233, 235, 241, 247, 248, 254, 256, 263, 266, 270, 271, 273, 275, 276, 279, 292, 296, 310, 322, 343, 345, 351, 367, 379, 381, 386, 393, 407, 410, 428, 432, 434, 439, 444, 452, 453, 455, 470, 471, 472, 473, 477, 483, 484, 489, 496, 502, 511, 517, 518, 521, 522, 526, 529, 531, 539, 540, 541, 542, 544, 549, 551, 553, 554, 556, 562, 567, 570, 578, 579, 583, 585, 592, 595, 601, 602, 606, 607, 608, 609, 614, 620, 622, 625, 626, 630, 631, 632, 635, 643, 644, 651, 653, 656, 658, 659, 662, 670, 672, 673, 675, 681, 685, 689, 690, 692, 693, 694, 697, 700, 704, 706, 708, 709, 711, 720, 721, 723, 725, 728, 731, 732, 734, 736, 737, 740, 741, 742, 744, 745, 746, 747, 748, 749, 750, 751, 752, 754, 755, 758, 759, 760, 762, 763, 765, 766, 767, 768, 769, 770]"
hcci_674,Q980_0h_WC,roi_674,Helios NanoLab_InLens_10000.0kV_3250.0x,254,3,0,0,770,1,"[1, 2, 3, 6, 7, 8, 9, 10, 11, 22, 24, 25, 26, 27, 29, 30, 32, 33, 34, 36, 38, 41, 43, 45, 48, 49, 51, 52, 53, 54, 58, 60, 61, 62, 65, 66, 71, 74, 76, 77, 80, 81, 82, 84, 87, 88, 90, 92, 93, 94, 95, 96, 98, 99, 102, 103, 105, 108, 113, 114, 115, 116, 117, 118, 120, 121, 123, 125, 126, 127, 128, 129, 132, 135, 137, 138, 139, 140, 142, 144, 148, 152, 154, 155, 159, 161, 165, 166, 170, 171, 172, 173, 174, 176, 177, 179, 181, 182, 184, 185, 186, 187, 189, 190, 191, 193, 196, 197, 198, 199, 203, 205, 206, 208, 209, 210, 211, 212, 214, 219, 221, 225, 226, 228, 230, 232, 233, 243, 246, 247, 249, 250, 251, 254, 259, 261, 263, 264, 265, 267, 268, 269, 270, 274, 275, 278, 279, 287, 295, 297, 298, 302, 306, 307, 314, 319, 320, 323, 325, 327, 331, 333, 339, 341, 345, 346, 348, 349, 350, 354, 355, 361, 371, 372, 376, 378, 385, 392, 397, 402, 403, 404, 409, 414, 425, 427, 430, 440, 447, 462, 463, 472, 481, 483, 484, 492, 496, 500, 501, 505, 508, 512, 518, 520, 522, 523, 528, 530, 531, 533, 536, 538, 539, 565, 569, 570, 588, 598, 600, 606, 621, 625, 634, 641, 658, 662, 669, 671, 673, 704, 712, 713, 714, 717, 722, 724, 726, 729, 731, 732, 733, 734, 741, 743, 744, 747, 751, 752, 753, 758, 759, 760, 769, 770]"
hcci_675,Q980_0h_WC,roi_675,Helios NanoLab_SE_20000.0kV_600.0x,254,3,0,0,770,1,"[1, 2, 3, 4, 5, 6, 7, 8, 9, 10, 11, 12, 13, 14, 15, 16, 17, 18, 19, 20, 21, 22, 23, 24, 25, 26, 27, 28, 29, 30, 31, 32, 33, 35, 36, 37, 38, 39, 40, 41, 43, 44, 45, 46, 47, 48, 49, 50, 51, 53, 54, 55, 56, 57, 59, 60, 61, 62, 65, 67, 69, 73, 78, 79, 80, 84, 86, 93, 96, 98, 101, 102, 109, 111, 113, 115, 118, 122, 128, 131, 134, 148, 150, 165, 166, 167, 174, 177, 180, 185, 187, 190, 197, 198, 200, 203, 205, 221, 225, 231, 238, 249, 260, 276, 277, 282, 286, 287, 288, 290, 291, 293, 297, 301, 302, 305, 306, 309, 313, 314, 318, 319, 320, 322, 323, 325, 327, 331, 333, 341, 342, 346, 347, 350, 352, 353, 355, 360, 366, 369, 371, 372, 381, 386, 392, 395, 398, 400, 401, 404, 407, 408, 412, 413, 415, 423, 426, 427, 428, 429, 438, 442, 446, 448, 449, 450, 455, 458, 460, 461, 464, 468, 469, 470, 472, 473, 476, 479, 482, 495, 500, 501, 502, 507, 510, 512, 513, 514, 517, 519, 521, 522, 526, 529, 540, 541, 550, 555, 556, 560, 561, 563, 564, 566, 568, 571, 572, 577, 578, 579, 585, 592, 601, 605, 626, 627, 630, 633, 638, 644, 648, 651, 654, 659, 665, 666, 670, 673, 676, 686, 688, 696, 697, 708, 713, 721, 723, 724, 726, 731, 735, 744, 746, 750, 754, 759, 760, 762, 763, 765, 767, 768, 769, 770]"
hcci_676,Q980_0h_WC,roi_676,Helios NanoLab_SE_20000.0kV_600.0x,254,3,0,0,770,1,"[1, 2, 3, 4, 5, 6, 7, 8, 9, 10, 11, 13, 15, 16, 17, 18, 19, 21, 22, 23, 24, 26, 27, 28, 29, 30, 31, 32, 33, 34, 35, 36, 37, 38, 39, 42, 44, 45, 46, 47, 48, 50, 52, 53, 54, 55, 57, 62, 63, 65, 68, 69, 70, 71, 73, 75, 76, 77, 78, 79, 87, 88, 91, 92, 94, 95, 96, 98, 101, 103, 109, 113, 121, 125, 127, 129, 134, 136, 137, 141, 145, 156, 157, 159, 160, 162, 164, 165, 168, 171, 174, 179, 183, 196, 197, 203, 204, 205, 206, 207, 211, 214, 217, 218, 225, 226, 227, 231, 234, 237, 243, 248, 250, 251, 254, 260, 261, 274, 279, 284, 286, 288, 292, 293, 294, 295, 300, 303, 304, 305, 306, 308, 311, 316, 325, 326, 328, 330, 332, 334, 343, 348, 350, 353, 354, 356, 361, 367, 373, 377, 379, 380, 383, 393, 401, 412, 413, 419, 427, 430, 437, 440, 441, 442, 444, 449, 454, 460, 461, 462, 465, 470, 472, 474, 485, 488, 489, 492, 493, 497, 499, 501, 505, 509, 511, 512, 515, 519, 520, 523, 524, 526, 527, 528, 529, 534, 537, 538, 544, 548, 549, 555, 564, 566, 567, 573, 579, 580, 581, 599, 607, 612, 615, 618, 625, 626, 632, 638, 641, 645, 650, 652, 653, 665, 668, 672, 675, 676, 678, 689, 690, 692, 704, 711, 713, 720, 726, 729, 730, 742, 744, 756, 757, 758, 759, 761, 763, 764, 765, 766, 767, 768, 769, 770]"
hcci_677,Q980_0h_WC,roi_677,Helios NanoLab_BSE_20000.0kV_600.0x,254,3,0,0,770,1,"[1, 2, 3, 4, 5, 6, 7, 8, 9, 10, 11, 12, 13, 14, 15, 16, 17, 18, 19, 20, 21, 22, 23, 24, 25, 26, 27, 28, 29, 30, 31, 32, 33, 34, 35, 36, 37, 38, 39, 43, 44, 45, 47, 49, 50, 54, 59, 60, 62, 63, 64, 66, 69, 70, 79, 80, 81, 82, 85, 86, 88, 89, 90, 91, 93, 95, 96, 97, 98, 99, 100, 104, 106, 108, 109, 115, 117, 120, 121, 123, 127, 128, 131, 141, 143, 146, 152, 153, 154, 161, 162, 165, 168, 172, 187, 194, 195, 196, 206, 211, 215, 221, 234, 236, 239, 253, 255, 262, 265, 267, 269, 271, 272, 273, 275, 276, 284, 297, 298, 310, 315, 319, 322, 334, 342, 345, 353, 359, 362, 364, 366, 369, 370, 373, 374, 377, 381, 383, 384, 389, 393, 405, 406, 408, 411, 412, 415, 419, 423, 434, 437, 439, 440, 442, 448, 451, 455, 471, 476, 477, 491, 492, 494, 496, 502, 504, 508, 513, 515, 517, 521, 523, 525, 526, 527, 531, 537, 544, 545, 547, 560, 563, 566, 568, 569, 570, 571, 574, 575, 577, 579, 586, 588, 597, 608, 621, 622, 625, 626, 628, 630, 633, 635, 638, 643, 644, 656, 658, 661, 670, 681, 682, 683, 684, 686, 691, 692, 694, 698, 703, 704, 705, 706, 713, 716, 718, 721, 724, 726, 730, 731, 738, 741, 743, 744, 745, 748, 751, 752, 753, 755, 756, 758, 759, 760, 761, 763, 764, 765, 766, 767, 768, 769, 770]"
hcci_678,Q980_0h_WC,roi_678,Helios NanoLab_BSE_20000.0kV_600.0x,254,3,0,0,770,1,"[1, 2, 3, 4, 5, 6, 7, 8, 9, 10, 11, 12, 13, 14, 15, 16, 17, 18, 19, 20, 21, 23, 24, 25, 26, 27, 29, 30, 31, 32, 33, 34, 35, 36, 37, 39, 40, 41, 45, 46, 47, 50, 51, 52, 55, 56, 58, 59, 65, 69, 71, 72, 78, 79, 80, 82, 85, 89, 93, 101, 102, 107, 108, 109, 111, 112, 114, 115, 118, 121, 122, 123, 125, 126, 136, 138, 140, 144, 145, 149, 155, 159, 160, 166, 170, 176, 183, 184, 185, 187, 188, 200, 202, 208, 211, 216, 219, 228, 233, 236, 256, 262, 264, 272, 279, 283, 298, 300, 320, 322, 324, 325, 334, 340, 361, 369, 371, 372, 374, 375, 380, 391, 393, 402, 403, 404, 407, 418, 421, 424, 427, 429, 433, 437, 438, 439, 445, 447, 455, 459, 462, 464, 469, 470, 479, 482, 484, 485, 487, 489, 490, 492, 493, 495, 496, 499, 512, 525, 526, 527, 529, 532, 533, 536, 537, 539, 542, 545, 546, 548, 553, 559, 560, 563, 567, 569, 570, 572, 573, 577, 581, 588, 590, 591, 595, 597, 598, 612, 614, 616, 617, 619, 621, 626, 631, 632, 636, 640, 643, 644, 648, 649, 651, 660, 666, 667, 672, 676, 685, 688, 691, 692, 694, 695, 697, 702, 706, 707, 708, 710, 712, 716, 721, 723, 726, 732, 733, 734, 738, 739, 741, 743, 745, 746, 747, 748, 749, 751, 753, 755, 757, 758, 759, 760, 761, 762, 763, 764, 765, 766, 767, 768, 769, 770]"
hcci_679,Q980_0h_WC,roi_679,Helios NanoLab_InLens_20000.0kV_600.0x,254,3,0,0,770,1,"[1, 2, 3, 4, 5, 6, 7, 8, 9, 10, 11, 12, 14, 17, 19, 30, 31, 35, 38, 43, 44, 45, 50, 51, 52, 56, 58, 62, 67, 68, 72, 75, 76, 78, 79, 80, 83, 95, 96, 97, 99, 103, 106, 107, 108, 112, 114, 118, 119, 120, 123, 124, 127, 129, 131, 132, 133, 137, 139, 140, 144, 147, 149, 153, 155, 159, 174, 176, 185, 194, 195, 199, 200, 206, 208, 213, 217, 220, 225, 227, 229, 233, 234, 236, 237, 245, 247, 261, 269, 272, 278, 279, 282, 285, 290, 301, 303, 305, 312, 313, 316, 318, 331, 342, 344, 347, 351, 352, 353, 354, 360, 362, 363, 367, 370, 375, 377, 378, 379, 384, 387, 388, 399, 403, 406, 408, 416, 419, 420, 424, 425, 426, 434, 437, 446, 453, 454, 465, 471, 474, 475, 480, 482, 483, 485, 497, 498, 499, 500, 504, 508, 509, 510, 511, 513, 514, 537, 539, 540, 544, 545, 546, 551, 553, 557, 560, 563, 565, 566, 568, 572, 574, 578, 580, 592, 593, 595, 596, 597, 599, 602, 605, 607, 611, 617, 618, 621, 622, 624, 625, 627, 628, 630, 632, 633, 635, 637, 641, 643, 647, 651, 652, 654, 659, 683, 685, 686, 687, 692, 693, 695, 698, 700, 701, 702, 703, 704, 705, 708, 715, 716, 717, 718, 722, 723, 725, 726, 728, 732, 733, 734, 735, 737, 738, 739, 742, 743, 748, 749, 750, 751, 752, 753, 754, 758, 759, 760, 761, 762, 764, 765, 766, 767, 769]"
hcci_68,Q980_0h_WC,roi_68,Helios G4 PFIB CXe_SE_20000.0kV_5000.0x,254,3,0,0,770,1,"[1, 2, 3, 4, 5, 6, 7, 8, 9, 10, 11, 12, 13, 14, 15, 16, 17, 18, 19, 20, 21, 22, 23, 24, 25, 26, 27, 28, 29, 30, 31, 32, 33, 34, 35, 36, 37, 39, 40, 41, 42, 43, 44, 45, 46, 47, 48, 49, 50, 51, 52, 53, 54, 57, 58, 59, 60, 61, 63, 64, 66, 67, 68, 69, 70, 71, 74, 75, 77, 82, 86, 87, 88, 91, 95, 100, 101, 104, 106, 107, 110, 114, 116, 120, 121, 122, 124, 126, 127, 128, 142, 144, 149, 153, 154, 157, 166, 167, 169, 172, 173, 174, 175, 179, 185, 186, 189, 196, 198, 207, 208, 211, 216, 227, 229, 233, 234, 238, 244, 245, 246, 250, 251, 253, 256, 258, 260, 264, 270, 275, 277, 279, 284, 285, 286, 288, 291, 300, 304, 307, 311, 321, 323, 332, 338, 340, 341, 349, 363, 377, 379, 380, 386, 387, 390, 395, 397, 399, 402, 407, 414, 420, 423, 425, 431, 433, 438, 442, 447, 449, 457, 460, 463, 464, 471, 480, 481, 487, 491, 504, 510, 519, 523, 530, 537, 550, 551, 553, 562, 577, 578, 581, 582, 584, 590, 591, 596, 606, 614, 625, 629, 634, 642, 646, 656, 657, 662, 672, 675, 678, 682, 687, 694, 695, 698, 699, 706, 708, 713, 715, 723, 724, 726, 727, 728, 729, 730, 735, 736, 738, 739, 740, 742, 744, 745, 747, 749, 750, 752, 753, 754, 755, 756, 757, 758, 759, 761, 762, 763, 764, 767, 768, 769, 770]"
hcci_680,Q980_0h_WC,roi_680,Helios NanoLab_InLens_20000.0kV_600.0x,254,3,0,0,770,1,"[1, 2, 5, 8, 10, 11, 13, 15, 20, 24, 25, 27, 28, 32, 33, 34, 36, 37, 39, 40, 41, 42, 43, 49, 50, 54, 57, 58, 60, 62, 65, 66, 71, 81, 83, 84, 86, 88, 93, 94, 96, 97, 100, 104, 110, 112, 114, 115, 116, 117, 119, 120, 121, 123, 125, 128, 129, 132, 133, 134, 135, 137, 139, 140, 143, 144, 146, 147, 148, 153, 154, 163, 164, 166, 169, 170, 175, 177, 178, 182, 186, 193, 194, 196, 200, 202, 203, 205, 208, 209, 212, 214, 215, 216, 218, 223, 224, 228, 229, 231, 232, 233, 239, 247, 250, 251, 253, 260, 265, 267, 268, 271, 272, 278, 286, 290, 291, 296, 302, 307, 316, 325, 333, 335, 338, 344, 350, 353, 354, 358, 359, 361, 363, 364, 369, 370, 371, 372, 374, 380, 383, 388, 393, 395, 397, 399, 401, 402, 404, 405, 408, 415, 417, 419, 421, 425, 437, 439, 444, 447, 449, 452, 453, 454, 459, 460, 465, 466, 474, 477, 478, 480, 483, 485, 489, 490, 500, 505, 508, 516, 520, 521, 530, 535, 536, 541, 550, 553, 554, 558, 564, 567, 568, 570, 573, 577, 578, 583, 584, 587, 588, 593, 599, 603, 604, 605, 613, 617, 618, 625, 632, 636, 637, 641, 652, 654, 665, 668, 674, 679, 686, 700, 713, 714, 720, 724, 726, 727, 728, 729, 732, 737, 738, 740, 741, 743, 746, 748, 751, 752, 754, 755, 757, 758, 759, 762, 763, 764, 765, 766, 767, 768, 769, 770]"
hcci_681,Q980_0h_WC,roi_681,Helios NanoLab_SE_20000.0kV_3250.0x,254,3,0,0,770,1,"[1, 2, 3, 4, 5, 6, 7, 8, 9, 10, 11, 12, 13, 14, 15, 16, 17, 18, 19, 20, 21, 22, 23, 24, 25, 26, 27, 28, 29, 31, 32, 33, 34, 35, 36, 37, 38, 43, 46, 49, 50, 52, 53, 55, 56, 57, 59, 61, 62, 63, 64, 65, 71, 73, 74, 76, 77, 82, 83, 88, 89, 90, 91, 92, 97, 99, 104, 105, 106, 107, 109, 110, 111, 113, 117, 120, 123, 125, 131, 132, 139, 140, 142, 150, 151, 152, 154, 162, 165, 170, 177, 183, 184, 186, 187, 188, 189, 195, 196, 199, 201, 208, 211, 213, 214, 215, 216, 221, 227, 228, 232, 233, 234, 236, 238, 239, 240, 244, 247, 249, 252, 253, 255, 256, 257, 260, 261, 262, 263, 269, 270, 272, 273, 280, 284, 286, 289, 291, 297, 300, 304, 308, 315, 316, 320, 323, 324, 325, 326, 330, 333, 336, 339, 342, 349, 354, 360, 373, 379, 380, 381, 383, 390, 393, 394, 401, 408, 409, 411, 412, 413, 418, 419, 432, 451, 458, 460, 466, 468, 473, 475, 479, 485, 486, 489, 490, 499, 508, 514, 525, 532, 534, 539, 540, 551, 552, 555, 562, 563, 565, 567, 571, 574, 576, 580, 581, 582, 583, 585, 591, 595, 596, 598, 599, 611, 617, 623, 625, 628, 630, 634, 635, 639, 643, 646, 647, 654, 657, 665, 689, 693, 694, 697, 703, 717, 718, 720, 724, 727, 728, 736, 738, 744, 748, 750, 753, 755, 758, 762, 764, 765, 766, 768, 769]"
hcci_682,Q980_0h_WC,roi_682,Helios NanoLab_SE_20000.0kV_3250.0x,254,3,0,0,770,1,"[1, 2, 3, 4, 5, 6, 7, 8, 9, 10, 11, 12, 13, 14, 15, 16, 17, 18, 19, 20, 21, 22, 24, 25, 26, 27, 31, 32, 36, 37, 38, 40, 41, 42, 47, 48, 50, 52, 53, 54, 55, 57, 58, 59, 60, 61, 69, 70, 73, 75, 79, 80, 81, 82, 83, 84, 94, 95, 99, 100, 101, 106, 107, 109, 115, 116, 117, 118, 123, 124, 126, 127, 130, 131, 133, 134, 135, 136, 139, 142, 145, 146, 147, 148, 149, 150, 153, 154, 155, 157, 158, 161, 163, 165, 166, 168, 174, 175, 176, 178, 182, 184, 188, 191, 202, 206, 210, 214, 215, 216, 224, 228, 229, 230, 231, 232, 233, 236, 240, 243, 248, 250, 251, 252, 253, 255, 256, 258, 259, 260, 261, 270, 274, 275, 280, 281, 287, 295, 300, 301, 307, 310, 311, 318, 320, 325, 336, 338, 340, 343, 348, 363, 364, 370, 376, 378, 379, 383, 384, 388, 389, 390, 395, 401, 402, 403, 405, 407, 409, 415, 425, 426, 437, 445, 446, 447, 449, 451, 454, 455, 458, 460, 477, 478, 484, 485, 487, 490, 496, 501, 502, 504, 505, 508, 511, 517, 520, 522, 529, 530, 531, 535, 536, 539, 540, 541, 542, 545, 557, 560, 564, 565, 566, 574, 575, 577, 580, 584, 586, 595, 598, 599, 605, 606, 608, 618, 622, 625, 628, 632, 636, 642, 643, 665, 668, 683, 691, 696, 699, 701, 710, 711, 720, 721, 725, 730, 737, 742, 750, 761, 762, 763, 765, 766]"
hcci_683,Q980_0h_WC,roi_683,Helios NanoLab_BSE_20000.0kV_3250.0x,254,3,0,0,770,1,"[1, 2, 3, 4, 5, 6, 7, 8, 9, 10, 11, 12, 13, 14, 15, 16, 17, 18, 19, 20, 21, 22, 23, 25, 26, 27, 28, 29, 30, 31, 32, 34, 35, 37, 40, 41, 42, 43, 44, 47, 48, 49, 50, 51, 56, 57, 59, 61, 62, 65, 67, 68, 69, 71, 72, 74, 75, 76, 79, 80, 81, 83, 85, 89, 90, 96, 105, 107, 108, 110, 112, 115, 119, 121, 124, 126, 128, 143, 147, 150, 151, 155, 156, 157, 160, 162, 169, 170, 171, 172, 173, 177, 179, 180, 182, 189, 201, 213, 219, 224, 227, 228, 236, 241, 243, 245, 262, 267, 272, 284, 289, 291, 297, 303, 306, 321, 322, 329, 331, 337, 339, 341, 352, 355, 356, 364, 365, 377, 378, 381, 382, 383, 384, 395, 400, 401, 405, 406, 407, 414, 417, 418, 420, 421, 426, 429, 438, 445, 446, 452, 454, 457, 458, 469, 471, 476, 477, 482, 484, 485, 486, 487, 499, 502, 507, 508, 510, 515, 526, 527, 528, 529, 540, 544, 546, 547, 549, 552, 572, 576, 579, 583, 584, 586, 588, 593, 594, 600, 602, 603, 608, 611, 614, 620, 621, 623, 624, 631, 632, 641, 646, 648, 650, 651, 655, 660, 661, 670, 671, 674, 678, 679, 680, 685, 688, 691, 696, 697, 699, 700, 707, 710, 711, 712, 713, 715, 720, 721, 726, 730, 732, 733, 734, 735, 737, 739, 740, 741, 743, 745, 746, 748, 749, 750, 755, 758, 759, 760, 763, 764, 766, 767, 768, 770]"
hcci_684,Q980_0h_WC,roi_684,Helios NanoLab_BSE_20000.0kV_3250.0x,254,3,0,0,770,1,"[1, 2, 3, 4, 5, 6, 7, 8, 9, 10, 11, 12, 13, 14, 15, 16, 17, 18, 19, 20, 21, 22, 23, 24, 25, 26, 27, 28, 29, 30, 31, 32, 33, 34, 35, 36, 37, 38, 39, 40, 42, 43, 44, 45, 47, 48, 49, 51, 52, 54, 59, 60, 62, 63, 65, 68, 69, 71, 72, 74, 75, 76, 80, 82, 85, 91, 92, 94, 99, 100, 101, 102, 103, 104, 107, 108, 109, 111, 114, 115, 120, 121, 130, 138, 139, 140, 142, 143, 144, 146, 150, 153, 156, 159, 165, 167, 168, 170, 174, 178, 179, 180, 183, 185, 187, 188, 190, 202, 204, 205, 208, 210, 213, 217, 223, 227, 229, 234, 247, 249, 268, 274, 278, 283, 290, 293, 298, 299, 300, 310, 311, 324, 326, 328, 331, 339, 342, 347, 350, 365, 366, 368, 369, 381, 390, 392, 403, 408, 412, 416, 418, 421, 428, 435, 438, 440, 471, 472, 473, 477, 483, 487, 489, 491, 493, 495, 498, 501, 513, 515, 524, 528, 533, 545, 546, 548, 556, 558, 559, 566, 567, 568, 569, 570, 571, 575, 576, 580, 585, 586, 587, 588, 592, 597, 600, 604, 608, 609, 612, 636, 639, 640, 643, 644, 648, 649, 654, 655, 656, 657, 658, 662, 665, 666, 668, 672, 673, 679, 680, 683, 687, 690, 692, 703, 704, 706, 708, 710, 715, 716, 717, 721, 722, 723, 724, 728, 737, 738, 746, 748, 749, 751, 756, 757, 758, 759, 760, 761, 762, 763, 765, 766, 767, 769]"
hcci_685,Q980_0h_WC,roi_685,Helios NanoLab_InLens_20000.0kV_3250.0x,254,3,0,0,770,1,"[1, 2, 3, 4, 5, 6, 7, 8, 11, 14, 15, 17, 19, 20, 21, 26, 27, 31, 32, 33, 34, 38, 40, 41, 42, 44, 46, 49, 54, 55, 57, 59, 60, 63, 68, 69, 72, 76, 82, 85, 86, 87, 90, 91, 93, 97, 99, 100, 104, 107, 113, 114, 118, 119, 120, 122, 127, 129, 130, 131, 133, 135, 137, 138, 140, 142, 143, 144, 148, 149, 150, 161, 167, 168, 170, 176, 180, 187, 216, 219, 220, 236, 240, 242, 244, 247, 257, 258, 261, 263, 264, 270, 271, 273, 274, 281, 282, 284, 292, 295, 301, 324, 326, 330, 331, 335, 340, 344, 347, 348, 363, 364, 375, 380, 387, 395, 399, 410, 412, 422, 438, 439, 445, 449, 450, 455, 458, 461, 463, 464, 470, 472, 488, 489, 490, 497, 503, 505, 517, 518, 520, 525, 529, 532, 541, 542, 543, 544, 547, 549, 554, 557, 559, 563, 571, 572, 573, 575, 579, 582, 583, 587, 590, 592, 593, 595, 598, 599, 602, 604, 605, 607, 610, 612, 616, 617, 619, 622, 623, 624, 626, 630, 635, 636, 637, 640, 642, 646, 649, 651, 652, 655, 657, 662, 669, 672, 679, 680, 681, 682, 684, 685, 687, 688, 692, 693, 696, 697, 698, 699, 701, 703, 708, 709, 719, 721, 723, 724, 725, 729, 730, 731, 733, 734, 736, 737, 738, 739, 740, 741, 742, 743, 744, 745, 747, 748, 749, 750, 753, 754, 755, 756, 757, 758, 759, 760, 762, 763, 764, 765, 766, 767, 768, 770]"
hcci_686,Q980_0h_WC,roi_686,Helios NanoLab_InLens_20000.0kV_3250.0x,254,3,0,0,770,2,"[2, 3, 9, 10, 12, 17, 20, 22, 23, 26, 28, 29, 30, 32, 35, 37, 38, 39, 41, 42, 43, 44, 46, 47, 51, 52, 53, 55, 56, 57, 58, 59, 60, 62, 64, 65, 66, 67, 74, 76, 79, 81, 82, 83, 84, 85, 87, 91, 92, 93, 95, 97, 99, 105, 106, 107, 108, 109, 110, 112, 113, 115, 117, 118, 121, 122, 125, 127, 130, 131, 136, 137, 140, 147, 148, 149, 150, 151, 153, 154, 155, 157, 158, 159, 162, 163, 166, 167, 168, 169, 170, 175, 176, 177, 181, 184, 185, 191, 197, 198, 201, 202, 203, 207, 208, 209, 210, 212, 215, 221, 222, 224, 225, 226, 227, 228, 232, 235, 236, 240, 241, 245, 246, 249, 250, 253, 254, 255, 257, 260, 263, 268, 270, 272, 273, 276, 278, 279, 280, 281, 283, 285, 287, 289, 290, 292, 293, 294, 295, 296, 297, 299, 300, 302, 306, 307, 308, 309, 314, 315, 322, 323, 324, 327, 331, 333, 334, 339, 340, 341, 343, 348, 354, 355, 359, 361, 367, 368, 371, 379, 386, 387, 390, 393, 394, 397, 399, 400, 402, 403, 405, 408, 414, 416, 419, 425, 428, 435, 438, 440, 441, 444, 449, 451, 455, 465, 468, 473, 474, 480, 482, 483, 485, 486, 495, 502, 504, 507, 512, 517, 526, 527, 529, 536, 540, 545, 546, 551, 552, 555, 565, 567, 570, 578, 593, 599, 605, 608, 620, 626, 636, 639, 651, 663, 664, 682, 694, 695, 707, 709, 716, 721, 727, 741]"
hcci_687,Q980_9h_AC,roi_687,Helios NanoLab_SE_5000.0kV_600.0x,252,3,0,0,770,1,"[1, 2, 3, 4, 5, 6, 7, 8, 9, 10, 11, 12, 13, 14, 15, 16, 17, 18, 19, 20, 21, 22, 23, 24, 25, 26, 27, 29, 30, 31, 32, 33, 34, 35, 36, 37, 39, 40, 42, 43, 44, 48, 49, 51, 52, 59, 61, 62, 66, 67, 68, 69, 72, 73, 75, 76, 79, 85, 86, 87, 88, 95, 98, 99, 100, 101, 103, 104, 106, 107, 108, 109, 110, 112, 113, 114, 115, 116, 118, 119, 120, 121, 122, 126, 127, 128, 129, 130, 131, 133, 135, 136, 137, 139, 140, 141, 142, 143, 144, 145, 148, 151, 152, 155, 156, 159, 160, 162, 164, 166, 167, 168, 170, 171, 172, 174, 175, 177, 178, 179, 181, 183, 185, 189, 190, 192, 194, 195, 196, 199, 200, 201, 202, 204, 205, 206, 207, 209, 212, 214, 215, 218, 219, 220, 221, 222, 224, 228, 231, 233, 238, 240, 241, 247, 252, 253, 254, 257, 260, 263, 264, 268, 271, 274, 275, 276, 279, 281, 282, 288, 298, 299, 300, 301, 304, 309, 312, 315, 316, 320, 327, 328, 333, 335, 339, 342, 347, 354, 364, 365, 373, 375, 378, 380, 387, 391, 393, 395, 406, 424, 439, 443, 446, 450, 454, 456, 475, 479, 481, 482, 484, 486, 489, 492, 502, 507, 513, 514, 520, 531, 534, 536, 547, 564, 566, 571, 572, 581, 585, 586, 596, 597, 612, 627, 628, 633, 637, 638, 676, 679, 684, 696, 697, 698, 702, 722, 731, 744, 745, 754, 757, 762]"
hcci_688,Q980_9h_AC,roi_688,Helios NanoLab_SE_5000.0kV_600.0x,252,3,0,0,770,1,"[1, 2, 3, 5, 6, 7, 8, 9, 10, 11, 12, 13, 14, 15, 17, 18, 19, 20, 21, 22, 23, 24, 25, 26, 29, 33, 35, 38, 39, 40, 43, 45, 48, 50, 51, 52, 53, 54, 56, 58, 59, 60, 61, 62, 64, 65, 66, 67, 68, 70, 73, 74, 75, 77, 84, 86, 87, 88, 89, 91, 93, 97, 98, 99, 100, 102, 103, 104, 105, 107, 108, 109, 110, 111, 113, 115, 116, 117, 118, 120, 121, 122, 124, 127, 128, 131, 133, 135, 137, 138, 140, 141, 142, 143, 146, 147, 149, 150, 154, 157, 158, 159, 160, 162, 163, 165, 166, 167, 169, 173, 174, 176, 177, 181, 182, 183, 185, 186, 190, 191, 195, 196, 198, 201, 202, 203, 204, 205, 206, 207, 208, 209, 212, 213, 215, 216, 217, 220, 222, 223, 226, 227, 229, 230, 231, 232, 233, 237, 242, 245, 247, 249, 251, 252, 253, 254, 255, 258, 262, 265, 267, 268, 276, 280, 283, 285, 287, 289, 290, 291, 292, 293, 295, 296, 299, 305, 314, 318, 322, 323, 324, 325, 329, 330, 332, 337, 342, 343, 349, 353, 359, 360, 361, 363, 364, 367, 376, 377, 378, 381, 386, 392, 401, 403, 409, 412, 413, 416, 420, 422, 436, 440, 442, 451, 459, 468, 472, 478, 487, 509, 512, 522, 533, 534, 555, 587, 594, 608, 626, 647, 677, 679, 682, 687, 697, 699, 703, 705, 706, 710, 717, 726, 733, 734, 744, 746, 748, 749, 760, 763, 766, 767]"
hcci_689,Q980_9h_AC,roi_689,Helios NanoLab_BSE_5000.0kV_600.0x,252,3,0,0,770,1,"[1, 2, 3, 4, 5, 6, 7, 8, 9, 10, 11, 12, 13, 14, 15, 16, 17, 18, 19, 20, 21, 22, 23, 24, 26, 27, 28, 30, 32, 33, 35, 36, 37, 41, 42, 44, 45, 46, 48, 49, 50, 52, 54, 56, 58, 59, 60, 62, 63, 64, 65, 66, 67, 68, 69, 71, 72, 74, 75, 76, 77, 78, 79, 81, 83, 85, 86, 89, 92, 94, 95, 96, 98, 100, 101, 104, 105, 113, 114, 115, 117, 118, 120, 122, 124, 127, 128, 132, 134, 135, 144, 145, 147, 151, 152, 157, 158, 159, 163, 166, 168, 171, 172, 174, 175, 176, 181, 183, 185, 186, 187, 188, 190, 192, 196, 197, 199, 203, 206, 208, 209, 210, 212, 215, 216, 220, 225, 228, 233, 236, 237, 238, 242, 243, 244, 245, 246, 249, 250, 251, 255, 262, 263, 264, 265, 268, 271, 274, 277, 282, 286, 291, 294, 298, 306, 308, 316, 318, 322, 323, 325, 326, 331, 337, 347, 348, 350, 354, 355, 356, 363, 364, 367, 369, 379, 383, 395, 401, 403, 405, 411, 413, 414, 416, 425, 429, 433, 441, 442, 444, 446, 451, 457, 466, 468, 476, 486, 489, 501, 503, 510, 515, 517, 521, 525, 526, 546, 548, 550, 551, 556, 559, 561, 562, 565, 572, 580, 581, 589, 597, 600, 603, 605, 607, 609, 615, 618, 620, 629, 634, 638, 642, 646, 652, 653, 654, 661, 663, 666, 669, 684, 689, 692, 695, 700, 706, 708, 717, 719, 720, 726, 743]"
hcci_69,Q980_0h_WC,roi_69,Helios G4 PFIB CXe_BSE_20000.0kV_5000.0x,255,2,0,0,771,1,"[1, 2, 3, 4, 5, 6, 7, 8, 9, 10, 11, 12, 13, 14, 15, 16, 17, 18, 19, 20, 21, 22, 23, 24, 25, 26, 27, 28, 29, 30, 31, 32, 33, 34, 35, 36, 37, 39, 40, 42, 43, 45, 46, 47, 50, 54, 58, 59, 63, 64, 65, 66, 67, 69, 72, 75, 76, 77, 80, 81, 84, 92, 94, 98, 99, 102, 107, 110, 111, 113, 116, 118, 126, 128, 129, 131, 133, 135, 138, 142, 150, 155, 158, 165, 166, 172, 185, 187, 192, 195, 200, 203, 225, 242, 248, 250, 252, 253, 272, 273, 274, 275, 279, 282, 288, 295, 296, 297, 306, 311, 313, 317, 324, 325, 326, 327, 330, 332, 335, 337, 338, 339, 344, 350, 354, 355, 358, 359, 361, 362, 371, 380, 384, 385, 386, 389, 390, 396, 398, 406, 409, 413, 414, 419, 420, 427, 429, 431, 432, 435, 439, 446, 449, 450, 451, 452, 453, 454, 462, 465, 468, 470, 472, 479, 482, 486, 498, 500, 510, 511, 514, 522, 528, 531, 533, 534, 546, 552, 555, 559, 561, 564, 569, 570, 578, 582, 586, 587, 590, 591, 596, 609, 610, 617, 619, 624, 634, 635, 638, 640, 643, 646, 649, 650, 654, 656, 660, 662, 663, 669, 673, 674, 679, 682, 683, 685, 686, 687, 692, 697, 698, 704, 705, 706, 708, 710, 711, 713, 714, 715, 717, 719, 720, 722, 723, 724, 728, 729, 730, 734, 736, 738, 747, 750, 751, 754, 755, 757, 759, 760, 761, 762, 765, 766, 768]"
hcci_690,Q980_9h_AC,roi_690,Helios NanoLab_BSE_5000.0kV_600.0x,252,3,0,0,770,1,"[1, 2, 3, 4, 5, 6, 7, 8, 9, 10, 11, 12, 13, 14, 17, 19, 22, 24, 25, 26, 28, 29, 30, 31, 32, 33, 35, 37, 40, 41, 42, 50, 54, 59, 60, 61, 63, 64, 65, 67, 68, 69, 71, 73, 76, 77, 78, 83, 84, 85, 86, 87, 91, 92, 94, 95, 97, 98, 102, 103, 105, 106, 108, 111, 112, 113, 114, 115, 119, 121, 124, 125, 126, 127, 129, 130, 136, 137, 140, 142, 143, 145, 146, 152, 153, 154, 156, 157, 166, 168, 172, 174, 175, 176, 179, 182, 187, 188, 189, 190, 194, 196, 199, 210, 212, 216, 218, 219, 220, 221, 222, 228, 229, 233, 236, 238, 243, 245, 246, 247, 250, 251, 258, 261, 262, 263, 264, 266, 267, 268, 270, 272, 273, 283, 285, 287, 292, 295, 300, 305, 306, 311, 313, 314, 315, 323, 328, 329, 333, 335, 339, 342, 346, 348, 352, 375, 384, 386, 399, 416, 418, 429, 441, 444, 450, 454, 455, 464, 469, 472, 477, 479, 480, 487, 491, 496, 499, 513, 522, 530, 531, 539, 540, 548, 560, 563, 566, 567, 569, 570, 571, 573, 575, 579, 583, 584, 588, 598, 599, 601, 604, 605, 609, 612, 618, 627, 632, 634, 635, 636, 637, 638, 639, 642, 643, 646, 648, 650, 658, 661, 665, 666, 668, 669, 671, 673, 683, 685, 686, 695, 696, 698, 700, 701, 702, 703, 704, 706, 710, 718, 719, 721, 722, 723, 724, 726, 727, 728, 729, 738, 742, 745]"
hcci_691,Q980_9h_AC,roi_691,Helios NanoLab_InLens_5000.0kV_600.0x,252,3,0,0,770,1,"[1, 2, 3, 4, 5, 8, 9, 10, 12, 14, 15, 16, 19, 20, 21, 22, 23, 24, 25, 26, 28, 30, 32, 33, 36, 37, 38, 41, 42, 45, 46, 47, 48, 49, 51, 52, 53, 54, 56, 57, 59, 60, 61, 62, 64, 66, 67, 68, 70, 73, 76, 78, 79, 80, 81, 82, 83, 85, 87, 88, 89, 90, 95, 96, 97, 98, 99, 100, 101, 103, 105, 109, 110, 113, 114, 116, 118, 119, 120, 121, 122, 123, 124, 125, 128, 129, 132, 133, 135, 136, 138, 140, 142, 146, 150, 151, 153, 155, 157, 159, 164, 167, 168, 171, 173, 175, 176, 178, 181, 182, 184, 187, 189, 191, 192, 197, 201, 203, 211, 213, 214, 217, 222, 226, 230, 234, 235, 236, 238, 240, 241, 250, 252, 255, 259, 260, 261, 262, 264, 265, 267, 269, 273, 274, 276, 278, 279, 280, 282, 288, 292, 296, 306, 310, 311, 312, 314, 322, 339, 344, 348, 351, 353, 354, 359, 362, 363, 367, 377, 380, 382, 383, 384, 386, 387, 388, 391, 395, 396, 409, 421, 424, 430, 440, 444, 446, 450, 457, 471, 475, 478, 480, 489, 491, 495, 499, 509, 514, 516, 520, 523, 528, 531, 532, 539, 549, 555, 557, 558, 568, 576, 583, 585, 593, 596, 599, 600, 607, 613, 621, 627, 632, 636, 646, 653, 654, 668, 689, 691, 704, 707, 709, 710, 714, 719, 727, 728, 731, 733, 745, 747, 750, 754, 756, 758, 760, 762, 763, 766, 767, 768, 770]"
hcci_692,Q980_9h_AC,roi_692,Helios NanoLab_InLens_5000.0kV_600.0x,252,3,0,0,770,1,"[1, 2, 4, 6, 8, 12, 13, 15, 16, 17, 18, 20, 22, 25, 27, 33, 34, 35, 37, 38, 39, 40, 42, 44, 45, 46, 49, 50, 51, 58, 59, 62, 64, 66, 68, 69, 72, 73, 74, 75, 81, 82, 83, 86, 87, 88, 93, 94, 95, 97, 98, 101, 102, 107, 108, 109, 110, 111, 113, 117, 118, 119, 120, 121, 122, 125, 131, 132, 133, 134, 135, 142, 145, 146, 148, 149, 150, 151, 152, 153, 155, 156, 157, 158, 159, 160, 162, 163, 164, 168, 169, 172, 173, 174, 177, 182, 184, 186, 189, 190, 192, 193, 194, 203, 205, 207, 209, 211, 212, 217, 220, 221, 223, 224, 226, 228, 229, 232, 237, 238, 242, 243, 244, 245, 247, 249, 252, 254, 257, 259, 261, 263, 266, 271, 272, 273, 276, 277, 279, 280, 281, 283, 288, 296, 298, 302, 304, 306, 309, 313, 315, 321, 325, 335, 338, 339, 341, 349, 352, 358, 361, 365, 367, 368, 374, 376, 382, 385, 391, 392, 396, 404, 405, 409, 410, 413, 417, 418, 420, 426, 437, 439, 442, 447, 452, 456, 463, 466, 472, 481, 482, 485, 491, 504, 507, 515, 516, 520, 526, 530, 545, 548, 550, 551, 565, 567, 577, 581, 586, 590, 594, 596, 602, 603, 611, 612, 615, 617, 623, 625, 629, 631, 632, 639, 642, 655, 656, 661, 662, 663, 664, 665, 679, 687, 688, 702, 709, 716, 723, 725, 727, 729, 731, 732, 737, 748, 759, 764, 765, 768, 769, 770]"
hcci_693,Q980_9h_AC,roi_693,Helios NanoLab_SE_5000.0kV_3250.0x,252,3,0,0,770,1,"[1, 2, 3, 4, 5, 6, 7, 8, 9, 10, 11, 12, 13, 14, 15, 16, 17, 18, 19, 20, 21, 22, 23, 24, 25, 26, 29, 31, 32, 33, 34, 37, 40, 41, 43, 44, 47, 48, 52, 53, 54, 55, 56, 57, 58, 61, 62, 63, 67, 70, 71, 72, 73, 74, 75, 78, 80, 83, 84, 85, 88, 90, 91, 96, 97, 100, 105, 109, 113, 116, 117, 119, 122, 123, 125, 127, 129, 131, 132, 134, 140, 142, 143, 144, 147, 152, 154, 156, 157, 158, 159, 160, 161, 162, 163, 166, 167, 168, 171, 172, 173, 175, 178, 180, 182, 187, 197, 203, 204, 205, 207, 208, 209, 219, 222, 223, 228, 231, 234, 237, 239, 242, 244, 245, 246, 248, 251, 256, 257, 258, 259, 269, 274, 275, 277, 280, 282, 283, 290, 293, 294, 295, 300, 305, 306, 310, 312, 314, 316, 320, 321, 323, 335, 338, 340, 342, 343, 347, 353, 355, 356, 358, 359, 363, 364, 365, 366, 368, 371, 374, 376, 377, 380, 382, 396, 399, 400, 402, 405, 407, 408, 410, 411, 412, 422, 424, 426, 427, 431, 438, 439, 441, 445, 446, 447, 448, 450, 451, 456, 458, 460, 463, 465, 468, 469, 476, 477, 482, 485, 487, 489, 490, 492, 493, 494, 515, 522, 532, 533, 546, 547, 548, 550, 551, 554, 566, 567, 583, 589, 607, 609, 613, 615, 620, 622, 629, 631, 635, 649, 657, 667, 672, 673, 681, 686, 696, 706, 716, 723, 728, 760, 768]"
hcci_694,Q980_9h_AC,roi_694,Helios NanoLab_SE_5000.0kV_3250.0x,252,3,0,0,770,1,"[1, 2, 3, 4, 5, 6, 7, 8, 9, 10, 11, 12, 13, 14, 15, 16, 17, 18, 19, 20, 21, 22, 23, 24, 27, 28, 30, 31, 33, 34, 36, 37, 38, 39, 45, 47, 48, 49, 50, 51, 54, 56, 57, 59, 61, 62, 65, 66, 67, 68, 69, 71, 73, 76, 77, 80, 83, 86, 88, 89, 91, 93, 96, 98, 99, 100, 103, 105, 106, 107, 108, 110, 112, 113, 114, 118, 119, 120, 121, 122, 123, 124, 125, 128, 130, 132, 138, 139, 141, 143, 145, 146, 150, 153, 154, 156, 158, 160, 162, 165, 167, 168, 169, 170, 172, 174, 175, 176, 177, 178, 179, 180, 181, 186, 194, 200, 204, 205, 206, 208, 209, 210, 213, 214, 217, 218, 219, 220, 221, 228, 230, 231, 238, 239, 240, 243, 247, 248, 251, 253, 254, 255, 256, 257, 259, 260, 261, 266, 270, 273, 274, 276, 277, 286, 288, 289, 292, 295, 296, 299, 301, 302, 303, 304, 309, 310, 317, 320, 321, 323, 324, 325, 327, 332, 336, 337, 340, 343, 346, 347, 349, 350, 355, 360, 361, 363, 364, 370, 371, 372, 374, 381, 385, 389, 392, 402, 404, 405, 406, 408, 412, 418, 419, 420, 421, 423, 427, 428, 429, 434, 436, 439, 440, 444, 454, 455, 464, 465, 466, 467, 469, 478, 482, 487, 489, 499, 501, 509, 521, 522, 526, 534, 538, 539, 544, 546, 552, 559, 562, 564, 566, 570, 584, 590, 604, 610, 616, 627, 637, 652, 665, 681]"
hcci_695,Q980_9h_AC,roi_695,Helios NanoLab_BSE_5000.0kV_3250.0x,252,3,0,0,770,1,"[1, 2, 3, 4, 5, 6, 7, 8, 9, 10, 11, 12, 13, 14, 15, 16, 17, 18, 19, 20, 21, 22, 23, 24, 25, 26, 27, 28, 29, 30, 31, 32, 33, 34, 35, 36, 37, 38, 39, 40, 41, 42, 43, 44, 45, 46, 47, 48, 49, 50, 51, 52, 53, 54, 55, 56, 57, 58, 60, 61, 63, 64, 66, 67, 68, 69, 71, 72, 73, 74, 75, 76, 77, 78, 80, 81, 84, 86, 87, 88, 91, 92, 93, 94, 95, 96, 97, 100, 102, 103, 104, 107, 109, 111, 112, 114, 115, 116, 121, 124, 125, 128, 130, 131, 132, 133, 134, 136, 137, 138, 139, 141, 144, 145, 146, 147, 150, 154, 155, 161, 163, 165, 167, 170, 176, 177, 181, 182, 186, 188, 189, 195, 196, 201, 204, 207, 212, 214, 215, 216, 218, 219, 220, 221, 224, 226, 227, 228, 232, 234, 237, 242, 243, 244, 246, 249, 250, 255, 259, 261, 264, 265, 266, 268, 269, 270, 274, 277, 280, 284, 285, 289, 301, 304, 307, 310, 312, 313, 315, 317, 319, 322, 323, 329, 330, 332, 334, 336, 341, 343, 347, 349, 350, 351, 353, 355, 358, 362, 365, 366, 367, 368, 377, 384, 390, 391, 398, 403, 407, 408, 413, 415, 420, 421, 424, 428, 430, 444, 447, 459, 463, 473, 475, 476, 482, 483, 489, 490, 499, 508, 510, 514, 555, 558, 574, 598, 599, 609, 623, 634, 657, 662, 666, 669, 672, 684, 700, 722, 742, 753, 757, 764]"
hcci_696,Q980_9h_AC,roi_696,Helios NanoLab_BSE_5000.0kV_3250.0x,252,3,0,0,770,1,"[1, 2, 3, 4, 5, 6, 7, 8, 9, 11, 12, 13, 14, 15, 16, 17, 18, 19, 20, 21, 22, 23, 24, 25, 26, 28, 29, 30, 31, 37, 38, 39, 42, 44, 45, 47, 48, 51, 53, 55, 56, 57, 58, 59, 62, 65, 66, 67, 68, 69, 70, 71, 73, 76, 79, 80, 85, 86, 87, 88, 89, 90, 92, 93, 95, 96, 99, 100, 101, 103, 104, 107, 110, 111, 112, 117, 119, 121, 122, 125, 126, 132, 134, 135, 138, 140, 141, 146, 147, 152, 157, 159, 161, 165, 166, 168, 170, 171, 172, 173, 175, 176, 179, 180, 185, 186, 190, 194, 195, 199, 206, 208, 210, 211, 214, 215, 218, 219, 221, 222, 228, 236, 238, 242, 250, 252, 253, 254, 255, 257, 261, 262, 263, 266, 268, 269, 280, 282, 285, 287, 288, 292, 296, 297, 299, 300, 307, 320, 321, 323, 324, 325, 329, 339, 340, 343, 348, 350, 354, 355, 356, 357, 359, 362, 363, 366, 367, 371, 374, 375, 377, 380, 382, 385, 388, 389, 390, 394, 396, 398, 400, 410, 422, 423, 430, 431, 437, 439, 444, 448, 451, 456, 459, 460, 463, 465, 467, 470, 471, 472, 475, 477, 478, 479, 482, 489, 491, 492, 495, 501, 502, 504, 507, 511, 517, 518, 522, 527, 531, 533, 535, 536, 537, 538, 543, 545, 546, 547, 549, 557, 559, 561, 566, 571, 575, 579, 583, 587, 599, 608, 611, 614, 616, 639, 640, 647, 650, 651, 714, 725, 732, 756]"
hcci_697,Q980_9h_AC,roi_697,Helios NanoLab_InLens_5000.0kV_3250.0x,252,3,0,0,770,1,"[1, 2, 3, 4, 6, 7, 8, 10, 11, 12, 16, 17, 18, 19, 20, 21, 22, 24, 26, 29, 30, 31, 32, 33, 40, 41, 42, 47, 49, 51, 57, 62, 63, 64, 68, 69, 71, 73, 78, 79, 80, 81, 82, 83, 84, 87, 88, 92, 95, 96, 97, 100, 107, 108, 110, 111, 112, 115, 122, 127, 128, 129, 130, 132, 133, 136, 137, 138, 140, 141, 144, 145, 146, 147, 150, 151, 152, 153, 154, 157, 158, 161, 162, 164, 165, 166, 170, 174, 175, 176, 180, 183, 187, 188, 189, 197, 202, 203, 204, 207, 208, 209, 211, 214, 215, 218, 219, 222, 225, 226, 229, 230, 231, 237, 242, 243, 245, 247, 252, 257, 259, 261, 266, 269, 273, 283, 286, 289, 291, 296, 304, 307, 316, 317, 318, 324, 326, 327, 331, 332, 334, 336, 340, 351, 359, 363, 375, 377, 379, 380, 390, 391, 398, 399, 401, 405, 409, 412, 413, 414, 420, 424, 433, 444, 449, 450, 451, 454, 457, 458, 459, 460, 470, 472, 478, 479, 481, 488, 490, 494, 495, 502, 503, 505, 506, 514, 517, 525, 531, 533, 534, 536, 542, 546, 550, 555, 557, 564, 568, 569, 576, 578, 580, 584, 587, 588, 592, 594, 595, 599, 603, 607, 626, 628, 630, 633, 635, 636, 637, 638, 640, 641, 645, 649, 650, 652, 655, 657, 659, 660, 662, 665, 667, 669, 671, 680, 681, 687, 690, 691, 696, 700, 702, 709, 710, 715, 717, 723, 724, 725, 736, 753]"
hcci_698,Q980_9h_AC,roi_698,Helios NanoLab_InLens_5000.0kV_3250.0x,252,3,0,0,770,1,"[1, 3, 5, 7, 8, 11, 12, 13, 14, 16, 17, 21, 23, 24, 25, 26, 27, 33, 35, 37, 38, 39, 41, 44, 46, 47, 49, 53, 54, 56, 59, 61, 69, 70, 71, 72, 75, 76, 77, 80, 81, 82, 84, 88, 89, 90, 92, 93, 94, 95, 97, 98, 99, 102, 104, 106, 107, 110, 111, 113, 114, 117, 121, 123, 127, 128, 129, 130, 134, 135, 137, 139, 141, 142, 143, 144, 145, 147, 148, 151, 152, 153, 154, 155, 156, 157, 158, 159, 161, 162, 163, 164, 169, 170, 171, 172, 173, 174, 176, 177, 178, 179, 180, 181, 183, 184, 185, 187, 188, 193, 194, 196, 197, 199, 200, 201, 202, 207, 210, 211, 213, 216, 217, 218, 219, 220, 221, 225, 226, 227, 228, 230, 231, 232, 235, 237, 240, 242, 245, 247, 249, 250, 251, 255, 257, 258, 261, 264, 267, 269, 270, 271, 274, 275, 276, 277, 279, 283, 291, 293, 294, 296, 298, 300, 301, 303, 305, 308, 310, 311, 312, 315, 316, 321, 323, 324, 325, 328, 332, 335, 339, 341, 343, 344, 345, 349, 350, 353, 357, 358, 362, 366, 370, 373, 375, 380, 382, 385, 386, 390, 392, 394, 397, 400, 403, 405, 406, 408, 411, 412, 415, 416, 417, 423, 431, 439, 456, 459, 461, 463, 471, 477, 482, 488, 489, 494, 496, 508, 532, 539, 562, 572, 578, 583, 592, 596, 597, 615, 622, 626, 628, 661, 676, 695, 697, 705, 725, 743, 752, 754, 761, 764]"
hcci_699,Q980_9h_AC,roi_699,Helios NanoLab_SE_10000.0kV_600.0x,252,3,0,0,770,1,"[1, 2, 3, 4, 5, 6, 7, 8, 9, 10, 11, 12, 13, 14, 15, 16, 17, 18, 19, 20, 21, 22, 23, 24, 25, 26, 28, 29, 30, 33, 34, 36, 38, 42, 49, 50, 51, 54, 55, 56, 59, 62, 64, 65, 66, 67, 68, 69, 70, 72, 73, 78, 80, 84, 86, 90, 92, 95, 96, 97, 98, 99, 100, 101, 102, 103, 104, 106, 107, 108, 109, 110, 111, 112, 113, 115, 118, 119, 121, 122, 125, 126, 127, 128, 129, 130, 132, 133, 134, 137, 140, 142, 146, 147, 148, 152, 155, 156, 157, 162, 167, 170, 178, 179, 180, 181, 183, 187, 188, 189, 191, 198, 199, 200, 201, 202, 205, 206, 211, 214, 222, 227, 232, 238, 241, 243, 250, 251, 256, 257, 259, 264, 265, 270, 271, 277, 279, 281, 283, 286, 288, 297, 298, 308, 315, 316, 320, 324, 325, 333, 335, 337, 338, 339, 340, 343, 345, 352, 357, 359, 360, 368, 376, 381, 383, 386, 387, 389, 395, 398, 399, 402, 405, 411, 428, 433, 436, 437, 439, 440, 447, 455, 456, 457, 461, 466, 467, 471, 473, 477, 491, 493, 495, 496, 500, 510, 511, 513, 514, 519, 520, 523, 528, 541, 553, 556, 559, 560, 565, 581, 582, 590, 598, 604, 606, 608, 613, 617, 620, 624, 625, 626, 634, 638, 639, 644, 647, 651, 652, 663, 664, 668, 672, 674, 679, 682, 685, 686, 687, 695, 697, 700, 719, 726, 727, 741, 743, 750, 753, 754, 755, 762]"
hcci_7,AsCast,roi_7,Helios G4 PFIB CXe_SE_5000.0kV_5000.0x,256,3,0,0,770,1,"[1, 2, 3, 4, 5, 6, 7, 8, 9, 10, 11, 12, 13, 14, 15, 16, 17, 18, 19, 20, 21, 22, 23, 24, 25, 26, 27, 28, 29, 30, 31, 32, 33, 34, 35, 36, 37, 38, 39, 40, 41, 42, 43, 44, 45, 46, 47, 48, 49, 50, 51, 52, 53, 54, 55, 56, 57, 58, 59, 60, 61, 62, 63, 64, 65, 66, 67, 68, 69, 70, 71, 72, 73, 74, 75, 76, 77, 78, 79, 80, 81, 82, 83, 84, 85, 87, 88, 89, 90, 91, 92, 93, 94, 95, 96, 97, 98, 99, 101, 103, 104, 106, 107, 108, 109, 111, 113, 114, 115, 116, 118, 119, 120, 122, 123, 126, 127, 130, 131, 132, 133, 134, 135, 136, 137, 138, 139, 142, 143, 144, 146, 147, 148, 149, 151, 152, 153, 155, 157, 158, 160, 161, 162, 165, 167, 169, 170, 172, 173, 174, 175, 176, 182, 183, 187, 189, 192, 194, 195, 196, 197, 198, 199, 200, 206, 209, 210, 213, 214, 215, 216, 218, 219, 220, 224, 226, 230, 231, 234, 236, 237, 239, 240, 241, 246, 249, 250, 254, 256, 257, 259, 260, 264, 265, 266, 267, 268, 270, 272, 277, 280, 281, 284, 285, 289, 292, 295, 296, 297, 298, 303, 308, 309, 310, 328, 331, 333, 335, 337, 339, 347, 349, 357, 364, 367, 370, 371, 382, 383, 390, 405, 409, 414, 416, 423, 424, 428, 444, 458, 472, 489, 501, 512, 560, 570, 585, 592, 662, 667, 670, 674, 692, 697, 700, 706, 720]"
hcci_700,Q980_9h_AC,roi_700,Helios NanoLab_SE_10000.0kV_600.0x,252,3,0,0,770,1,"[1, 2, 3, 4, 5, 6, 7, 8, 9, 11, 12, 13, 14, 15, 16, 18, 20, 21, 22, 24, 25, 26, 27, 28, 30, 33, 34, 35, 36, 37, 38, 39, 40, 41, 44, 47, 48, 49, 51, 52, 53, 55, 56, 59, 61, 66, 67, 68, 69, 70, 71, 72, 74, 75, 77, 79, 80, 81, 82, 83, 84, 85, 87, 88, 89, 90, 94, 97, 98, 99, 102, 103, 104, 105, 107, 108, 111, 113, 117, 118, 121, 125, 129, 130, 135, 136, 137, 138, 142, 145, 146, 149, 154, 155, 156, 165, 167, 168, 170, 171, 172, 173, 174, 177, 178, 179, 181, 188, 190, 191, 193, 194, 196, 199, 201, 202, 203, 206, 207, 209, 213, 215, 219, 223, 224, 225, 227, 228, 230, 234, 238, 245, 248, 249, 253, 254, 255, 260, 261, 262, 263, 268, 269, 271, 274, 275, 277, 279, 280, 283, 287, 289, 290, 291, 292, 297, 298, 305, 306, 307, 309, 310, 312, 321, 324, 325, 328, 332, 333, 334, 340, 342, 350, 355, 358, 359, 361, 364, 365, 373, 379, 396, 398, 399, 401, 402, 411, 414, 420, 435, 436, 445, 450, 459, 463, 470, 473, 486, 488, 493, 494, 502, 512, 520, 522, 527, 529, 532, 533, 549, 552, 558, 580, 589, 593, 598, 599, 606, 612, 619, 620, 631, 635, 638, 649, 650, 652, 658, 662, 667, 668, 669, 681, 685, 690, 691, 695, 697, 698, 699, 714, 721, 723, 728, 730, 742, 743, 746, 747, 750, 757, 758]"
hcci_701,Q980_9h_AC,roi_701,Helios NanoLab_BSE_10000.0kV_600.0x,252,3,0,0,770,1,"[1, 2, 3, 4, 5, 6, 7, 8, 9, 10, 11, 12, 13, 14, 15, 16, 17, 18, 19, 20, 21, 23, 24, 25, 26, 27, 28, 29, 30, 31, 32, 33, 35, 36, 37, 39, 40, 42, 43, 44, 45, 46, 47, 48, 50, 51, 53, 54, 55, 57, 58, 59, 60, 61, 62, 66, 67, 69, 70, 73, 74, 75, 76, 77, 79, 80, 81, 85, 87, 88, 92, 94, 96, 99, 100, 106, 109, 110, 112, 113, 116, 117, 120, 121, 122, 125, 126, 129, 131, 133, 135, 138, 139, 142, 143, 144, 145, 149, 150, 151, 152, 156, 164, 167, 168, 169, 176, 178, 182, 184, 186, 187, 188, 191, 194, 195, 199, 204, 205, 206, 216, 217, 225, 232, 233, 234, 236, 238, 240, 241, 253, 255, 256, 260, 261, 263, 264, 280, 282, 283, 292, 298, 303, 309, 314, 317, 323, 330, 333, 334, 336, 337, 338, 344, 346, 347, 352, 355, 356, 362, 364, 366, 368, 369, 370, 372, 382, 383, 384, 385, 386, 387, 388, 389, 391, 407, 411, 417, 421, 425, 426, 438, 444, 453, 455, 463, 469, 472, 473, 479, 480, 481, 484, 492, 497, 506, 517, 518, 525, 528, 529, 533, 537, 543, 546, 549, 558, 570, 573, 577, 578, 580, 589, 594, 595, 597, 606, 608, 609, 610, 613, 618, 619, 621, 628, 637, 644, 650, 659, 665, 666, 667, 668, 670, 677, 683, 686, 702, 706, 709, 712, 717, 718, 723, 724, 730, 731, 742, 745, 751, 757, 758]"
hcci_702,Q980_9h_AC,roi_702,Helios NanoLab_BSE_10000.0kV_600.0x,252,3,0,0,770,1,"[1, 3, 4, 5, 6, 7, 8, 10, 12, 13, 15, 16, 18, 22, 24, 26, 27, 29, 31, 34, 35, 36, 37, 38, 40, 42, 46, 47, 48, 49, 50, 51, 52, 54, 58, 60, 67, 68, 72, 77, 78, 79, 81, 82, 83, 84, 85, 92, 94, 97, 100, 102, 103, 105, 107, 109, 112, 113, 117, 118, 120, 122, 129, 130, 132, 136, 137, 138, 139, 141, 147, 154, 157, 159, 160, 163, 166, 169, 170, 171, 172, 174, 176, 177, 187, 189, 192, 193, 199, 200, 202, 206, 208, 216, 217, 220, 222, 224, 226, 230, 237, 243, 244, 250, 252, 256, 257, 261, 263, 267, 271, 272, 273, 275, 280, 286, 287, 290, 292, 295, 298, 299, 302, 304, 305, 308, 310, 315, 323, 331, 350, 352, 354, 367, 368, 373, 380, 383, 385, 387, 394, 409, 415, 420, 426, 432, 434, 436, 438, 442, 454, 455, 458, 459, 461, 467, 469, 475, 477, 478, 485, 486, 487, 489, 493, 494, 499, 512, 513, 526, 531, 539, 541, 542, 543, 548, 551, 555, 558, 561, 562, 569, 570, 571, 574, 579, 588, 590, 592, 593, 595, 599, 601, 604, 605, 606, 609, 613, 621, 627, 629, 630, 634, 638, 642, 644, 647, 651, 654, 656, 657, 659, 661, 663, 667, 668, 669, 670, 674, 680, 681, 682, 685, 688, 690, 691, 695, 696, 701, 702, 708, 709, 710, 711, 714, 715, 716, 717, 719, 720, 722, 724, 726, 729, 731, 732, 735, 737, 739, 745, 750, 755]"
hcci_703,Q980_9h_AC,roi_703,Helios NanoLab_InLens_10000.0kV_600.0x,252,3,0,0,770,1,"[1, 2, 4, 5, 7, 8, 9, 12, 13, 14, 15, 23, 26, 27, 28, 29, 31, 32, 33, 34, 36, 37, 38, 40, 41, 42, 43, 45, 46, 47, 48, 52, 53, 54, 55, 56, 58, 59, 60, 61, 64, 65, 66, 69, 70, 71, 73, 75, 76, 77, 78, 79, 83, 84, 85, 86, 87, 89, 90, 91, 93, 94, 96, 98, 100, 101, 102, 103, 105, 107, 108, 109, 111, 112, 113, 114, 116, 118, 121, 122, 127, 128, 132, 138, 140, 141, 144, 148, 150, 151, 152, 156, 158, 161, 164, 166, 168, 169, 170, 177, 179, 182, 183, 184, 187, 189, 190, 191, 199, 202, 205, 207, 210, 211, 212, 214, 215, 219, 220, 225, 227, 229, 232, 233, 236, 238, 242, 243, 245, 248, 252, 253, 254, 255, 256, 257, 259, 261, 265, 267, 268, 271, 273, 276, 278, 295, 296, 297, 298, 301, 306, 308, 309, 311, 314, 315, 319, 320, 332, 333, 338, 343, 344, 347, 357, 367, 369, 377, 383, 385, 387, 390, 393, 397, 405, 406, 413, 424, 425, 426, 429, 433, 434, 435, 436, 437, 442, 480, 482, 485, 490, 496, 497, 502, 506, 513, 514, 521, 522, 524, 525, 530, 532, 534, 535, 541, 557, 570, 572, 573, 584, 594, 597, 608, 616, 623, 624, 628, 629, 632, 635, 640, 648, 649, 650, 665, 667, 670, 677, 680, 681, 684, 685, 687, 703, 707, 712, 718, 721, 725, 735, 736, 739, 742, 743, 744, 748, 752, 758, 760, 768, 769]"
hcci_704,Q980_9h_AC,roi_704,Helios NanoLab_InLens_10000.0kV_600.0x,252,3,0,0,770,2,"[2, 4, 5, 6, 8, 11, 14, 16, 17, 20, 22, 23, 24, 25, 28, 30, 32, 33, 37, 39, 43, 44, 46, 49, 51, 54, 55, 56, 58, 59, 62, 64, 68, 70, 71, 73, 74, 75, 79, 80, 82, 85, 87, 91, 92, 95, 97, 98, 100, 105, 106, 108, 109, 111, 112, 113, 114, 116, 118, 122, 123, 124, 128, 130, 131, 132, 133, 134, 135, 136, 137, 139, 140, 141, 142, 143, 144, 146, 148, 149, 150, 152, 154, 155, 156, 158, 161, 162, 163, 168, 171, 175, 178, 179, 180, 181, 182, 183, 186, 187, 188, 195, 196, 198, 199, 200, 203, 204, 205, 206, 210, 212, 214, 215, 216, 220, 221, 225, 226, 228, 229, 230, 231, 232, 233, 235, 236, 238, 240, 242, 245, 250, 253, 255, 257, 258, 266, 267, 270, 271, 274, 276, 277, 281, 282, 284, 289, 291, 292, 301, 302, 303, 304, 305, 310, 311, 316, 318, 319, 320, 323, 324, 325, 332, 338, 343, 345, 347, 349, 353, 356, 359, 363, 369, 374, 375, 378, 383, 385, 386, 394, 398, 406, 408, 411, 423, 427, 433, 436, 437, 441, 446, 449, 453, 459, 465, 467, 480, 486, 487, 491, 492, 498, 501, 504, 505, 513, 514, 515, 517, 520, 528, 532, 539, 544, 545, 549, 551, 556, 560, 566, 572, 573, 584, 585, 594, 598, 601, 623, 635, 639, 651, 656, 657, 662, 668, 669, 670, 672, 685, 687, 695, 700, 713, 714, 722, 728, 733, 737, 745, 759, 764]"
hcci_705,Q980_9h_AC,roi_705,Helios NanoLab_SE_10000.0kV_3250.0x,252,3,0,0,770,1,"[1, 2, 3, 4, 5, 6, 7, 8, 9, 10, 11, 12, 13, 14, 15, 16, 17, 18, 19, 20, 21, 22, 23, 24, 25, 26, 27, 28, 29, 31, 32, 33, 34, 35, 38, 39, 40, 41, 42, 43, 44, 45, 46, 47, 50, 52, 53, 56, 57, 59, 60, 62, 63, 64, 65, 66, 67, 68, 69, 71, 72, 73, 74, 75, 82, 85, 88, 89, 94, 101, 106, 110, 113, 116, 118, 119, 120, 121, 123, 124, 126, 128, 132, 138, 140, 142, 144, 145, 147, 148, 149, 150, 152, 153, 156, 160, 161, 162, 172, 176, 179, 185, 187, 191, 193, 196, 197, 199, 200, 204, 205, 208, 210, 213, 215, 216, 219, 220, 221, 224, 226, 228, 233, 234, 235, 239, 240, 245, 246, 247, 248, 251, 254, 267, 271, 274, 281, 283, 284, 286, 288, 291, 292, 294, 298, 301, 302, 304, 307, 309, 310, 311, 317, 318, 323, 325, 329, 330, 331, 334, 337, 340, 341, 346, 349, 355, 357, 359, 365, 366, 367, 371, 374, 375, 380, 386, 387, 390, 391, 392, 395, 397, 398, 403, 404, 412, 418, 419, 424, 426, 430, 432, 433, 437, 438, 439, 442, 447, 453, 458, 471, 473, 476, 479, 480, 484, 486, 489, 490, 498, 500, 504, 508, 510, 531, 534, 537, 546, 554, 555, 564, 568, 570, 574, 579, 589, 598, 601, 603, 612, 620, 621, 626, 630, 645, 654, 655, 659, 660, 664, 666, 672, 675, 679, 704, 705, 713, 732, 754, 756, 765, 770]"
hcci_706,Q980_9h_AC,roi_706,Helios NanoLab_SE_10000.0kV_3250.0x,252,3,0,0,770,1,"[1, 2, 3, 4, 5, 6, 7, 8, 9, 10, 11, 12, 13, 14, 15, 16, 17, 18, 19, 20, 21, 22, 23, 26, 28, 33, 35, 37, 39, 43, 44, 48, 50, 52, 53, 54, 55, 56, 58, 59, 61, 63, 64, 65, 66, 67, 68, 70, 71, 73, 74, 77, 79, 80, 81, 82, 84, 85, 86, 87, 88, 90, 93, 94, 99, 100, 101, 102, 104, 105, 106, 107, 108, 109, 110, 111, 113, 114, 115, 116, 119, 120, 121, 123, 127, 128, 129, 130, 133, 134, 139, 141, 142, 143, 147, 149, 150, 151, 152, 155, 156, 158, 159, 160, 163, 165, 167, 168, 174, 175, 176, 183, 184, 186, 189, 192, 195, 196, 197, 198, 202, 203, 207, 208, 209, 210, 211, 216, 220, 221, 223, 224, 226, 227, 230, 231, 236, 237, 238, 239, 241, 244, 247, 248, 251, 253, 255, 256, 259, 261, 262, 267, 268, 269, 272, 275, 288, 289, 291, 296, 297, 299, 303, 304, 305, 306, 308, 309, 310, 311, 313, 315, 321, 323, 327, 329, 330, 331, 338, 341, 344, 348, 349, 350, 360, 361, 363, 364, 368, 371, 373, 378, 389, 391, 401, 405, 408, 409, 412, 415, 418, 419, 425, 427, 428, 434, 435, 436, 440, 443, 445, 449, 452, 458, 459, 463, 465, 467, 470, 473, 474, 478, 482, 483, 487, 490, 496, 498, 508, 509, 514, 516, 522, 537, 538, 539, 550, 553, 559, 561, 566, 573, 574, 577, 579, 599, 601, 605, 622, 627, 628, 647]"
hcci_707,Q980_9h_AC,roi_707,Helios NanoLab_BSE_10000.0kV_3250.0x,252,3,0,0,770,1,"[1, 2, 3, 4, 5, 6, 7, 8, 9, 10, 11, 12, 13, 14, 15, 16, 17, 18, 19, 20, 21, 22, 23, 24, 25, 26, 27, 28, 29, 30, 31, 32, 33, 34, 35, 36, 37, 38, 39, 40, 41, 42, 43, 44, 45, 46, 48, 50, 51, 52, 54, 55, 57, 59, 60, 61, 62, 63, 64, 65, 66, 68, 70, 72, 73, 74, 76, 77, 78, 79, 82, 83, 84, 85, 86, 89, 91, 92, 93, 95, 99, 100, 101, 106, 111, 114, 115, 117, 119, 121, 122, 123, 124, 125, 127, 130, 135, 138, 140, 141, 145, 149, 153, 155, 156, 159, 164, 165, 170, 172, 175, 176, 178, 179, 182, 184, 186, 188, 189, 190, 191, 199, 206, 207, 211, 215, 216, 222, 224, 226, 227, 228, 229, 232, 234, 237, 238, 243, 245, 247, 249, 250, 252, 253, 254, 261, 268, 269, 272, 274, 278, 279, 280, 283, 285, 286, 287, 290, 291, 292, 301, 304, 308, 318, 320, 322, 323, 325, 326, 327, 328, 329, 332, 333, 342, 343, 344, 349, 350, 354, 357, 358, 361, 362, 364, 365, 370, 374, 380, 382, 383, 384, 385, 392, 393, 394, 395, 396, 400, 401, 402, 409, 410, 412, 414, 419, 423, 424, 426, 435, 437, 438, 441, 443, 445, 449, 458, 461, 463, 467, 484, 487, 503, 510, 515, 527, 531, 541, 570, 573, 591, 594, 597, 599, 607, 623, 625, 630, 651, 662, 678, 680, 685, 715, 718, 732, 745, 751, 753, 760, 767, 769]"
hcci_708,Q980_9h_AC,roi_708,Helios NanoLab_BSE_10000.0kV_3250.0x,252,3,0,0,770,1,"[1, 2, 3, 4, 5, 6, 7, 8, 9, 10, 11, 12, 13, 14, 15, 16, 17, 18, 19, 20, 21, 22, 23, 24, 25, 26, 27, 28, 29, 30, 31, 32, 33, 34, 35, 36, 37, 38, 39, 40, 41, 42, 43, 45, 46, 48, 49, 50, 51, 52, 53, 54, 56, 57, 58, 59, 61, 63, 64, 65, 66, 67, 68, 70, 75, 76, 77, 79, 80, 82, 84, 85, 86, 87, 88, 89, 90, 91, 93, 98, 100, 101, 103, 107, 110, 114, 115, 116, 117, 119, 121, 123, 124, 125, 127, 129, 132, 133, 134, 135, 136, 138, 140, 141, 147, 148, 150, 155, 163, 164, 165, 170, 171, 174, 176, 178, 179, 181, 182, 185, 190, 191, 194, 195, 197, 198, 200, 202, 205, 206, 207, 208, 209, 210, 211, 213, 219, 221, 222, 226, 228, 232, 235, 236, 239, 240, 244, 247, 251, 254, 256, 257, 258, 260, 262, 263, 265, 271, 272, 280, 283, 285, 287, 294, 296, 303, 305, 306, 308, 313, 316, 317, 318, 320, 323, 326, 328, 330, 336, 341, 342, 349, 350, 352, 354, 357, 358, 365, 369, 377, 381, 384, 385, 386, 387, 390, 395, 397, 401, 402, 405, 406, 416, 424, 430, 438, 441, 442, 443, 447, 451, 454, 461, 464, 470, 481, 497, 500, 505, 506, 510, 511, 516, 522, 524, 533, 536, 541, 542, 543, 554, 555, 556, 559, 567, 569, 621, 629, 634, 637, 640, 645, 648, 656, 666, 690, 693, 714, 721, 728, 761, 767]"
hcci_709,Q980_9h_AC,roi_709,Helios NanoLab_InLens_10000.0kV_3250.0x,252,3,0,0,770,1,"[1, 2, 3, 4, 5, 6, 7, 9, 10, 11, 12, 13, 15, 16, 17, 20, 21, 22, 24, 25, 26, 28, 29, 33, 35, 36, 37, 38, 39, 40, 41, 43, 46, 47, 48, 49, 58, 61, 64, 65, 66, 69, 70, 71, 73, 75, 79, 80, 81, 83, 87, 88, 89, 90, 92, 93, 95, 96, 97, 98, 101, 108, 110, 111, 112, 113, 116, 119, 120, 123, 126, 130, 133, 134, 135, 137, 140, 143, 145, 147, 148, 149, 151, 152, 154, 156, 157, 160, 163, 165, 171, 173, 175, 176, 181, 184, 189, 193, 194, 195, 198, 200, 205, 207, 210, 212, 213, 220, 221, 222, 224, 225, 230, 231, 234, 240, 245, 246, 254, 258, 260, 263, 264, 271, 274, 282, 284, 286, 289, 296, 297, 310, 313, 321, 324, 332, 336, 338, 351, 353, 356, 357, 359, 364, 375, 387, 398, 400, 403, 404, 407, 410, 412, 415, 420, 427, 435, 440, 445, 451, 453, 454, 455, 456, 458, 460, 464, 467, 470, 473, 476, 478, 492, 493, 494, 497, 498, 501, 505, 506, 507, 508, 512, 513, 514, 519, 527, 531, 533, 537, 539, 540, 548, 551, 554, 559, 563, 565, 567, 569, 579, 581, 587, 592, 594, 598, 601, 604, 609, 610, 616, 618, 619, 625, 627, 630, 632, 634, 635, 636, 639, 642, 645, 646, 648, 657, 659, 660, 661, 662, 665, 668, 669, 674, 675, 682, 684, 686, 688, 689, 690, 693, 694, 695, 699, 704, 708, 715, 717, 722, 739, 758]"
hcci_71,Q980_0h_WC,roi_71,Helios G4 PFIB CXe_InLens_20000.0kV_5000.0x,254,3,0,0,770,1,"[1, 2, 3, 4, 5, 6, 7, 8, 9, 10, 11, 12, 13, 14, 15, 16, 17, 18, 19, 20, 21, 22, 23, 24, 25, 26, 27, 28, 29, 30, 31, 32, 33, 34, 35, 36, 37, 38, 39, 40, 41, 42, 43, 44, 45, 46, 47, 48, 49, 50, 52, 53, 54, 55, 56, 59, 61, 62, 63, 64, 65, 67, 68, 69, 70, 72, 73, 74, 75, 77, 80, 82, 89, 90, 91, 92, 93, 97, 98, 103, 104, 105, 106, 108, 113, 116, 117, 118, 121, 130, 142, 156, 161, 162, 165, 166, 167, 170, 171, 172, 185, 188, 191, 195, 197, 203, 229, 236, 242, 244, 250, 251, 252, 261, 264, 280, 286, 310, 311, 313, 314, 323, 336, 343, 350, 358, 364, 384, 385, 387, 392, 393, 395, 397, 400, 401, 409, 413, 417, 420, 422, 433, 436, 440, 442, 445, 450, 456, 464, 473, 474, 476, 481, 490, 491, 499, 504, 505, 508, 512, 515, 521, 528, 533, 536, 537, 541, 542, 543, 544, 545, 551, 567, 568, 573, 575, 579, 581, 582, 584, 587, 589, 594, 598, 603, 611, 612, 622, 628, 630, 633, 639, 640, 644, 649, 653, 654, 659, 661, 673, 676, 679, 683, 687, 689, 691, 694, 701, 704, 705, 708, 709, 710, 712, 715, 716, 717, 721, 722, 723, 724, 725, 729, 731, 733, 734, 735, 736, 737, 738, 741, 743, 744, 746, 747, 748, 749, 750, 752, 753, 755, 756, 757, 758, 760, 761, 762, 763, 765, 766, 767, 768, 769, 770]"
hcci_710,Q980_9h_AC,roi_710,Helios NanoLab_InLens_10000.0kV_3250.0x,252,3,0,0,770,1,"[1, 3, 6, 8, 9, 11, 12, 13, 14, 15, 21, 22, 23, 24, 25, 27, 28, 33, 35, 39, 42, 43, 44, 45, 46, 50, 52, 55, 62, 63, 64, 65, 66, 70, 71, 79, 80, 82, 83, 84, 86, 88, 89, 92, 94, 95, 98, 100, 102, 105, 106, 108, 112, 113, 116, 117, 119, 120, 122, 125, 127, 128, 129, 130, 131, 132, 134, 136, 138, 139, 140, 141, 143, 144, 145, 146, 148, 150, 152, 154, 155, 156, 161, 162, 163, 167, 168, 169, 170, 171, 173, 175, 176, 178, 180, 181, 183, 184, 185, 186, 190, 195, 196, 197, 198, 201, 202, 203, 205, 210, 212, 213, 216, 220, 221, 222, 224, 225, 226, 229, 232, 233, 234, 235, 237, 239, 241, 242, 243, 244, 245, 246, 247, 249, 251, 252, 254, 255, 256, 260, 262, 264, 266, 267, 269, 271, 277, 280, 281, 282, 284, 287, 288, 289, 291, 292, 294, 295, 296, 297, 300, 303, 305, 310, 311, 313, 314, 316, 321, 322, 324, 325, 327, 328, 332, 339, 341, 345, 348, 351, 356, 366, 371, 373, 374, 378, 382, 383, 386, 393, 400, 402, 404, 405, 406, 408, 417, 421, 422, 423, 424, 425, 426, 428, 432, 433, 440, 442, 445, 449, 450, 451, 452, 471, 472, 480, 481, 484, 487, 489, 493, 500, 504, 509, 518, 528, 533, 537, 538, 546, 553, 559, 574, 577, 597, 609, 645, 648, 653, 668, 672, 675, 680, 686, 687, 688, 715, 722, 732, 747, 759, 763]"
hcci_711,Q980_9h_AC,roi_711,Helios NanoLab_SE_20000.0kV_600.0x,252,3,0,0,770,1,"[1, 2, 3, 4, 5, 6, 7, 8, 9, 10, 11, 12, 13, 14, 15, 16, 17, 18, 19, 20, 21, 22, 23, 24, 25, 26, 27, 28, 29, 30, 31, 32, 33, 34, 35, 37, 38, 39, 40, 41, 42, 43, 45, 46, 47, 49, 50, 52, 54, 55, 57, 58, 60, 62, 69, 70, 71, 72, 74, 76, 77, 81, 82, 83, 86, 88, 94, 100, 106, 107, 108, 111, 112, 114, 115, 116, 117, 119, 123, 127, 129, 133, 134, 136, 137, 138, 139, 142, 143, 144, 156, 168, 174, 176, 177, 179, 182, 184, 185, 186, 188, 190, 196, 198, 199, 206, 207, 209, 211, 212, 213, 227, 228, 229, 230, 233, 237, 241, 244, 249, 253, 257, 261, 262, 265, 266, 267, 268, 279, 283, 285, 286, 292, 300, 312, 315, 318, 319, 320, 322, 328, 335, 336, 339, 340, 342, 350, 353, 359, 363, 364, 369, 371, 373, 379, 381, 387, 389, 391, 396, 398, 407, 412, 426, 454, 458, 460, 466, 468, 469, 473, 481, 484, 488, 496, 505, 507, 509, 511, 513, 518, 520, 527, 535, 543, 544, 549, 550, 559, 561, 563, 564, 565, 567, 573, 574, 577, 583, 584, 591, 592, 594, 598, 599, 606, 607, 610, 614, 617, 620, 625, 629, 631, 632, 635, 642, 643, 646, 648, 653, 655, 656, 660, 662, 663, 665, 666, 668, 672, 673, 676, 679, 682, 683, 684, 685, 686, 687, 693, 697, 708, 712, 714, 715, 719, 721, 724, 726, 729, 730, 739, 752]"
hcci_712,Q980_9h_AC,roi_712,Helios NanoLab_SE_20000.0kV_600.0x,252,3,0,0,770,1,"[1, 2, 3, 4, 5, 6, 8, 9, 10, 11, 12, 13, 14, 15, 16, 17, 20, 21, 22, 23, 24, 25, 26, 27, 29, 30, 31, 33, 34, 35, 36, 38, 39, 40, 41, 42, 43, 44, 46, 47, 48, 49, 51, 52, 53, 54, 55, 56, 57, 58, 59, 60, 63, 64, 65, 66, 67, 69, 72, 75, 77, 78, 82, 85, 86, 87, 89, 90, 91, 93, 94, 96, 97, 98, 108, 109, 110, 113, 114, 116, 119, 121, 122, 124, 127, 128, 132, 133, 137, 138, 139, 143, 145, 146, 149, 155, 156, 162, 163, 164, 167, 175, 176, 178, 179, 181, 182, 183, 184, 188, 192, 193, 197, 199, 202, 203, 205, 206, 208, 212, 213, 216, 217, 218, 219, 220, 223, 224, 227, 229, 230, 231, 236, 237, 240, 241, 242, 243, 245, 250, 251, 255, 257, 259, 260, 261, 264, 267, 271, 272, 274, 276, 279, 281, 282, 283, 284, 285, 287, 288, 292, 299, 303, 307, 308, 314, 318, 321, 323, 325, 327, 328, 330, 332, 334, 337, 338, 343, 346, 349, 353, 354, 357, 366, 369, 376, 378, 380, 386, 388, 389, 401, 405, 411, 423, 434, 442, 448, 457, 469, 474, 479, 480, 481, 483, 484, 485, 489, 490, 494, 500, 502, 507, 516, 521, 524, 527, 539, 541, 553, 568, 579, 581, 590, 604, 614, 622, 624, 628, 643, 646, 652, 655, 674, 678, 681, 686, 688, 696, 699, 701, 705, 708, 719, 724, 735, 739, 745, 748, 751, 758, 760]"
hcci_713,Q980_9h_AC,roi_713,Helios NanoLab_BSE_20000.0kV_600.0x,252,3,0,0,770,1,"[1, 2, 3, 4, 5, 6, 7, 8, 9, 10, 11, 12, 13, 14, 15, 16, 17, 18, 19, 20, 21, 22, 23, 24, 25, 26, 27, 28, 29, 30, 31, 33, 35, 36, 37, 39, 40, 41, 42, 43, 45, 46, 47, 50, 52, 54, 55, 56, 57, 58, 61, 62, 63, 65, 67, 71, 74, 76, 78, 81, 82, 83, 84, 88, 89, 91, 92, 93, 94, 95, 96, 103, 104, 105, 109, 115, 116, 119, 121, 127, 128, 131, 132, 133, 134, 136, 139, 140, 141, 144, 146, 149, 150, 152, 153, 155, 158, 160, 165, 167, 174, 175, 176, 177, 178, 179, 180, 184, 185, 187, 188, 192, 195, 197, 200, 204, 206, 208, 212, 217, 218, 220, 221, 228, 231, 232, 233, 235, 238, 246, 252, 253, 256, 258, 260, 261, 263, 266, 267, 268, 280, 288, 293, 294, 295, 298, 303, 305, 306, 311, 313, 314, 318, 324, 331, 333, 335, 336, 337, 348, 351, 357, 359, 360, 362, 363, 371, 374, 377, 382, 383, 385, 387, 397, 400, 402, 403, 404, 405, 408, 410, 411, 417, 422, 424, 428, 429, 430, 436, 439, 440, 444, 450, 458, 459, 460, 463, 464, 468, 473, 477, 479, 483, 486, 493, 499, 501, 504, 506, 517, 522, 526, 527, 534, 542, 550, 552, 553, 561, 569, 576, 579, 591, 609, 610, 612, 615, 618, 631, 640, 656, 659, 675, 682, 683, 690, 699, 703, 708, 712, 713, 714, 719, 721, 737, 738, 739, 740, 745, 748, 756, 757]"
hcci_714,Q980_9h_AC,roi_714,Helios NanoLab_BSE_20000.0kV_600.0x,252,3,0,0,770,1,"[1, 2, 3, 4, 5, 6, 7, 8, 9, 10, 13, 14, 15, 16, 17, 19, 20, 21, 24, 26, 28, 29, 31, 33, 46, 48, 49, 50, 51, 52, 53, 59, 61, 64, 65, 66, 70, 71, 72, 76, 78, 81, 82, 83, 84, 85, 88, 90, 93, 94, 97, 99, 103, 104, 106, 109, 110, 112, 114, 115, 118, 120, 121, 122, 124, 126, 127, 128, 129, 131, 133, 134, 135, 136, 140, 142, 143, 147, 148, 149, 150, 151, 152, 153, 154, 155, 159, 164, 169, 170, 171, 174, 177, 180, 184, 185, 205, 208, 209, 211, 212, 219, 221, 222, 230, 232, 240, 243, 258, 263, 266, 276, 277, 282, 283, 292, 294, 296, 299, 304, 305, 307, 316, 324, 330, 341, 347, 349, 351, 356, 362, 365, 368, 369, 372, 375, 382, 383, 385, 386, 392, 394, 399, 406, 408, 410, 416, 417, 430, 443, 445, 449, 462, 467, 468, 470, 477, 478, 481, 482, 483, 487, 491, 492, 498, 501, 505, 506, 510, 511, 517, 531, 532, 535, 538, 540, 545, 548, 551, 558, 570, 571, 574, 577, 578, 580, 584, 587, 592, 593, 597, 604, 610, 625, 627, 628, 637, 638, 639, 641, 648, 652, 653, 659, 660, 665, 668, 669, 671, 675, 676, 677, 680, 684, 685, 687, 688, 691, 692, 693, 694, 695, 696, 698, 701, 703, 705, 707, 710, 713, 716, 719, 721, 722, 723, 724, 728, 729, 737, 738, 739, 744, 747, 748, 750, 751, 753, 755, 757, 762, 764, 767]"
hcci_715,Q980_9h_AC,roi_715,Helios NanoLab_InLens_20000.0kV_600.0x,253,2,0,0,771,1,"[1, 2, 3, 4, 5, 6, 9, 14, 17, 19, 20, 24, 25, 26, 27, 32, 33, 34, 35, 37, 42, 44, 47, 48, 49, 51, 52, 53, 56, 57, 58, 59, 60, 62, 63, 68, 69, 70, 72, 74, 77, 78, 79, 80, 81, 83, 84, 86, 88, 93, 94, 95, 96, 97, 98, 100, 103, 105, 107, 108, 109, 110, 111, 112, 114, 115, 117, 121, 124, 125, 129, 130, 131, 132, 134, 135, 136, 137, 139, 140, 141, 142, 143, 144, 151, 152, 153, 154, 155, 156, 160, 164, 165, 166, 167, 170, 171, 174, 175, 176, 177, 180, 181, 182, 183, 186, 187, 188, 189, 190, 192, 194, 196, 197, 199, 200, 201, 203, 206, 207, 211, 212, 216, 217, 219, 220, 223, 225, 226, 227, 228, 235, 238, 240, 242, 246, 248, 251, 253, 255, 257, 258, 259, 266, 267, 269, 270, 272, 273, 275, 276, 277, 284, 288, 295, 297, 299, 300, 305, 307, 310, 311, 317, 318, 324, 331, 341, 344, 347, 350, 358, 359, 364, 366, 369, 378, 381, 383, 388, 389, 395, 398, 405, 406, 419, 432, 441, 443, 446, 457, 461, 465, 472, 474, 475, 477, 485, 486, 488, 489, 499, 500, 502, 508, 510, 511, 513, 514, 520, 530, 560, 566, 579, 584, 600, 601, 613, 614, 615, 632, 637, 638, 645, 647, 649, 653, 654, 655, 656, 661, 662, 672, 673, 675, 677, 697, 713, 717, 721, 735, 737, 739, 741, 742, 744, 746, 747, 748, 751, 753, 764, 769, 770]"
hcci_717,Q980_9h_AC,roi_717,Helios NanoLab_SE_20000.0kV_3250.0x,252,3,0,0,770,1,"[1, 2, 3, 4, 5, 6, 7, 8, 9, 10, 11, 12, 13, 14, 15, 16, 17, 18, 19, 20, 21, 22, 23, 24, 25, 26, 27, 28, 29, 30, 32, 34, 35, 36, 37, 38, 41, 42, 43, 44, 45, 46, 47, 48, 49, 50, 51, 53, 54, 55, 56, 57, 58, 59, 60, 61, 62, 64, 65, 66, 68, 71, 74, 75, 77, 78, 82, 85, 87, 88, 91, 93, 94, 99, 103, 106, 108, 109, 111, 112, 116, 119, 126, 129, 133, 139, 142, 146, 149, 154, 155, 158, 160, 170, 171, 177, 180, 181, 183, 184, 185, 187, 188, 190, 191, 192, 193, 194, 198, 200, 201, 202, 203, 204, 211, 214, 219, 222, 225, 226, 229, 230, 235, 236, 237, 238, 241, 246, 247, 250, 252, 254, 262, 263, 265, 266, 270, 271, 272, 276, 277, 279, 282, 284, 288, 293, 295, 296, 297, 298, 299, 303, 313, 317, 320, 321, 325, 327, 330, 332, 334, 337, 345, 350, 352, 353, 355, 358, 364, 365, 368, 374, 375, 376, 380, 383, 384, 396, 398, 399, 401, 403, 404, 409, 415, 426, 430, 433, 435, 437, 438, 440, 453, 455, 461, 472, 474, 480, 481, 482, 485, 486, 489, 498, 501, 502, 504, 506, 507, 513, 514, 515, 516, 519, 522, 532, 537, 538, 539, 541, 549, 550, 554, 557, 562, 567, 577, 581, 582, 584, 602, 614, 623, 638, 645, 646, 650, 658, 665, 671, 683, 684, 702, 704, 705, 713, 714, 732, 747, 753, 763, 770]"
hcci_718,Q980_9h_AC,roi_718,Helios NanoLab_SE_20000.0kV_3250.0x,252,3,0,0,770,1,"[1, 2, 3, 4, 5, 6, 7, 8, 9, 10, 11, 14, 15, 16, 17, 18, 19, 20, 23, 24, 25, 27, 28, 29, 30, 31, 32, 35, 36, 38, 40, 42, 43, 45, 46, 47, 49, 50, 51, 52, 53, 55, 56, 57, 60, 62, 63, 64, 65, 66, 67, 70, 73, 74, 78, 79, 80, 81, 82, 83, 85, 86, 87, 89, 90, 91, 92, 93, 94, 97, 98, 99, 101, 103, 104, 105, 106, 110, 112, 114, 116, 117, 119, 120, 122, 125, 126, 127, 129, 132, 136, 140, 141, 142, 143, 145, 146, 147, 149, 150, 152, 154, 155, 156, 157, 163, 165, 166, 167, 169, 170, 172, 173, 177, 178, 179, 180, 182, 183, 184, 185, 191, 192, 195, 197, 201, 202, 203, 204, 205, 206, 207, 208, 209, 216, 217, 219, 222, 223, 225, 226, 227, 228, 229, 230, 235, 237, 240, 241, 243, 244, 248, 251, 252, 253, 259, 260, 261, 263, 267, 268, 274, 275, 279, 285, 288, 292, 294, 297, 299, 302, 304, 307, 308, 309, 310, 311, 312, 315, 323, 325, 327, 328, 329, 331, 332, 333, 334, 338, 343, 353, 354, 360, 363, 364, 367, 372, 373, 379, 380, 382, 384, 385, 388, 389, 391, 393, 394, 407, 414, 417, 419, 421, 425, 429, 433, 435, 440, 442, 443, 445, 447, 461, 462, 466, 473, 475, 478, 488, 508, 516, 527, 532, 534, 535, 537, 550, 552, 554, 572, 574, 575, 581, 582, 585, 602, 629, 642, 670, 704, 730, 749]"
hcci_719,Q980_9h_AC,roi_719,Helios NanoLab_BSE_20000.0kV_3250.0x,252,3,0,0,770,1,"[1, 2, 3, 4, 5, 6, 7, 8, 9, 10, 11, 12, 13, 14, 15, 16, 17, 18, 19, 20, 21, 22, 23, 24, 25, 26, 27, 28, 29, 30, 31, 32, 33, 34, 35, 36, 37, 38, 40, 42, 44, 45, 46, 48, 50, 52, 54, 56, 57, 59, 60, 61, 62, 63, 64, 65, 68, 70, 71, 72, 74, 75, 80, 81, 82, 86, 88, 89, 90, 95, 98, 99, 100, 101, 102, 103, 104, 105, 106, 109, 110, 112, 113, 115, 119, 121, 125, 127, 128, 130, 134, 137, 145, 146, 152, 153, 154, 156, 161, 163, 164, 165, 173, 183, 184, 186, 191, 192, 193, 195, 196, 198, 199, 201, 202, 204, 206, 207, 208, 211, 214, 215, 218, 219, 220, 221, 224, 230, 231, 233, 236, 238, 246, 250, 252, 253, 257, 258, 259, 260, 261, 262, 268, 275, 276, 277, 282, 292, 294, 299, 302, 303, 304, 306, 307, 310, 312, 314, 315, 316, 317, 318, 320, 321, 323, 328, 340, 342, 345, 346, 347, 348, 351, 358, 365, 366, 367, 368, 369, 373, 374, 375, 377, 380, 393, 395, 397, 398, 400, 404, 405, 406, 407, 408, 413, 417, 419, 421, 423, 426, 428, 434, 439, 442, 443, 447, 448, 453, 458, 463, 467, 469, 471, 476, 479, 481, 483, 486, 489, 493, 494, 503, 508, 510, 512, 516, 522, 531, 539, 555, 559, 566, 569, 572, 574, 585, 589, 597, 611, 619, 628, 670, 678, 720, 728, 736, 748, 757, 758, 765, 767, 769]"
hcci_72,Q980_0h_WC,roi_72,Helios G4 PFIB CXe_InLens_20000.0kV_5000.0x,254,3,0,0,770,1,"[1, 2, 3, 4, 5, 6, 7, 8, 9, 10, 11, 12, 13, 14, 15, 16, 17, 18, 19, 20, 21, 22, 23, 24, 25, 26, 27, 28, 29, 30, 31, 32, 33, 34, 35, 36, 37, 38, 39, 40, 41, 42, 43, 44, 45, 46, 47, 48, 49, 50, 51, 52, 53, 54, 55, 57, 59, 60, 62, 63, 64, 65, 66, 68, 71, 72, 74, 75, 76, 80, 81, 85, 88, 89, 90, 91, 93, 95, 97, 102, 104, 107, 110, 112, 115, 116, 117, 120, 122, 126, 128, 129, 130, 132, 133, 143, 144, 147, 151, 154, 155, 172, 175, 177, 182, 187, 195, 196, 197, 202, 204, 209, 210, 212, 215, 217, 221, 224, 229, 230, 235, 237, 239, 241, 248, 251, 254, 255, 261, 262, 266, 270, 276, 277, 281, 283, 286, 292, 310, 323, 325, 331, 332, 334, 335, 336, 342, 343, 347, 350, 353, 354, 361, 367, 368, 372, 373, 376, 379, 388, 405, 410, 412, 417, 418, 419, 421, 422, 423, 424, 426, 427, 428, 430, 433, 441, 453, 454, 456, 457, 465, 473, 474, 478, 479, 483, 493, 494, 496, 499, 515, 519, 522, 523, 524, 539, 541, 544, 545, 548, 552, 553, 556, 557, 558, 561, 563, 578, 580, 583, 585, 589, 592, 599, 602, 603, 605, 612, 614, 618, 620, 623, 632, 635, 637, 640, 643, 647, 656, 665, 679, 680, 682, 685, 687, 689, 695, 701, 709, 710, 713, 714, 719, 723, 726, 731, 734, 737, 740, 741, 746, 760, 768, 769]"
hcci_720,Q980_9h_AC,roi_720,Helios NanoLab_BSE_20000.0kV_3250.0x,252,3,0,0,770,1,"[1, 2, 3, 4, 5, 6, 7, 8, 9, 10, 11, 12, 13, 14, 15, 16, 17, 18, 19, 20, 21, 22, 23, 24, 25, 26, 27, 29, 30, 31, 32, 33, 34, 37, 38, 39, 40, 41, 42, 43, 45, 46, 47, 48, 49, 51, 52, 53, 54, 55, 59, 60, 63, 64, 66, 67, 70, 71, 72, 73, 74, 75, 76, 78, 79, 80, 81, 82, 83, 84, 88, 89, 90, 91, 92, 99, 100, 102, 103, 104, 105, 107, 108, 111, 114, 118, 119, 121, 124, 125, 128, 130, 131, 142, 144, 148, 149, 152, 157, 158, 159, 163, 164, 165, 166, 167, 172, 175, 179, 181, 184, 186, 190, 193, 194, 196, 197, 203, 204, 210, 211, 212, 213, 216, 219, 220, 221, 222, 225, 226, 228, 230, 232, 234, 235, 240, 242, 247, 248, 251, 252, 255, 256, 257, 262, 263, 264, 265, 270, 272, 275, 276, 285, 292, 293, 296, 298, 302, 303, 308, 310, 311, 312, 314, 315, 320, 322, 327, 328, 331, 337, 338, 340, 343, 345, 347, 348, 350, 353, 354, 357, 359, 362, 363, 364, 366, 369, 371, 372, 377, 381, 382, 384, 385, 388, 391, 392, 400, 405, 410, 413, 417, 418, 421, 424, 425, 428, 429, 430, 432, 434, 436, 437, 438, 439, 449, 450, 451, 452, 457, 471, 472, 473, 474, 476, 484, 489, 498, 506, 509, 517, 531, 536, 539, 542, 545, 550, 554, 558, 564, 606, 609, 637, 658, 666, 688, 698, 699, 709, 735, 750, 756]"
hcci_721,Q980_9h_AC,roi_721,Helios NanoLab_InLens_20000.0kV_3250.0x,252,3,0,0,770,1,"[1, 2, 3, 4, 5, 6, 7, 8, 12, 13, 14, 15, 16, 17, 19, 21, 22, 23, 24, 25, 26, 27, 28, 35, 37, 39, 44, 45, 47, 49, 54, 61, 63, 66, 69, 71, 72, 75, 76, 77, 79, 82, 85, 86, 87, 88, 90, 92, 95, 96, 98, 99, 100, 101, 103, 104, 106, 111, 113, 114, 115, 124, 125, 127, 128, 129, 130, 131, 132, 133, 135, 136, 137, 139, 141, 142, 146, 148, 149, 152, 154, 155, 156, 157, 161, 164, 166, 168, 171, 172, 180, 184, 185, 186, 188, 194, 203, 204, 208, 209, 218, 221, 222, 226, 227, 229, 230, 232, 234, 241, 242, 243, 249, 250, 251, 253, 254, 259, 260, 265, 271, 273, 285, 291, 295, 296, 302, 303, 307, 308, 314, 315, 322, 337, 350, 360, 362, 365, 369, 382, 384, 401, 408, 411, 412, 414, 415, 419, 422, 430, 433, 436, 446, 451, 452, 453, 455, 463, 465, 470, 475, 476, 477, 481, 484, 486, 487, 488, 493, 494, 495, 498, 500, 501, 505, 506, 509, 511, 514, 517, 518, 522, 534, 538, 542, 547, 548, 549, 550, 553, 554, 556, 557, 560, 564, 573, 580, 588, 590, 591, 593, 594, 595, 596, 597, 598, 599, 601, 605, 611, 613, 616, 620, 621, 622, 628, 631, 632, 634, 639, 641, 644, 645, 646, 649, 651, 652, 658, 659, 666, 667, 676, 678, 679, 681, 682, 683, 687, 688, 691, 693, 696, 702, 704, 706, 708, 711, 712, 713, 720, 722, 729]"
hcci_722,Q980_9h_AC,roi_722,Helios NanoLab_InLens_20000.0kV_3250.0x,252,3,0,0,770,1,"[1, 2, 3, 5, 7, 10, 11, 12, 15, 17, 20, 22, 23, 24, 26, 28, 29, 30, 33, 38, 40, 41, 42, 45, 47, 48, 49, 51, 52, 53, 54, 55, 56, 57, 58, 59, 63, 64, 66, 67, 68, 69, 71, 72, 73, 74, 76, 77, 79, 82, 83, 85, 88, 90, 93, 95, 96, 97, 100, 101, 106, 109, 116, 117, 120, 124, 126, 128, 129, 131, 133, 134, 135, 137, 140, 142, 145, 146, 147, 148, 149, 150, 151, 155, 156, 157, 159, 160, 162, 163, 164, 166, 167, 168, 170, 171, 172, 175, 177, 179, 180, 182, 183, 185, 189, 191, 193, 198, 199, 200, 204, 205, 206, 207, 213, 214, 215, 219, 222, 230, 231, 233, 234, 235, 237, 239, 242, 243, 244, 246, 253, 255, 256, 258, 261, 268, 269, 270, 276, 280, 281, 283, 284, 285, 286, 287, 288, 304, 305, 308, 312, 313, 319, 320, 322, 323, 324, 327, 331, 332, 333, 335, 336, 339, 340, 341, 342, 343, 348, 350, 353, 354, 355, 356, 364, 369, 374, 379, 385, 392, 393, 396, 407, 410, 411, 415, 418, 419, 420, 421, 424, 426, 427, 436, 439, 441, 442, 443, 447, 448, 453, 457, 465, 476, 478, 479, 484, 487, 494, 503, 520, 521, 522, 532, 534, 542, 545, 548, 553, 559, 565, 567, 568, 569, 574, 575, 578, 589, 605, 612, 617, 630, 641, 645, 647, 652, 653, 669, 670, 681, 688, 690, 696, 717, 730, 733, 740, 751, 755, 763, 766, 770]"
hcci_723,AsCast,roi_723,Zeiss Gemini_SE_5000.0kV_500.0x,256,3,0,0,770,1,"[1, 2, 3, 4, 5, 6, 7, 8, 9, 10, 11, 12, 14, 16, 19, 20, 21, 23, 24, 26, 29, 30, 31, 32, 33, 34, 35, 36, 38, 40, 41, 42, 43, 44, 45, 46, 47, 48, 50, 51, 52, 54, 55, 56, 57, 58, 59, 60, 61, 63, 64, 65, 66, 67, 68, 69, 71, 72, 74, 76, 77, 78, 79, 80, 82, 84, 85, 86, 87, 89, 90, 91, 92, 93, 94, 95, 97, 98, 99, 100, 101, 102, 103, 104, 106, 108, 109, 110, 111, 112, 113, 114, 115, 116, 117, 118, 119, 120, 121, 122, 123, 124, 125, 126, 128, 131, 132, 133, 134, 135, 136, 137, 138, 139, 140, 141, 143, 144, 145, 146, 147, 148, 152, 153, 154, 156, 157, 158, 160, 162, 164, 165, 167, 168, 169, 170, 171, 173, 178, 180, 181, 182, 184, 186, 187, 189, 190, 192, 194, 195, 197, 198, 199, 201, 202, 204, 206, 207, 208, 209, 211, 213, 214, 216, 217, 220, 221, 222, 223, 224, 226, 227, 229, 235, 239, 247, 250, 251, 252, 257, 261, 265, 268, 270, 271, 273, 275, 276, 277, 281, 285, 299, 303, 310, 311, 315, 318, 319, 322, 327, 343, 346, 347, 349, 354, 360, 365, 374, 375, 379, 382, 389, 395, 396, 397, 399, 401, 404, 410, 415, 420, 422, 426, 434, 435, 436, 462, 470, 491, 497, 505, 509, 511, 512, 515, 518, 520, 524, 528, 533, 540, 548, 549, 554, 558, 570, 574, 579, 580, 586, 595, 596, 610, 611, 626, 631]"
hcci_724,AsCast,roi_724,Zeiss Gemini_SE_5000.0kV_500.0x,256,3,0,0,770,1,"[1, 2, 3, 4, 5, 6, 7, 8, 9, 10, 11, 12, 13, 14, 15, 16, 17, 18, 20, 21, 22, 23, 24, 25, 26, 27, 28, 29, 31, 32, 33, 35, 36, 37, 38, 39, 40, 42, 43, 44, 45, 46, 47, 48, 50, 51, 53, 54, 55, 56, 57, 58, 59, 60, 61, 62, 64, 65, 66, 67, 68, 69, 70, 71, 72, 73, 74, 75, 79, 80, 82, 84, 85, 86, 87, 88, 89, 91, 92, 93, 94, 95, 96, 97, 98, 99, 100, 101, 102, 103, 104, 109, 111, 112, 113, 114, 115, 116, 118, 119, 120, 121, 122, 123, 124, 125, 126, 127, 128, 129, 130, 132, 133, 134, 136, 137, 138, 139, 142, 143, 145, 146, 147, 148, 149, 151, 152, 153, 154, 155, 156, 157, 158, 159, 161, 162, 163, 164, 165, 168, 169, 171, 172, 176, 178, 179, 183, 185, 186, 194, 195, 196, 197, 200, 201, 203, 204, 205, 206, 207, 208, 209, 211, 212, 213, 214, 216, 217, 221, 225, 230, 232, 233, 236, 237, 240, 244, 247, 248, 249, 252, 253, 258, 261, 263, 264, 265, 268, 270, 273, 283, 291, 294, 295, 296, 299, 300, 303, 305, 310, 311, 313, 316, 321, 327, 328, 346, 350, 353, 354, 357, 360, 363, 364, 369, 372, 375, 376, 387, 389, 392, 396, 411, 414, 437, 438, 439, 440, 458, 476, 486, 493, 496, 497, 502, 513, 516, 520, 523, 535, 540, 542, 544, 549, 551, 564, 566, 571, 578, 584, 587, 598, 611, 613, 633, 640]"
hcci_725,AsCast,roi_725,Zeiss Gemini_BSE_5000.0kV_500.0x,256,3,0,0,770,1,"[1, 2, 3, 4, 5, 6, 7, 8, 9, 10, 11, 12, 13, 14, 15, 16, 17, 18, 19, 20, 21, 22, 23, 24, 25, 26, 27, 28, 29, 30, 31, 32, 33, 34, 35, 36, 37, 38, 39, 40, 41, 42, 43, 44, 45, 46, 47, 48, 49, 50, 51, 52, 53, 54, 55, 56, 57, 58, 59, 60, 61, 62, 63, 64, 65, 66, 67, 68, 69, 70, 71, 72, 73, 74, 75, 76, 77, 78, 79, 80, 81, 82, 83, 84, 85, 86, 87, 88, 89, 90, 91, 92, 93, 94, 95, 96, 97, 98, 99, 100, 101, 102, 103, 104, 105, 106, 107, 108, 109, 110, 111, 112, 113, 114, 115, 116, 117, 118, 119, 120, 121, 122, 123, 124, 125, 126, 127, 128, 129, 130, 131, 132, 133, 134, 135, 136, 138, 140, 141, 142, 143, 144, 145, 146, 147, 148, 149, 150, 151, 152, 154, 155, 156, 157, 158, 159, 160, 161, 162, 163, 164, 165, 166, 167, 169, 171, 174, 175, 177, 179, 180, 182, 183, 184, 188, 190, 191, 192, 193, 194, 195, 196, 197, 199, 200, 202, 204, 207, 209, 211, 214, 215, 217, 220, 221, 222, 224, 228, 229, 233, 235, 237, 241, 243, 261, 263, 264, 268, 269, 274, 277, 281, 285, 300, 303, 306, 308, 323, 329, 330, 332, 344, 345, 354, 355, 358, 364, 369, 382, 383, 386, 390, 393, 394, 411, 414, 415, 423, 427, 429, 431, 437, 447, 455, 461, 466, 475, 480, 481, 482, 491, 507, 519, 554, 580, 584]"
hcci_726,AsCast,roi_726,Zeiss Gemini_BSE_5000.0kV_500.0x,256,3,0,0,770,1,"[1, 2, 3, 4, 5, 6, 7, 8, 9, 10, 11, 12, 13, 14, 15, 16, 17, 18, 19, 20, 21, 22, 23, 24, 25, 26, 27, 28, 29, 30, 31, 32, 33, 34, 35, 36, 37, 38, 39, 40, 41, 42, 43, 44, 45, 46, 48, 49, 50, 51, 52, 53, 54, 55, 56, 57, 58, 59, 60, 61, 62, 63, 64, 65, 66, 67, 68, 69, 70, 71, 72, 73, 74, 75, 76, 77, 78, 79, 80, 82, 87, 89, 90, 91, 92, 93, 94, 96, 98, 99, 101, 102, 103, 104, 105, 107, 109, 110, 112, 113, 115, 117, 119, 120, 123, 124, 125, 128, 130, 131, 133, 136, 137, 138, 140, 141, 143, 144, 145, 147, 150, 155, 159, 160, 162, 163, 165, 172, 177, 191, 192, 194, 198, 199, 207, 209, 211, 212, 215, 224, 225, 229, 234, 235, 240, 248, 254, 256, 258, 261, 262, 263, 265, 269, 270, 271, 272, 279, 281, 282, 283, 284, 287, 292, 293, 304, 305, 307, 308, 310, 312, 316, 318, 322, 323, 324, 329, 334, 342, 346, 356, 361, 363, 370, 372, 374, 376, 380, 390, 398, 400, 402, 406, 410, 411, 412, 415, 421, 425, 427, 434, 440, 444, 445, 452, 453, 458, 460, 463, 465, 466, 473, 476, 478, 481, 484, 486, 487, 492, 493, 497, 498, 499, 501, 503, 509, 510, 514, 522, 525, 530, 535, 538, 541, 542, 543, 549, 554, 555, 559, 561, 569, 570, 573, 576, 580, 587, 594, 598, 606, 618, 626, 633, 639, 642, 645]"
hcci_727,AsCast,roi_727,Zeiss Gemini_InLens_5000.0kV_500.0x,256,3,0,0,770,1,"[1, 2, 3, 4, 5, 6, 7, 8, 9, 10, 11, 12, 13, 14, 15, 16, 17, 18, 19, 20, 21, 22, 23, 24, 25, 26, 27, 28, 29, 30, 31, 32, 33, 34, 35, 36, 37, 38, 39, 40, 41, 42, 43, 44, 45, 46, 47, 48, 49, 50, 51, 52, 53, 54, 55, 56, 57, 58, 59, 60, 61, 62, 63, 64, 65, 66, 67, 68, 69, 70, 71, 72, 73, 74, 75, 76, 77, 78, 79, 80, 81, 82, 83, 84, 85, 86, 87, 88, 89, 90, 91, 92, 93, 94, 95, 96, 97, 98, 99, 100, 101, 102, 103, 104, 105, 106, 107, 108, 109, 110, 111, 112, 113, 114, 115, 116, 117, 118, 119, 120, 121, 122, 123, 124, 125, 126, 127, 128, 129, 130, 131, 132, 133, 134, 135, 136, 137, 138, 139, 140, 141, 142, 143, 144, 145, 146, 147, 148, 149, 150, 151, 152, 153, 155, 156, 157, 158, 159, 161, 162, 163, 164, 165, 166, 167, 169, 171, 172, 173, 174, 177, 179, 180, 182, 183, 188, 189, 190, 191, 193, 194, 195, 196, 199, 202, 205, 207, 208, 209, 210, 213, 214, 217, 220, 222, 226, 227, 228, 232, 236, 246, 250, 253, 254, 255, 257, 258, 259, 261, 262, 264, 269, 271, 273, 274, 281, 287, 291, 299, 300, 305, 310, 313, 315, 317, 329, 333, 348, 357, 366, 373, 374, 388, 390, 395, 398, 405, 414, 423, 429, 434, 438, 448, 462, 491, 509, 511, 559, 577, 586, 589, 646, 661, 712, 740, 755]"
hcci_728,AsCast,roi_728,Zeiss Gemini_InLens_5000.0kV_500.0x,256,3,0,0,770,1,"[1, 2, 3, 4, 5, 6, 7, 8, 9, 10, 11, 12, 13, 14, 15, 16, 17, 18, 19, 20, 21, 22, 23, 24, 25, 26, 27, 28, 29, 30, 31, 32, 33, 34, 35, 36, 37, 38, 39, 40, 41, 42, 43, 44, 45, 46, 47, 48, 49, 50, 51, 52, 53, 54, 55, 56, 57, 58, 59, 60, 61, 62, 63, 64, 65, 66, 67, 68, 69, 70, 71, 72, 73, 74, 75, 76, 77, 78, 79, 80, 81, 82, 83, 84, 85, 86, 87, 88, 89, 90, 91, 92, 93, 94, 95, 96, 97, 98, 99, 100, 101, 102, 103, 104, 105, 106, 107, 108, 109, 110, 111, 112, 113, 114, 115, 116, 117, 118, 119, 120, 121, 122, 123, 124, 125, 126, 127, 128, 129, 130, 131, 132, 133, 134, 135, 136, 137, 138, 139, 140, 142, 143, 144, 145, 146, 147, 148, 150, 151, 152, 153, 155, 156, 157, 158, 159, 161, 162, 163, 165, 166, 168, 170, 171, 172, 174, 176, 177, 179, 182, 184, 186, 191, 194, 195, 197, 200, 203, 205, 206, 207, 208, 209, 211, 214, 216, 217, 218, 225, 227, 228, 234, 235, 238, 239, 240, 242, 245, 246, 247, 248, 250, 254, 258, 261, 264, 270, 271, 272, 274, 275, 277, 288, 290, 291, 298, 300, 301, 304, 307, 308, 310, 311, 313, 323, 327, 330, 333, 336, 362, 368, 375, 376, 379, 398, 401, 407, 422, 431, 434, 441, 459, 460, 462, 482, 494, 500, 512, 554, 561, 580, 599, 657, 680, 725, 744]"
hcci_729,AsCast,roi_729,Zeiss Gemini_SE_5000.0kV_2800.0x,256,3,0,0,770,1,"[1, 2, 3, 4, 5, 6, 7, 8, 9, 10, 11, 12, 13, 14, 15, 16, 17, 18, 19, 20, 21, 22, 23, 24, 25, 26, 27, 28, 29, 30, 31, 32, 33, 34, 35, 36, 37, 38, 39, 41, 42, 43, 44, 45, 46, 47, 48, 49, 50, 51, 52, 53, 54, 55, 56, 57, 58, 59, 60, 61, 62, 63, 64, 65, 66, 67, 69, 70, 72, 74, 75, 76, 77, 78, 79, 80, 81, 82, 83, 84, 85, 86, 89, 91, 92, 93, 94, 96, 98, 100, 102, 104, 105, 106, 108, 109, 110, 111, 112, 113, 114, 118, 119, 120, 122, 124, 126, 127, 128, 129, 131, 132, 134, 136, 137, 138, 139, 143, 145, 146, 149, 150, 151, 152, 154, 156, 158, 159, 160, 161, 162, 163, 166, 168, 170, 172, 173, 174, 176, 177, 178, 180, 185, 187, 188, 190, 194, 195, 197, 198, 202, 203, 207, 208, 209, 210, 211, 212, 214, 215, 217, 220, 222, 223, 225, 226, 227, 228, 230, 231, 234, 236, 237, 241, 243, 248, 251, 254, 255, 263, 264, 265, 269, 272, 273, 275, 278, 280, 282, 283, 285, 286, 290, 291, 294, 300, 304, 305, 306, 307, 311, 313, 314, 315, 318, 322, 324, 325, 326, 332, 333, 334, 335, 336, 337, 340, 341, 347, 348, 349, 350, 354, 357, 358, 359, 361, 381, 385, 386, 400, 403, 408, 410, 412, 415, 418, 422, 425, 436, 449, 456, 481, 486, 490, 497, 526, 569, 576, 593, 597, 617, 635, 652, 660, 696, 729]"
hcci_73,Q980_9h_AC,roi_73,Helios G4 PFIB CXe_SE_5000.0kV_1000.0x,252,3,0,0,770,1,"[1, 2, 3, 4, 5, 6, 7, 8, 9, 10, 11, 12, 13, 14, 15, 16, 21, 22, 24, 26, 27, 28, 29, 31, 32, 33, 34, 35, 37, 38, 41, 42, 47, 48, 50, 51, 53, 54, 55, 56, 57, 59, 64, 68, 69, 71, 76, 78, 80, 81, 84, 87, 95, 96, 97, 101, 103, 104, 108, 109, 110, 111, 116, 118, 120, 126, 128, 131, 134, 138, 140, 141, 144, 146, 147, 152, 161, 163, 168, 170, 171, 172, 175, 178, 180, 182, 186, 187, 188, 190, 191, 192, 193, 196, 198, 200, 201, 203, 206, 208, 209, 211, 213, 215, 216, 220, 227, 231, 232, 235, 236, 241, 243, 244, 248, 252, 254, 256, 257, 258, 262, 263, 265, 268, 270, 277, 280, 284, 294, 295, 300, 307, 308, 325, 327, 328, 333, 334, 340, 343, 344, 346, 348, 351, 362, 363, 376, 377, 389, 396, 402, 403, 409, 410, 419, 421, 425, 427, 428, 429, 435, 442, 447, 451, 457, 458, 459, 463, 465, 480, 481, 484, 486, 490, 498, 507, 510, 512, 515, 517, 522, 523, 525, 527, 531, 536, 541, 542, 545, 547, 549, 560, 563, 568, 569, 571, 572, 573, 580, 581, 583, 585, 586, 597, 599, 606, 609, 610, 614, 622, 626, 627, 632, 641, 648, 649, 653, 655, 661, 663, 666, 670, 671, 676, 681, 685, 692, 706, 707, 711, 715, 716, 717, 718, 724, 729, 734, 739, 742, 745, 752, 755, 756, 757, 758, 762, 764, 765, 766, 767, 768, 770]"
hcci_730,AsCast,roi_730,Zeiss Gemini_SE_5000.0kV_2800.0x,256,3,0,0,770,1,"[1, 2, 3, 4, 5, 6, 7, 8, 9, 10, 11, 12, 13, 14, 15, 16, 17, 18, 19, 20, 21, 22, 23, 24, 25, 26, 27, 28, 29, 30, 31, 32, 33, 34, 35, 36, 37, 38, 39, 40, 41, 43, 44, 45, 46, 47, 48, 49, 50, 51, 52, 53, 54, 55, 56, 57, 58, 59, 60, 63, 64, 65, 66, 67, 68, 69, 70, 71, 72, 74, 75, 76, 77, 79, 80, 82, 84, 85, 86, 87, 89, 90, 92, 93, 94, 95, 96, 100, 101, 102, 104, 105, 106, 108, 110, 111, 112, 117, 118, 120, 121, 124, 126, 127, 128, 129, 131, 132, 135, 136, 137, 139, 140, 141, 145, 146, 148, 150, 151, 152, 153, 154, 157, 158, 159, 160, 161, 163, 165, 166, 167, 169, 170, 171, 173, 174, 176, 178, 180, 181, 182, 186, 187, 188, 190, 191, 192, 193, 194, 196, 198, 199, 200, 201, 202, 204, 205, 207, 209, 210, 211, 213, 214, 215, 219, 221, 223, 225, 226, 227, 231, 232, 234, 235, 236, 237, 240, 244, 245, 246, 250, 251, 252, 254, 269, 271, 272, 274, 275, 276, 278, 285, 288, 289, 290, 291, 292, 293, 294, 295, 296, 298, 302, 304, 308, 312, 314, 316, 318, 319, 327, 328, 331, 332, 333, 336, 337, 338, 339, 346, 348, 349, 350, 359, 360, 363, 367, 372, 379, 384, 386, 388, 393, 400, 402, 406, 410, 419, 427, 428, 438, 449, 458, 473, 476, 512, 541, 546, 554, 565, 575, 597, 644, 664, 672, 715]"
hcci_731,AsCast,roi_731,Zeiss Gemini_BSE_5000.0kV_2800.0x,256,3,0,0,770,1,"[1, 2, 3, 4, 5, 6, 7, 8, 9, 10, 11, 12, 13, 14, 15, 16, 17, 18, 19, 20, 21, 22, 23, 24, 25, 26, 27, 28, 29, 30, 31, 32, 33, 34, 35, 36, 37, 38, 39, 40, 41, 42, 43, 44, 45, 46, 47, 48, 49, 50, 51, 54, 55, 56, 57, 58, 59, 61, 62, 64, 65, 67, 68, 69, 70, 71, 72, 73, 74, 75, 77, 78, 79, 80, 82, 83, 85, 86, 87, 88, 90, 91, 97, 99, 100, 101, 105, 107, 108, 109, 110, 111, 112, 114, 118, 119, 122, 123, 125, 129, 130, 131, 135, 141, 142, 147, 148, 149, 150, 154, 157, 161, 162, 168, 172, 178, 179, 180, 181, 183, 194, 208, 210, 216, 226, 228, 233, 245, 247, 252, 253, 260, 263, 272, 274, 277, 278, 280, 293, 302, 304, 307, 310, 316, 334, 345, 351, 354, 356, 358, 362, 366, 373, 374, 376, 377, 380, 384, 385, 387, 389, 391, 398, 406, 408, 412, 420, 424, 425, 430, 432, 439, 441, 448, 449, 450, 453, 461, 464, 468, 470, 472, 476, 477, 484, 487, 491, 493, 498, 502, 507, 515, 527, 530, 533, 537, 541, 542, 544, 548, 553, 556, 559, 560, 563, 568, 571, 572, 573, 577, 588, 589, 595, 597, 598, 601, 602, 604, 610, 613, 615, 619, 627, 629, 637, 639, 640, 647, 648, 649, 653, 658, 660, 663, 677, 678, 680, 681, 690, 693, 698, 700, 703, 704, 705, 707, 709, 714, 720, 722, 723, 727, 732, 738, 740, 745]"
hcci_732,AsCast,roi_732,Zeiss Gemini_BSE_5000.0kV_2800.0x,256,3,0,0,770,1,"[1, 2, 3, 4, 5, 6, 7, 8, 9, 10, 11, 12, 13, 14, 15, 16, 17, 18, 19, 20, 21, 22, 23, 24, 25, 26, 27, 28, 29, 30, 31, 32, 33, 34, 35, 36, 37, 38, 39, 40, 41, 42, 44, 45, 46, 47, 48, 49, 50, 52, 53, 54, 55, 56, 57, 59, 60, 61, 62, 63, 64, 65, 66, 67, 69, 70, 71, 72, 73, 74, 75, 77, 78, 79, 81, 82, 83, 84, 87, 89, 90, 91, 92, 94, 95, 97, 100, 101, 102, 104, 105, 107, 108, 109, 110, 113, 114, 115, 117, 119, 124, 126, 130, 132, 133, 134, 136, 137, 138, 139, 141, 142, 145, 147, 155, 159, 160, 164, 167, 168, 173, 175, 181, 184, 188, 189, 192, 196, 203, 208, 218, 221, 230, 235, 237, 239, 249, 255, 271, 276, 282, 287, 289, 295, 303, 321, 327, 330, 334, 339, 357, 359, 362, 373, 375, 376, 379, 382, 384, 386, 388, 390, 391, 394, 395, 398, 400, 402, 403, 407, 416, 418, 422, 435, 436, 437, 440, 450, 451, 452, 454, 456, 458, 464, 474, 479, 481, 494, 496, 498, 503, 510, 511, 515, 516, 522, 524, 525, 543, 555, 570, 571, 573, 575, 576, 577, 581, 584, 587, 588, 590, 591, 592, 595, 603, 606, 607, 615, 617, 619, 620, 626, 627, 630, 631, 639, 640, 646, 647, 649, 654, 655, 658, 660, 664, 668, 670, 673, 678, 681, 687, 688, 698, 699, 704, 705, 706, 711, 712, 717, 718, 723, 735, 737, 742, 757]"
hcci_733,AsCast,roi_733,Zeiss Gemini_InLens_5000.0kV_2800.0x,256,3,0,0,770,1,"[1, 2, 3, 4, 5, 6, 7, 8, 9, 10, 11, 12, 13, 14, 15, 16, 17, 18, 19, 20, 21, 22, 23, 24, 25, 26, 27, 28, 29, 30, 31, 32, 33, 34, 35, 36, 37, 38, 39, 40, 41, 42, 43, 44, 45, 46, 47, 48, 51, 53, 55, 58, 59, 60, 62, 63, 65, 66, 69, 70, 72, 73, 74, 75, 77, 78, 79, 84, 88, 89, 90, 91, 93, 95, 96, 98, 101, 102, 103, 104, 107, 111, 115, 116, 118, 119, 125, 126, 131, 132, 133, 135, 137, 138, 139, 140, 141, 144, 146, 147, 148, 149, 153, 158, 160, 163, 167, 168, 169, 174, 176, 181, 182, 183, 185, 188, 190, 191, 203, 207, 212, 214, 216, 217, 221, 226, 228, 232, 237, 238, 250, 261, 273, 277, 278, 280, 288, 295, 299, 302, 307, 310, 313, 319, 325, 327, 333, 334, 338, 339, 340, 344, 352, 356, 358, 363, 365, 367, 374, 378, 379, 380, 384, 385, 386, 389, 391, 398, 403, 420, 429, 430, 432, 434, 440, 445, 447, 450, 456, 461, 463, 469, 470, 472, 475, 478, 480, 483, 485, 486, 495, 507, 510, 516, 527, 533, 536, 540, 541, 542, 544, 546, 547, 554, 562, 564, 566, 568, 574, 577, 578, 579, 580, 581, 585, 586, 587, 588, 589, 599, 609, 611, 614, 616, 618, 619, 620, 622, 623, 626, 631, 634, 636, 640, 647, 648, 650, 655, 658, 661, 663, 665, 667, 670, 672, 679, 680, 687, 696, 700, 708, 724, 730, 732, 734, 749]"
hcci_734,AsCast,roi_734,Zeiss Gemini_InLens_5000.0kV_2800.0x,256,3,0,0,770,1,"[1, 2, 3, 4, 5, 6, 7, 8, 9, 10, 11, 12, 13, 14, 15, 16, 17, 18, 19, 20, 21, 22, 23, 24, 25, 26, 27, 28, 29, 30, 31, 32, 33, 34, 35, 36, 37, 38, 39, 40, 42, 44, 46, 47, 48, 49, 52, 55, 56, 58, 59, 61, 62, 63, 64, 65, 66, 68, 69, 71, 75, 79, 80, 81, 82, 83, 84, 88, 89, 90, 91, 95, 98, 99, 102, 103, 106, 107, 110, 111, 112, 115, 116, 117, 118, 120, 121, 122, 123, 127, 128, 129, 133, 134, 136, 137, 138, 139, 141, 145, 148, 151, 153, 156, 158, 160, 161, 164, 167, 168, 172, 174, 177, 179, 180, 181, 183, 184, 185, 189, 192, 204, 205, 208, 211, 215, 217, 220, 232, 233, 238, 239, 242, 247, 262, 267, 270, 273, 277, 284, 290, 296, 297, 299, 302, 303, 304, 305, 310, 316, 317, 319, 320, 323, 324, 328, 335, 340, 343, 346, 351, 358, 362, 363, 367, 370, 375, 380, 381, 384, 389, 394, 396, 399, 404, 419, 422, 432, 437, 443, 444, 449, 456, 459, 460, 467, 468, 472, 476, 479, 484, 498, 499, 504, 509, 513, 517, 521, 528, 531, 533, 534, 535, 537, 544, 549, 550, 551, 553, 555, 556, 557, 559, 560, 565, 567, 569, 572, 577, 580, 584, 586, 590, 595, 605, 610, 612, 613, 615, 617, 618, 620, 626, 627, 629, 630, 632, 636, 642, 643, 644, 647, 660, 663, 665, 674, 677, 683, 684, 690, 722, 726, 732, 736, 737, 750]"
hcci_735,AsCast,roi_735,Zeiss Gemini_SE_10000.0kV_500.0x,257,2,0,0,771,1,"[1, 2, 3, 4, 5, 6, 7, 8, 9, 10, 11, 12, 13, 15, 16, 18, 19, 20, 22, 23, 24, 25, 26, 27, 28, 30, 35, 36, 38, 40, 41, 42, 43, 44, 45, 46, 47, 48, 49, 50, 51, 52, 53, 54, 55, 56, 58, 59, 60, 62, 63, 65, 66, 67, 68, 69, 70, 72, 73, 74, 75, 77, 79, 80, 81, 82, 83, 84, 85, 87, 88, 89, 90, 91, 92, 93, 94, 95, 96, 97, 99, 100, 101, 102, 104, 105, 106, 107, 108, 109, 110, 111, 112, 113, 114, 115, 116, 118, 119, 120, 122, 123, 124, 125, 126, 128, 130, 131, 132, 134, 135, 136, 137, 138, 139, 140, 141, 143, 144, 146, 147, 148, 149, 150, 153, 154, 155, 157, 158, 159, 160, 161, 164, 166, 167, 168, 170, 173, 174, 178, 180, 181, 182, 183, 185, 189, 191, 193, 194, 196, 197, 199, 200, 204, 205, 207, 208, 209, 210, 211, 212, 213, 214, 215, 216, 217, 219, 220, 222, 224, 225, 226, 228, 232, 233, 235, 236, 241, 243, 247, 251, 254, 255, 256, 257, 258, 264, 266, 267, 269, 275, 278, 283, 284, 286, 289, 292, 299, 304, 308, 309, 312, 324, 326, 327, 331, 332, 336, 342, 346, 348, 355, 356, 357, 358, 362, 368, 374, 381, 382, 383, 386, 399, 403, 429, 430, 433, 437, 445, 446, 448, 450, 478, 481, 483, 489, 492, 500, 502, 503, 531, 534, 543, 544, 552, 554, 555, 567, 574, 579, 581, 582, 586, 612, 614, 616, 625]"
hcci_736,AsCast,roi_736,Zeiss Gemini_SE_10000.0kV_500.0x,257,2,0,0,771,1,"[1, 2, 3, 4, 5, 6, 7, 8, 9, 10, 11, 12, 13, 14, 15, 16, 17, 18, 19, 20, 21, 22, 23, 24, 25, 26, 27, 29, 30, 31, 33, 34, 35, 36, 37, 38, 39, 40, 41, 42, 43, 44, 45, 46, 48, 49, 51, 52, 53, 54, 55, 56, 57, 58, 59, 60, 61, 62, 63, 64, 65, 66, 67, 68, 69, 70, 71, 72, 73, 74, 76, 78, 79, 80, 81, 82, 83, 86, 87, 89, 90, 91, 94, 96, 97, 98, 99, 100, 101, 102, 103, 104, 105, 106, 107, 108, 109, 112, 113, 114, 115, 116, 117, 118, 119, 120, 121, 122, 123, 124, 126, 127, 128, 129, 131, 132, 136, 137, 138, 139, 140, 141, 143, 144, 146, 147, 149, 150, 152, 153, 154, 155, 156, 157, 158, 159, 160, 161, 162, 164, 165, 166, 167, 168, 171, 172, 173, 176, 177, 178, 179, 181, 182, 183, 185, 186, 187, 189, 190, 191, 193, 196, 198, 200, 202, 205, 206, 212, 214, 218, 219, 220, 221, 223, 225, 226, 229, 231, 232, 234, 239, 242, 247, 249, 253, 258, 259, 262, 265, 266, 272, 273, 276, 280, 284, 288, 289, 290, 292, 294, 303, 305, 306, 307, 311, 312, 313, 318, 330, 338, 340, 343, 347, 352, 355, 359, 368, 369, 377, 379, 392, 394, 402, 403, 408, 410, 437, 442, 445, 465, 478, 500, 504, 505, 513, 514, 515, 520, 525, 531, 554, 556, 558, 560, 561, 568, 572, 573, 582, 595, 596, 597, 619, 625, 626, 643, 659]"
hcci_737,AsCast,roi_737,Zeiss Gemini_BSE_10000.0kV_500.0x,256,3,0,0,770,1,"[1, 2, 3, 4, 5, 6, 7, 8, 9, 10, 11, 12, 13, 14, 15, 16, 17, 18, 19, 20, 21, 22, 23, 24, 25, 26, 27, 28, 29, 30, 31, 32, 33, 34, 35, 36, 37, 38, 39, 40, 41, 42, 43, 44, 45, 46, 47, 48, 49, 50, 51, 52, 53, 54, 55, 56, 57, 58, 59, 60, 61, 62, 63, 64, 65, 66, 67, 68, 69, 70, 71, 72, 73, 74, 75, 76, 77, 78, 79, 80, 81, 82, 83, 84, 85, 86, 87, 88, 89, 90, 91, 92, 93, 94, 95, 96, 97, 98, 99, 100, 101, 102, 103, 104, 105, 107, 108, 109, 110, 111, 112, 113, 114, 115, 116, 117, 118, 119, 120, 121, 122, 123, 124, 125, 127, 128, 129, 131, 132, 135, 137, 138, 139, 141, 142, 145, 147, 148, 149, 151, 152, 155, 156, 159, 160, 162, 164, 167, 170, 171, 177, 181, 183, 185, 188, 190, 192, 195, 198, 200, 205, 207, 208, 211, 212, 217, 219, 220, 221, 225, 232, 233, 234, 239, 242, 248, 250, 252, 261, 263, 265, 266, 267, 269, 270, 274, 276, 277, 281, 285, 286, 288, 290, 299, 300, 307, 308, 312, 317, 318, 323, 325, 328, 349, 351, 353, 363, 366, 373, 377, 381, 382, 384, 385, 390, 392, 401, 405, 408, 411, 420, 423, 425, 430, 431, 434, 441, 442, 446, 448, 456, 460, 474, 475, 479, 481, 483, 487, 490, 492, 497, 500, 501, 510, 512, 516, 540, 542, 549, 569, 571, 583, 606, 648, 684, 687]"
hcci_738,AsCast,roi_738,Zeiss Gemini_BSE_10000.0kV_500.0x,256,3,0,0,770,1,"[1, 2, 3, 4, 5, 6, 7, 8, 9, 10, 11, 12, 13, 14, 15, 16, 17, 18, 19, 20, 21, 22, 23, 24, 25, 26, 27, 28, 29, 30, 31, 32, 33, 34, 35, 36, 37, 38, 39, 40, 41, 42, 43, 44, 45, 46, 47, 48, 49, 50, 51, 52, 53, 54, 55, 56, 57, 58, 59, 60, 61, 62, 63, 64, 65, 66, 67, 68, 69, 70, 71, 72, 73, 74, 75, 76, 77, 78, 79, 80, 81, 82, 83, 84, 85, 86, 87, 88, 89, 90, 91, 92, 93, 94, 95, 96, 97, 98, 99, 100, 101, 102, 103, 104, 105, 106, 107, 108, 109, 110, 111, 112, 113, 114, 115, 116, 117, 118, 119, 120, 121, 122, 123, 124, 125, 126, 127, 128, 129, 130, 131, 132, 134, 135, 136, 137, 138, 139, 140, 142, 144, 145, 146, 148, 153, 154, 155, 156, 157, 162, 165, 168, 169, 172, 173, 174, 175, 180, 181, 182, 183, 189, 190, 191, 192, 196, 200, 203, 207, 210, 213, 215, 216, 217, 218, 219, 221, 223, 225, 227, 230, 231, 232, 236, 240, 242, 245, 247, 255, 262, 264, 272, 274, 275, 276, 279, 280, 285, 290, 303, 309, 311, 312, 326, 328, 333, 334, 336, 338, 341, 342, 353, 357, 372, 384, 388, 393, 398, 401, 409, 412, 413, 418, 422, 425, 429, 434, 436, 454, 459, 471, 472, 482, 485, 486, 488, 501, 505, 508, 512, 515, 516, 519, 524, 537, 540, 551, 559, 568, 569, 571, 584, 591, 596, 619, 625]"
hcci_739,AsCast,roi_739,Zeiss Gemini_InLens_10000.0kV_500.0x,256,3,0,0,770,1,"[1, 2, 3, 4, 5, 6, 7, 8, 9, 10, 11, 12, 13, 14, 15, 16, 17, 18, 19, 20, 21, 22, 23, 24, 25, 26, 27, 28, 29, 30, 31, 32, 33, 34, 35, 36, 38, 40, 41, 42, 43, 44, 45, 46, 47, 48, 49, 50, 51, 53, 54, 55, 56, 57, 58, 59, 60, 62, 64, 65, 67, 68, 69, 70, 72, 73, 75, 77, 78, 79, 80, 81, 82, 83, 84, 86, 87, 89, 90, 91, 92, 93, 94, 95, 97, 98, 99, 100, 101, 102, 103, 104, 105, 106, 107, 108, 109, 110, 111, 113, 114, 115, 116, 117, 118, 120, 121, 122, 123, 125, 127, 128, 130, 132, 133, 134, 135, 136, 137, 138, 140, 141, 143, 144, 145, 146, 149, 151, 152, 155, 157, 158, 159, 161, 162, 166, 167, 169, 174, 176, 177, 179, 180, 184, 187, 194, 195, 198, 200, 201, 202, 205, 209, 210, 211, 215, 216, 217, 219, 222, 223, 227, 231, 232, 234, 239, 241, 246, 248, 249, 256, 257, 263, 264, 267, 272, 273, 274, 279, 282, 283, 286, 287, 289, 292, 301, 306, 307, 308, 312, 314, 315, 316, 318, 320, 323, 328, 329, 335, 339, 345, 349, 353, 356, 358, 359, 371, 374, 375, 376, 377, 385, 393, 394, 398, 403, 405, 411, 414, 420, 423, 438, 439, 449, 454, 457, 458, 471, 472, 474, 479, 489, 496, 514, 517, 518, 532, 547, 552, 553, 555, 559, 561, 562, 586, 596, 598, 600, 623, 652, 664, 687, 709, 716, 737, 758]"
hcci_74,Q980_9h_AC,roi_74,Helios G4 PFIB CXe_SE_5000.0kV_1000.0x,252,3,0,0,770,1,"[1, 2, 3, 4, 5, 6, 7, 8, 9, 10, 11, 12, 13, 14, 15, 16, 17, 18, 20, 21, 22, 23, 24, 25, 27, 28, 29, 30, 31, 32, 33, 34, 36, 38, 40, 41, 44, 46, 47, 49, 50, 52, 53, 56, 58, 59, 61, 62, 63, 67, 69, 70, 74, 75, 76, 79, 80, 81, 83, 84, 90, 93, 96, 98, 100, 101, 102, 106, 108, 121, 122, 123, 125, 127, 128, 134, 135, 137, 140, 142, 143, 144, 153, 157, 161, 165, 166, 168, 173, 174, 175, 178, 183, 185, 186, 187, 189, 190, 192, 196, 197, 198, 199, 200, 201, 205, 213, 215, 216, 219, 220, 225, 232, 234, 237, 238, 244, 245, 247, 248, 249, 251, 253, 256, 260, 262, 263, 268, 271, 272, 273, 275, 276, 289, 293, 294, 296, 301, 302, 303, 306, 307, 312, 323, 334, 340, 347, 348, 350, 351, 352, 356, 357, 358, 359, 360, 362, 365, 366, 367, 369, 371, 376, 378, 380, 384, 385, 391, 394, 396, 397, 401, 402, 405, 409, 410, 413, 434, 441, 444, 453, 454, 461, 465, 474, 480, 484, 491, 495, 498, 507, 510, 513, 519, 521, 524, 534, 535, 539, 540, 546, 547, 555, 558, 567, 570, 571, 572, 574, 576, 593, 604, 612, 614, 615, 621, 622, 625, 629, 640, 645, 655, 665, 669, 677, 679, 680, 683, 685, 686, 690, 692, 699, 705, 709, 710, 715, 716, 725, 730, 735, 738, 743, 745, 751, 752, 755, 761, 765, 767, 769, 770]"
hcci_740,AsCast,roi_740,Zeiss Gemini_InLens_10000.0kV_500.0x,256,3,0,0,770,1,"[1, 2, 3, 4, 5, 6, 7, 8, 9, 10, 11, 12, 13, 14, 15, 16, 17, 18, 19, 20, 21, 22, 23, 24, 25, 26, 27, 28, 29, 30, 31, 32, 33, 34, 35, 38, 39, 40, 41, 43, 44, 45, 46, 47, 48, 49, 50, 51, 52, 53, 54, 55, 56, 57, 59, 60, 61, 62, 63, 66, 67, 68, 69, 71, 73, 74, 76, 77, 78, 79, 80, 81, 82, 84, 85, 87, 88, 89, 90, 91, 92, 94, 95, 96, 97, 98, 99, 100, 101, 102, 103, 105, 106, 107, 108, 109, 110, 112, 113, 114, 115, 117, 118, 120, 121, 122, 123, 124, 125, 127, 129, 130, 131, 133, 134, 135, 136, 137, 138, 139, 140, 141, 142, 143, 144, 145, 147, 149, 150, 156, 157, 158, 160, 161, 163, 165, 168, 169, 172, 176, 178, 179, 180, 184, 186, 190, 191, 192, 198, 199, 200, 201, 202, 206, 214, 215, 216, 221, 224, 225, 226, 228, 229, 230, 231, 240, 242, 247, 248, 250, 251, 258, 262, 266, 268, 269, 276, 277, 278, 281, 282, 284, 288, 289, 297, 298, 300, 305, 309, 310, 312, 317, 320, 324, 325, 326, 327, 328, 329, 338, 340, 350, 355, 361, 364, 365, 366, 369, 373, 375, 380, 385, 387, 393, 396, 400, 409, 410, 413, 417, 420, 422, 426, 436, 450, 459, 465, 471, 480, 481, 485, 486, 493, 517, 524, 529, 535, 541, 548, 558, 560, 561, 564, 570, 579, 606, 608, 612, 621, 655, 663, 687, 710, 711, 738, 756]"
hcci_741,AsCast,roi_741,Zeiss Gemini_SE_10000.0kV_2800.0x,256,3,0,0,770,1,"[1, 2, 3, 4, 5, 6, 7, 8, 9, 10, 11, 12, 13, 14, 15, 16, 17, 18, 19, 20, 21, 22, 23, 24, 25, 26, 27, 28, 29, 30, 31, 32, 33, 34, 35, 36, 37, 38, 39, 40, 41, 42, 43, 44, 45, 46, 47, 48, 49, 50, 51, 52, 53, 54, 55, 56, 57, 58, 59, 60, 61, 62, 63, 64, 65, 66, 67, 68, 71, 72, 73, 74, 75, 76, 77, 78, 79, 80, 81, 82, 83, 84, 85, 86, 87, 88, 89, 90, 91, 92, 93, 95, 96, 97, 98, 99, 100, 101, 102, 103, 104, 105, 106, 107, 108, 109, 110, 111, 112, 113, 114, 116, 120, 121, 122, 123, 124, 125, 126, 127, 128, 129, 130, 131, 132, 135, 139, 140, 142, 143, 144, 146, 147, 149, 150, 151, 155, 156, 157, 159, 160, 161, 162, 163, 164, 165, 166, 168, 169, 172, 174, 175, 177, 178, 179, 180, 181, 182, 184, 188, 189, 190, 191, 193, 196, 197, 198, 200, 201, 203, 205, 207, 211, 213, 214, 215, 216, 219, 221, 225, 226, 227, 228, 230, 232, 236, 239, 240, 241, 242, 245, 246, 249, 251, 253, 255, 256, 257, 261, 263, 264, 265, 267, 268, 271, 274, 275, 276, 280, 281, 282, 283, 288, 289, 292, 293, 297, 299, 300, 301, 302, 304, 309, 312, 313, 316, 322, 325, 332, 342, 343, 349, 353, 355, 356, 361, 365, 366, 369, 371, 377, 392, 404, 430, 438, 442, 445, 490, 532, 546, 598, 605, 610, 632, 682, 726]"
hcci_742,AsCast,roi_742,Zeiss Gemini_SE_10000.0kV_2800.0x,256,3,0,0,770,1,"[1, 2, 3, 4, 5, 6, 7, 8, 9, 10, 11, 12, 13, 14, 15, 16, 17, 18, 19, 20, 21, 22, 23, 24, 25, 26, 28, 29, 30, 31, 32, 33, 34, 35, 36, 37, 38, 39, 40, 41, 42, 43, 44, 45, 46, 47, 48, 49, 50, 51, 52, 53, 55, 56, 57, 58, 60, 61, 62, 63, 64, 65, 66, 67, 68, 69, 70, 71, 72, 73, 74, 75, 76, 77, 78, 79, 80, 81, 82, 83, 84, 85, 88, 89, 91, 92, 93, 94, 95, 96, 97, 98, 99, 100, 101, 102, 103, 105, 107, 108, 109, 110, 112, 113, 114, 117, 118, 119, 120, 122, 123, 124, 125, 126, 127, 129, 130, 131, 132, 133, 134, 139, 140, 141, 143, 144, 145, 147, 148, 149, 150, 151, 153, 155, 156, 158, 159, 160, 161, 163, 164, 166, 167, 168, 169, 170, 172, 173, 175, 176, 179, 180, 181, 183, 184, 185, 186, 187, 189, 190, 193, 196, 198, 199, 201, 202, 203, 204, 205, 207, 210, 212, 213, 214, 216, 219, 220, 221, 222, 223, 224, 225, 227, 228, 231, 232, 233, 235, 238, 239, 240, 241, 242, 243, 246, 247, 248, 249, 251, 253, 255, 256, 257, 261, 262, 263, 264, 268, 269, 270, 276, 279, 280, 281, 285, 286, 288, 289, 291, 294, 296, 298, 306, 307, 311, 312, 313, 314, 316, 319, 322, 329, 343, 344, 350, 352, 359, 364, 366, 367, 374, 377, 402, 406, 407, 423, 450, 461, 474, 493, 537, 564, 579, 608, 653, 700]"
hcci_743,AsCast,roi_743,Zeiss Gemini_BSE_10000.0kV_2800.0x,256,3,0,0,770,1,"[1, 2, 3, 4, 5, 6, 7, 8, 9, 10, 11, 12, 13, 14, 15, 16, 17, 18, 19, 20, 21, 22, 23, 24, 25, 26, 27, 28, 29, 30, 31, 32, 33, 34, 35, 36, 37, 38, 39, 40, 41, 42, 43, 44, 45, 46, 47, 48, 49, 50, 51, 52, 53, 54, 55, 56, 57, 58, 59, 60, 61, 62, 63, 64, 65, 66, 67, 68, 69, 70, 71, 72, 73, 74, 75, 76, 77, 78, 79, 80, 82, 83, 84, 85, 86, 87, 88, 89, 91, 92, 93, 94, 96, 97, 99, 100, 101, 104, 105, 106, 107, 108, 111, 112, 114, 117, 118, 123, 124, 128, 139, 162, 164, 166, 167, 171, 175, 176, 177, 178, 181, 185, 186, 189, 190, 195, 200, 202, 204, 206, 207, 213, 214, 217, 219, 221, 222, 223, 224, 229, 233, 235, 247, 249, 257, 264, 278, 281, 283, 293, 296, 303, 304, 310, 314, 315, 316, 321, 322, 324, 326, 327, 329, 333, 340, 344, 351, 352, 358, 363, 364, 366, 372, 380, 390, 393, 394, 396, 400, 401, 403, 404, 407, 408, 410, 411, 415, 420, 426, 429, 430, 442, 450, 452, 454, 469, 470, 471, 472, 474, 478, 483, 484, 486, 495, 496, 497, 501, 502, 503, 509, 511, 512, 514, 516, 518, 520, 527, 529, 534, 540, 554, 556, 558, 563, 565, 568, 577, 585, 587, 593, 598, 600, 603, 608, 616, 617, 623, 626, 627, 635, 636, 644, 650, 651, 654, 656, 666, 669, 681, 694, 697, 698, 701, 726, 744]"
hcci_744,AsCast,roi_744,Zeiss Gemini_BSE_10000.0kV_2800.0x,256,3,0,0,770,1,"[1, 2, 3, 4, 5, 6, 7, 8, 9, 10, 11, 12, 13, 14, 15, 16, 17, 18, 19, 20, 21, 22, 23, 24, 25, 26, 27, 28, 29, 30, 31, 32, 33, 34, 35, 36, 37, 38, 39, 40, 41, 42, 43, 44, 45, 46, 47, 48, 49, 50, 51, 52, 53, 54, 55, 56, 57, 58, 59, 60, 61, 62, 63, 64, 65, 66, 67, 68, 69, 70, 71, 72, 73, 74, 75, 76, 77, 78, 79, 80, 81, 82, 83, 84, 85, 86, 87, 88, 89, 90, 92, 94, 95, 96, 97, 98, 99, 100, 101, 102, 103, 104, 105, 106, 107, 108, 110, 111, 113, 114, 115, 116, 117, 118, 120, 121, 122, 124, 125, 129, 130, 131, 133, 134, 135, 138, 140, 142, 143, 144, 145, 146, 147, 151, 155, 156, 157, 163, 167, 169, 170, 173, 174, 176, 177, 178, 179, 181, 184, 185, 188, 191, 194, 195, 196, 199, 202, 205, 206, 207, 223, 227, 229, 234, 235, 240, 241, 243, 246, 247, 253, 256, 257, 259, 266, 269, 275, 278, 286, 287, 288, 293, 296, 297, 301, 304, 307, 308, 309, 315, 317, 322, 325, 329, 330, 335, 337, 340, 350, 357, 361, 379, 383, 386, 393, 397, 400, 402, 408, 410, 416, 421, 423, 436, 437, 448, 449, 451, 456, 459, 460, 473, 475, 488, 491, 496, 501, 503, 512, 516, 527, 529, 533, 556, 558, 559, 561, 563, 567, 568, 571, 575, 580, 590, 597, 598, 606, 618, 626, 634, 637, 642, 655, 662, 670, 710]"
hcci_745,AsCast,roi_745,Zeiss Gemini_InLens_10000.0kV_2800.0x,256,3,0,0,770,1,"[1, 2, 3, 4, 5, 6, 7, 8, 9, 10, 11, 12, 13, 14, 15, 16, 17, 18, 19, 20, 21, 22, 23, 24, 25, 26, 27, 28, 29, 30, 31, 32, 33, 34, 35, 36, 37, 38, 39, 40, 41, 42, 43, 44, 47, 49, 52, 55, 56, 57, 58, 60, 62, 64, 65, 66, 70, 71, 73, 76, 78, 79, 80, 82, 84, 86, 92, 93, 94, 95, 97, 98, 99, 103, 104, 105, 106, 110, 111, 113, 114, 118, 119, 120, 122, 123, 124, 125, 126, 128, 129, 130, 132, 137, 143, 146, 158, 160, 162, 174, 175, 184, 191, 195, 198, 199, 203, 205, 207, 227, 229, 238, 246, 247, 250, 255, 278, 287, 294, 308, 313, 315, 322, 323, 328, 341, 349, 350, 354, 356, 364, 368, 371, 374, 375, 378, 381, 386, 392, 393, 394, 395, 398, 400, 401, 403, 421, 422, 423, 426, 429, 430, 431, 434, 443, 445, 447, 450, 451, 454, 459, 460, 465, 468, 471, 483, 484, 487, 489, 490, 497, 502, 503, 507, 508, 513, 517, 518, 519, 520, 523, 526, 527, 530, 531, 538, 541, 543, 544, 549, 550, 552, 553, 561, 563, 567, 570, 576, 584, 586, 591, 592, 594, 595, 599, 601, 604, 605, 608, 612, 618, 619, 623, 624, 628, 630, 634, 636, 638, 642, 643, 644, 646, 649, 652, 653, 658, 661, 662, 666, 667, 668, 675, 676, 678, 679, 680, 684, 685, 688, 693, 695, 697, 698, 700, 704, 710, 711, 715, 725, 726, 732, 738, 740, 747, 760]"
hcci_746,AsCast,roi_746,Zeiss Gemini_InLens_10000.0kV_2800.0x,256,3,0,0,770,1,"[1, 2, 3, 4, 5, 6, 7, 8, 9, 10, 11, 12, 13, 14, 15, 16, 17, 18, 19, 20, 21, 22, 23, 24, 25, 26, 27, 28, 29, 30, 31, 32, 33, 34, 36, 37, 38, 39, 40, 41, 44, 45, 47, 48, 50, 51, 52, 54, 55, 58, 59, 60, 62, 63, 64, 66, 68, 69, 70, 71, 78, 79, 82, 83, 85, 86, 89, 90, 93, 94, 95, 96, 97, 103, 105, 107, 111, 113, 114, 116, 120, 121, 122, 126, 127, 131, 132, 134, 135, 137, 138, 139, 142, 145, 147, 148, 151, 154, 162, 165, 171, 174, 175, 180, 205, 218, 225, 229, 234, 246, 251, 264, 266, 272, 277, 279, 281, 285, 289, 291, 298, 301, 307, 311, 312, 315, 323, 324, 326, 334, 340, 342, 343, 354, 356, 357, 358, 359, 361, 363, 365, 367, 370, 373, 374, 380, 383, 384, 387, 392, 393, 395, 405, 408, 409, 411, 412, 414, 424, 434, 435, 437, 438, 441, 442, 443, 449, 450, 451, 452, 453, 455, 457, 460, 464, 470, 474, 483, 486, 494, 497, 500, 501, 504, 506, 507, 510, 516, 521, 525, 527, 536, 538, 540, 542, 545, 551, 554, 558, 565, 570, 573, 574, 576, 577, 580, 585, 594, 595, 597, 601, 602, 605, 606, 608, 609, 611, 612, 613, 617, 618, 619, 621, 622, 623, 624, 625, 633, 635, 639, 641, 642, 647, 652, 656, 657, 658, 659, 660, 670, 674, 676, 678, 683, 687, 688, 696, 698, 700, 701, 717, 722, 723, 726, 740, 749]"
hcci_747,AsCast,roi_747,Zeiss Gemini_SE_20000.0kV_500.0x,256,3,0,0,770,1,"[1, 2, 3, 4, 5, 6, 7, 9, 11, 12, 14, 17, 18, 19, 20, 21, 22, 23, 24, 25, 26, 32, 33, 34, 35, 36, 38, 39, 40, 43, 45, 46, 47, 48, 50, 51, 53, 54, 55, 56, 57, 58, 59, 60, 61, 62, 64, 65, 66, 67, 68, 69, 70, 71, 72, 73, 74, 75, 76, 78, 79, 80, 81, 82, 84, 85, 86, 87, 88, 89, 90, 91, 92, 93, 94, 95, 96, 97, 98, 101, 102, 103, 104, 105, 106, 107, 108, 109, 110, 112, 113, 114, 115, 116, 117, 118, 119, 121, 122, 123, 124, 125, 127, 128, 129, 130, 131, 132, 133, 134, 135, 136, 137, 139, 140, 141, 143, 146, 147, 148, 149, 150, 152, 154, 155, 156, 157, 158, 159, 160, 165, 166, 167, 168, 170, 171, 172, 177, 183, 184, 185, 188, 189, 191, 192, 193, 194, 196, 197, 200, 201, 203, 204, 205, 207, 208, 210, 212, 213, 216, 217, 218, 220, 221, 223, 224, 225, 226, 230, 231, 232, 233, 237, 240, 242, 245, 246, 250, 256, 257, 260, 262, 265, 266, 267, 268, 271, 277, 278, 280, 282, 291, 295, 303, 311, 315, 316, 318, 320, 324, 333, 337, 345, 349, 350, 351, 357, 360, 361, 364, 365, 367, 376, 391, 399, 400, 404, 405, 407, 420, 422, 429, 430, 432, 448, 457, 462, 465, 475, 476, 481, 486, 496, 497, 498, 500, 504, 509, 527, 528, 533, 547, 552, 558, 565, 572, 579, 581, 588, 598, 602, 611, 612, 625, 627, 636]"
hcci_748,AsCast,roi_748,Zeiss Gemini_SE_20000.0kV_500.0x,256,3,0,0,770,1,"[1, 2, 3, 4, 5, 6, 7, 8, 9, 10, 11, 12, 13, 15, 16, 17, 18, 19, 20, 21, 23, 24, 25, 26, 27, 28, 29, 31, 32, 33, 34, 35, 36, 37, 38, 40, 41, 42, 43, 44, 45, 46, 47, 48, 49, 50, 51, 52, 53, 55, 56, 57, 59, 60, 61, 62, 63, 65, 66, 67, 70, 72, 73, 75, 76, 77, 78, 79, 81, 82, 83, 85, 86, 87, 88, 89, 90, 92, 93, 94, 95, 96, 97, 98, 99, 102, 103, 104, 105, 106, 107, 108, 109, 110, 112, 113, 114, 115, 116, 118, 119, 120, 122, 123, 124, 125, 126, 127, 128, 129, 130, 131, 132, 134, 135, 136, 137, 138, 139, 140, 143, 146, 147, 148, 149, 150, 151, 152, 153, 154, 155, 156, 157, 158, 160, 163, 164, 165, 168, 169, 170, 171, 172, 173, 175, 176, 179, 180, 181, 187, 188, 190, 193, 194, 196, 197, 198, 203, 206, 207, 208, 210, 213, 214, 216, 217, 218, 220, 222, 223, 229, 230, 231, 233, 236, 239, 242, 244, 248, 250, 252, 254, 258, 259, 261, 262, 272, 276, 277, 279, 283, 288, 291, 292, 297, 298, 299, 307, 309, 311, 316, 317, 325, 326, 338, 343, 344, 347, 348, 352, 357, 365, 366, 377, 379, 380, 381, 384, 390, 392, 404, 407, 412, 415, 431, 443, 461, 468, 474, 483, 488, 496, 499, 505, 506, 515, 519, 520, 536, 543, 546, 550, 556, 572, 574, 582, 585, 595, 596, 600, 603, 610, 617, 629, 642, 658]"
hcci_749,AsCast,roi_749,Zeiss Gemini_BSE_20000.0kV_500.0x,256,3,0,0,770,1,"[1, 2, 3, 4, 5, 6, 7, 8, 9, 10, 11, 12, 13, 14, 15, 16, 17, 18, 19, 20, 21, 22, 23, 24, 25, 26, 27, 28, 29, 30, 31, 32, 33, 34, 35, 36, 37, 38, 39, 40, 41, 42, 43, 44, 45, 46, 47, 48, 49, 50, 51, 52, 53, 54, 55, 56, 57, 58, 59, 60, 61, 62, 63, 64, 65, 66, 67, 68, 69, 70, 71, 72, 73, 74, 75, 76, 77, 78, 79, 80, 81, 82, 83, 84, 85, 86, 87, 88, 89, 90, 91, 92, 93, 94, 95, 96, 97, 98, 99, 100, 101, 102, 103, 104, 105, 106, 107, 108, 109, 110, 111, 112, 113, 114, 115, 116, 117, 118, 119, 120, 121, 122, 123, 124, 125, 126, 127, 128, 129, 130, 131, 132, 133, 134, 135, 136, 137, 138, 139, 140, 141, 142, 143, 144, 145, 146, 147, 148, 149, 150, 151, 152, 153, 154, 155, 156, 157, 158, 159, 160, 161, 162, 163, 164, 165, 166, 167, 168, 169, 170, 171, 172, 173, 174, 175, 176, 177, 178, 179, 180, 181, 184, 186, 187, 188, 190, 191, 192, 193, 195, 199, 201, 202, 203, 204, 205, 206, 207, 208, 209, 211, 214, 215, 216, 222, 223, 226, 227, 231, 236, 237, 241, 243, 244, 246, 250, 254, 255, 256, 261, 262, 266, 267, 268, 271, 277, 281, 287, 288, 299, 303, 315, 323, 334, 347, 352, 358, 361, 362, 371, 375, 384, 392, 431, 454, 460, 466, 468, 481, 506, 530, 573, 626, 636, 666, 692]"
hcci_75,Q980_9h_AC,roi_75,Helios G4 PFIB CXe_BSE_5000.0kV_1000.0x,252,3,0,0,770,1,"[1, 2, 4, 6, 7, 8, 9, 10, 11, 12, 14, 15, 16, 18, 19, 20, 21, 22, 24, 25, 26, 27, 29, 31, 32, 33, 34, 36, 37, 39, 40, 41, 42, 43, 44, 45, 46, 47, 48, 49, 51, 52, 54, 55, 57, 58, 59, 60, 61, 65, 66, 67, 68, 69, 70, 72, 77, 79, 81, 82, 85, 86, 87, 88, 89, 93, 94, 96, 97, 98, 99, 100, 101, 102, 104, 108, 109, 110, 111, 113, 116, 118, 122, 123, 125, 126, 128, 129, 130, 133, 135, 137, 140, 141, 142, 144, 145, 147, 149, 157, 160, 161, 162, 164, 167, 168, 169, 170, 172, 176, 178, 180, 181, 184, 185, 186, 189, 191, 195, 197, 202, 203, 206, 208, 209, 211, 213, 216, 221, 231, 234, 235, 236, 237, 239, 240, 242, 249, 250, 254, 256, 259, 260, 262, 266, 271, 272, 275, 276, 278, 281, 284, 286, 289, 291, 292, 294, 298, 299, 302, 303, 309, 311, 313, 321, 324, 326, 327, 330, 331, 333, 334, 336, 339, 341, 347, 349, 354, 355, 359, 361, 362, 370, 372, 373, 380, 383, 391, 397, 400, 401, 402, 413, 424, 428, 432, 435, 436, 442, 443, 445, 451, 457, 459, 468, 474, 480, 486, 489, 492, 501, 522, 524, 539, 542, 557, 558, 561, 563, 586, 587, 589, 597, 610, 612, 636, 645, 657, 660, 673, 682, 684, 685, 686, 690, 695, 709, 710, 711, 722, 728, 733, 736, 737, 738, 740, 744, 748, 755, 764, 765, 767]"
hcci_750,AsCast,roi_750,Zeiss Gemini_BSE_20000.0kV_500.0x,256,3,0,0,770,1,"[1, 2, 3, 4, 5, 6, 7, 8, 9, 10, 11, 12, 13, 14, 15, 16, 17, 18, 19, 20, 21, 22, 23, 24, 25, 26, 27, 28, 29, 30, 31, 32, 33, 34, 35, 36, 37, 38, 39, 40, 41, 42, 43, 44, 45, 46, 47, 48, 49, 50, 51, 52, 53, 54, 55, 56, 57, 58, 59, 60, 61, 62, 63, 64, 65, 66, 67, 68, 69, 70, 71, 72, 73, 74, 75, 76, 77, 78, 79, 80, 81, 82, 83, 84, 85, 86, 87, 88, 89, 90, 91, 92, 93, 94, 95, 96, 97, 98, 99, 100, 101, 102, 103, 104, 105, 106, 107, 108, 109, 110, 111, 112, 113, 114, 115, 116, 117, 118, 119, 120, 121, 122, 123, 124, 125, 126, 127, 128, 129, 130, 131, 132, 134, 135, 136, 137, 138, 139, 140, 141, 142, 143, 144, 145, 146, 147, 148, 149, 150, 151, 153, 154, 155, 156, 157, 158, 159, 160, 161, 162, 163, 164, 165, 166, 167, 168, 169, 170, 171, 172, 175, 176, 177, 178, 179, 180, 181, 182, 183, 184, 185, 186, 187, 188, 189, 190, 191, 193, 194, 195, 198, 200, 203, 206, 210, 212, 214, 217, 220, 221, 222, 225, 226, 227, 230, 231, 232, 234, 237, 240, 244, 246, 247, 259, 263, 265, 267, 270, 271, 281, 283, 284, 288, 294, 300, 314, 318, 324, 330, 334, 338, 345, 350, 362, 367, 369, 379, 382, 388, 391, 393, 407, 417, 419, 433, 447, 452, 455, 474, 475, 476, 481, 485, 509, 519, 554]"
hcci_751,AsCast,roi_751,Zeiss Gemini_InLens_20000.0kV_500.0x,256,3,0,0,770,1,"[1, 2, 3, 4, 5, 6, 7, 8, 9, 10, 11, 12, 13, 14, 15, 16, 17, 18, 19, 20, 21, 22, 23, 24, 25, 26, 27, 28, 29, 30, 31, 32, 33, 34, 35, 36, 37, 38, 39, 40, 41, 42, 43, 44, 45, 46, 48, 49, 53, 54, 55, 56, 57, 58, 59, 60, 61, 62, 63, 65, 66, 67, 68, 69, 70, 71, 72, 73, 76, 77, 78, 79, 80, 82, 83, 85, 86, 87, 88, 89, 90, 91, 92, 93, 94, 95, 96, 97, 99, 100, 101, 102, 103, 105, 107, 108, 110, 111, 112, 113, 114, 115, 116, 117, 118, 119, 120, 121, 123, 124, 126, 127, 129, 130, 131, 132, 133, 134, 136, 137, 138, 139, 141, 143, 144, 146, 147, 148, 149, 150, 151, 152, 153, 155, 158, 159, 160, 161, 162, 163, 164, 165, 166, 169, 170, 172, 173, 174, 175, 177, 178, 180, 181, 182, 183, 190, 192, 194, 196, 201, 203, 205, 209, 210, 212, 215, 219, 220, 221, 223, 224, 226, 228, 230, 231, 232, 237, 238, 242, 246, 251, 252, 254, 256, 258, 261, 262, 264, 265, 268, 269, 270, 271, 273, 275, 287, 292, 298, 306, 309, 314, 315, 328, 333, 336, 340, 345, 349, 350, 352, 356, 360, 363, 365, 366, 368, 371, 373, 385, 393, 399, 401, 404, 408, 409, 411, 412, 425, 433, 435, 438, 447, 455, 456, 457, 484, 498, 503, 514, 518, 530, 551, 559, 563, 569, 579, 583, 587, 594, 609, 678, 710, 726, 731, 744, 756]"
hcci_752,AsCast,roi_752,Zeiss Gemini_InLens_20000.0kV_500.0x,256,3,0,0,770,1,"[1, 2, 3, 4, 5, 6, 7, 8, 9, 10, 11, 12, 13, 14, 15, 16, 17, 18, 19, 20, 21, 22, 23, 24, 25, 26, 27, 28, 29, 30, 31, 32, 33, 34, 35, 36, 37, 39, 41, 42, 43, 44, 46, 47, 48, 50, 51, 52, 53, 54, 55, 56, 58, 59, 61, 62, 63, 66, 67, 68, 69, 70, 71, 72, 73, 74, 75, 76, 79, 80, 82, 83, 84, 85, 86, 87, 88, 89, 90, 91, 92, 93, 94, 95, 96, 97, 98, 99, 100, 101, 103, 104, 105, 107, 108, 109, 110, 111, 112, 113, 114, 115, 117, 118, 119, 121, 123, 124, 125, 126, 127, 128, 129, 130, 132, 133, 134, 135, 136, 137, 139, 140, 141, 144, 145, 147, 148, 149, 151, 152, 153, 154, 155, 156, 157, 158, 159, 161, 162, 163, 164, 167, 168, 169, 170, 171, 172, 173, 176, 177, 178, 179, 181, 182, 185, 187, 188, 190, 191, 192, 194, 196, 197, 198, 199, 200, 203, 204, 207, 208, 209, 210, 212, 213, 214, 216, 223, 224, 226, 228, 229, 230, 231, 236, 237, 240, 247, 251, 252, 253, 256, 257, 269, 273, 274, 276, 278, 288, 290, 302, 303, 306, 308, 313, 314, 319, 322, 329, 330, 331, 332, 333, 335, 337, 341, 343, 349, 354, 357, 360, 363, 367, 375, 378, 388, 405, 409, 413, 414, 425, 431, 436, 441, 465, 468, 491, 493, 500, 501, 503, 511, 515, 516, 524, 528, 536, 547, 558, 598, 613, 650, 688, 717, 720, 735, 752]"
hcci_753,AsCast,roi_753,Zeiss Gemini_SE_20000.0kV_2800.0x,256,3,0,0,770,1,"[1, 2, 3, 4, 5, 6, 7, 8, 9, 10, 11, 12, 13, 14, 15, 16, 17, 18, 19, 20, 21, 22, 23, 24, 25, 26, 27, 28, 29, 30, 31, 32, 33, 34, 35, 36, 37, 38, 39, 40, 41, 42, 43, 44, 45, 46, 47, 48, 49, 50, 51, 52, 53, 54, 55, 56, 57, 58, 59, 60, 61, 62, 63, 64, 65, 66, 67, 68, 69, 70, 71, 72, 74, 75, 76, 77, 78, 79, 80, 81, 82, 84, 85, 86, 88, 89, 90, 91, 92, 93, 95, 96, 97, 99, 100, 102, 103, 104, 106, 107, 108, 109, 110, 111, 113, 116, 118, 119, 120, 121, 123, 125, 126, 130, 132, 134, 135, 136, 138, 140, 141, 142, 143, 144, 145, 146, 148, 154, 158, 160, 162, 165, 166, 167, 168, 169, 173, 174, 177, 178, 179, 180, 181, 183, 186, 188, 190, 191, 193, 194, 197, 198, 199, 200, 201, 202, 206, 207, 209, 212, 213, 217, 221, 224, 227, 229, 230, 232, 233, 234, 235, 237, 240, 243, 246, 250, 252, 253, 257, 259, 264, 267, 268, 275, 277, 278, 279, 284, 288, 289, 290, 292, 293, 294, 295, 296, 297, 299, 300, 301, 303, 304, 313, 314, 316, 319, 321, 322, 323, 325, 326, 327, 329, 332, 338, 344, 346, 347, 354, 363, 368, 374, 375, 377, 379, 380, 389, 393, 396, 397, 405, 407, 412, 414, 415, 436, 438, 440, 447, 452, 469, 526, 545, 551, 560, 569, 575, 597, 618, 635, 636, 639, 653, 669, 708, 737]"
hcci_754,AsCast,roi_754,Zeiss Gemini_SE_20000.0kV_2800.0x,256,3,0,0,770,1,"[1, 2, 3, 4, 5, 6, 7, 8, 9, 10, 11, 12, 13, 14, 15, 16, 17, 18, 19, 20, 21, 22, 23, 24, 25, 26, 27, 28, 29, 30, 31, 32, 33, 34, 35, 36, 37, 38, 39, 40, 41, 42, 43, 44, 45, 46, 47, 48, 49, 50, 51, 52, 53, 54, 55, 56, 57, 58, 59, 60, 61, 62, 63, 64, 65, 66, 67, 68, 69, 70, 71, 72, 73, 74, 75, 76, 77, 78, 79, 80, 82, 83, 86, 87, 88, 89, 90, 91, 92, 93, 95, 98, 99, 101, 102, 105, 106, 109, 110, 112, 113, 114, 115, 116, 118, 119, 120, 121, 122, 126, 128, 129, 133, 135, 136, 137, 138, 140, 142, 143, 144, 147, 148, 149, 151, 153, 154, 155, 156, 160, 161, 164, 165, 167, 168, 171, 172, 174, 176, 178, 180, 181, 183, 184, 186, 187, 188, 189, 190, 196, 199, 200, 204, 210, 212, 215, 218, 220, 222, 223, 224, 225, 227, 228, 232, 234, 235, 239, 241, 242, 244, 246, 248, 249, 254, 255, 257, 260, 261, 262, 263, 267, 268, 270, 272, 274, 277, 281, 282, 283, 285, 289, 291, 293, 294, 295, 296, 299, 300, 303, 305, 306, 309, 311, 312, 315, 317, 318, 320, 322, 325, 341, 344, 345, 347, 351, 359, 362, 364, 366, 367, 376, 378, 385, 390, 392, 393, 409, 412, 415, 429, 436, 440, 442, 459, 463, 466, 468, 473, 486, 490, 493, 527, 544, 545, 552, 569, 615, 618, 621, 625, 632, 643, 646, 698, 726]"
hcci_755,AsCast,roi_755,Zeiss Gemini_BSE_20000.0kV_2800.0x,256,3,0,0,770,1,"[1, 2, 3, 4, 5, 6, 7, 8, 9, 10, 11, 12, 13, 14, 15, 16, 17, 18, 19, 20, 21, 22, 23, 24, 25, 26, 27, 28, 29, 30, 31, 32, 33, 34, 35, 36, 37, 38, 39, 40, 41, 42, 43, 44, 45, 46, 47, 48, 49, 50, 51, 52, 53, 54, 55, 56, 57, 58, 59, 60, 61, 62, 63, 64, 65, 66, 67, 68, 69, 70, 71, 72, 73, 74, 75, 76, 77, 78, 79, 80, 81, 82, 83, 84, 85, 86, 87, 89, 90, 91, 94, 96, 97, 99, 103, 104, 106, 107, 109, 110, 111, 113, 115, 116, 117, 120, 121, 122, 124, 128, 131, 133, 138, 142, 145, 166, 171, 172, 173, 176, 177, 178, 180, 184, 193, 195, 196, 197, 198, 201, 203, 204, 205, 207, 213, 215, 216, 222, 223, 224, 226, 230, 231, 239, 240, 243, 250, 253, 264, 265, 271, 272, 275, 276, 279, 283, 287, 289, 294, 295, 296, 299, 302, 310, 315, 318, 320, 327, 329, 331, 334, 335, 338, 348, 358, 362, 367, 371, 372, 373, 376, 382, 386, 392, 400, 401, 402, 404, 409, 410, 413, 417, 420, 421, 426, 427, 429, 432, 435, 436, 438, 444, 445, 449, 450, 455, 456, 467, 470, 473, 479, 481, 484, 491, 493, 502, 504, 508, 512, 519, 526, 529, 532, 535, 537, 539, 547, 550, 552, 562, 563, 566, 569, 574, 578, 579, 580, 581, 606, 615, 620, 627, 631, 639, 640, 642, 650, 666, 682, 698, 711, 715, 716, 718, 731, 749]"
hcci_756,AsCast,roi_756,Zeiss Gemini_BSE_20000.0kV_2800.0x,256,3,0,0,770,1,"[1, 2, 3, 4, 5, 6, 7, 8, 9, 10, 11, 12, 13, 14, 15, 16, 17, 18, 19, 20, 21, 22, 23, 24, 25, 26, 27, 28, 29, 30, 31, 32, 33, 34, 35, 36, 37, 38, 39, 40, 41, 42, 43, 44, 45, 46, 47, 48, 49, 50, 51, 52, 53, 54, 55, 56, 57, 58, 59, 60, 61, 62, 63, 64, 65, 66, 67, 68, 69, 70, 71, 72, 73, 74, 75, 76, 77, 78, 79, 80, 81, 82, 83, 84, 85, 86, 87, 88, 89, 90, 91, 92, 94, 95, 96, 99, 100, 102, 103, 104, 105, 106, 108, 110, 111, 112, 114, 115, 119, 120, 122, 124, 130, 133, 134, 142, 152, 156, 157, 161, 165, 167, 172, 174, 177, 178, 181, 183, 187, 188, 189, 191, 192, 199, 201, 202, 204, 207, 208, 211, 212, 216, 217, 223, 224, 225, 232, 233, 237, 239, 241, 243, 244, 246, 248, 249, 252, 256, 259, 261, 265, 269, 270, 273, 275, 277, 281, 282, 285, 291, 293, 295, 299, 300, 301, 305, 313, 320, 325, 327, 332, 336, 340, 341, 342, 343, 344, 345, 348, 350, 366, 367, 370, 371, 375, 381, 385, 386, 395, 397, 398, 400, 403, 409, 412, 415, 416, 417, 418, 420, 421, 424, 434, 443, 447, 448, 450, 452, 461, 463, 469, 479, 484, 488, 493, 503, 513, 514, 517, 519, 522, 526, 528, 542, 553, 555, 556, 559, 566, 570, 587, 595, 596, 599, 615, 625, 629, 654, 659, 682, 697, 703, 707, 712, 725, 746]"
hcci_757,AsCast,roi_757,Zeiss Gemini_InLens_20000.0kV_2800.0x,256,3,0,0,770,1,"[1, 2, 3, 4, 5, 6, 7, 8, 9, 10, 11, 12, 13, 14, 15, 16, 17, 18, 19, 20, 21, 22, 23, 24, 25, 26, 27, 28, 29, 30, 31, 32, 33, 34, 35, 36, 38, 40, 41, 42, 43, 45, 46, 47, 48, 49, 51, 53, 54, 55, 56, 57, 59, 60, 61, 65, 66, 67, 68, 69, 70, 71, 72, 73, 74, 75, 76, 77, 79, 82, 87, 88, 93, 94, 97, 100, 102, 104, 106, 108, 109, 112, 113, 117, 119, 121, 122, 123, 126, 127, 131, 132, 135, 138, 139, 154, 160, 162, 171, 174, 183, 184, 188, 189, 190, 193, 194, 195, 197, 202, 207, 211, 212, 220, 224, 225, 226, 228, 230, 232, 233, 237, 240, 245, 246, 249, 255, 257, 259, 261, 264, 267, 271, 274, 279, 283, 288, 289, 303, 305, 306, 310, 323, 329, 338, 345, 346, 349, 351, 355, 357, 359, 365, 367, 368, 374, 375, 381, 382, 386, 397, 398, 399, 400, 404, 414, 415, 419, 422, 431, 433, 437, 439, 442, 444, 447, 450, 451, 456, 457, 463, 464, 467, 475, 476, 481, 486, 491, 492, 495, 497, 500, 502, 504, 507, 510, 511, 521, 530, 536, 538, 541, 542, 545, 546, 548, 549, 557, 558, 563, 564, 572, 573, 574, 578, 579, 581, 582, 584, 601, 605, 607, 608, 609, 610, 613, 615, 620, 625, 627, 637, 639, 640, 641, 648, 658, 664, 667, 671, 676, 681, 683, 685, 689, 700, 704, 705, 713, 724, 728, 729, 734, 739, 740, 742, 756]"
hcci_758,AsCast,roi_758,Zeiss Gemini_InLens_20000.0kV_2800.0x,256,3,0,0,770,1,"[1, 2, 3, 4, 5, 6, 7, 8, 9, 10, 11, 12, 13, 14, 15, 16, 17, 18, 19, 20, 21, 22, 23, 24, 25, 26, 27, 28, 29, 30, 31, 32, 33, 34, 36, 37, 38, 40, 41, 43, 44, 45, 46, 47, 49, 50, 51, 52, 53, 55, 56, 57, 59, 60, 63, 64, 65, 67, 68, 69, 70, 71, 75, 76, 80, 81, 82, 87, 88, 89, 90, 92, 94, 98, 99, 101, 106, 107, 112, 113, 116, 119, 120, 121, 123, 125, 126, 130, 131, 135, 136, 143, 151, 153, 158, 159, 162, 169, 171, 179, 180, 183, 187, 192, 195, 198, 199, 204, 207, 211, 212, 217, 218, 219, 223, 224, 227, 230, 231, 235, 236, 242, 243, 247, 248, 250, 251, 254, 257, 258, 265, 267, 269, 270, 271, 275, 277, 281, 284, 287, 297, 303, 305, 311, 312, 316, 321, 325, 330, 334, 338, 345, 348, 351, 353, 354, 361, 362, 365, 371, 372, 373, 374, 376, 377, 384, 386, 389, 390, 397, 398, 400, 404, 407, 409, 412, 417, 419, 422, 423, 428, 429, 433, 437, 440, 443, 444, 447, 448, 459, 461, 467, 468, 470, 472, 476, 481, 482, 486, 494, 497, 505, 507, 509, 522, 526, 532, 535, 539, 542, 544, 551, 553, 556, 557, 560, 561, 562, 567, 575, 576, 579, 589, 591, 595, 596, 598, 603, 606, 607, 609, 610, 618, 627, 628, 631, 643, 645, 646, 647, 652, 656, 665, 670, 679, 684, 688, 706, 710, 711, 716, 722, 726, 732, 735, 745]"
hcci_759,Q980_0h_WC,roi_759,Zeiss Gemini_SE_5000.0kV_500.0x,254,3,0,0,770,1,"[1, 2, 3, 4, 5, 6, 7, 9, 11, 20, 26, 29, 36, 42, 43, 44, 55, 62, 70, 103, 106, 120, 136, 138, 142, 150, 151, 152, 177, 180, 187, 195, 196, 197, 200, 201, 202, 207, 221, 224, 235, 239, 240, 246, 247, 253, 259, 260, 263, 265, 267, 270, 274, 275, 281, 282, 283, 286, 287, 290, 291, 292, 294, 295, 300, 301, 302, 303, 304, 307, 308, 318, 321, 323, 327, 328, 329, 330, 333, 335, 337, 339, 347, 351, 355, 357, 362, 363, 366, 368, 371, 372, 377, 379, 381, 386, 389, 391, 395, 396, 397, 402, 410, 412, 414, 415, 416, 420, 421, 429, 430, 433, 434, 435, 436, 438, 440, 441, 447, 456, 458, 459, 461, 462, 463, 468, 469, 471, 473, 481, 489, 493, 494, 501, 504, 505, 511, 514, 515, 519, 520, 522, 523, 524, 532, 533, 534, 535, 540, 542, 550, 555, 556, 557, 564, 567, 568, 569, 570, 572, 574, 575, 578, 580, 585, 586, 590, 594, 596, 600, 601, 603, 604, 607, 612, 618, 621, 622, 628, 635, 639, 643, 645, 646, 650, 652, 654, 655, 656, 657, 661, 663, 664, 665, 666, 668, 669, 672, 675, 678, 679, 680, 681, 682, 685, 686, 687, 688, 691, 692, 693, 694, 695, 698, 699, 703, 704, 706, 709, 710, 711, 712, 713, 714, 716, 719, 720, 725, 726, 731, 732, 733, 734, 735, 738, 739, 741, 746, 747, 750, 753, 754, 755, 756, 758, 760, 761, 762, 763, 764, 765, 766, 767, 768]"
hcci_76,Q980_9h_AC,roi_76,Helios G4 PFIB CXe_BSE_5000.0kV_1000.0x,252,3,0,0,770,1,"[1, 2, 3, 5, 6, 7, 8, 9, 10, 11, 14, 15, 16, 17, 18, 19, 20, 22, 23, 24, 25, 26, 27, 28, 30, 31, 32, 34, 35, 37, 38, 39, 40, 41, 42, 43, 46, 47, 48, 49, 50, 51, 53, 56, 58, 60, 61, 63, 65, 68, 69, 70, 71, 72, 74, 75, 76, 78, 79, 82, 83, 84, 87, 89, 93, 94, 95, 96, 97, 98, 99, 100, 101, 102, 103, 105, 106, 107, 109, 111, 112, 115, 116, 117, 118, 119, 121, 124, 126, 127, 129, 132, 136, 137, 141, 143, 152, 154, 157, 158, 159, 160, 161, 164, 165, 168, 169, 176, 177, 178, 181, 185, 186, 187, 188, 191, 193, 196, 198, 199, 201, 206, 207, 209, 210, 212, 214, 216, 223, 226, 228, 229, 230, 235, 240, 242, 247, 248, 250, 252, 254, 255, 258, 261, 264, 268, 271, 276, 277, 281, 282, 287, 288, 291, 292, 294, 296, 299, 304, 306, 309, 313, 319, 320, 322, 328, 330, 331, 334, 338, 339, 341, 342, 344, 345, 355, 356, 357, 361, 366, 367, 372, 373, 379, 382, 384, 385, 394, 396, 400, 405, 413, 418, 420, 422, 428, 434, 438, 446, 448, 452, 453, 466, 481, 497, 506, 512, 520, 526, 527, 540, 544, 546, 549, 559, 560, 561, 562, 564, 566, 567, 575, 581, 601, 606, 607, 610, 656, 660, 661, 676, 683, 694, 698, 700, 701, 703, 706, 714, 716, 722, 725, 728, 735, 737, 739, 741, 743, 744, 759, 762, 765]"
hcci_760,Q980_0h_WC,roi_760,Zeiss Gemini_SE_5000.0kV_500.0x,254,3,0,0,770,1,"[1, 2, 3, 4, 5, 6, 7, 9, 12, 19, 26, 34, 44, 45, 47, 50, 68, 79, 102, 111, 112, 128, 147, 149, 154, 157, 186, 189, 193, 199, 200, 206, 209, 214, 217, 220, 224, 230, 236, 248, 250, 254, 270, 272, 273, 274, 276, 282, 287, 288, 289, 290, 293, 294, 297, 298, 303, 306, 307, 308, 311, 312, 315, 320, 323, 324, 326, 327, 329, 330, 332, 333, 334, 335, 340, 341, 344, 347, 358, 359, 360, 361, 368, 369, 370, 372, 375, 376, 378, 379, 382, 385, 402, 404, 405, 410, 413, 414, 415, 416, 418, 420, 422, 425, 426, 427, 429, 434, 439, 441, 443, 447, 450, 456, 457, 458, 464, 466, 467, 468, 476, 481, 485, 488, 489, 490, 491, 493, 496, 499, 503, 508, 512, 513, 517, 519, 523, 525, 526, 535, 538, 539, 540, 544, 546, 548, 549, 551, 556, 558, 559, 562, 564, 565, 566, 570, 571, 574, 578, 579, 583, 586, 593, 594, 596, 597, 598, 603, 605, 607, 611, 612, 617, 619, 629, 631, 633, 635, 636, 638, 643, 645, 646, 649, 650, 652, 653, 656, 657, 658, 661, 662, 664, 666, 668, 673, 676, 677, 678, 680, 681, 683, 684, 687, 688, 689, 692, 693, 694, 697, 699, 701, 702, 704, 705, 707, 708, 711, 714, 715, 716, 718, 719, 720, 721, 725, 726, 727, 728, 730, 732, 734, 735, 737, 738, 739, 741, 743, 746, 750, 752, 754, 757, 758, 759, 760, 761, 762, 763, 764, 765, 766, 767, 768]"
hcci_761,Q980_0h_WC,roi_761,Zeiss Gemini_BSE_5000.0kV_500.0x,254,3,0,0,770,1,"[1, 2, 3, 4, 5, 6, 7, 8, 9, 10, 11, 12, 13, 14, 15, 16, 17, 18, 19, 20, 21, 22, 23, 25, 26, 27, 28, 30, 32, 33, 35, 36, 37, 40, 41, 42, 43, 46, 47, 48, 49, 50, 51, 53, 54, 58, 59, 60, 61, 62, 65, 67, 68, 72, 74, 76, 78, 81, 82, 83, 86, 89, 90, 93, 94, 95, 97, 98, 101, 104, 105, 106, 108, 112, 113, 119, 121, 122, 124, 129, 130, 131, 132, 136, 141, 145, 147, 150, 152, 153, 157, 158, 164, 166, 167, 171, 172, 174, 185, 190, 194, 196, 199, 202, 204, 205, 208, 212, 216, 218, 219, 223, 228, 232, 233, 235, 239, 242, 248, 256, 267, 276, 277, 288, 290, 291, 292, 303, 305, 311, 315, 316, 325, 326, 336, 341, 342, 345, 346, 348, 350, 351, 357, 362, 363, 366, 368, 370, 371, 373, 380, 382, 386, 389, 401, 407, 410, 412, 413, 414, 416, 419, 423, 424, 429, 431, 434, 443, 451, 453, 462, 464, 473, 476, 481, 485, 494, 503, 505, 507, 517, 524, 525, 531, 535, 541, 542, 546, 548, 551, 574, 576, 594, 595, 620, 622, 625, 626, 634, 639, 640, 643, 646, 654, 656, 665, 666, 671, 681, 683, 685, 689, 692, 694, 698, 702, 705, 706, 708, 709, 710, 711, 723, 724, 726, 729, 731, 735, 738, 740, 743, 744, 745, 747, 748, 749, 751, 752, 753, 754, 757, 758, 759, 760, 761, 762, 763, 764, 765, 766, 767, 768, 769, 770]"
hcci_762,Q980_0h_WC,roi_762,Zeiss Gemini_BSE_5000.0kV_500.0x,254,3,0,0,770,2,"[2, 3, 9, 10, 11, 13, 14, 15, 19, 20, 23, 25, 27, 28, 30, 31, 32, 37, 38, 39, 43, 47, 48, 52, 53, 54, 55, 59, 64, 69, 71, 72, 75, 77, 79, 81, 82, 84, 85, 89, 93, 95, 102, 110, 115, 117, 118, 120, 123, 131, 136, 140, 142, 151, 154, 156, 162, 163, 165, 166, 167, 171, 176, 181, 184, 189, 190, 196, 203, 205, 206, 212, 217, 222, 224, 225, 227, 228, 229, 236, 239, 243, 247, 249, 250, 253, 254, 260, 262, 266, 269, 271, 273, 279, 284, 289, 290, 291, 296, 298, 300, 310, 311, 315, 329, 334, 336, 339, 340, 343, 344, 345, 351, 359, 366, 370, 373, 377, 380, 382, 383, 385, 388, 393, 395, 398, 413, 416, 427, 429, 431, 436, 437, 441, 442, 446, 457, 459, 460, 463, 470, 478, 485, 492, 495, 497, 502, 503, 504, 505, 512, 515, 518, 519, 520, 523, 529, 535, 538, 540, 552, 553, 558, 563, 571, 574, 578, 589, 591, 595, 598, 602, 603, 615, 616, 617, 622, 623, 624, 627, 629, 637, 638, 640, 643, 644, 649, 650, 655, 662, 667, 675, 676, 681, 683, 686, 687, 689, 690, 692, 694, 695, 696, 697, 699, 703, 704, 705, 707, 708, 709, 710, 711, 712, 713, 715, 717, 723, 727, 729, 730, 734, 738, 739, 740, 741, 742, 743, 744, 745, 746, 747, 749, 750, 751, 752, 753, 754, 755, 756, 757, 758, 759, 760, 761, 762, 763, 764, 765, 766, 767, 768, 769, 770]"
hcci_763,Q980_0h_WC,roi_763,Zeiss Gemini_InLens_5000.0kV_500.0x,254,3,0,0,770,1,"[1, 2, 3, 4, 5, 6, 7, 8, 9, 10, 11, 12, 13, 14, 15, 16, 17, 18, 20, 21, 22, 25, 29, 31, 34, 35, 38, 43, 47, 50, 54, 58, 69, 71, 72, 76, 77, 79, 81, 92, 93, 94, 96, 98, 99, 100, 101, 102, 107, 108, 109, 112, 120, 123, 127, 135, 138, 150, 151, 154, 157, 159, 162, 165, 169, 170, 178, 184, 185, 188, 189, 190, 195, 199, 200, 203, 205, 206, 209, 210, 215, 219, 220, 224, 225, 233, 235, 237, 238, 240, 241, 242, 243, 244, 245, 248, 249, 252, 256, 257, 258, 259, 260, 269, 274, 275, 276, 280, 283, 292, 294, 297, 302, 307, 308, 310, 312, 313, 315, 316, 321, 322, 323, 325, 326, 327, 331, 332, 334, 335, 339, 341, 348, 352, 354, 359, 360, 361, 362, 363, 364, 371, 373, 376, 378, 380, 386, 388, 389, 395, 398, 399, 400, 408, 414, 415, 417, 422, 427, 442, 443, 448, 449, 452, 455, 458, 459, 466, 476, 482, 492, 496, 498, 500, 504, 514, 519, 523, 524, 533, 535, 546, 547, 548, 551, 554, 559, 566, 567, 568, 577, 579, 580, 581, 583, 587, 592, 606, 607, 610, 611, 616, 617, 618, 621, 632, 637, 643, 645, 647, 652, 653, 657, 660, 661, 669, 671, 673, 683, 685, 688, 690, 691, 694, 696, 701, 702, 707, 709, 710, 723, 724, 730, 735, 736, 740, 741, 743, 747, 748, 752, 755, 757, 758, 759, 760, 761, 762, 763, 764, 766, 767, 769, 770]"
hcci_764,Q980_0h_WC,roi_764,Zeiss Gemini_InLens_5000.0kV_500.0x,254,3,0,0,770,1,"[1, 2, 3, 4, 5, 6, 7, 8, 9, 10, 11, 12, 13, 14, 15, 16, 17, 18, 19, 20, 21, 26, 27, 28, 32, 36, 43, 45, 51, 53, 57, 62, 63, 64, 67, 69, 75, 77, 78, 81, 84, 99, 103, 104, 109, 116, 121, 123, 124, 127, 128, 130, 132, 133, 135, 147, 155, 158, 159, 166, 169, 172, 175, 176, 182, 185, 189, 193, 198, 199, 201, 204, 205, 207, 208, 212, 213, 214, 215, 219, 223, 224, 232, 233, 235, 240, 243, 244, 247, 250, 252, 253, 256, 258, 259, 263, 264, 265, 266, 271, 274, 275, 277, 278, 282, 284, 288, 289, 290, 294, 295, 298, 302, 303, 307, 308, 311, 312, 316, 318, 319, 320, 321, 322, 324, 325, 327, 328, 331, 333, 334, 335, 341, 344, 346, 348, 351, 354, 356, 362, 364, 370, 371, 373, 375, 379, 381, 385, 386, 392, 394, 395, 396, 397, 398, 404, 405, 406, 407, 408, 411, 414, 415, 430, 436, 438, 445, 446, 465, 472, 474, 478, 492, 509, 512, 515, 517, 518, 520, 521, 524, 530, 531, 540, 546, 556, 561, 563, 565, 566, 582, 590, 591, 593, 598, 606, 612, 616, 617, 619, 629, 630, 632, 634, 636, 640, 641, 645, 649, 655, 656, 661, 666, 668, 675, 676, 677, 681, 684, 685, 690, 692, 695, 696, 700, 701, 702, 707, 715, 724, 725, 730, 732, 733, 736, 738, 741, 745, 747, 748, 753, 755, 756, 758, 759, 760, 762, 764, 765, 766, 767, 768, 769, 770]"
hcci_765,Q980_0h_WC,roi_765,Zeiss Gemini_SE_5000.0kV_2800.0x,254,3,0,0,770,1,"[1, 2, 3, 4, 6, 8, 9, 10, 13, 14, 15, 16, 18, 19, 20, 21, 22, 24, 25, 27, 28, 30, 32, 33, 34, 36, 38, 39, 40, 41, 43, 45, 46, 47, 48, 49, 50, 52, 54, 55, 56, 57, 61, 65, 66, 67, 69, 70, 72, 74, 75, 76, 83, 84, 86, 89, 91, 92, 93, 96, 99, 101, 103, 104, 106, 108, 109, 110, 112, 113, 115, 117, 123, 124, 125, 126, 129, 131, 132, 136, 138, 140, 142, 144, 147, 148, 149, 154, 158, 161, 163, 164, 166, 169, 171, 173, 179, 186, 189, 191, 201, 203, 204, 205, 207, 211, 219, 225, 229, 250, 257, 262, 264, 265, 290, 292, 301, 332, 344, 349, 354, 356, 363, 365, 369, 373, 380, 381, 385, 395, 403, 406, 410, 430, 431, 434, 450, 452, 480, 484, 487, 494, 497, 514, 539, 540, 555, 560, 563, 565, 568, 572, 575, 577, 578, 581, 584, 585, 592, 596, 599, 608, 610, 611, 612, 613, 615, 617, 619, 625, 627, 629, 630, 632, 634, 635, 636, 638, 640, 641, 643, 646, 650, 652, 654, 655, 656, 657, 662, 664, 669, 673, 674, 678, 680, 681, 688, 689, 691, 692, 696, 701, 703, 705, 707, 708, 713, 716, 717, 718, 719, 720, 721, 722, 723, 724, 725, 726, 728, 729, 733, 735, 736, 737, 738, 739, 740, 741, 742, 743, 744, 745, 747, 748, 749, 750, 751, 752, 753, 754, 755, 757, 758, 759, 760, 761, 762, 763, 764, 765, 766, 768, 769, 770]"
hcci_766,Q980_0h_WC,roi_766,Zeiss Gemini_SE_5000.0kV_2800.0x,254,3,0,0,770,1,"[1, 2, 3, 4, 5, 6, 9, 10, 11, 12, 13, 15, 17, 19, 20, 22, 23, 24, 25, 26, 29, 31, 32, 33, 34, 38, 39, 40, 41, 42, 43, 44, 45, 46, 47, 50, 51, 54, 56, 57, 58, 59, 62, 64, 65, 66, 67, 73, 74, 76, 78, 79, 81, 82, 87, 88, 89, 91, 97, 98, 100, 101, 102, 103, 105, 106, 107, 108, 109, 112, 115, 116, 119, 123, 126, 129, 130, 131, 134, 136, 140, 141, 142, 145, 146, 147, 148, 151, 155, 157, 159, 162, 168, 170, 172, 173, 176, 179, 181, 184, 190, 192, 196, 204, 209, 215, 217, 223, 232, 245, 261, 270, 281, 286, 290, 300, 308, 314, 324, 332, 338, 342, 347, 348, 357, 358, 361, 366, 371, 373, 376, 388, 406, 410, 411, 412, 429, 435, 468, 474, 475, 487, 499, 503, 518, 524, 535, 542, 544, 545, 560, 561, 566, 568, 572, 573, 575, 576, 588, 593, 596, 598, 600, 602, 604, 607, 611, 615, 616, 617, 618, 621, 624, 629, 635, 638, 640, 641, 643, 646, 647, 648, 649, 650, 651, 652, 656, 657, 658, 660, 663, 664, 668, 669, 673, 674, 680, 682, 685, 686, 691, 695, 701, 703, 707, 708, 709, 710, 713, 715, 717, 718, 719, 721, 722, 724, 726, 727, 729, 730, 731, 733, 734, 735, 737, 739, 740, 741, 742, 743, 744, 745, 746, 747, 749, 750, 751, 752, 753, 754, 755, 757, 758, 759, 760, 761, 762, 763, 764, 766, 767, 768, 769, 770]"
hcci_767,Q980_0h_WC,roi_767,Zeiss Gemini_BSE_5000.0kV_2800.0x,254,3,0,0,770,1,"[1, 2, 3, 4, 5, 6, 7, 8, 9, 10, 11, 12, 13, 14, 15, 16, 17, 18, 19, 20, 21, 22, 24, 25, 26, 28, 29, 30, 31, 32, 36, 37, 40, 43, 44, 46, 50, 53, 55, 59, 60, 62, 64, 65, 67, 71, 72, 77, 81, 82, 83, 89, 91, 93, 95, 96, 102, 104, 106, 114, 115, 119, 121, 122, 129, 130, 138, 140, 141, 145, 146, 148, 155, 158, 163, 164, 169, 173, 180, 182, 183, 186, 190, 191, 198, 202, 203, 204, 205, 206, 208, 211, 224, 225, 229, 230, 233, 237, 239, 240, 243, 244, 258, 259, 261, 265, 270, 272, 274, 276, 277, 282, 284, 299, 303, 307, 309, 313, 316, 320, 322, 327, 329, 333, 340, 343, 344, 353, 357, 363, 364, 365, 369, 375, 377, 379, 380, 383, 386, 396, 401, 407, 408, 409, 412, 415, 416, 417, 423, 430, 431, 435, 440, 441, 443, 444, 446, 449, 450, 451, 458, 463, 469, 475, 477, 479, 487, 489, 491, 500, 503, 507, 510, 515, 525, 526, 527, 530, 531, 533, 538, 540, 544, 545, 549, 550, 551, 552, 565, 574, 575, 576, 577, 582, 583, 588, 590, 594, 597, 604, 609, 613, 615, 618, 622, 623, 625, 627, 628, 630, 639, 642, 646, 652, 656, 671, 676, 680, 683, 684, 688, 690, 693, 694, 697, 703, 706, 709, 711, 715, 718, 724, 725, 726, 730, 731, 738, 740, 741, 744, 746, 748, 749, 750, 752, 753, 758, 763, 764, 765, 766, 767, 768, 770]"
hcci_768,Q980_0h_WC,roi_768,Zeiss Gemini_BSE_5000.0kV_2800.0x,254,3,0,0,770,1,"[1, 2, 3, 4, 5, 6, 7, 9, 10, 12, 13, 14, 15, 16, 17, 18, 20, 22, 23, 26, 28, 30, 34, 35, 40, 42, 47, 56, 57, 63, 70, 77, 78, 81, 84, 87, 90, 93, 102, 109, 110, 113, 118, 123, 124, 129, 134, 135, 136, 137, 141, 152, 154, 155, 158, 162, 165, 171, 174, 177, 180, 185, 189, 190, 192, 194, 195, 202, 203, 207, 208, 215, 219, 220, 221, 224, 227, 239, 242, 243, 254, 256, 261, 267, 273, 277, 283, 284, 285, 286, 290, 292, 297, 299, 300, 301, 304, 305, 307, 310, 313, 314, 321, 323, 325, 328, 329, 330, 340, 346, 348, 351, 352, 353, 356, 357, 364, 368, 379, 381, 390, 395, 400, 401, 403, 404, 407, 409, 413, 414, 416, 420, 423, 426, 428, 434, 435, 440, 442, 453, 458, 461, 463, 467, 469, 472, 478, 481, 485, 487, 489, 491, 493, 494, 514, 516, 519, 523, 525, 526, 528, 530, 532, 537, 542, 545, 547, 553, 556, 558, 562, 564, 566, 568, 571, 574, 575, 580, 586, 588, 589, 590, 592, 593, 596, 597, 600, 601, 607, 610, 612, 613, 616, 618, 620, 624, 627, 628, 634, 638, 645, 647, 648, 649, 652, 653, 654, 655, 657, 658, 661, 664, 667, 669, 670, 671, 673, 674, 677, 678, 684, 689, 690, 694, 698, 699, 704, 711, 712, 717, 720, 723, 724, 725, 729, 730, 734, 735, 737, 742, 744, 746, 748, 749, 752, 753, 758, 762, 764, 766, 767, 768, 769, 770]"
hcci_769,Q980_0h_WC,roi_769,Zeiss Gemini_InLens_5000.0kV_2800.0x,254,3,0,0,770,1,"[1, 2, 3, 4, 5, 6, 7, 8, 9, 10, 11, 12, 13, 14, 15, 16, 17, 18, 19, 20, 21, 22, 23, 24, 25, 26, 27, 28, 29, 31, 33, 34, 35, 36, 37, 38, 39, 41, 42, 43, 44, 45, 46, 47, 48, 49, 50, 52, 53, 54, 57, 58, 59, 60, 61, 63, 65, 67, 68, 70, 71, 73, 74, 75, 76, 79, 81, 84, 88, 89, 91, 92, 95, 98, 101, 102, 105, 106, 110, 111, 115, 117, 118, 119, 127, 131, 133, 142, 147, 163, 169, 173, 175, 189, 193, 204, 206, 209, 211, 217, 232, 237, 242, 258, 260, 265, 273, 276, 281, 286, 289, 292, 293, 296, 304, 309, 314, 316, 323, 325, 330, 334, 343, 345, 350, 351, 352, 356, 363, 366, 369, 371, 378, 380, 383, 385, 386, 388, 389, 399, 416, 417, 419, 420, 422, 424, 426, 431, 435, 439, 445, 447, 453, 464, 467, 470, 471, 472, 476, 480, 481, 486, 487, 493, 494, 495, 504, 505, 513, 515, 519, 521, 522, 524, 528, 529, 531, 535, 538, 541, 550, 551, 553, 556, 558, 565, 574, 577, 578, 579, 580, 581, 584, 590, 592, 598, 602, 608, 610, 614, 617, 618, 620, 621, 628, 641, 645, 650, 654, 660, 664, 666, 670, 671, 676, 680, 684, 687, 689, 699, 701, 704, 705, 707, 711, 712, 713, 717, 718, 720, 721, 723, 725, 726, 727, 734, 738, 739, 740, 742, 747, 750, 751, 756, 758, 760, 762, 763, 765, 766, 767, 768, 769, 770]"
hcci_77,Q980_9h_AC,roi_77,Helios G4 PFIB CXe_InLens_5000.0kV_1000.0x,252,3,0,0,770,1,"[1, 2, 3, 4, 5, 6, 7, 8, 9, 10, 11, 12, 13, 14, 15, 16, 17, 18, 19, 20, 21, 22, 23, 24, 25, 26, 28, 29, 30, 31, 32, 33, 34, 35, 36, 37, 39, 40, 41, 42, 43, 46, 47, 48, 49, 51, 52, 53, 54, 56, 57, 61, 62, 63, 64, 66, 67, 68, 71, 75, 77, 80, 81, 82, 83, 84, 93, 94, 97, 105, 110, 113, 116, 117, 122, 123, 129, 131, 133, 134, 135, 138, 139, 151, 152, 156, 158, 159, 169, 176, 180, 182, 184, 189, 197, 201, 204, 208, 212, 214, 217, 218, 225, 227, 232, 240, 241, 242, 244, 245, 246, 251, 252, 254, 262, 265, 269, 270, 275, 277, 283, 287, 288, 291, 294, 299, 300, 304, 306, 308, 313, 317, 318, 321, 325, 327, 329, 330, 331, 332, 333, 335, 339, 341, 345, 348, 357, 359, 360, 366, 368, 369, 372, 373, 374, 375, 376, 391, 392, 394, 405, 409, 411, 412, 413, 415, 421, 422, 423, 425, 429, 433, 438, 440, 441, 451, 459, 460, 461, 464, 469, 473, 481, 482, 484, 487, 495, 498, 499, 502, 507, 508, 511, 518, 529, 531, 544, 545, 546, 547, 548, 550, 551, 553, 559, 562, 564, 567, 568, 571, 573, 584, 586, 588, 595, 600, 617, 623, 630, 638, 644, 652, 666, 671, 674, 676, 680, 681, 687, 688, 690, 695, 706, 708, 714, 715, 716, 718, 719, 724, 727, 729, 732, 747, 749, 751, 753, 754, 756, 765, 766, 769]"
hcci_770,Q980_0h_WC,roi_770,Zeiss Gemini_InLens_5000.0kV_2800.0x,254,3,0,0,770,1,"[1, 2, 3, 4, 5, 6, 7, 8, 9, 10, 11, 12, 13, 14, 15, 16, 17, 18, 19, 20, 22, 24, 25, 26, 27, 28, 29, 30, 31, 33, 35, 37, 38, 41, 42, 44, 45, 48, 49, 50, 51, 53, 54, 55, 57, 58, 59, 61, 62, 64, 65, 68, 71, 72, 76, 77, 78, 79, 80, 85, 86, 88, 91, 94, 95, 97, 101, 107, 109, 113, 119, 122, 129, 131, 139, 142, 148, 161, 163, 171, 174, 175, 179, 185, 186, 192, 202, 206, 216, 224, 228, 231, 235, 237, 241, 244, 246, 247, 249, 255, 265, 267, 269, 270, 274, 277, 278, 287, 289, 290, 292, 300, 307, 309, 315, 319, 324, 326, 327, 328, 329, 331, 336, 338, 341, 345, 351, 354, 357, 358, 374, 381, 382, 384, 387, 394, 398, 401, 406, 408, 409, 411, 412, 413, 418, 423, 424, 425, 428, 429, 437, 438, 439, 445, 452, 454, 467, 468, 472, 473, 474, 477, 479, 482, 484, 486, 489, 491, 492, 494, 500, 506, 510, 519, 521, 525, 541, 545, 546, 548, 553, 554, 555, 567, 568, 569, 570, 573, 574, 576, 580, 588, 590, 592, 593, 597, 599, 603, 604, 606, 607, 609, 610, 611, 614, 617, 619, 620, 625, 626, 628, 636, 639, 641, 648, 651, 653, 659, 666, 671, 678, 679, 681, 691, 692, 705, 706, 708, 718, 721, 722, 725, 726, 728, 729, 737, 738, 739, 740, 746, 748, 751, 752, 755, 757, 758, 760, 763, 764, 766, 767, 768, 769, 770]"
hcci_771,Q980_0h_WC,roi_771,Zeiss Gemini_SE_10000.0kV_500.0x,254,3,0,0,770,1,"[1, 2, 3, 4, 5, 6, 7, 8, 11, 17, 18, 38, 41, 42, 43, 46, 56, 58, 59, 64, 88, 110, 112, 134, 139, 141, 143, 164, 168, 174, 181, 183, 187, 188, 198, 199, 201, 202, 206, 211, 213, 222, 224, 226, 228, 233, 250, 251, 252, 253, 254, 255, 258, 261, 267, 269, 270, 272, 281, 285, 287, 291, 294, 297, 303, 305, 308, 315, 317, 324, 326, 329, 333, 334, 335, 337, 339, 341, 342, 343, 344, 355, 358, 359, 362, 363, 367, 368, 370, 371, 372, 379, 383, 390, 394, 395, 396, 399, 401, 410, 412, 417, 423, 424, 425, 430, 432, 433, 435, 440, 442, 445, 451, 455, 456, 458, 459, 460, 462, 463, 466, 467, 471, 472, 474, 476, 481, 483, 484, 487, 490, 492, 495, 509, 510, 513, 516, 517, 518, 524, 528, 533, 534, 537, 538, 539, 540, 542, 549, 551, 557, 562, 565, 566, 567, 568, 570, 571, 576, 579, 580, 581, 583, 590, 592, 594, 599, 601, 603, 606, 611, 612, 614, 618, 620, 634, 635, 636, 639, 640, 644, 645, 650, 651, 653, 654, 655, 656, 657, 658, 659, 660, 662, 663, 664, 667, 670, 671, 672, 673, 674, 676, 678, 680, 682, 683, 684, 686, 688, 691, 692, 695, 696, 697, 699, 700, 704, 705, 706, 708, 709, 710, 711, 712, 715, 716, 717, 718, 719, 722, 725, 726, 727, 729, 731, 732, 735, 736, 740, 744, 746, 750, 751, 753, 754, 755, 757, 758, 760, 762, 764, 765, 767, 768]"
hcci_772,Q980_0h_WC,roi_772,Zeiss Gemini_SE_10000.0kV_500.0x,254,3,0,0,770,1,"[1, 2, 3, 4, 7, 10, 15, 16, 23, 25, 29, 34, 51, 58, 69, 73, 81, 90, 94, 95, 97, 99, 106, 112, 113, 120, 141, 148, 168, 169, 174, 181, 193, 197, 199, 221, 222, 228, 232, 237, 239, 240, 241, 249, 252, 257, 264, 271, 274, 275, 278, 279, 280, 283, 284, 285, 294, 296, 317, 319, 321, 326, 330, 332, 334, 345, 346, 348, 351, 353, 359, 364, 365, 367, 369, 373, 379, 382, 384, 389, 391, 392, 396, 398, 401, 402, 403, 404, 405, 410, 411, 415, 416, 427, 428, 431, 434, 440, 441, 442, 443, 444, 445, 446, 447, 449, 451, 452, 455, 457, 458, 462, 463, 465, 466, 467, 468, 469, 473, 478, 479, 487, 494, 495, 496, 499, 500, 503, 514, 518, 519, 521, 523, 526, 527, 531, 532, 533, 536, 537, 538, 541, 542, 543, 544, 545, 546, 547, 548, 551, 553, 554, 555, 561, 565, 566, 567, 569, 571, 572, 573, 580, 581, 583, 585, 586, 587, 591, 597, 599, 600, 603, 604, 605, 606, 608, 609, 610, 614, 616, 617, 619, 620, 621, 622, 625, 632, 634, 635, 642, 645, 648, 654, 656, 660, 661, 665, 667, 669, 673, 674, 676, 678, 679, 680, 684, 686, 689, 691, 693, 695, 696, 697, 698, 699, 703, 706, 708, 709, 712, 713, 716, 719, 720, 721, 722, 724, 727, 728, 729, 730, 731, 733, 734, 735, 736, 738, 739, 742, 745, 747, 748, 749, 750, 751, 752, 756, 758, 759, 763, 764, 766, 767, 768]"
hcci_773,Q980_0h_WC,roi_773,Zeiss Gemini_BSE_10000.0kV_500.0x,254,3,0,0,770,1,"[1, 2, 3, 4, 5, 6, 7, 8, 9, 10, 11, 12, 13, 14, 15, 16, 17, 18, 19, 20, 21, 22, 23, 24, 25, 26, 27, 28, 29, 30, 31, 32, 33, 34, 35, 36, 37, 40, 41, 42, 43, 44, 45, 46, 47, 49, 50, 51, 56, 58, 61, 63, 66, 70, 71, 72, 75, 76, 82, 86, 87, 89, 95, 96, 98, 99, 102, 104, 105, 106, 107, 109, 110, 111, 112, 114, 116, 118, 119, 123, 124, 125, 134, 135, 137, 138, 139, 144, 147, 148, 149, 152, 154, 156, 162, 163, 165, 166, 170, 172, 175, 178, 188, 193, 195, 201, 209, 218, 220, 226, 227, 235, 240, 245, 247, 250, 251, 256, 258, 259, 260, 268, 283, 284, 289, 298, 303, 306, 331, 334, 335, 340, 343, 349, 351, 357, 369, 376, 380, 382, 383, 385, 395, 399, 401, 403, 405, 407, 409, 410, 426, 427, 428, 435, 445, 446, 449, 451, 452, 456, 460, 461, 462, 468, 473, 477, 484, 487, 495, 500, 501, 502, 506, 510, 521, 522, 530, 533, 539, 540, 541, 543, 545, 546, 551, 556, 557, 564, 567, 568, 572, 578, 587, 594, 598, 604, 606, 609, 612, 624, 628, 632, 634, 638, 642, 643, 648, 651, 653, 656, 657, 658, 664, 671, 672, 675, 677, 693, 695, 701, 702, 705, 715, 717, 721, 722, 723, 725, 730, 731, 734, 735, 739, 741, 743, 744, 745, 746, 749, 751, 754, 756, 757, 758, 759, 761, 763, 764, 765, 766, 767, 768, 769, 770]"
hcci_774,Q980_0h_WC,roi_774,Zeiss Gemini_BSE_10000.0kV_500.0x,254,3,0,0,770,1,"[1, 2, 3, 4, 5, 6, 7, 8, 9, 10, 11, 12, 13, 14, 15, 16, 17, 18, 19, 20, 21, 22, 23, 24, 25, 26, 27, 28, 29, 30, 31, 32, 34, 35, 37, 38, 39, 40, 41, 42, 44, 46, 47, 48, 50, 52, 53, 54, 55, 56, 59, 61, 62, 64, 67, 68, 70, 75, 76, 77, 79, 81, 84, 90, 92, 94, 101, 102, 103, 105, 106, 107, 110, 112, 113, 114, 115, 117, 121, 123, 124, 125, 126, 128, 130, 132, 135, 142, 143, 144, 145, 146, 153, 157, 158, 165, 167, 169, 170, 172, 173, 174, 177, 178, 183, 189, 200, 203, 205, 209, 210, 220, 240, 246, 253, 255, 256, 269, 273, 287, 313, 319, 322, 331, 333, 335, 340, 344, 349, 358, 360, 387, 390, 391, 393, 394, 396, 398, 402, 410, 412, 414, 417, 420, 422, 423, 427, 437, 439, 441, 444, 457, 463, 470, 471, 473, 476, 480, 491, 496, 498, 501, 506, 507, 509, 513, 514, 521, 533, 554, 556, 560, 561, 562, 568, 570, 571, 572, 574, 577, 580, 582, 590, 593, 594, 595, 603, 606, 610, 619, 620, 621, 626, 631, 632, 633, 636, 638, 639, 643, 646, 649, 650, 653, 655, 657, 660, 663, 673, 679, 683, 694, 699, 700, 703, 706, 708, 711, 713, 716, 717, 719, 723, 725, 726, 729, 732, 734, 735, 736, 740, 742, 744, 745, 748, 751, 752, 754, 755, 756, 757, 758, 759, 760, 761, 762, 763, 764, 765, 766, 767, 768, 769, 770]"
hcci_775,Q980_0h_WC,roi_775,Zeiss Gemini_InLens_10000.0kV_500.0x,254,3,0,0,770,1,"[1, 2, 3, 4, 5, 6, 7, 8, 9, 10, 11, 12, 13, 14, 15, 16, 17, 19, 20, 21, 22, 29, 30, 36, 42, 47, 48, 51, 54, 56, 57, 61, 62, 66, 68, 72, 73, 75, 81, 83, 88, 89, 92, 95, 96, 98, 101, 102, 107, 109, 110, 112, 115, 119, 120, 123, 127, 129, 132, 133, 134, 138, 140, 141, 142, 145, 147, 152, 155, 157, 160, 162, 164, 172, 180, 184, 189, 190, 192, 194, 197, 198, 202, 203, 213, 223, 227, 228, 249, 254, 256, 257, 260, 261, 267, 272, 277, 278, 280, 282, 283, 285, 286, 287, 288, 298, 305, 308, 309, 310, 312, 313, 315, 317, 320, 321, 322, 325, 329, 331, 341, 345, 346, 348, 349, 352, 353, 354, 355, 356, 357, 360, 361, 366, 368, 369, 371, 372, 377, 379, 384, 391, 394, 397, 398, 399, 401, 402, 403, 406, 407, 408, 415, 416, 419, 421, 422, 423, 426, 427, 429, 430, 433, 436, 438, 444, 445, 448, 450, 454, 455, 457, 460, 466, 472, 474, 478, 486, 487, 488, 492, 498, 500, 503, 507, 513, 514, 524, 527, 531, 532, 539, 543, 544, 552, 558, 567, 569, 579, 595, 600, 601, 602, 604, 607, 608, 616, 617, 618, 631, 634, 635, 636, 637, 641, 647, 648, 656, 658, 659, 662, 667, 669, 671, 673, 675, 676, 679, 685, 687, 688, 692, 698, 700, 701, 714, 715, 721, 724, 732, 734, 737, 742, 746, 748, 750, 757, 758, 759, 763, 766, 767, 768, 769]"
hcci_776,Q980_0h_WC,roi_776,Zeiss Gemini_InLens_10000.0kV_500.0x,254,3,0,0,770,1,"[1, 2, 3, 4, 5, 6, 7, 8, 9, 10, 11, 12, 13, 14, 15, 16, 17, 18, 19, 20, 21, 23, 24, 25, 27, 29, 33, 34, 38, 40, 48, 52, 53, 54, 57, 58, 60, 61, 62, 63, 65, 67, 68, 69, 71, 78, 80, 81, 83, 86, 90, 91, 93, 95, 98, 101, 105, 109, 115, 116, 117, 118, 119, 126, 131, 137, 139, 146, 148, 150, 155, 158, 168, 169, 172, 173, 175, 185, 189, 191, 201, 205, 207, 212, 214, 223, 226, 237, 240, 242, 243, 259, 260, 265, 266, 269, 274, 277, 278, 280, 283, 288, 289, 291, 292, 293, 296, 298, 299, 303, 304, 309, 310, 315, 316, 317, 324, 327, 329, 331, 339, 340, 341, 344, 347, 348, 349, 354, 355, 358, 359, 361, 362, 364, 369, 370, 371, 375, 378, 379, 381, 383, 385, 390, 391, 392, 393, 398, 399, 402, 403, 404, 405, 411, 412, 415, 420, 423, 424, 425, 427, 433, 434, 436, 438, 439, 441, 442, 445, 450, 453, 467, 469, 481, 482, 483, 489, 495, 499, 504, 507, 509, 513, 519, 526, 529, 535, 539, 542, 553, 554, 556, 558, 559, 562, 564, 565, 568, 578, 580, 581, 592, 595, 596, 601, 606, 607, 611, 627, 631, 636, 642, 645, 646, 650, 651, 652, 653, 655, 662, 665, 668, 669, 671, 675, 679, 680, 681, 683, 687, 688, 692, 701, 717, 720, 722, 723, 724, 726, 728, 737, 743, 745, 746, 752, 758, 759, 760, 761, 764, 765, 766, 767, 769]"
hcci_777,Q980_0h_WC,roi_777,Zeiss Gemini_SE_10000.0kV_2800.0x,254,3,0,0,770,1,"[1, 2, 3, 4, 5, 6, 7, 11, 12, 13, 15, 16, 17, 18, 19, 21, 22, 24, 25, 27, 31, 33, 36, 39, 40, 41, 42, 43, 44, 45, 47, 50, 51, 52, 54, 57, 58, 59, 61, 62, 65, 67, 68, 69, 70, 71, 79, 81, 83, 84, 86, 87, 88, 89, 90, 92, 95, 99, 100, 102, 103, 106, 109, 113, 114, 120, 121, 122, 125, 126, 131, 134, 135, 138, 139, 142, 143, 144, 145, 151, 152, 153, 154, 155, 157, 158, 163, 164, 165, 166, 167, 170, 177, 179, 180, 182, 184, 185, 190, 195, 197, 208, 229, 236, 246, 251, 254, 262, 265, 269, 276, 278, 282, 290, 293, 294, 298, 325, 333, 339, 342, 345, 357, 366, 367, 370, 378, 379, 381, 408, 410, 414, 439, 453, 459, 464, 476, 478, 486, 502, 513, 515, 521, 522, 532, 540, 544, 561, 562, 564, 571, 576, 577, 586, 587, 589, 592, 593, 595, 604, 605, 606, 607, 609, 610, 611, 612, 617, 623, 625, 628, 629, 635, 638, 645, 648, 653, 658, 659, 663, 666, 667, 668, 669, 670, 672, 673, 675, 676, 677, 678, 683, 684, 685, 689, 690, 691, 694, 697, 698, 700, 701, 702, 703, 705, 707, 710, 711, 712, 714, 717, 718, 720, 721, 724, 725, 726, 727, 728, 729, 731, 732, 735, 736, 737, 738, 739, 740, 742, 743, 744, 745, 746, 747, 748, 749, 750, 751, 752, 753, 754, 756, 757, 758, 760, 761, 763, 764, 765, 766, 767, 768, 769, 770]"
hcci_778,Q980_0h_WC,roi_778,Zeiss Gemini_SE_10000.0kV_2800.0x,254,3,0,0,770,1,"[1, 2, 3, 4, 5, 6, 11, 12, 15, 16, 19, 20, 21, 23, 24, 25, 26, 27, 28, 30, 32, 33, 34, 35, 37, 40, 42, 45, 46, 47, 48, 49, 51, 53, 54, 59, 61, 65, 68, 69, 71, 72, 73, 74, 75, 78, 79, 81, 82, 83, 86, 87, 88, 90, 96, 102, 103, 105, 106, 107, 108, 109, 114, 115, 119, 121, 123, 125, 129, 131, 132, 134, 136, 138, 139, 141, 149, 151, 152, 154, 155, 158, 160, 162, 163, 164, 165, 169, 173, 175, 176, 177, 178, 191, 203, 204, 205, 216, 219, 223, 224, 244, 252, 259, 268, 273, 277, 283, 287, 288, 291, 306, 317, 321, 322, 328, 332, 336, 370, 372, 381, 384, 387, 399, 407, 409, 429, 430, 447, 457, 460, 475, 495, 499, 500, 509, 518, 519, 525, 526, 527, 528, 537, 547, 548, 562, 564, 567, 570, 576, 581, 583, 587, 589, 590, 592, 596, 602, 606, 612, 613, 614, 615, 620, 623, 624, 626, 628, 629, 632, 634, 636, 637, 640, 641, 646, 647, 649, 651, 652, 655, 656, 657, 658, 659, 662, 663, 664, 667, 668, 671, 672, 677, 678, 683, 684, 688, 690, 692, 693, 696, 700, 706, 708, 710, 711, 712, 713, 714, 716, 719, 720, 722, 723, 725, 726, 728, 729, 730, 731, 732, 733, 734, 735, 736, 737, 738, 739, 743, 744, 745, 746, 747, 748, 749, 750, 751, 752, 753, 754, 755, 756, 758, 759, 760, 761, 763, 764, 765, 766, 767, 768, 769, 770]"
hcci_779,Q980_0h_WC,roi_779,Zeiss Gemini_BSE_10000.0kV_2800.0x,254,3,0,0,770,1,"[1, 2, 3, 4, 5, 6, 7, 8, 9, 10, 11, 12, 13, 14, 15, 16, 17, 18, 19, 20, 21, 22, 23, 25, 27, 28, 29, 30, 31, 33, 37, 38, 40, 43, 44, 45, 48, 53, 56, 59, 60, 63, 78, 85, 86, 89, 92, 95, 98, 110, 114, 115, 117, 120, 124, 127, 130, 133, 138, 140, 141, 144, 145, 148, 151, 154, 156, 159, 162, 166, 173, 181, 188, 196, 197, 204, 206, 210, 215, 220, 223, 226, 234, 239, 243, 247, 250, 259, 261, 262, 274, 275, 284, 291, 296, 302, 303, 310, 311, 312, 313, 322, 323, 334, 337, 341, 346, 362, 365, 372, 374, 378, 395, 396, 397, 402, 405, 413, 415, 416, 418, 420, 425, 426, 429, 434, 437, 441, 445, 446, 453, 458, 462, 463, 464, 466, 472, 474, 476, 484, 486, 490, 494, 499, 501, 506, 509, 515, 518, 519, 526, 527, 529, 530, 533, 534, 535, 537, 538, 542, 544, 546, 550, 552, 554, 556, 560, 561, 562, 566, 574, 575, 579, 581, 583, 584, 588, 595, 597, 599, 601, 603, 606, 609, 611, 612, 614, 615, 616, 628, 629, 632, 636, 638, 641, 642, 643, 644, 645, 649, 650, 653, 654, 656, 657, 665, 672, 680, 681, 682, 684, 686, 691, 695, 696, 699, 701, 702, 703, 704, 707, 709, 710, 712, 713, 714, 717, 720, 723, 727, 731, 732, 734, 735, 736, 737, 738, 739, 740, 741, 746, 747, 749, 750, 752, 754, 756, 757, 759, 762, 763, 766, 769, 770]"
hcci_78,Q980_9h_AC,roi_78,Helios G4 PFIB CXe_InLens_5000.0kV_1000.0x,252,3,0,0,770,1,"[1, 2, 3, 4, 5, 6, 7, 8, 9, 10, 11, 12, 13, 14, 15, 16, 17, 18, 19, 20, 21, 23, 24, 25, 26, 27, 28, 29, 30, 31, 32, 33, 34, 35, 37, 39, 40, 41, 42, 43, 44, 47, 48, 51, 52, 53, 54, 56, 57, 58, 59, 61, 63, 67, 68, 69, 71, 73, 74, 76, 77, 80, 84, 85, 87, 93, 95, 98, 102, 107, 111, 116, 118, 121, 122, 125, 127, 129, 130, 131, 135, 136, 137, 144, 150, 159, 166, 167, 173, 174, 177, 180, 182, 184, 187, 188, 193, 197, 201, 209, 213, 217, 224, 227, 234, 235, 241, 245, 250, 253, 255, 256, 258, 260, 262, 264, 269, 270, 283, 285, 286, 288, 289, 293, 294, 297, 302, 304, 305, 306, 309, 310, 312, 313, 315, 316, 317, 320, 321, 329, 333, 336, 339, 343, 344, 346, 348, 351, 352, 359, 361, 364, 365, 367, 369, 370, 371, 374, 375, 376, 381, 382, 383, 386, 388, 391, 400, 402, 417, 422, 423, 427, 429, 434, 440, 444, 446, 449, 450, 451, 452, 457, 478, 481, 483, 485, 487, 493, 494, 499, 500, 504, 511, 513, 517, 518, 522, 527, 528, 530, 533, 537, 540, 541, 543, 549, 558, 567, 575, 577, 580, 583, 593, 598, 619, 620, 627, 635, 640, 641, 645, 650, 655, 664, 665, 674, 681, 683, 698, 702, 705, 707, 711, 713, 716, 717, 718, 719, 723, 724, 729, 733, 734, 747, 752, 753, 754, 756, 761, 766, 768, 769]"
hcci_780,Q980_0h_WC,roi_780,Zeiss Gemini_BSE_10000.0kV_2800.0x,254,3,0,0,770,1,"[1, 2, 3, 4, 5, 6, 7, 8, 9, 10, 11, 12, 13, 14, 15, 16, 17, 18, 19, 20, 21, 22, 23, 25, 27, 29, 31, 32, 33, 34, 36, 38, 40, 41, 43, 44, 46, 47, 50, 51, 53, 60, 61, 62, 65, 66, 75, 76, 77, 79, 82, 84, 85, 98, 107, 113, 118, 121, 123, 127, 129, 135, 144, 146, 149, 150, 158, 159, 166, 168, 169, 177, 179, 182, 184, 190, 191, 192, 194, 195, 196, 199, 207, 221, 225, 227, 229, 233, 234, 236, 243, 246, 247, 251, 253, 254, 257, 266, 274, 276, 283, 288, 297, 300, 302, 307, 313, 320, 328, 334, 346, 355, 363, 367, 371, 373, 375, 378, 379, 385, 395, 396, 403, 407, 409, 413, 422, 423, 429, 432, 433, 435, 436, 439, 440, 442, 443, 447, 448, 451, 452, 453, 455, 456, 458, 461, 463, 464, 465, 466, 469, 470, 471, 478, 485, 489, 501, 502, 504, 505, 507, 508, 511, 513, 515, 516, 517, 518, 520, 521, 523, 529, 532, 535, 541, 542, 543, 547, 559, 561, 562, 566, 572, 573, 574, 575, 577, 579, 582, 583, 586, 592, 595, 602, 604, 617, 620, 625, 628, 637, 638, 639, 640, 642, 650, 660, 662, 666, 667, 670, 673, 676, 679, 680, 682, 683, 684, 686, 691, 693, 697, 699, 702, 704, 706, 708, 720, 721, 722, 724, 725, 726, 729, 732, 733, 734, 735, 737, 738, 739, 740, 741, 743, 744, 748, 751, 752, 753, 756, 762, 766, 767, 768, 770]"
hcci_781,Q980_0h_WC,roi_781,Zeiss Gemini_InLens_10000.0kV_2800.0x,254,3,0,0,770,1,"[1, 2, 3, 4, 5, 6, 7, 8, 9, 10, 11, 12, 13, 15, 19, 23, 24, 26, 29, 33, 35, 38, 43, 46, 47, 52, 53, 54, 55, 56, 59, 61, 62, 65, 69, 71, 72, 75, 76, 77, 80, 82, 83, 86, 89, 93, 95, 97, 99, 101, 104, 105, 106, 109, 110, 113, 115, 118, 119, 121, 127, 130, 133, 135, 139, 142, 143, 146, 147, 150, 151, 152, 153, 157, 160, 163, 174, 178, 180, 181, 183, 186, 190, 191, 192, 193, 194, 195, 196, 197, 198, 199, 201, 202, 205, 206, 208, 211, 215, 216, 218, 219, 221, 222, 223, 224, 226, 227, 228, 231, 236, 237, 239, 242, 244, 247, 249, 251, 252, 253, 255, 256, 257, 258, 260, 266, 267, 270, 272, 279, 285, 288, 289, 292, 295, 297, 299, 305, 307, 311, 312, 313, 314, 318, 320, 321, 324, 330, 331, 336, 339, 340, 348, 351, 356, 357, 358, 364, 372, 375, 384, 385, 388, 389, 390, 391, 394, 400, 401, 405, 407, 421, 423, 426, 434, 440, 441, 445, 451, 458, 460, 467, 469, 472, 473, 476, 484, 492, 493, 494, 495, 499, 500, 501, 502, 505, 513, 520, 523, 524, 526, 527, 528, 538, 556, 564, 568, 572, 575, 577, 582, 585, 590, 591, 595, 601, 610, 613, 620, 639, 646, 651, 656, 660, 662, 668, 673, 675, 676, 677, 680, 682, 686, 690, 694, 712, 713, 714, 719, 725, 726, 730, 740, 742, 746, 747, 750, 760, 762, 763, 764, 767, 768, 770]"
hcci_782,Q980_0h_WC,roi_782,Zeiss Gemini_InLens_10000.0kV_2800.0x,254,3,0,0,770,1,"[1, 2, 3, 4, 5, 6, 7, 8, 9, 10, 11, 12, 13, 16, 20, 21, 23, 25, 26, 30, 31, 39, 40, 45, 46, 48, 52, 54, 55, 56, 58, 59, 60, 63, 66, 67, 73, 75, 76, 81, 84, 87, 89, 91, 94, 97, 98, 99, 101, 102, 103, 104, 105, 110, 112, 113, 118, 122, 124, 126, 133, 137, 138, 139, 142, 143, 146, 149, 151, 152, 153, 154, 155, 158, 160, 163, 168, 176, 177, 179, 184, 187, 188, 196, 197, 199, 200, 203, 205, 206, 207, 209, 210, 211, 213, 214, 215, 218, 220, 221, 222, 223, 227, 228, 232, 234, 235, 237, 239, 245, 246, 248, 249, 250, 251, 255, 259, 263, 266, 267, 272, 273, 274, 276, 277, 279, 280, 281, 283, 293, 294, 297, 299, 303, 304, 305, 307, 309, 310, 317, 319, 320, 326, 328, 330, 336, 337, 338, 340, 349, 350, 353, 354, 355, 362, 363, 364, 367, 372, 373, 379, 381, 392, 394, 395, 396, 401, 406, 410, 411, 413, 414, 417, 440, 441, 443, 446, 448, 450, 451, 452, 465, 467, 468, 470, 473, 485, 495, 496, 499, 500, 502, 507, 515, 518, 521, 522, 525, 526, 528, 531, 532, 539, 548, 572, 575, 577, 584, 586, 588, 589, 590, 591, 596, 597, 620, 624, 625, 633, 641, 650, 655, 657, 660, 663, 670, 671, 675, 684, 686, 687, 689, 698, 702, 711, 713, 715, 718, 724, 726, 732, 733, 743, 744, 746, 749, 759, 760, 762, 764, 765, 767, 768, 770]"
hcci_783,Q980_0h_WC,roi_783,Zeiss Gemini_SE_20000.0kV_500.0x,254,3,0,0,770,1,"[1, 2, 3, 4, 5, 6, 7, 8, 15, 25, 30, 31, 32, 38, 40, 41, 49, 61, 69, 80, 108, 114, 134, 141, 143, 154, 155, 162, 163, 164, 176, 177, 183, 185, 186, 196, 202, 205, 206, 210, 212, 213, 218, 221, 225, 234, 236, 238, 243, 249, 250, 252, 256, 260, 273, 282, 283, 287, 289, 290, 302, 312, 326, 327, 331, 332, 335, 342, 343, 344, 351, 352, 361, 363, 364, 366, 367, 368, 375, 377, 378, 381, 382, 385, 386, 387, 389, 390, 393, 398, 402, 407, 408, 410, 415, 416, 417, 418, 422, 424, 425, 436, 438, 443, 446, 448, 449, 455, 459, 463, 464, 467, 472, 473, 477, 478, 480, 482, 483, 486, 492, 496, 499, 503, 507, 508, 511, 512, 514, 515, 516, 523, 524, 526, 528, 535, 537, 540, 543, 544, 546, 550, 553, 554, 559, 560, 562, 569, 571, 573, 574, 578, 582, 584, 590, 592, 595, 599, 600, 603, 605, 606, 607, 609, 612, 619, 620, 621, 623, 624, 625, 626, 627, 628, 629, 631, 632, 633, 634, 641, 642, 647, 648, 649, 650, 655, 660, 661, 662, 665, 666, 667, 668, 669, 670, 671, 673, 675, 676, 677, 678, 679, 680, 681, 685, 686, 687, 688, 689, 692, 693, 696, 697, 700, 701, 702, 703, 704, 706, 707, 708, 709, 710, 711, 712, 713, 714, 716, 717, 722, 723, 724, 725, 726, 729, 730, 731, 733, 736, 737, 740, 743, 744, 745, 747, 751, 754, 756, 757, 760, 761, 764, 765, 767]"
hcci_784,Q980_0h_WC,roi_784,Zeiss Gemini_SE_20000.0kV_500.0x,254,3,0,0,770,1,"[1, 2, 3, 4, 7, 8, 11, 13, 21, 28, 33, 34, 39, 44, 52, 68, 73, 74, 85, 90, 104, 106, 107, 117, 137, 155, 166, 174, 177, 181, 184, 194, 196, 203, 212, 214, 218, 219, 220, 225, 228, 238, 244, 250, 253, 257, 258, 261, 263, 264, 270, 271, 278, 282, 285, 290, 293, 296, 297, 299, 300, 304, 309, 312, 313, 329, 330, 332, 333, 342, 344, 348, 355, 356, 358, 362, 364, 369, 392, 398, 401, 404, 405, 406, 415, 416, 417, 418, 423, 425, 426, 427, 428, 430, 434, 441, 446, 447, 449, 452, 455, 456, 460, 465, 466, 469, 472, 473, 474, 475, 478, 483, 486, 488, 489, 490, 495, 496, 498, 499, 506, 507, 509, 511, 513, 514, 515, 519, 521, 522, 524, 525, 526, 531, 532, 537, 538, 539, 540, 542, 543, 544, 546, 548, 549, 553, 554, 557, 560, 565, 566, 567, 568, 569, 570, 573, 576, 578, 580, 581, 586, 592, 596, 597, 598, 601, 604, 607, 609, 610, 611, 612, 618, 621, 622, 623, 624, 625, 628, 629, 635, 636, 637, 638, 639, 640, 641, 642, 644, 646, 648, 651, 652, 663, 666, 672, 674, 675, 676, 677, 678, 680, 681, 682, 684, 685, 686, 687, 690, 691, 693, 694, 697, 699, 702, 705, 708, 710, 711, 712, 713, 716, 717, 718, 720, 721, 722, 725, 726, 728, 729, 730, 731, 732, 733, 734, 736, 737, 738, 739, 741, 742, 743, 744, 747, 751, 753, 755, 756, 758, 762, 766, 767, 768]"
hcci_785,Q980_0h_WC,roi_785,Zeiss Gemini_BSE_20000.0kV_500.0x,254,3,0,0,770,1,"[1, 2, 3, 4, 5, 6, 7, 8, 9, 10, 11, 12, 13, 15, 16, 17, 18, 19, 20, 22, 23, 24, 26, 27, 28, 30, 31, 33, 34, 37, 38, 39, 41, 42, 50, 52, 53, 55, 57, 62, 69, 70, 71, 76, 78, 81, 85, 88, 89, 90, 91, 93, 95, 97, 99, 101, 110, 111, 115, 118, 121, 123, 124, 127, 129, 131, 134, 135, 137, 138, 139, 143, 144, 149, 152, 155, 160, 166, 177, 188, 196, 197, 203, 207, 211, 216, 224, 232, 233, 237, 238, 244, 246, 247, 248, 253, 257, 258, 265, 267, 268, 270, 271, 281, 285, 288, 299, 303, 304, 318, 327, 328, 341, 350, 354, 355, 362, 369, 371, 373, 374, 376, 379, 380, 381, 387, 388, 392, 393, 395, 398, 402, 406, 408, 411, 412, 422, 429, 430, 431, 435, 440, 441, 442, 444, 452, 453, 457, 463, 467, 471, 472, 479, 482, 489, 491, 500, 508, 509, 514, 518, 519, 520, 522, 524, 527, 536, 546, 547, 551, 554, 560, 562, 564, 565, 569, 579, 581, 587, 590, 592, 595, 596, 597, 600, 605, 607, 619, 623, 627, 629, 632, 642, 643, 645, 651, 653, 654, 656, 662, 663, 667, 670, 672, 674, 677, 678, 680, 687, 690, 694, 696, 706, 710, 713, 716, 717, 723, 724, 727, 730, 731, 733, 735, 736, 738, 739, 740, 744, 745, 746, 747, 748, 749, 750, 751, 752, 753, 754, 755, 756, 757, 759, 760, 761, 762, 763, 764, 765, 766, 767, 768, 769, 770]"
hcci_786,Q980_0h_WC,roi_786,Zeiss Gemini_BSE_20000.0kV_500.0x,254,3,0,0,770,1,"[1, 2, 3, 4, 5, 6, 7, 8, 9, 11, 12, 13, 14, 15, 16, 17, 19, 20, 22, 23, 24, 25, 26, 27, 29, 31, 35, 36, 39, 41, 46, 48, 49, 52, 53, 55, 56, 64, 65, 67, 70, 71, 72, 73, 80, 83, 86, 87, 92, 93, 94, 96, 97, 98, 107, 110, 114, 115, 116, 119, 121, 123, 125, 130, 134, 139, 141, 142, 148, 152, 156, 159, 161, 163, 164, 165, 185, 198, 201, 218, 220, 224, 227, 229, 230, 241, 242, 244, 250, 251, 265, 267, 271, 276, 277, 280, 283, 284, 290, 291, 299, 302, 306, 308, 313, 318, 332, 333, 340, 343, 345, 346, 354, 357, 362, 366, 375, 376, 379, 380, 381, 384, 385, 386, 393, 395, 396, 398, 400, 402, 406, 407, 415, 417, 418, 419, 424, 426, 434, 439, 446, 453, 456, 457, 459, 463, 465, 467, 475, 478, 482, 485, 491, 493, 496, 499, 500, 513, 515, 519, 524, 527, 531, 533, 535, 538, 541, 547, 551, 559, 560, 571, 572, 573, 582, 583, 584, 585, 586, 595, 599, 609, 612, 614, 618, 619, 622, 625, 628, 633, 635, 641, 646, 647, 648, 649, 650, 657, 660, 662, 665, 668, 671, 674, 678, 679, 681, 687, 689, 694, 707, 708, 710, 711, 720, 722, 723, 725, 726, 729, 730, 732, 733, 734, 736, 737, 738, 741, 743, 744, 745, 747, 748, 749, 750, 751, 752, 753, 754, 755, 756, 757, 758, 759, 761, 762, 763, 764, 765, 766, 767, 768, 769, 770]"
hcci_787,Q980_0h_WC,roi_787,Zeiss Gemini_InLens_20000.0kV_500.0x,254,3,0,0,770,3,"[3, 4, 5, 6, 7, 8, 9, 10, 11, 12, 13, 14, 15, 16, 17, 19, 20, 21, 22, 23, 24, 25, 26, 29, 30, 31, 32, 34, 35, 37, 39, 41, 43, 46, 47, 48, 52, 53, 55, 58, 62, 64, 65, 68, 69, 70, 71, 73, 75, 76, 77, 79, 81, 82, 83, 85, 89, 92, 94, 99, 100, 102, 104, 114, 118, 121, 122, 125, 127, 129, 132, 135, 136, 138, 142, 146, 149, 150, 151, 156, 161, 166, 168, 170, 171, 180, 181, 185, 195, 206, 207, 209, 212, 213, 215, 221, 222, 223, 227, 228, 229, 231, 232, 237, 239, 240, 243, 248, 252, 255, 259, 262, 271, 275, 276, 277, 279, 280, 281, 282, 286, 287, 296, 298, 299, 300, 302, 303, 316, 319, 320, 321, 329, 332, 334, 337, 338, 344, 346, 349, 350, 352, 354, 360, 361, 363, 371, 374, 380, 386, 389, 392, 393, 395, 398, 400, 406, 408, 422, 423, 426, 427, 428, 439, 441, 442, 447, 452, 455, 461, 467, 471, 473, 474, 478, 479, 482, 483, 485, 486, 494, 497, 503, 504, 507, 509, 515, 521, 522, 524, 526, 531, 532, 533, 535, 536, 537, 541, 547, 550, 551, 554, 558, 560, 561, 565, 567, 573, 590, 592, 593, 596, 599, 601, 607, 608, 613, 625, 633, 634, 638, 644, 645, 654, 655, 658, 659, 660, 663, 665, 670, 675, 684, 688, 690, 705, 711, 716, 717, 721, 722, 724, 728, 730, 738, 743, 754, 756, 757, 758, 764, 765, 767, 768]"
hcci_788,Q980_0h_WC,roi_788,Zeiss Gemini_InLens_20000.0kV_500.0x,254,3,0,0,770,3,"[3, 5, 6, 8, 9, 11, 12, 13, 14, 17, 19, 20, 21, 23, 25, 27, 28, 30, 32, 33, 34, 40, 41, 43, 45, 46, 47, 48, 49, 53, 55, 57, 60, 64, 65, 67, 73, 74, 80, 81, 82, 83, 84, 86, 87, 90, 92, 93, 95, 96, 97, 99, 102, 103, 105, 107, 109, 110, 112, 115, 118, 121, 124, 126, 128, 129, 133, 135, 138, 141, 143, 147, 148, 149, 151, 158, 161, 163, 164, 171, 175, 177, 180, 181, 183, 187, 189, 193, 195, 197, 199, 201, 205, 216, 219, 221, 223, 224, 228, 229, 230, 235, 236, 239, 244, 245, 250, 252, 255, 256, 261, 264, 265, 269, 273, 274, 276, 278, 282, 283, 284, 285, 289, 291, 292, 297, 298, 303, 304, 306, 310, 312, 318, 320, 325, 329, 333, 334, 338, 340, 345, 348, 349, 351, 353, 356, 357, 370, 371, 372, 374, 378, 380, 382, 385, 386, 391, 401, 402, 403, 407, 410, 413, 422, 425, 432, 440, 446, 453, 459, 464, 467, 468, 469, 471, 473, 477, 481, 482, 483, 487, 489, 490, 493, 496, 502, 508, 509, 512, 520, 522, 527, 530, 531, 532, 539, 540, 544, 546, 549, 550, 555, 557, 569, 570, 574, 580, 586, 590, 594, 602, 604, 613, 614, 615, 617, 620, 623, 635, 640, 641, 645, 647, 653, 655, 660, 662, 664, 680, 684, 689, 691, 697, 698, 707, 708, 712, 714, 721, 731, 733, 741, 748, 750, 752, 754, 755, 759, 760, 761, 763, 767, 769, 770]"
hcci_789,Q980_0h_WC,roi_789,Zeiss Gemini_SE_20000.0kV_2800.0x,254,3,0,0,770,1,"[1, 2, 3, 4, 5, 6, 7, 8, 9, 11, 12, 13, 15, 19, 20, 21, 22, 23, 24, 25, 27, 28, 29, 30, 31, 32, 33, 34, 35, 36, 37, 38, 40, 41, 42, 43, 45, 47, 53, 54, 56, 57, 58, 59, 60, 61, 62, 63, 65, 67, 70, 71, 76, 78, 79, 80, 85, 87, 90, 91, 92, 93, 94, 96, 97, 101, 105, 106, 108, 110, 111, 113, 114, 116, 117, 118, 120, 121, 122, 126, 127, 129, 131, 135, 137, 140, 141, 146, 147, 148, 149, 151, 152, 153, 154, 155, 157, 159, 163, 165, 174, 180, 186, 187, 199, 205, 214, 216, 219, 220, 225, 228, 267, 271, 280, 281, 284, 286, 289, 290, 291, 300, 304, 313, 317, 331, 336, 341, 363, 364, 374, 375, 384, 402, 407, 425, 429, 443, 449, 452, 454, 475, 499, 500, 503, 523, 533, 539, 544, 549, 558, 563, 570, 571, 573, 574, 587, 590, 593, 597, 600, 603, 613, 616, 618, 619, 628, 630, 631, 633, 634, 635, 636, 637, 639, 642, 645, 646, 649, 652, 653, 656, 658, 661, 663, 664, 666, 668, 669, 670, 673, 674, 676, 677, 682, 683, 684, 686, 687, 691, 698, 699, 701, 702, 705, 706, 707, 708, 709, 713, 715, 718, 719, 720, 721, 723, 724, 725, 726, 728, 730, 731, 733, 736, 737, 738, 739, 740, 741, 742, 743, 744, 745, 746, 747, 748, 749, 750, 754, 755, 756, 757, 758, 759, 760, 761, 762, 763, 764, 765, 766, 768, 769, 770]"
hcci_79,Q980_9h_AC,roi_79,Helios G4 PFIB CXe_SE_5000.0kV_5000.0x,252,3,0,0,770,1,"[1, 2, 3, 4, 5, 6, 7, 8, 9, 10, 11, 12, 13, 14, 15, 16, 17, 18, 19, 20, 21, 22, 23, 25, 26, 27, 29, 30, 31, 32, 33, 36, 37, 38, 40, 41, 42, 43, 45, 46, 50, 51, 52, 53, 56, 57, 58, 62, 63, 64, 65, 69, 70, 71, 77, 80, 81, 83, 86, 89, 90, 92, 97, 98, 101, 102, 104, 107, 109, 110, 114, 115, 116, 117, 119, 121, 122, 123, 124, 129, 132, 135, 140, 150, 151, 152, 154, 155, 162, 163, 167, 169, 170, 173, 177, 178, 179, 185, 187, 190, 191, 194, 198, 200, 201, 206, 209, 212, 213, 216, 217, 219, 226, 227, 229, 230, 235, 239, 260, 261, 263, 264, 274, 280, 282, 291, 292, 296, 297, 302, 303, 304, 308, 310, 314, 316, 322, 328, 329, 330, 331, 340, 343, 346, 352, 360, 361, 363, 365, 368, 370, 375, 384, 389, 390, 397, 403, 404, 405, 406, 407, 409, 412, 413, 416, 417, 421, 423, 433, 437, 445, 452, 458, 459, 463, 464, 467, 468, 469, 471, 475, 479, 481, 483, 487, 488, 489, 492, 496, 497, 498, 509, 511, 518, 525, 526, 527, 531, 532, 536, 539, 542, 545, 547, 549, 565, 567, 568, 571, 572, 581, 593, 595, 597, 602, 616, 620, 622, 623, 624, 626, 627, 629, 638, 650, 653, 656, 659, 670, 673, 678, 687, 691, 704, 705, 710, 722, 737, 738, 739, 744, 747, 748, 749, 750, 752, 756, 761, 763, 764, 768, 769]"
hcci_790,Q980_0h_WC,roi_790,Zeiss Gemini_SE_20000.0kV_2800.0x,254,3,0,0,770,1,"[1, 2, 3, 4, 5, 6, 7, 8, 9, 10, 11, 12, 13, 14, 15, 20, 22, 24, 25, 26, 27, 28, 29, 30, 31, 32, 33, 34, 35, 36, 37, 38, 39, 41, 42, 43, 47, 48, 49, 50, 51, 55, 56, 57, 61, 62, 65, 68, 69, 71, 74, 75, 76, 77, 82, 86, 88, 89, 91, 92, 93, 94, 95, 96, 97, 98, 99, 103, 104, 105, 106, 110, 116, 117, 119, 120, 121, 122, 123, 125, 128, 130, 131, 135, 136, 137, 142, 144, 145, 147, 154, 155, 157, 159, 162, 164, 170, 171, 172, 179, 197, 199, 206, 207, 214, 220, 222, 224, 226, 227, 229, 235, 250, 259, 262, 264, 267, 281, 282, 286, 292, 294, 306, 326, 329, 343, 355, 361, 374, 381, 394, 395, 409, 413, 428, 434, 438, 446, 454, 460, 471, 475, 493, 500, 503, 505, 517, 519, 529, 535, 550, 556, 558, 566, 571, 578, 580, 589, 590, 594, 598, 600, 602, 603, 605, 606, 614, 619, 621, 624, 625, 626, 629, 630, 634, 635, 639, 642, 645, 647, 648, 651, 653, 657, 659, 660, 662, 665, 666, 668, 672, 673, 674, 677, 678, 681, 682, 685, 687, 689, 696, 698, 699, 700, 702, 706, 708, 711, 712, 713, 717, 721, 722, 724, 725, 726, 727, 728, 729, 730, 732, 734, 735, 736, 737, 738, 739, 740, 741, 742, 743, 745, 746, 747, 748, 749, 750, 751, 753, 755, 756, 757, 758, 759, 760, 761, 762, 763, 764, 766, 767, 768, 769, 770]"
hcci_791,Q980_0h_WC,roi_791,Zeiss Gemini_BSE_20000.0kV_2800.0x,254,3,0,0,770,1,"[1, 2, 3, 4, 5, 6, 7, 8, 9, 10, 11, 12, 13, 14, 15, 16, 17, 18, 19, 20, 21, 22, 23, 24, 26, 27, 28, 29, 30, 31, 32, 33, 34, 35, 36, 37, 38, 42, 43, 44, 45, 46, 48, 49, 50, 51, 52, 53, 54, 56, 57, 58, 59, 61, 62, 63, 64, 68, 69, 70, 73, 74, 75, 76, 77, 81, 83, 87, 89, 92, 96, 97, 98, 100, 105, 108, 113, 118, 120, 125, 129, 130, 131, 135, 139, 141, 143, 144, 149, 158, 159, 162, 175, 179, 184, 197, 202, 209, 219, 224, 234, 235, 236, 238, 245, 250, 255, 257, 258, 259, 260, 274, 275, 298, 306, 310, 314, 315, 324, 326, 328, 330, 340, 341, 342, 345, 351, 355, 359, 375, 381, 385, 388, 392, 398, 411, 412, 413, 417, 422, 427, 428, 431, 432, 435, 436, 438, 454, 455, 456, 461, 468, 469, 471, 473, 474, 477, 482, 501, 507, 511, 512, 515, 521, 522, 524, 526, 531, 532, 535, 538, 545, 546, 555, 560, 562, 567, 568, 569, 570, 573, 574, 576, 583, 587, 594, 599, 603, 604, 606, 607, 609, 620, 622, 626, 627, 630, 641, 645, 651, 653, 660, 661, 662, 663, 666, 667, 669, 670, 671, 675, 680, 683, 686, 689, 690, 691, 695, 697, 705, 706, 708, 710, 711, 712, 713, 715, 718, 719, 724, 728, 731, 736, 741, 743, 744, 746, 748, 751, 752, 753, 755, 756, 757, 758, 759, 760, 761, 762, 764, 765, 767, 768, 769]"
hcci_792,Q980_0h_WC,roi_792,Zeiss Gemini_BSE_20000.0kV_2800.0x,254,3,0,0,770,1,"[1, 2, 3, 4, 5, 6, 7, 8, 9, 10, 11, 12, 13, 14, 15, 16, 17, 18, 19, 20, 21, 22, 23, 24, 25, 26, 27, 28, 30, 32, 33, 34, 37, 38, 40, 43, 45, 46, 47, 48, 49, 50, 51, 52, 54, 56, 57, 58, 59, 60, 63, 65, 70, 72, 73, 75, 78, 82, 83, 84, 86, 88, 89, 90, 92, 98, 99, 105, 107, 111, 117, 120, 131, 132, 133, 138, 143, 145, 146, 163, 164, 168, 172, 173, 175, 177, 179, 184, 187, 194, 203, 208, 216, 221, 231, 233, 245, 247, 250, 251, 252, 253, 262, 263, 270, 283, 294, 295, 297, 299, 301, 303, 311, 331, 332, 334, 338, 340, 342, 347, 350, 363, 366, 367, 379, 389, 394, 398, 399, 403, 409, 412, 419, 421, 422, 430, 431, 437, 439, 443, 445, 448, 453, 455, 460, 464, 466, 468, 470, 475, 476, 482, 489, 490, 492, 493, 494, 495, 512, 514, 515, 517, 519, 529, 536, 538, 540, 544, 548, 551, 554, 556, 559, 562, 566, 576, 581, 583, 587, 591, 593, 594, 597, 598, 599, 601, 602, 608, 609, 613, 615, 619, 621, 624, 627, 633, 642, 643, 644, 645, 646, 651, 652, 653, 656, 658, 659, 660, 665, 669, 672, 677, 682, 683, 685, 688, 689, 690, 692, 693, 694, 701, 703, 706, 710, 711, 712, 714, 716, 718, 726, 730, 732, 734, 737, 740, 744, 745, 748, 751, 753, 754, 755, 757, 758, 759, 760, 761, 764, 765, 766, 767, 768, 769]"
hcci_793,Q980_0h_WC,roi_793,Zeiss Gemini_InLens_20000.0kV_2800.0x,254,3,0,0,770,1,"[1, 2, 3, 4, 5, 6, 7, 8, 9, 10, 11, 12, 13, 15, 16, 18, 19, 20, 21, 23, 24, 28, 29, 30, 31, 32, 33, 34, 37, 39, 40, 44, 47, 51, 52, 53, 54, 57, 58, 59, 60, 61, 62, 63, 66, 67, 69, 70, 71, 72, 73, 74, 75, 76, 78, 79, 81, 84, 91, 93, 94, 96, 97, 100, 105, 112, 114, 119, 120, 122, 127, 129, 132, 135, 137, 140, 155, 160, 163, 165, 166, 167, 169, 171, 173, 176, 178, 179, 181, 183, 186, 190, 191, 196, 201, 203, 205, 207, 211, 218, 222, 224, 230, 231, 232, 233, 235, 239, 240, 242, 251, 255, 257, 261, 264, 268, 270, 273, 277, 281, 282, 283, 284, 286, 288, 291, 292, 297, 305, 311, 316, 339, 343, 344, 347, 352, 361, 362, 364, 368, 370, 372, 377, 381, 391, 399, 402, 406, 412, 413, 414, 424, 428, 431, 433, 435, 440, 442, 443, 449, 465, 475, 480, 483, 484, 488, 490, 491, 510, 515, 516, 519, 526, 528, 533, 539, 542, 554, 557, 562, 565, 570, 571, 572, 573, 575, 577, 578, 581, 590, 591, 602, 608, 610, 613, 614, 618, 620, 624, 625, 626, 635, 638, 640, 642, 644, 645, 648, 651, 659, 665, 669, 670, 672, 675, 676, 683, 684, 687, 690, 691, 697, 699, 700, 702, 710, 711, 712, 716, 722, 726, 728, 736, 738, 739, 742, 743, 747, 749, 750, 751, 753, 754, 755, 757, 758, 759, 760, 762, 765, 767, 768, 769, 770]"
hcci_794,Q980_0h_WC,roi_794,Zeiss Gemini_InLens_20000.0kV_2800.0x,254,3,0,0,770,1,"[1, 2, 3, 4, 5, 6, 7, 8, 9, 10, 11, 13, 14, 16, 18, 19, 21, 31, 37, 41, 43, 49, 52, 57, 60, 61, 62, 67, 73, 76, 78, 79, 83, 88, 89, 97, 98, 100, 103, 107, 111, 112, 113, 115, 117, 119, 122, 123, 134, 135, 140, 142, 143, 145, 147, 148, 150, 154, 155, 158, 162, 163, 167, 168, 181, 182, 184, 185, 186, 189, 192, 200, 205, 208, 209, 211, 219, 224, 229, 230, 231, 233, 238, 240, 245, 247, 252, 255, 256, 257, 263, 265, 266, 267, 269, 278, 280, 282, 283, 285, 287, 289, 290, 291, 293, 294, 295, 296, 299, 304, 305, 309, 312, 313, 315, 317, 318, 322, 325, 328, 329, 335, 338, 342, 343, 349, 353, 355, 357, 359, 365, 367, 368, 369, 371, 372, 373, 380, 383, 387, 392, 395, 396, 398, 399, 406, 417, 421, 433, 434, 445, 450, 455, 459, 465, 471, 472, 474, 476, 477, 479, 483, 486, 489, 494, 500, 501, 502, 505, 508, 512, 514, 517, 521, 523, 528, 529, 532, 533, 539, 540, 541, 542, 546, 548, 550, 558, 562, 570, 571, 572, 578, 582, 583, 585, 591, 594, 597, 599, 600, 604, 610, 613, 616, 617, 621, 623, 627, 635, 641, 644, 645, 646, 651, 653, 656, 660, 662, 676, 681, 686, 688, 691, 693, 694, 695, 703, 706, 716, 717, 719, 720, 732, 734, 736, 739, 742, 745, 746, 747, 748, 751, 752, 755, 756, 757, 759, 761, 762, 765, 766, 768, 769, 770]"
hcci_795,Q980_9h_AC,roi_795,Zeiss Gemini_SE_5000.0kV_500.0x,252,3,0,0,770,1,"[1, 2, 3, 4, 5, 6, 7, 10, 11, 12, 13, 14, 15, 16, 17, 18, 20, 22, 24, 25, 26, 27, 31, 32, 34, 35, 36, 37, 38, 39, 40, 41, 42, 43, 44, 45, 46, 49, 51, 52, 53, 54, 57, 59, 60, 61, 63, 66, 67, 68, 69, 70, 71, 72, 75, 76, 77, 78, 79, 80, 81, 84, 85, 86, 87, 88, 89, 91, 96, 97, 98, 99, 100, 101, 103, 107, 109, 111, 115, 118, 120, 126, 127, 131, 135, 141, 142, 144, 150, 151, 152, 153, 154, 156, 159, 161, 170, 171, 173, 178, 179, 187, 188, 189, 191, 198, 199, 201, 206, 207, 208, 209, 210, 211, 214, 215, 220, 222, 225, 232, 233, 238, 239, 241, 247, 250, 251, 252, 263, 265, 267, 279, 284, 285, 286, 290, 291, 292, 294, 310, 311, 318, 320, 335, 339, 340, 351, 357, 362, 364, 368, 369, 370, 372, 373, 374, 375, 379, 382, 391, 395, 396, 397, 406, 410, 412, 414, 418, 419, 420, 424, 431, 435, 439, 443, 446, 451, 454, 457, 458, 461, 472, 474, 475, 477, 480, 484, 486, 487, 488, 493, 502, 504, 505, 506, 510, 513, 516, 520, 523, 539, 540, 542, 548, 550, 555, 571, 576, 588, 603, 605, 609, 612, 615, 622, 630, 631, 633, 634, 639, 642, 646, 647, 648, 651, 652, 657, 658, 660, 662, 664, 670, 673, 674, 678, 691, 697, 698, 704, 711, 712, 716, 717, 722, 726, 727, 742, 745, 748, 749, 756, 759]"
hcci_796,Q980_9h_AC,roi_796,Zeiss Gemini_SE_5000.0kV_500.0x,252,3,0,0,770,1,"[1, 2, 3, 4, 5, 6, 7, 8, 9, 10, 11, 12, 13, 14, 15, 16, 17, 18, 19, 20, 21, 22, 23, 24, 25, 26, 27, 28, 29, 30, 31, 32, 33, 34, 35, 36, 37, 38, 40, 41, 42, 43, 44, 45, 46, 47, 48, 49, 50, 52, 53, 54, 55, 56, 57, 58, 59, 60, 61, 62, 64, 65, 66, 68, 69, 71, 74, 75, 77, 78, 79, 80, 81, 82, 84, 85, 88, 91, 92, 93, 96, 105, 106, 107, 108, 109, 111, 112, 115, 117, 121, 122, 123, 125, 128, 129, 133, 137, 138, 139, 141, 142, 143, 146, 152, 164, 165, 167, 172, 185, 186, 189, 192, 193, 196, 197, 200, 202, 207, 209, 210, 213, 214, 216, 221, 223, 225, 226, 227, 234, 235, 237, 242, 244, 248, 259, 262, 264, 267, 268, 269, 270, 272, 274, 275, 278, 279, 280, 282, 283, 284, 287, 291, 297, 298, 301, 306, 309, 311, 312, 320, 329, 337, 338, 341, 343, 352, 355, 358, 362, 374, 376, 377, 378, 380, 381, 396, 401, 407, 410, 412, 417, 425, 445, 447, 450, 451, 453, 457, 464, 472, 482, 483, 486, 493, 499, 508, 518, 522, 525, 526, 536, 539, 540, 551, 570, 576, 580, 584, 585, 594, 600, 601, 602, 605, 611, 612, 615, 616, 619, 626, 629, 633, 635, 639, 653, 654, 663, 667, 669, 672, 673, 675, 680, 682, 685, 696, 697, 701, 703, 704, 711, 714, 722, 723, 731, 746, 747, 749, 750, 751, 763]"
hcci_798,Q980_9h_AC,roi_798,Zeiss Gemini_BSE_5000.0kV_500.0x,253,2,0,0,771,1,"[1, 2, 3, 4, 5, 6, 7, 8, 9, 10, 13, 14, 15, 16, 17, 20, 22, 24, 27, 30, 32, 33, 35, 36, 40, 41, 43, 44, 46, 48, 50, 52, 53, 56, 57, 60, 64, 66, 68, 69, 70, 71, 75, 76, 77, 80, 81, 82, 83, 85, 89, 91, 92, 96, 97, 98, 100, 104, 106, 108, 109, 111, 112, 113, 114, 116, 119, 123, 125, 127, 130, 131, 134, 138, 140, 144, 148, 150, 151, 152, 153, 154, 156, 157, 161, 162, 172, 174, 175, 176, 179, 186, 192, 193, 195, 198, 201, 204, 206, 208, 209, 210, 212, 214, 217, 218, 222, 223, 228, 232, 235, 237, 239, 247, 249, 255, 256, 258, 259, 261, 271, 273, 280, 286, 289, 292, 293, 296, 303, 305, 306, 307, 308, 311, 313, 316, 317, 322, 323, 330, 336, 345, 348, 360, 367, 370, 382, 389, 393, 399, 402, 405, 408, 412, 421, 422, 443, 444, 448, 453, 454, 458, 459, 468, 469, 477, 478, 485, 487, 493, 495, 503, 506, 509, 512, 514, 515, 520, 533, 535, 536, 540, 545, 550, 552, 557, 562, 573, 576, 578, 580, 586, 589, 592, 595, 598, 602, 603, 606, 607, 614, 619, 620, 621, 624, 627, 630, 631, 634, 639, 640, 642, 645, 646, 649, 651, 656, 657, 658, 659, 660, 663, 664, 672, 673, 676, 679, 680, 682, 693, 694, 695, 696, 698, 699, 703, 704, 705, 707, 710, 713, 714, 719, 720, 721, 724, 725, 727, 729, 736, 738, 745, 755]"
hcci_799,Q980_9h_AC,roi_799,Zeiss Gemini_InLens_5000.0kV_500.0x,252,3,0,0,770,1,"[1, 2, 3, 4, 5, 6, 7, 8, 9, 10, 11, 12, 13, 14, 15, 16, 17, 18, 19, 20, 22, 23, 24, 25, 27, 29, 30, 31, 32, 34, 37, 42, 45, 46, 47, 50, 51, 53, 54, 55, 56, 58, 60, 62, 64, 67, 68, 69, 71, 72, 74, 78, 80, 84, 91, 93, 94, 96, 97, 98, 99, 100, 101, 106, 107, 108, 111, 113, 114, 116, 118, 121, 124, 125, 126, 128, 129, 133, 136, 139, 143, 145, 146, 147, 153, 156, 157, 158, 159, 160, 162, 163, 168, 171, 174, 176, 177, 178, 179, 180, 181, 184, 187, 194, 195, 199, 200, 203, 212, 213, 214, 219, 220, 221, 222, 223, 224, 225, 230, 233, 235, 236, 238, 240, 243, 245, 250, 252, 253, 254, 255, 258, 263, 268, 269, 270, 274, 276, 279, 280, 281, 282, 286, 294, 296, 300, 303, 305, 307, 308, 314, 325, 327, 328, 329, 330, 331, 334, 346, 347, 348, 349, 354, 355, 356, 358, 367, 373, 374, 377, 379, 385, 391, 392, 397, 398, 399, 400, 401, 402, 405, 406, 409, 412, 415, 419, 422, 423, 429, 430, 435, 439, 442, 445, 447, 462, 465, 471, 472, 473, 480, 484, 486, 492, 499, 505, 512, 514, 521, 524, 525, 528, 529, 530, 542, 550, 552, 554, 556, 561, 565, 567, 578, 583, 592, 597, 598, 600, 604, 606, 616, 620, 622, 624, 625, 631, 633, 654, 657, 663, 665, 667, 684, 700, 708, 713, 721, 732, 738, 757, 761, 768]"
hcci_8,AsCast,roi_8,Helios G4 PFIB CXe_SE_5000.0kV_5000.0x,256,3,0,0,770,1,"[1, 2, 3, 4, 5, 6, 7, 8, 9, 10, 11, 12, 13, 14, 15, 16, 17, 18, 19, 20, 21, 22, 23, 24, 25, 26, 27, 28, 29, 30, 31, 32, 33, 34, 35, 36, 37, 38, 39, 40, 41, 42, 43, 44, 45, 46, 47, 48, 49, 50, 51, 52, 53, 54, 55, 56, 57, 58, 59, 60, 61, 62, 63, 64, 65, 66, 67, 68, 69, 71, 73, 74, 75, 76, 77, 78, 80, 83, 84, 85, 87, 89, 90, 91, 92, 94, 95, 97, 98, 99, 100, 101, 102, 103, 104, 105, 107, 108, 110, 111, 113, 116, 118, 122, 124, 126, 127, 128, 133, 134, 135, 136, 137, 139, 140, 141, 144, 147, 148, 152, 153, 156, 157, 161, 167, 170, 171, 172, 173, 174, 175, 183, 189, 190, 191, 192, 194, 196, 197, 199, 202, 203, 206, 207, 209, 210, 213, 214, 219, 220, 224, 226, 227, 229, 231, 239, 241, 242, 244, 245, 247, 248, 251, 252, 254, 257, 263, 265, 266, 270, 273, 274, 275, 280, 283, 284, 285, 286, 289, 290, 291, 292, 293, 294, 296, 298, 299, 304, 307, 309, 310, 312, 313, 315, 320, 321, 325, 328, 332, 333, 339, 342, 348, 352, 354, 355, 358, 362, 367, 381, 384, 387, 392, 393, 396, 397, 401, 405, 406, 407, 413, 414, 415, 416, 418, 421, 424, 427, 431, 434, 444, 451, 457, 458, 460, 469, 472, 483, 484, 498, 512, 530, 552, 570, 579, 636, 642, 646, 649, 651, 675, 684, 690, 697, 700, 703]"
hcci_80,Q980_9h_AC,roi_80,Helios G4 PFIB CXe_SE_5000.0kV_5000.0x,252,3,0,0,770,1,"[1, 2, 3, 4, 5, 6, 7, 8, 9, 10, 11, 12, 13, 14, 15, 16, 17, 18, 19, 20, 21, 22, 23, 24, 25, 26, 27, 28, 29, 30, 31, 34, 35, 36, 37, 38, 39, 40, 41, 43, 44, 45, 46, 47, 48, 49, 50, 51, 52, 53, 54, 55, 56, 57, 58, 59, 60, 62, 65, 67, 69, 70, 71, 72, 75, 76, 77, 78, 79, 80, 84, 89, 90, 93, 94, 96, 101, 102, 104, 108, 110, 111, 116, 117, 124, 126, 127, 128, 130, 133, 135, 139, 147, 149, 153, 154, 155, 156, 157, 158, 163, 167, 170, 171, 173, 174, 175, 176, 177, 178, 179, 182, 183, 188, 197, 199, 200, 201, 202, 206, 207, 213, 218, 219, 223, 228, 231, 235, 238, 241, 242, 243, 246, 254, 255, 258, 259, 262, 267, 277, 278, 281, 287, 288, 295, 298, 300, 301, 303, 307, 308, 313, 319, 320, 324, 331, 332, 345, 350, 352, 353, 355, 358, 360, 362, 365, 391, 398, 399, 400, 402, 404, 406, 408, 409, 410, 411, 417, 418, 421, 426, 427, 428, 446, 450, 452, 458, 459, 460, 463, 464, 465, 468, 486, 495, 499, 500, 504, 507, 509, 514, 517, 520, 522, 533, 538, 545, 546, 552, 555, 559, 563, 567, 570, 572, 582, 589, 591, 601, 604, 606, 608, 623, 634, 638, 639, 648, 651, 653, 662, 663, 672, 677, 679, 686, 687, 688, 696, 705, 711, 713, 719, 727, 732, 735, 738, 745, 760, 761, 764, 767, 768]"
hcci_800,Q980_9h_AC,roi_800,Zeiss Gemini_InLens_5000.0kV_500.0x,252,3,0,0,770,1,"[1, 2, 3, 4, 5, 6, 7, 8, 9, 10, 11, 12, 13, 14, 15, 16, 17, 18, 19, 20, 21, 22, 23, 25, 28, 29, 30, 31, 34, 36, 37, 39, 40, 41, 42, 43, 47, 49, 50, 51, 55, 57, 59, 60, 61, 62, 65, 66, 69, 70, 71, 73, 75, 77, 79, 82, 87, 90, 91, 94, 97, 98, 100, 101, 102, 107, 108, 111, 112, 113, 114, 115, 116, 117, 118, 120, 121, 124, 125, 126, 127, 133, 138, 140, 141, 142, 145, 146, 149, 152, 153, 154, 156, 158, 159, 162, 166, 168, 169, 170, 172, 173, 174, 180, 181, 182, 183, 187, 188, 190, 192, 194, 196, 199, 204, 205, 206, 207, 209, 211, 212, 214, 215, 216, 217, 218, 223, 227, 228, 229, 230, 233, 234, 236, 237, 241, 245, 246, 252, 256, 267, 270, 275, 278, 280, 283, 284, 285, 291, 294, 298, 300, 301, 302, 303, 306, 308, 319, 322, 324, 329, 332, 335, 340, 341, 345, 349, 352, 354, 360, 365, 366, 377, 380, 381, 386, 387, 392, 398, 399, 401, 404, 408, 409, 410, 413, 416, 419, 423, 427, 430, 431, 432, 433, 438, 439, 440, 445, 447, 453, 454, 459, 464, 465, 469, 470, 471, 481, 484, 492, 495, 501, 502, 514, 515, 518, 524, 526, 530, 536, 540, 541, 547, 561, 577, 593, 598, 603, 606, 610, 622, 640, 650, 653, 654, 658, 661, 663, 677, 680, 682, 683, 691, 695, 698, 701, 731, 735, 745, 754, 762, 765]"
hcci_801,Q980_9h_AC,roi_801,Zeiss Gemini_SE_5000.0kV_2800.0x,252,3,0,0,770,1,"[1, 2, 3, 4, 5, 6, 7, 12, 13, 15, 16, 17, 19, 21, 26, 27, 30, 33, 35, 36, 39, 40, 41, 44, 45, 48, 53, 55, 56, 61, 66, 69, 70, 71, 73, 74, 76, 78, 79, 84, 85, 86, 90, 92, 93, 95, 96, 97, 99, 103, 111, 115, 118, 120, 121, 127, 128, 129, 130, 131, 133, 137, 139, 142, 143, 147, 148, 150, 151, 155, 156, 158, 160, 161, 163, 164, 165, 170, 174, 175, 179, 183, 184, 188, 189, 191, 192, 193, 194, 198, 200, 202, 205, 209, 210, 212, 220, 221, 222, 224, 225, 227, 231, 236, 238, 244, 246, 247, 249, 250, 253, 258, 260, 261, 263, 265, 271, 273, 274, 276, 277, 280, 282, 289, 293, 299, 302, 306, 310, 320, 324, 329, 333, 338, 344, 356, 358, 361, 367, 368, 372, 376, 377, 390, 393, 395, 402, 407, 408, 413, 417, 418, 419, 422, 424, 425, 426, 432, 437, 439, 441, 448, 452, 455, 456, 458, 460, 465, 468, 470, 473, 475, 476, 484, 488, 489, 490, 494, 495, 505, 506, 508, 510, 511, 515, 518, 519, 520, 521, 528, 532, 542, 543, 545, 548, 553, 554, 556, 559, 560, 568, 569, 574, 577, 580, 586, 592, 601, 602, 619, 620, 626, 627, 629, 632, 634, 636, 637, 639, 640, 641, 647, 648, 651, 653, 659, 662, 670, 674, 677, 679, 682, 684, 688, 690, 691, 695, 696, 697, 698, 701, 702, 704, 707, 710, 712, 714, 715, 722, 731, 744, 748]"
hcci_802,Q980_9h_AC,roi_802,Zeiss Gemini_SE_5000.0kV_2800.0x,252,3,0,0,770,1,"[1, 2, 3, 4, 5, 6, 7, 9, 11, 14, 15, 16, 18, 20, 22, 23, 24, 30, 34, 36, 37, 38, 40, 41, 43, 44, 46, 47, 49, 52, 53, 59, 63, 66, 67, 68, 69, 71, 73, 74, 75, 77, 78, 79, 80, 81, 83, 87, 89, 92, 95, 96, 97, 99, 102, 105, 106, 110, 112, 113, 116, 117, 121, 122, 124, 127, 132, 134, 135, 136, 143, 145, 146, 150, 152, 156, 157, 161, 162, 163, 168, 172, 176, 179, 180, 183, 186, 187, 189, 193, 196, 200, 204, 205, 207, 208, 209, 211, 214, 216, 217, 219, 223, 226, 229, 231, 232, 233, 234, 236, 239, 241, 243, 244, 247, 249, 250, 251, 253, 262, 271, 276, 277, 282, 285, 287, 290, 291, 292, 295, 301, 302, 310, 311, 315, 316, 322, 326, 328, 329, 332, 334, 336, 342, 344, 345, 346, 348, 360, 363, 369, 374, 377, 379, 386, 387, 395, 398, 406, 411, 413, 417, 418, 419, 420, 421, 422, 428, 430, 432, 438, 444, 449, 451, 452, 455, 458, 460, 462, 473, 482, 486, 488, 497, 506, 511, 512, 525, 529, 530, 531, 532, 541, 542, 543, 545, 552, 553, 557, 558, 562, 564, 567, 569, 582, 584, 590, 591, 594, 605, 608, 609, 611, 612, 621, 622, 627, 628, 635, 642, 643, 644, 645, 647, 648, 651, 652, 658, 666, 668, 677, 683, 686, 687, 689, 691, 693, 695, 697, 698, 703, 706, 708, 711, 713, 714, 715, 721, 723, 725, 742, 746]"
hcci_803,Q980_9h_AC,roi_803,Zeiss Gemini_BSE_5000.0kV_2800.0x,252,3,0,0,770,1,"[1, 2, 3, 4, 5, 6, 7, 8, 9, 10, 11, 12, 13, 14, 15, 16, 17, 18, 19, 20, 21, 22, 24, 25, 26, 27, 28, 29, 30, 31, 32, 34, 36, 38, 41, 49, 51, 53, 56, 57, 61, 66, 67, 68, 71, 73, 76, 78, 80, 86, 89, 92, 93, 99, 103, 104, 107, 108, 112, 113, 115, 124, 127, 133, 134, 136, 137, 138, 140, 144, 145, 147, 149, 151, 153, 155, 156, 157, 159, 160, 165, 166, 167, 173, 177, 182, 183, 185, 187, 192, 196, 198, 199, 202, 203, 205, 207, 215, 216, 217, 220, 221, 222, 224, 225, 236, 247, 248, 251, 252, 256, 257, 258, 261, 262, 264, 265, 269, 270, 274, 278, 279, 280, 282, 283, 284, 287, 289, 291, 293, 294, 297, 298, 301, 306, 309, 310, 312, 315, 316, 327, 328, 330, 331, 334, 337, 338, 339, 342, 346, 347, 348, 350, 351, 352, 357, 359, 361, 362, 364, 367, 369, 372, 373, 374, 378, 379, 382, 385, 386, 388, 391, 392, 396, 399, 403, 404, 414, 415, 421, 423, 426, 429, 436, 444, 445, 449, 457, 458, 459, 460, 461, 462, 468, 476, 480, 481, 486, 492, 500, 501, 507, 515, 522, 525, 534, 537, 540, 543, 545, 555, 561, 566, 567, 578, 580, 582, 583, 590, 597, 599, 601, 602, 604, 607, 611, 614, 625, 626, 628, 632, 647, 654, 656, 659, 665, 667, 668, 670, 675, 677, 678, 692, 700, 705, 712, 713, 721, 725, 735, 740, 764]"
hcci_804,Q980_9h_AC,roi_804,Zeiss Gemini_BSE_5000.0kV_2800.0x,252,3,0,0,770,1,"[1, 2, 3, 4, 5, 6, 7, 8, 12, 13, 14, 15, 17, 19, 21, 22, 23, 24, 25, 26, 27, 29, 31, 33, 35, 36, 37, 39, 40, 41, 43, 48, 53, 54, 55, 56, 58, 59, 60, 62, 63, 65, 67, 70, 71, 74, 76, 79, 80, 81, 88, 89, 90, 91, 94, 99, 100, 101, 102, 103, 104, 105, 106, 107, 108, 110, 112, 113, 120, 121, 123, 131, 134, 137, 141, 142, 148, 149, 153, 157, 160, 161, 162, 163, 164, 165, 169, 173, 178, 180, 182, 185, 189, 193, 196, 202, 207, 209, 220, 222, 225, 229, 230, 233, 234, 236, 237, 238, 246, 248, 252, 256, 260, 266, 269, 280, 281, 282, 285, 288, 290, 292, 294, 299, 302, 309, 310, 313, 329, 334, 336, 341, 345, 347, 348, 352, 354, 358, 361, 363, 364, 365, 374, 376, 378, 386, 388, 390, 394, 396, 397, 400, 411, 413, 417, 418, 419, 420, 421, 422, 431, 439, 440, 441, 442, 444, 448, 450, 452, 457, 460, 467, 470, 472, 474, 479, 481, 485, 492, 495, 502, 505, 512, 513, 514, 515, 518, 520, 522, 527, 529, 530, 536, 545, 553, 554, 555, 557, 559, 561, 563, 577, 578, 579, 580, 586, 590, 594, 595, 596, 598, 600, 601, 614, 617, 618, 622, 627, 628, 630, 642, 645, 647, 648, 650, 652, 655, 656, 657, 663, 664, 665, 668, 672, 674, 679, 681, 682, 688, 691, 692, 694, 695, 699, 700, 703, 714, 716, 719, 728, 754, 768]"
hcci_805,Q980_9h_AC,roi_805,Zeiss Gemini_InLens_5000.0kV_2800.0x,252,3,0,0,770,1,"[1, 2, 3, 4, 5, 6, 7, 8, 9, 10, 11, 12, 13, 14, 15, 16, 17, 18, 20, 21, 23, 25, 26, 27, 28, 29, 30, 31, 33, 34, 36, 37, 39, 40, 41, 42, 43, 44, 45, 46, 47, 48, 49, 50, 52, 53, 54, 55, 56, 57, 59, 61, 62, 66, 68, 69, 70, 74, 77, 78, 80, 82, 87, 91, 94, 95, 97, 100, 106, 107, 109, 110, 112, 113, 117, 119, 120, 121, 126, 128, 129, 131, 133, 134, 136, 137, 141, 142, 147, 150, 152, 160, 161, 163, 165, 168, 170, 176, 180, 182, 183, 186, 192, 198, 201, 205, 209, 212, 213, 219, 221, 224, 225, 242, 243, 244, 246, 250, 257, 262, 265, 269, 270, 271, 282, 284, 292, 297, 304, 305, 308, 311, 321, 322, 324, 329, 334, 338, 342, 348, 349, 354, 358, 361, 362, 364, 366, 369, 371, 375, 377, 380, 381, 382, 385, 387, 388, 389, 390, 391, 397, 399, 401, 405, 406, 407, 409, 411, 415, 416, 423, 424, 425, 426, 431, 437, 438, 440, 441, 442, 443, 446, 447, 449, 455, 457, 459, 460, 461, 462, 464, 469, 470, 472, 474, 477, 488, 492, 494, 495, 496, 499, 502, 504, 505, 509, 510, 513, 514, 518, 520, 522, 525, 526, 540, 541, 546, 548, 550, 556, 558, 559, 563, 570, 575, 586, 589, 598, 599, 608, 609, 614, 615, 618, 619, 620, 640, 645, 654, 660, 669, 672, 675, 677, 695, 696, 701, 704, 708, 709, 740, 741]"
hcci_806,Q980_9h_AC,roi_806,Zeiss Gemini_InLens_5000.0kV_2800.0x,252,3,0,0,770,1,"[1, 2, 3, 4, 5, 6, 7, 8, 9, 10, 11, 12, 13, 14, 15, 16, 17, 18, 19, 20, 21, 22, 25, 26, 27, 28, 29, 32, 33, 34, 35, 36, 37, 38, 40, 42, 43, 44, 45, 49, 50, 51, 52, 54, 55, 56, 59, 62, 63, 64, 66, 67, 68, 70, 72, 73, 75, 80, 82, 84, 87, 89, 91, 92, 97, 98, 99, 100, 101, 102, 103, 108, 109, 110, 111, 112, 113, 118, 123, 126, 130, 139, 141, 142, 148, 151, 153, 156, 158, 159, 161, 163, 164, 168, 169, 171, 172, 173, 176, 180, 183, 184, 185, 186, 187, 192, 193, 194, 197, 198, 202, 203, 204, 209, 212, 213, 214, 217, 222, 224, 225, 226, 234, 235, 244, 245, 247, 261, 264, 265, 268, 269, 273, 274, 276, 277, 281, 282, 283, 287, 288, 290, 291, 296, 306, 309, 312, 315, 316, 317, 319, 321, 323, 325, 326, 327, 328, 329, 330, 332, 333, 334, 337, 338, 341, 345, 347, 348, 349, 350, 355, 356, 357, 360, 361, 362, 367, 375, 391, 393, 394, 395, 397, 400, 405, 409, 413, 417, 422, 424, 425, 428, 430, 433, 434, 438, 441, 442, 453, 454, 456, 458, 460, 462, 464, 465, 469, 471, 475, 479, 482, 483, 485, 490, 493, 494, 496, 507, 508, 515, 516, 523, 528, 530, 531, 539, 541, 542, 547, 554, 561, 563, 570, 577, 580, 586, 594, 607, 618, 628, 632, 633, 640, 653, 658, 664, 670, 680, 693, 714, 727, 747]"
hcci_807,Q980_9h_AC,roi_807,Zeiss Gemini_SE_10000.0kV_500.0x,252,3,0,0,770,1,"[1, 2, 3, 4, 7, 8, 15, 16, 17, 22, 27, 28, 31, 32, 33, 35, 39, 41, 43, 46, 47, 58, 62, 64, 65, 67, 71, 78, 81, 83, 86, 88, 93, 95, 96, 98, 99, 103, 109, 110, 112, 115, 116, 117, 118, 119, 122, 123, 125, 131, 135, 136, 138, 141, 143, 144, 145, 147, 151, 152, 155, 156, 157, 158, 160, 161, 164, 167, 170, 172, 175, 176, 178, 181, 183, 185, 189, 192, 196, 197, 198, 199, 207, 208, 210, 214, 215, 216, 218, 219, 220, 224, 230, 232, 233, 234, 235, 237, 238, 239, 244, 253, 255, 256, 257, 259, 260, 263, 264, 268, 270, 271, 274, 275, 276, 278, 281, 283, 285, 289, 291, 292, 293, 294, 295, 306, 307, 308, 313, 316, 317, 318, 321, 333, 334, 337, 339, 340, 348, 361, 362, 363, 364, 367, 369, 370, 371, 377, 379, 380, 382, 386, 390, 392, 393, 394, 397, 400, 401, 408, 409, 411, 418, 421, 422, 425, 429, 431, 433, 436, 440, 444, 449, 457, 459, 462, 464, 469, 470, 471, 472, 476, 478, 488, 505, 513, 519, 522, 523, 527, 528, 533, 536, 538, 540, 547, 557, 560, 563, 567, 582, 583, 586, 589, 590, 599, 600, 604, 622, 626, 630, 634, 640, 647, 656, 662, 663, 665, 667, 669, 671, 672, 674, 675, 678, 679, 681, 688, 689, 691, 694, 698, 699, 700, 702, 707, 714, 715, 716, 722, 727, 731, 733, 735, 737, 738, 740, 745, 750, 755, 761, 763]"
hcci_808,Q980_9h_AC,roi_808,Zeiss Gemini_SE_10000.0kV_500.0x,252,3,0,0,770,1,"[1, 2, 3, 4, 5, 7, 15, 17, 19, 22, 23, 24, 25, 26, 30, 31, 35, 36, 37, 38, 44, 45, 47, 48, 49, 54, 55, 56, 57, 59, 60, 62, 65, 66, 69, 71, 73, 77, 80, 81, 85, 89, 92, 93, 96, 97, 98, 102, 105, 111, 112, 113, 115, 117, 120, 123, 125, 129, 130, 131, 133, 137, 141, 143, 145, 146, 151, 155, 158, 160, 168, 171, 172, 175, 176, 177, 178, 179, 182, 184, 186, 188, 192, 195, 197, 198, 199, 200, 206, 209, 210, 220, 221, 222, 224, 225, 227, 231, 235, 241, 242, 246, 250, 251, 252, 255, 262, 263, 265, 267, 268, 269, 276, 280, 282, 283, 285, 286, 287, 290, 295, 297, 300, 305, 311, 312, 314, 316, 321, 323, 324, 326, 329, 333, 334, 342, 345, 355, 357, 360, 361, 363, 365, 366, 368, 370, 376, 377, 378, 379, 385, 387, 388, 391, 393, 394, 397, 399, 402, 405, 407, 409, 410, 412, 414, 415, 418, 423, 427, 432, 434, 438, 449, 450, 451, 452, 458, 467, 470, 477, 478, 481, 482, 484, 488, 495, 500, 506, 514, 515, 517, 518, 521, 524, 534, 542, 543, 545, 547, 557, 561, 573, 579, 588, 589, 590, 601, 610, 613, 618, 619, 621, 626, 630, 635, 637, 638, 645, 646, 649, 650, 652, 656, 669, 672, 682, 684, 687, 696, 698, 700, 701, 702, 704, 706, 710, 713, 715, 722, 723, 725, 732, 736, 737, 746, 749, 750, 751, 759, 762, 768, 769]"
hcci_809,Q980_9h_AC,roi_809,Zeiss Gemini_BSE_10000.0kV_500.0x,252,3,0,0,770,1,"[1, 2, 3, 4, 5, 6, 7, 8, 9, 10, 11, 12, 13, 14, 15, 16, 17, 18, 19, 20, 21, 22, 23, 24, 25, 26, 27, 28, 29, 30, 31, 32, 33, 34, 35, 36, 38, 39, 40, 41, 42, 43, 44, 45, 46, 47, 48, 49, 50, 52, 53, 54, 55, 56, 57, 58, 59, 60, 61, 62, 63, 64, 65, 66, 69, 72, 74, 75, 76, 77, 78, 79, 80, 87, 92, 93, 96, 98, 100, 101, 102, 103, 106, 108, 109, 110, 111, 117, 121, 124, 126, 127, 129, 131, 132, 136, 148, 149, 150, 154, 155, 159, 161, 162, 163, 165, 171, 173, 175, 176, 177, 179, 180, 187, 190, 191, 192, 193, 195, 196, 198, 199, 204, 205, 208, 210, 211, 215, 217, 223, 234, 239, 242, 245, 247, 249, 252, 254, 255, 258, 261, 262, 264, 265, 269, 275, 281, 288, 289, 290, 296, 297, 298, 299, 303, 306, 308, 309, 318, 319, 322, 323, 325, 330, 339, 340, 343, 344, 350, 351, 355, 360, 362, 369, 379, 386, 388, 391, 392, 393, 396, 400, 410, 411, 418, 422, 425, 434, 441, 444, 449, 453, 454, 457, 460, 463, 478, 483, 484, 485, 486, 487, 489, 494, 498, 499, 501, 511, 517, 520, 523, 534, 537, 541, 549, 555, 556, 559, 567, 572, 577, 579, 584, 588, 591, 597, 599, 608, 611, 613, 622, 624, 637, 649, 661, 672, 677, 682, 689, 691, 695, 704, 705, 713, 716, 728, 731, 737, 740, 745, 747, 748]"
hcci_81,Q980_9h_AC,roi_81,Helios G4 PFIB CXe_BSE_5000.0kV_5000.0x,252,3,0,0,770,1,"[1, 2, 3, 4, 5, 6, 7, 8, 9, 10, 11, 12, 13, 14, 15, 16, 17, 18, 19, 20, 21, 22, 23, 24, 25, 26, 27, 28, 29, 30, 31, 32, 33, 34, 35, 36, 37, 39, 40, 41, 42, 43, 44, 45, 46, 47, 50, 51, 52, 53, 54, 55, 56, 58, 60, 61, 63, 64, 66, 67, 68, 69, 70, 72, 76, 77, 79, 80, 81, 83, 84, 86, 88, 92, 93, 94, 95, 97, 98, 102, 104, 105, 106, 108, 111, 112, 115, 117, 118, 119, 123, 124, 128, 130, 134, 136, 141, 142, 143, 144, 145, 146, 147, 148, 149, 151, 152, 153, 155, 156, 157, 158, 160, 161, 162, 163, 166, 167, 168, 169, 170, 172, 174, 177, 178, 182, 184, 190, 192, 193, 195, 199, 201, 202, 203, 204, 205, 206, 208, 209, 210, 211, 212, 214, 218, 219, 221, 228, 232, 235, 237, 238, 239, 241, 245, 251, 252, 255, 259, 262, 264, 265, 268, 269, 271, 273, 278, 280, 281, 286, 288, 295, 296, 303, 304, 305, 312, 318, 319, 321, 332, 337, 338, 344, 346, 349, 353, 355, 367, 368, 369, 370, 377, 382, 386, 396, 400, 408, 410, 412, 413, 414, 421, 422, 423, 425, 434, 446, 452, 453, 460, 472, 477, 494, 507, 514, 517, 530, 536, 538, 572, 574, 577, 581, 589, 590, 597, 599, 608, 617, 631, 633, 635, 643, 647, 648, 659, 662, 676, 677, 686, 707, 720, 738, 739, 753, 757, 758, 761, 763, 766, 768]"
hcci_810,Q980_9h_AC,roi_810,Zeiss Gemini_BSE_10000.0kV_500.0x,252,3,0,0,770,1,"[1, 2, 3, 4, 5, 6, 7, 8, 9, 10, 11, 12, 13, 14, 15, 16, 17, 18, 19, 20, 21, 22, 23, 24, 25, 26, 27, 28, 29, 31, 32, 33, 34, 35, 36, 37, 38, 39, 40, 42, 43, 44, 45, 46, 47, 48, 49, 50, 51, 53, 54, 55, 56, 57, 59, 61, 62, 63, 65, 66, 67, 71, 72, 73, 74, 76, 77, 78, 79, 83, 85, 87, 89, 91, 93, 94, 95, 96, 97, 99, 100, 103, 106, 107, 108, 113, 114, 120, 122, 125, 127, 129, 132, 134, 135, 137, 139, 141, 142, 146, 148, 150, 152, 156, 159, 162, 165, 166, 167, 169, 178, 179, 180, 181, 183, 186, 188, 195, 197, 199, 202, 203, 204, 206, 207, 208, 210, 217, 223, 224, 226, 227, 235, 241, 246, 249, 251, 252, 254, 255, 257, 273, 279, 280, 287, 289, 290, 293, 294, 300, 301, 307, 308, 311, 317, 321, 323, 329, 341, 351, 354, 370, 377, 378, 397, 398, 404, 405, 414, 419, 423, 425, 428, 430, 436, 440, 454, 457, 464, 465, 466, 468, 475, 483, 484, 487, 489, 494, 495, 498, 501, 504, 509, 511, 519, 521, 522, 529, 534, 539, 544, 548, 551, 552, 553, 555, 557, 558, 563, 565, 573, 579, 583, 586, 589, 590, 591, 595, 598, 613, 614, 616, 620, 622, 629, 639, 641, 649, 650, 656, 658, 660, 666, 667, 669, 671, 680, 691, 692, 694, 700, 701, 713, 728, 732, 737, 738, 741, 742, 746, 750, 761]"
hcci_811,Q980_9h_AC,roi_811,Zeiss Gemini_InLens_10000.0kV_500.0x,252,3,0,0,770,1,"[1, 2, 5, 6, 7, 8, 9, 10, 11, 12, 14, 15, 16, 17, 19, 21, 23, 27, 29, 30, 32, 33, 34, 36, 46, 49, 50, 51, 52, 54, 55, 57, 58, 59, 60, 61, 65, 66, 67, 68, 70, 71, 74, 75, 76, 77, 81, 85, 87, 88, 94, 95, 97, 99, 100, 101, 103, 104, 109, 112, 113, 115, 116, 118, 120, 121, 123, 126, 127, 133, 139, 141, 143, 146, 147, 151, 152, 160, 165, 166, 168, 172, 173, 176, 178, 183, 184, 185, 186, 187, 188, 189, 191, 192, 193, 194, 196, 197, 200, 201, 202, 203, 208, 212, 214, 218, 220, 223, 224, 226, 227, 228, 230, 233, 235, 236, 237, 238, 241, 242, 246, 253, 255, 259, 263, 267, 268, 271, 274, 275, 277, 280, 281, 282, 286, 291, 293, 295, 296, 301, 302, 303, 306, 307, 309, 310, 315, 321, 328, 338, 344, 345, 346, 353, 354, 355, 361, 371, 381, 387, 388, 389, 391, 395, 409, 410, 412, 416, 417, 418, 421, 426, 432, 433, 435, 443, 444, 446, 451, 452, 455, 457, 461, 465, 469, 473, 475, 478, 480, 483, 486, 488, 489, 492, 498, 508, 517, 526, 531, 533, 547, 551, 552, 555, 557, 566, 569, 572, 573, 588, 590, 602, 613, 614, 622, 624, 633, 643, 645, 646, 647, 649, 653, 657, 664, 669, 670, 674, 685, 686, 693, 701, 704, 705, 708, 720, 724, 729, 730, 732, 738, 741, 747, 749, 758, 760, 761, 764, 766, 767, 768, 769]"
hcci_812,Q980_9h_AC,roi_812,Zeiss Gemini_InLens_10000.0kV_500.0x,252,3,0,0,770,2,"[2, 3, 5, 6, 7, 8, 10, 11, 12, 13, 14, 15, 17, 19, 20, 21, 22, 23, 24, 25, 28, 29, 31, 34, 36, 38, 40, 41, 44, 49, 53, 54, 55, 56, 59, 62, 64, 67, 69, 73, 75, 79, 83, 84, 85, 86, 87, 88, 90, 91, 94, 95, 97, 102, 103, 104, 108, 109, 111, 112, 115, 118, 119, 120, 122, 124, 125, 126, 130, 136, 137, 142, 144, 145, 151, 154, 155, 159, 161, 162, 163, 164, 167, 172, 173, 174, 177, 178, 180, 182, 185, 186, 190, 193, 194, 196, 197, 199, 201, 203, 207, 208, 213, 215, 216, 218, 219, 222, 223, 224, 230, 234, 236, 239, 241, 242, 248, 249, 252, 253, 254, 255, 256, 257, 262, 266, 268, 270, 271, 272, 278, 279, 280, 291, 297, 300, 302, 303, 305, 307, 311, 312, 317, 318, 319, 320, 327, 329, 335, 337, 338, 339, 351, 354, 356, 357, 359, 361, 362, 374, 376, 382, 388, 389, 391, 392, 394, 400, 403, 407, 412, 417, 424, 425, 428, 432, 437, 440, 444, 450, 451, 452, 456, 464, 469, 470, 472, 476, 478, 480, 484, 485, 488, 490, 497, 499, 500, 501, 504, 505, 514, 520, 521, 539, 540, 547, 548, 550, 564, 566, 568, 574, 577, 578, 586, 589, 599, 603, 606, 607, 609, 613, 615, 626, 627, 642, 653, 664, 666, 670, 673, 675, 687, 705, 711, 718, 719, 721, 722, 724, 736, 737, 743, 748, 750, 751, 752, 756, 762, 767, 768, 769]"
hcci_813,Q980_9h_AC,roi_813,Zeiss Gemini_SE_10000.0kV_2800.0x,252,3,0,0,770,1,"[1, 2, 3, 4, 5, 6, 7, 8, 10, 12, 13, 14, 15, 16, 17, 23, 25, 27, 29, 31, 32, 33, 34, 35, 37, 40, 43, 44, 47, 50, 52, 55, 56, 60, 62, 64, 65, 68, 70, 71, 72, 73, 76, 79, 82, 88, 89, 90, 91, 93, 94, 95, 96, 99, 104, 106, 108, 110, 112, 114, 117, 120, 121, 125, 126, 128, 131, 132, 134, 136, 137, 139, 141, 143, 144, 145, 146, 149, 154, 158, 159, 162, 165, 167, 168, 172, 173, 174, 178, 179, 180, 182, 187, 189, 191, 193, 197, 199, 200, 201, 204, 206, 210, 211, 212, 214, 217, 220, 223, 228, 232, 233, 235, 238, 243, 247, 250, 251, 256, 257, 259, 263, 265, 273, 274, 276, 277, 281, 283, 284, 288, 291, 292, 300, 302, 303, 304, 305, 309, 314, 316, 318, 320, 321, 323, 324, 337, 338, 346, 348, 352, 353, 355, 356, 366, 367, 370, 373, 380, 381, 393, 405, 409, 410, 415, 420, 421, 422, 427, 429, 435, 437, 440, 446, 447, 450, 452, 453, 462, 468, 469, 472, 473, 476, 478, 481, 484, 485, 490, 501, 504, 508, 509, 513, 519, 526, 533, 535, 539, 544, 546, 549, 550, 551, 553, 562, 570, 573, 577, 579, 580, 582, 583, 586, 588, 589, 591, 599, 604, 607, 613, 616, 621, 627, 634, 640, 648, 649, 652, 655, 656, 658, 659, 662, 665, 674, 677, 682, 688, 690, 693, 695, 702, 705, 709, 710, 715, 719, 723, 724, 731, 753]"
hcci_814,Q980_9h_AC,roi_814,Zeiss Gemini_SE_10000.0kV_2800.0x,252,3,0,0,770,1,"[1, 2, 3, 4, 5, 6, 7, 8, 10, 12, 13, 14, 17, 19, 23, 25, 27, 28, 30, 32, 33, 34, 36, 37, 40, 42, 47, 54, 55, 60, 64, 69, 72, 73, 75, 76, 77, 78, 79, 82, 85, 87, 90, 95, 96, 97, 100, 101, 102, 103, 105, 106, 108, 110, 115, 116, 117, 118, 122, 125, 126, 128, 134, 135, 136, 137, 140, 142, 143, 148, 150, 151, 153, 159, 162, 165, 168, 169, 172, 173, 176, 177, 184, 190, 193, 197, 200, 203, 204, 205, 207, 208, 209, 213, 218, 221, 224, 229, 237, 240, 242, 248, 249, 251, 254, 258, 262, 263, 265, 266, 267, 270, 278, 281, 282, 294, 296, 304, 306, 307, 311, 315, 319, 320, 321, 322, 326, 328, 334, 336, 338, 341, 342, 346, 347, 354, 355, 356, 357, 358, 363, 364, 366, 367, 372, 374, 375, 376, 389, 392, 396, 397, 398, 407, 412, 419, 420, 422, 424, 425, 426, 427, 437, 439, 443, 449, 451, 456, 457, 459, 461, 466, 470, 473, 475, 479, 481, 488, 491, 500, 509, 510, 512, 520, 525, 526, 529, 532, 535, 541, 543, 545, 557, 559, 561, 564, 566, 567, 568, 572, 575, 577, 578, 580, 582, 583, 592, 593, 599, 602, 605, 608, 609, 610, 617, 618, 620, 621, 623, 628, 630, 631, 632, 633, 634, 637, 641, 645, 646, 648, 659, 660, 665, 666, 668, 669, 678, 681, 684, 685, 689, 693, 698, 699, 711, 715, 716, 719, 722, 723, 729, 731]"
hcci_815,Q980_9h_AC,roi_815,Zeiss Gemini_BSE_10000.0kV_2800.0x,252,3,0,0,770,1,"[1, 2, 3, 4, 5, 6, 7, 8, 9, 10, 11, 12, 13, 14, 15, 16, 17, 18, 19, 20, 21, 22, 23, 24, 25, 26, 27, 28, 29, 30, 31, 32, 33, 34, 35, 36, 37, 38, 39, 40, 41, 42, 44, 45, 46, 47, 48, 49, 50, 51, 52, 54, 55, 56, 61, 62, 64, 65, 68, 69, 72, 73, 74, 75, 77, 80, 81, 83, 84, 85, 87, 88, 89, 91, 92, 94, 95, 98, 99, 100, 102, 103, 104, 105, 107, 108, 109, 110, 113, 119, 125, 128, 130, 131, 134, 137, 140, 141, 142, 145, 146, 148, 151, 152, 153, 155, 157, 158, 160, 161, 167, 168, 169, 172, 174, 186, 187, 191, 192, 193, 194, 197, 200, 202, 204, 205, 207, 212, 214, 215, 217, 219, 222, 224, 227, 231, 232, 240, 241, 242, 247, 249, 252, 254, 257, 260, 262, 263, 265, 268, 270, 271, 272, 274, 277, 278, 279, 280, 282, 284, 285, 290, 292, 293, 295, 296, 301, 302, 304, 307, 311, 315, 317, 318, 321, 323, 324, 327, 328, 329, 331, 333, 334, 337, 341, 346, 350, 351, 352, 358, 359, 360, 363, 365, 368, 372, 374, 377, 383, 386, 387, 389, 390, 391, 393, 396, 398, 409, 413, 416, 419, 427, 428, 432, 433, 438, 440, 441, 444, 454, 462, 485, 491, 493, 496, 507, 508, 519, 527, 528, 532, 541, 570, 581, 587, 589, 609, 613, 620, 626, 627, 634, 664, 666, 679, 689, 702, 745, 753, 763, 767, 768]"
hcci_816,Q980_9h_AC,roi_816,Zeiss Gemini_BSE_10000.0kV_2800.0x,252,3,0,0,770,1,"[1, 2, 3, 4, 5, 6, 7, 8, 9, 10, 11, 12, 13, 14, 15, 16, 17, 18, 19, 20, 21, 22, 23, 24, 26, 28, 29, 30, 31, 32, 33, 37, 38, 39, 41, 43, 47, 48, 49, 50, 54, 55, 57, 58, 59, 60, 61, 62, 63, 67, 68, 69, 71, 72, 73, 74, 75, 76, 77, 78, 80, 81, 82, 83, 86, 88, 91, 93, 96, 97, 98, 99, 100, 102, 103, 105, 110, 113, 115, 116, 122, 124, 125, 126, 128, 129, 130, 132, 133, 135, 136, 140, 144, 145, 147, 148, 149, 151, 152, 153, 155, 159, 160, 162, 163, 164, 165, 167, 170, 174, 179, 180, 182, 183, 185, 187, 188, 190, 191, 192, 195, 196, 200, 201, 202, 203, 204, 206, 207, 209, 214, 220, 221, 224, 227, 228, 232, 233, 234, 237, 239, 240, 241, 243, 247, 255, 256, 258, 260, 261, 273, 276, 277, 280, 284, 285, 289, 291, 296, 297, 298, 306, 314, 317, 321, 322, 323, 324, 331, 334, 337, 340, 341, 343, 345, 352, 353, 354, 356, 360, 364, 365, 372, 373, 374, 375, 376, 387, 391, 393, 394, 401, 402, 404, 414, 415, 418, 420, 422, 423, 428, 431, 432, 434, 435, 439, 441, 442, 446, 455, 462, 467, 469, 470, 473, 474, 480, 481, 489, 491, 492, 494, 498, 502, 503, 508, 510, 513, 517, 532, 535, 542, 547, 553, 557, 562, 569, 591, 605, 609, 615, 623, 629, 641, 657, 674, 675, 686, 688, 707, 744, 753]"
hcci_817,Q980_9h_AC,roi_817,Zeiss Gemini_SE_20000.0kV_2800.0x,252,3,0,0,770,1,"[1, 2, 3, 4, 5, 6, 7, 8, 9, 10, 11, 12, 13, 14, 15, 16, 18, 22, 28, 29, 30, 32, 34, 36, 37, 38, 42, 43, 44, 47, 48, 49, 51, 54, 57, 59, 60, 61, 65, 66, 67, 70, 71, 72, 73, 74, 75, 76, 77, 79, 81, 82, 87, 93, 94, 95, 97, 100, 102, 104, 105, 107, 109, 110, 114, 115, 116, 119, 123, 128, 133, 134, 139, 143, 147, 151, 153, 155, 156, 159, 160, 161, 171, 172, 177, 180, 185, 195, 196, 198, 204, 205, 206, 210, 228, 229, 231, 233, 235, 237, 241, 244, 250, 256, 257, 260, 267, 275, 279, 283, 285, 289, 295, 302, 306, 308, 312, 313, 320, 322, 323, 324, 325, 331, 332, 337, 338, 341, 343, 352, 355, 356, 359, 368, 375, 380, 382, 384, 385, 389, 393, 396, 398, 405, 414, 419, 420, 425, 426, 428, 433, 434, 437, 438, 443, 446, 448, 449, 450, 452, 458, 460, 464, 468, 472, 473, 474, 477, 478, 481, 482, 489, 491, 495, 496, 497, 498, 507, 508, 513, 518, 520, 526, 527, 528, 532, 535, 536, 537, 542, 545, 548, 553, 554, 558, 569, 571, 572, 573, 576, 583, 585, 587, 589, 590, 593, 596, 599, 603, 605, 607, 609, 615, 617, 618, 622, 624, 626, 631, 644, 646, 647, 648, 651, 656, 658, 665, 668, 669, 672, 674, 681, 686, 688, 689, 690, 694, 695, 697, 701, 705, 708, 709, 714, 716, 717, 720, 731, 743, 744, 749, 750]"
hcci_818,Q980_9h_AC,roi_818,Zeiss Gemini_SE_20000.0kV_2800.0x,252,3,0,0,770,1,"[1, 2, 3, 4, 5, 6, 7, 8, 10, 11, 12, 13, 14, 15, 16, 18, 22, 26, 27, 29, 31, 33, 35, 36, 37, 41, 43, 45, 46, 47, 50, 52, 55, 56, 58, 59, 61, 62, 64, 67, 68, 70, 71, 73, 75, 76, 77, 79, 80, 81, 85, 86, 87, 88, 89, 91, 92, 97, 101, 103, 104, 106, 107, 108, 109, 110, 112, 113, 114, 119, 120, 122, 123, 126, 129, 132, 135, 136, 138, 141, 142, 143, 146, 147, 149, 154, 159, 160, 163, 165, 170, 174, 175, 182, 184, 186, 187, 188, 193, 194, 195, 196, 198, 199, 200, 204, 213, 214, 216, 217, 227, 228, 230, 232, 233, 236, 237, 240, 242, 244, 246, 259, 264, 289, 291, 298, 299, 301, 302, 309, 311, 318, 319, 323, 326, 329, 331, 332, 333, 337, 338, 345, 350, 354, 357, 359, 363, 365, 366, 371, 382, 384, 385, 386, 388, 391, 395, 396, 397, 399, 402, 403, 405, 419, 420, 421, 424, 425, 427, 434, 440, 452, 455, 459, 461, 463, 471, 474, 482, 484, 485, 492, 497, 503, 504, 506, 508, 514, 516, 520, 523, 524, 525, 527, 530, 535, 545, 552, 554, 560, 563, 566, 570, 575, 580, 589, 597, 603, 606, 609, 610, 612, 614, 618, 620, 622, 630, 631, 632, 633, 635, 636, 640, 647, 650, 656, 657, 658, 661, 664, 665, 666, 668, 669, 672, 675, 676, 684, 685, 694, 696, 698, 699, 701, 703, 705, 713, 718, 721, 740, 741, 744]"
hcci_819,Q980_9h_AC,roi_819,Zeiss Gemini_SE_20000.0kV_500.0x,252,3,0,0,770,1,"[1, 2, 3, 4, 10, 12, 19, 20, 21, 22, 24, 26, 29, 32, 33, 34, 35, 36, 37, 38, 41, 43, 46, 47, 52, 53, 54, 56, 58, 61, 63, 66, 67, 69, 71, 72, 79, 80, 81, 83, 84, 85, 89, 90, 93, 94, 97, 98, 99, 100, 101, 102, 104, 106, 107, 108, 111, 112, 114, 116, 117, 118, 121, 122, 123, 124, 125, 126, 128, 132, 134, 135, 136, 137, 140, 145, 149, 154, 155, 162, 163, 164, 166, 167, 168, 173, 175, 180, 181, 182, 185, 187, 189, 190, 191, 192, 193, 196, 198, 202, 203, 209, 210, 211, 213, 214, 215, 217, 223, 228, 232, 235, 236, 237, 239, 256, 258, 260, 261, 262, 265, 268, 269, 276, 279, 280, 282, 285, 286, 289, 290, 291, 297, 299, 306, 310, 311, 317, 318, 320, 323, 331, 333, 335, 337, 341, 343, 349, 352, 353, 357, 361, 365, 371, 372, 375, 378, 379, 382, 385, 387, 390, 400, 401, 402, 403, 407, 410, 413, 421, 425, 427, 428, 439, 445, 447, 455, 456, 459, 469, 477, 488, 489, 492, 493, 498, 502, 503, 505, 511, 512, 519, 524, 528, 531, 535, 539, 542, 543, 545, 551, 560, 564, 567, 586, 593, 594, 605, 606, 609, 613, 616, 617, 618, 621, 631, 635, 640, 643, 644, 649, 652, 653, 654, 657, 660, 663, 666, 688, 691, 692, 703, 708, 709, 711, 713, 714, 715, 724, 730, 733, 742, 743, 745, 746, 751, 754, 756, 758, 761, 765, 770]"
hcci_82,Q980_9h_AC,roi_82,Helios G4 PFIB CXe_BSE_5000.0kV_5000.0x,252,3,0,0,770,1,"[1, 2, 3, 4, 5, 6, 7, 8, 9, 10, 11, 12, 13, 14, 15, 16, 17, 18, 19, 20, 21, 22, 23, 24, 25, 26, 27, 28, 29, 30, 31, 32, 33, 34, 35, 36, 37, 38, 39, 40, 41, 42, 43, 45, 46, 47, 48, 49, 50, 52, 53, 54, 55, 56, 57, 59, 60, 62, 63, 64, 65, 66, 72, 73, 74, 75, 76, 77, 79, 82, 83, 84, 87, 90, 91, 92, 93, 94, 95, 97, 100, 102, 103, 105, 106, 107, 108, 110, 111, 112, 113, 114, 115, 116, 118, 119, 123, 124, 128, 129, 132, 135, 136, 138, 141, 143, 145, 148, 151, 152, 153, 154, 156, 157, 158, 159, 160, 161, 162, 163, 166, 169, 171, 172, 173, 175, 177, 178, 180, 181, 183, 184, 187, 188, 189, 191, 192, 196, 197, 198, 199, 201, 203, 204, 205, 206, 207, 208, 213, 215, 216, 217, 218, 219, 220, 221, 223, 226, 227, 231, 232, 234, 240, 241, 244, 245, 257, 260, 262, 266, 267, 272, 278, 285, 288, 289, 290, 291, 295, 300, 301, 310, 313, 319, 320, 323, 324, 333, 338, 342, 350, 360, 361, 362, 363, 371, 374, 377, 378, 381, 382, 385, 393, 404, 408, 416, 423, 424, 428, 437, 448, 454, 456, 458, 465, 471, 486, 493, 516, 521, 524, 528, 536, 554, 559, 571, 573, 580, 584, 587, 591, 592, 596, 605, 611, 630, 632, 642, 643, 670, 679, 693, 701, 720, 731, 734, 748, 754, 757, 759, 766, 767]"
hcci_820,Q980_9h_AC,roi_820,Zeiss Gemini_SE_20000.0kV_500.0x,252,3,0,0,770,1,"[1, 3, 5, 6, 14, 15, 16, 18, 19, 25, 26, 28, 29, 30, 31, 35, 36, 37, 41, 43, 44, 45, 48, 49, 50, 52, 56, 57, 59, 60, 62, 64, 65, 66, 67, 69, 71, 72, 75, 77, 79, 82, 87, 88, 89, 92, 93, 98, 100, 103, 104, 106, 109, 113, 114, 115, 116, 117, 118, 121, 122, 124, 127, 128, 133, 134, 135, 136, 138, 145, 146, 150, 152, 155, 156, 158, 160, 162, 165, 169, 170, 171, 172, 173, 175, 176, 178, 179, 180, 182, 185, 186, 191, 196, 198, 211, 212, 215, 217, 220, 229, 230, 237, 241, 242, 244, 249, 252, 256, 261, 262, 263, 265, 268, 269, 270, 272, 275, 283, 284, 285, 289, 290, 293, 296, 297, 298, 299, 301, 305, 307, 308, 310, 311, 312, 315, 318, 319, 321, 322, 326, 334, 335, 340, 351, 352, 353, 357, 361, 367, 370, 371, 375, 377, 378, 379, 382, 384, 390, 394, 397, 400, 401, 404, 407, 417, 430, 432, 441, 443, 446, 447, 450, 452, 453, 458, 470, 472, 473, 478, 481, 493, 494, 500, 512, 521, 522, 530, 539, 554, 556, 561, 564, 566, 567, 573, 576, 577, 587, 592, 595, 599, 601, 609, 612, 614, 619, 621, 626, 636, 637, 644, 645, 647, 648, 652, 653, 658, 665, 667, 668, 670, 675, 678, 680, 691, 692, 698, 699, 705, 710, 713, 714, 715, 720, 721, 722, 723, 726, 730, 733, 734, 738, 740, 744, 745, 751, 752, 760, 761, 768, 770]"
hcci_821,Q980_9h_AC,roi_821,Zeiss Gemini_BSE_20000.0kV_500.0x,252,3,0,0,770,1,"[1, 2, 3, 4, 5, 6, 7, 8, 9, 10, 11, 12, 13, 14, 15, 16, 17, 18, 19, 20, 21, 22, 23, 24, 25, 26, 27, 29, 30, 32, 33, 35, 36, 37, 38, 39, 40, 42, 43, 44, 45, 47, 48, 51, 52, 53, 57, 58, 59, 63, 64, 67, 68, 72, 76, 80, 81, 82, 83, 84, 86, 87, 89, 90, 91, 93, 94, 95, 96, 98, 99, 100, 101, 102, 103, 106, 108, 112, 115, 117, 119, 121, 122, 123, 124, 125, 131, 132, 133, 134, 135, 141, 142, 144, 145, 148, 149, 150, 153, 154, 156, 157, 158, 160, 161, 162, 165, 166, 167, 170, 171, 172, 174, 175, 178, 179, 180, 185, 187, 188, 189, 192, 194, 199, 203, 209, 216, 218, 220, 224, 226, 228, 231, 234, 235, 238, 253, 258, 261, 266, 282, 286, 295, 299, 300, 312, 321, 325, 337, 341, 343, 355, 379, 382, 384, 386, 389, 390, 395, 409, 428, 429, 437, 443, 444, 447, 457, 461, 466, 467, 473, 474, 476, 493, 494, 497, 504, 505, 506, 507, 515, 534, 549, 550, 554, 555, 565, 566, 569, 578, 589, 591, 593, 594, 595, 596, 600, 603, 606, 608, 610, 617, 622, 623, 624, 628, 630, 631, 632, 633, 636, 637, 639, 640, 644, 645, 647, 648, 652, 654, 656, 658, 662, 673, 677, 678, 682, 686, 687, 691, 693, 696, 697, 698, 699, 702, 703, 705, 706, 711, 712, 714, 720, 735, 739, 741, 742, 747, 748, 749, 754, 766]"
hcci_822,Q980_9h_AC,roi_822,Zeiss Gemini_BSE_20000.0kV_500.0x,252,3,0,0,770,1,"[1, 2, 3, 4, 5, 6, 7, 8, 9, 10, 11, 12, 13, 14, 15, 16, 17, 18, 19, 20, 21, 22, 23, 25, 26, 27, 29, 30, 31, 32, 33, 34, 35, 36, 37, 38, 40, 41, 42, 43, 44, 45, 46, 47, 48, 50, 51, 52, 56, 59, 60, 65, 67, 69, 70, 72, 73, 74, 78, 81, 82, 86, 87, 88, 91, 95, 97, 99, 100, 101, 102, 103, 104, 105, 110, 112, 114, 116, 117, 118, 120, 121, 122, 124, 126, 128, 129, 131, 132, 133, 136, 138, 140, 141, 142, 145, 148, 149, 151, 154, 155, 157, 158, 161, 162, 163, 165, 170, 172, 173, 174, 177, 178, 179, 185, 188, 190, 194, 198, 199, 201, 202, 203, 206, 209, 213, 214, 217, 220, 221, 229, 230, 238, 248, 251, 252, 255, 259, 263, 268, 269, 302, 308, 316, 318, 324, 331, 342, 364, 369, 371, 376, 379, 391, 395, 397, 409, 413, 417, 424, 426, 429, 437, 465, 471, 481, 484, 488, 489, 491, 499, 501, 505, 514, 515, 519, 529, 530, 534, 535, 537, 538, 546, 553, 555, 561, 564, 566, 577, 584, 592, 594, 598, 600, 601, 602, 606, 607, 609, 611, 613, 615, 618, 619, 620, 621, 623, 625, 626, 628, 631, 635, 639, 640, 642, 643, 644, 645, 647, 648, 651, 654, 659, 662, 670, 673, 679, 680, 681, 682, 690, 692, 693, 695, 699, 700, 701, 703, 704, 705, 706, 709, 716, 728, 732, 735, 740, 741, 742, 743, 749, 762]"
hcci_825,Q980_9h_AC,roi_825,Zeiss Gemini_InLens_10000.0kV_2800.0x,252,3,0,0,770,1,"[1, 2, 3, 4, 5, 6, 7, 8, 9, 10, 11, 12, 13, 14, 15, 16, 18, 19, 20, 21, 22, 23, 25, 26, 27, 28, 29, 30, 32, 33, 36, 39, 40, 41, 42, 43, 47, 50, 51, 52, 53, 55, 57, 60, 61, 62, 64, 66, 71, 73, 75, 77, 79, 80, 81, 83, 84, 86, 88, 89, 90, 92, 93, 95, 100, 101, 104, 106, 107, 110, 113, 115, 116, 117, 119, 120, 126, 128, 130, 131, 135, 137, 140, 141, 143, 144, 148, 149, 157, 162, 163, 165, 168, 172, 173, 175, 178, 181, 185, 191, 192, 193, 200, 205, 206, 208, 212, 214, 220, 221, 223, 227, 233, 234, 236, 237, 238, 239, 240, 242, 243, 244, 245, 249, 252, 253, 258, 261, 262, 266, 269, 270, 272, 273, 282, 283, 284, 287, 288, 289, 293, 301, 305, 308, 309, 310, 311, 312, 314, 315, 316, 321, 324, 334, 335, 342, 343, 345, 350, 351, 352, 354, 356, 358, 361, 362, 364, 366, 370, 371, 372, 374, 375, 377, 378, 381, 382, 383, 384, 386, 389, 391, 394, 396, 401, 403, 404, 406, 413, 420, 422, 423, 424, 425, 427, 430, 438, 439, 445, 449, 451, 454, 455, 456, 459, 460, 461, 462, 464, 465, 469, 470, 476, 477, 483, 485, 486, 491, 499, 503, 514, 516, 517, 543, 547, 551, 554, 557, 573, 576, 586, 587, 588, 589, 590, 595, 599, 604, 609, 614, 626, 627, 652, 653, 656, 661, 672, 687, 713, 746, 757, 767]"
hcci_826,Q980_9h_AC,roi_826,Zeiss Gemini_InLens_10000.0kV_2800.0x,252,3,0,0,770,1,"[1, 2, 3, 4, 5, 6, 7, 8, 9, 10, 11, 12, 13, 14, 15, 16, 17, 18, 19, 20, 21, 22, 24, 25, 26, 28, 29, 30, 32, 33, 35, 38, 40, 42, 43, 44, 47, 48, 49, 50, 51, 52, 55, 56, 59, 61, 63, 64, 71, 72, 76, 79, 80, 81, 83, 84, 85, 86, 87, 88, 90, 91, 93, 94, 95, 96, 97, 98, 100, 101, 102, 104, 105, 108, 112, 114, 115, 117, 125, 127, 128, 129, 132, 133, 134, 140, 143, 144, 148, 149, 150, 153, 154, 156, 157, 165, 166, 167, 170, 171, 173, 174, 175, 178, 180, 181, 183, 187, 188, 192, 200, 201, 202, 214, 217, 218, 225, 229, 231, 233, 234, 235, 236, 243, 246, 248, 249, 250, 253, 255, 256, 257, 263, 264, 265, 270, 275, 277, 285, 286, 288, 289, 290, 293, 306, 310, 312, 315, 316, 318, 319, 322, 323, 329, 333, 334, 335, 336, 337, 342, 344, 347, 348, 349, 350, 351, 352, 357, 365, 370, 372, 375, 378, 380, 384, 388, 389, 391, 392, 400, 401, 409, 410, 411, 414, 416, 418, 420, 421, 425, 426, 429, 431, 432, 433, 434, 437, 439, 441, 443, 444, 452, 456, 462, 463, 465, 466, 467, 473, 475, 476, 479, 486, 489, 492, 494, 496, 498, 499, 506, 507, 511, 513, 515, 529, 534, 539, 541, 554, 559, 574, 577, 582, 585, 589, 592, 594, 598, 599, 605, 611, 614, 620, 627, 629, 648, 657, 676, 712, 752, 756, 765]"
hcci_827,Q980_9h_AC,roi_827,Zeiss Gemini_BSE_20000.0kV_2800.0x,252,3,0,0,770,1,"[1, 2, 3, 4, 5, 6, 7, 8, 9, 10, 11, 12, 13, 14, 15, 16, 17, 18, 19, 20, 21, 22, 23, 24, 25, 26, 27, 29, 30, 31, 33, 35, 36, 37, 38, 39, 41, 42, 43, 44, 45, 51, 52, 53, 54, 56, 57, 58, 59, 60, 61, 62, 63, 68, 69, 70, 74, 76, 77, 78, 79, 81, 82, 83, 85, 91, 92, 97, 98, 100, 101, 103, 104, 106, 109, 113, 121, 129, 132, 133, 137, 138, 139, 141, 143, 147, 150, 155, 156, 159, 160, 161, 163, 164, 166, 177, 179, 180, 181, 185, 186, 187, 194, 197, 202, 205, 210, 211, 215, 218, 219, 227, 228, 234, 238, 239, 240, 244, 246, 247, 250, 251, 255, 257, 262, 264, 267, 269, 271, 274, 275, 277, 281, 283, 285, 287, 288, 291, 292, 293, 297, 298, 299, 300, 301, 305, 309, 310, 314, 316, 318, 319, 321, 322, 323, 326, 327, 329, 334, 335, 336, 337, 340, 341, 345, 346, 348, 350, 354, 356, 360, 362, 363, 371, 375, 376, 380, 387, 389, 390, 391, 393, 394, 396, 397, 400, 401, 402, 406, 407, 408, 410, 411, 414, 419, 420, 421, 434, 435, 441, 444, 448, 450, 451, 453, 454, 456, 457, 463, 465, 467, 470, 471, 475, 476, 478, 481, 482, 484, 485, 486, 488, 490, 496, 498, 503, 504, 508, 510, 511, 520, 523, 526, 533, 548, 561, 562, 583, 593, 597, 634, 647, 661, 667, 672, 674, 683, 714, 721, 733, 756, 765]"
hcci_828,Q980_9h_AC,roi_828,Zeiss Gemini_BSE_20000.0kV_2800.0x,252,3,0,0,770,1,"[1, 2, 3, 4, 5, 6, 7, 8, 9, 10, 11, 12, 13, 14, 15, 16, 17, 18, 19, 20, 21, 22, 23, 24, 25, 26, 27, 28, 29, 30, 31, 32, 33, 34, 35, 36, 39, 40, 42, 45, 47, 48, 49, 50, 51, 52, 53, 54, 55, 57, 59, 60, 61, 62, 63, 64, 67, 69, 70, 71, 77, 79, 82, 83, 84, 86, 88, 89, 91, 92, 93, 94, 97, 98, 102, 104, 106, 109, 111, 112, 113, 114, 116, 118, 119, 120, 122, 129, 132, 135, 136, 137, 138, 139, 144, 147, 149, 155, 156, 159, 169, 170, 172, 173, 182, 185, 188, 192, 195, 198, 199, 200, 201, 203, 209, 212, 213, 218, 220, 222, 226, 228, 234, 237, 243, 244, 245, 249, 254, 255, 256, 257, 258, 260, 268, 269, 271, 274, 278, 280, 282, 284, 287, 289, 293, 294, 295, 297, 299, 301, 302, 303, 306, 308, 310, 313, 317, 321, 323, 326, 327, 328, 331, 332, 338, 341, 343, 345, 347, 348, 349, 352, 354, 357, 360, 361, 362, 363, 364, 368, 369, 372, 374, 376, 378, 379, 382, 383, 387, 388, 390, 396, 398, 399, 400, 403, 405, 406, 408, 409, 410, 416, 420, 421, 423, 427, 428, 429, 438, 442, 448, 449, 454, 457, 461, 469, 470, 472, 475, 477, 482, 484, 489, 494, 498, 500, 509, 511, 514, 522, 524, 526, 535, 542, 546, 561, 581, 583, 588, 595, 615, 616, 630, 644, 651, 697, 718, 719, 725, 736, 742, 751]"
hcci_829,Q980_9h_AC,roi_829,Zeiss Gemini_InLens_20000.0kV_2800.0x,252,3,0,0,770,1,"[1, 2, 3, 4, 5, 6, 7, 8, 9, 10, 11, 12, 13, 14, 15, 16, 17, 18, 19, 20, 21, 22, 23, 24, 25, 26, 27, 28, 29, 30, 31, 32, 33, 34, 35, 36, 37, 38, 39, 40, 41, 42, 43, 44, 46, 47, 48, 49, 50, 51, 52, 53, 55, 56, 58, 61, 62, 63, 64, 65, 67, 69, 71, 72, 73, 74, 75, 77, 80, 81, 82, 84, 85, 86, 87, 88, 89, 90, 91, 95, 96, 98, 99, 100, 102, 103, 104, 106, 107, 108, 110, 117, 119, 120, 121, 122, 123, 125, 126, 128, 135, 138, 140, 142, 145, 146, 147, 148, 150, 152, 155, 156, 157, 159, 162, 164, 166, 169, 170, 171, 173, 174, 177, 179, 181, 189, 191, 192, 193, 194, 196, 201, 202, 203, 204, 205, 206, 209, 210, 211, 214, 217, 218, 219, 220, 225, 228, 229, 232, 233, 237, 239, 243, 245, 249, 250, 252, 253, 255, 258, 259, 260, 269, 271, 272, 275, 279, 283, 284, 289, 291, 294, 304, 305, 317, 319, 320, 326, 329, 331, 338, 339, 340, 344, 347, 348, 352, 353, 358, 363, 364, 366, 368, 369, 373, 375, 377, 378, 382, 388, 390, 396, 397, 400, 407, 409, 410, 412, 415, 416, 422, 425, 426, 427, 432, 439, 444, 446, 449, 450, 467, 471, 474, 480, 482, 483, 485, 490, 494, 499, 511, 514, 518, 543, 549, 561, 562, 569, 608, 614, 621, 624, 626, 635, 642, 671, 689, 701, 702, 716, 737, 760]"
hcci_83,Q980_9h_AC,roi_83,Helios G4 PFIB CXe_InLens_5000.0kV_5000.0x,252,3,0,0,770,1,"[1, 2, 3, 4, 5, 6, 7, 8, 9, 10, 11, 12, 13, 14, 15, 16, 17, 18, 19, 20, 21, 22, 23, 24, 25, 26, 27, 28, 29, 30, 31, 32, 33, 34, 35, 36, 37, 38, 40, 41, 43, 44, 45, 46, 47, 48, 49, 50, 51, 52, 53, 54, 55, 56, 57, 58, 60, 61, 63, 65, 66, 68, 70, 71, 72, 83, 84, 86, 87, 89, 91, 93, 96, 101, 107, 108, 110, 111, 112, 113, 114, 116, 118, 120, 121, 122, 127, 128, 129, 131, 133, 135, 136, 137, 139, 141, 143, 145, 146, 147, 151, 154, 155, 157, 161, 162, 164, 166, 168, 169, 172, 176, 178, 181, 182, 189, 191, 192, 195, 196, 197, 198, 203, 204, 205, 208, 211, 213, 216, 226, 237, 238, 239, 240, 242, 243, 249, 251, 254, 260, 266, 268, 277, 278, 282, 292, 295, 297, 299, 302, 308, 313, 316, 317, 330, 336, 337, 341, 345, 346, 349, 352, 353, 360, 361, 362, 363, 373, 381, 382, 383, 386, 388, 389, 392, 397, 400, 405, 411, 418, 420, 421, 422, 423, 430, 432, 436, 440, 441, 442, 449, 451, 462, 467, 468, 469, 472, 473, 483, 487, 493, 505, 510, 511, 518, 524, 526, 528, 530, 537, 539, 541, 545, 553, 558, 561, 577, 578, 586, 587, 594, 597, 617, 618, 619, 621, 622, 624, 630, 639, 641, 648, 653, 655, 672, 677, 684, 692, 693, 699, 706, 717, 718, 730, 735, 736, 738, 759, 762, 764, 767, 768]"
hcci_830,Q980_9h_AC,roi_830,Zeiss Gemini_InLens_20000.0kV_2800.0x,252,3,0,0,770,1,"[1, 2, 3, 4, 5, 6, 7, 8, 9, 10, 11, 12, 13, 14, 16, 17, 19, 20, 21, 22, 23, 24, 25, 26, 28, 29, 30, 31, 32, 33, 34, 35, 36, 37, 38, 39, 40, 41, 42, 43, 44, 45, 46, 47, 49, 50, 51, 52, 53, 55, 56, 57, 58, 59, 60, 61, 64, 65, 66, 67, 68, 70, 72, 73, 74, 75, 77, 78, 79, 80, 81, 83, 86, 87, 88, 89, 90, 91, 94, 95, 96, 98, 99, 101, 102, 104, 106, 111, 112, 116, 117, 118, 119, 124, 125, 127, 128, 131, 132, 133, 134, 135, 136, 137, 138, 139, 141, 146, 148, 150, 152, 153, 159, 163, 164, 166, 167, 169, 170, 173, 174, 175, 179, 182, 185, 186, 187, 189, 190, 191, 193, 196, 197, 198, 199, 200, 204, 205, 206, 211, 212, 214, 215, 218, 219, 220, 222, 224, 225, 228, 232, 235, 236, 237, 238, 240, 241, 242, 245, 247, 251, 253, 260, 262, 264, 266, 267, 271, 274, 276, 283, 289, 290, 298, 301, 309, 311, 312, 313, 320, 322, 324, 325, 327, 334, 341, 345, 354, 357, 361, 362, 365, 378, 381, 383, 400, 401, 403, 408, 418, 423, 424, 446, 447, 452, 458, 469, 474, 476, 482, 486, 493, 497, 510, 516, 518, 533, 538, 546, 549, 557, 564, 568, 569, 585, 590, 602, 607, 614, 626, 629, 645, 647, 691, 693, 697, 702, 704, 714, 716, 719, 721, 723, 728, 731, 751, 756, 757, 763, 764, 767, 769]"
hcci_84,Q980_9h_AC,roi_84,Helios G4 PFIB CXe_InLens_5000.0kV_5000.0x,252,3,0,0,770,1,"[1, 2, 3, 4, 5, 6, 7, 8, 9, 10, 11, 12, 13, 14, 15, 16, 17, 18, 19, 20, 21, 22, 23, 24, 25, 26, 27, 28, 29, 30, 31, 33, 34, 35, 37, 38, 39, 40, 41, 42, 43, 44, 45, 46, 47, 55, 56, 58, 59, 63, 64, 67, 70, 71, 74, 75, 76, 77, 78, 82, 83, 86, 87, 89, 90, 91, 92, 94, 97, 102, 105, 109, 112, 115, 118, 119, 122, 123, 124, 125, 126, 127, 128, 129, 130, 133, 136, 137, 138, 139, 140, 141, 147, 154, 155, 156, 162, 165, 167, 168, 169, 170, 178, 180, 182, 183, 186, 188, 191, 192, 193, 194, 195, 197, 199, 202, 208, 211, 212, 214, 216, 218, 219, 225, 226, 230, 235, 241, 247, 255, 264, 265, 274, 282, 285, 292, 296, 297, 299, 300, 302, 303, 306, 308, 314, 321, 322, 323, 324, 328, 331, 338, 341, 349, 352, 358, 361, 367, 368, 375, 377, 379, 385, 386, 390, 399, 405, 407, 409, 410, 411, 415, 416, 417, 418, 419, 424, 425, 426, 428, 437, 438, 440, 444, 446, 462, 463, 464, 465, 468, 476, 482, 493, 495, 496, 504, 507, 508, 512, 514, 516, 522, 534, 544, 545, 548, 553, 555, 565, 570, 576, 578, 581, 600, 601, 602, 604, 606, 608, 615, 619, 624, 626, 631, 634, 645, 648, 654, 655, 657, 664, 677, 679, 686, 693, 703, 704, 706, 717, 723, 734, 737, 740, 741, 744, 745, 747, 751, 758, 759, 761, 763]"
hcci_85,Q980_9h_AC,roi_85,Helios G4 PFIB CXe_SE_10000.0kV_1000.0x,252,3,0,0,770,1,"[1, 2, 3, 4, 5, 6, 7, 8, 9, 10, 11, 12, 13, 14, 15, 16, 17, 18, 20, 21, 22, 23, 24, 25, 26, 27, 28, 29, 30, 31, 32, 33, 34, 35, 37, 39, 40, 41, 42, 43, 45, 46, 47, 48, 51, 52, 53, 54, 55, 56, 57, 58, 62, 63, 65, 66, 67, 69, 70, 71, 72, 73, 74, 76, 79, 80, 81, 82, 86, 89, 91, 92, 95, 96, 105, 108, 111, 112, 117, 118, 120, 125, 126, 129, 135, 139, 144, 146, 149, 152, 153, 157, 161, 164, 166, 167, 168, 180, 184, 186, 191, 192, 193, 194, 198, 200, 203, 204, 214, 216, 218, 219, 223, 225, 227, 233, 236, 243, 244, 246, 247, 248, 250, 252, 256, 257, 259, 263, 264, 267, 268, 270, 272, 274, 285, 290, 293, 295, 296, 311, 313, 316, 321, 322, 323, 324, 331, 335, 337, 338, 339, 342, 345, 346, 347, 349, 350, 354, 356, 358, 365, 372, 373, 376, 378, 380, 385, 391, 402, 403, 407, 410, 411, 417, 428, 438, 441, 443, 446, 453, 456, 458, 461, 470, 471, 472, 476, 478, 480, 484, 488, 490, 499, 506, 512, 520, 522, 523, 527, 530, 532, 538, 546, 549, 550, 553, 557, 559, 571, 577, 578, 580, 586, 597, 598, 612, 616, 617, 618, 624, 634, 642, 644, 646, 648, 655, 659, 664, 665, 672, 673, 677, 684, 686, 691, 693, 704, 713, 715, 721, 727, 738, 744, 747, 753, 758, 759, 762, 766, 767, 769, 770]"
hcci_86,Q980_9h_AC,roi_86,Helios G4 PFIB CXe_SE_10000.0kV_1000.0x,252,3,0,0,770,1,"[1, 2, 3, 4, 5, 6, 7, 8, 9, 10, 11, 12, 13, 14, 15, 16, 17, 18, 19, 20, 22, 23, 24, 25, 26, 27, 28, 29, 30, 31, 32, 33, 34, 35, 37, 38, 39, 40, 42, 43, 44, 45, 46, 47, 48, 50, 51, 55, 57, 58, 60, 61, 62, 65, 66, 67, 68, 69, 70, 71, 73, 74, 77, 78, 82, 83, 84, 88, 89, 96, 99, 103, 105, 109, 112, 113, 117, 121, 122, 129, 132, 137, 142, 144, 147, 149, 156, 165, 169, 171, 177, 179, 181, 184, 185, 186, 189, 190, 192, 194, 200, 202, 205, 207, 208, 212, 213, 216, 224, 226, 230, 239, 245, 247, 249, 251, 252, 253, 256, 259, 261, 267, 269, 272, 279, 287, 288, 290, 291, 294, 296, 297, 300, 303, 306, 311, 315, 320, 321, 325, 326, 329, 330, 331, 335, 341, 343, 344, 345, 348, 349, 356, 358, 359, 363, 371, 375, 377, 385, 388, 390, 391, 393, 394, 395, 396, 402, 411, 419, 420, 428, 439, 447, 448, 458, 466, 469, 471, 473, 474, 477, 481, 482, 486, 490, 491, 492, 493, 503, 505, 509, 512, 513, 523, 526, 535, 537, 545, 548, 554, 555, 558, 561, 562, 563, 565, 570, 582, 583, 585, 586, 605, 609, 613, 615, 634, 635, 637, 641, 642, 644, 655, 656, 662, 664, 667, 670, 678, 684, 688, 690, 691, 693, 696, 698, 700, 716, 717, 730, 733, 735, 738, 739, 743, 745, 754, 758, 763, 764, 766, 768, 769]"
hcci_87,Q980_9h_AC,roi_87,Helios G4 PFIB CXe_BSE_10000.0kV_1000.0x,252,3,0,0,770,1,"[1, 2, 3, 4, 5, 6, 7, 8, 9, 10, 11, 12, 13, 14, 15, 16, 17, 18, 19, 20, 21, 22, 23, 24, 26, 27, 28, 29, 30, 31, 32, 33, 34, 35, 36, 37, 38, 39, 40, 41, 42, 43, 45, 46, 47, 48, 49, 50, 52, 53, 54, 55, 56, 57, 59, 62, 64, 65, 67, 68, 69, 70, 71, 73, 74, 76, 77, 78, 79, 80, 81, 90, 94, 95, 97, 103, 104, 105, 109, 110, 114, 116, 119, 120, 129, 130, 131, 133, 134, 135, 138, 142, 144, 145, 146, 147, 149, 150, 151, 152, 153, 154, 155, 157, 160, 161, 165, 169, 171, 172, 173, 174, 178, 181, 182, 184, 185, 190, 191, 192, 195, 196, 198, 199, 200, 203, 204, 205, 206, 207, 208, 209, 211, 212, 213, 217, 221, 223, 224, 225, 227, 229, 230, 232, 238, 239, 240, 242, 243, 244, 245, 246, 247, 249, 250, 251, 252, 253, 262, 263, 265, 266, 267, 269, 270, 272, 274, 278, 280, 281, 284, 287, 290, 291, 292, 296, 297, 298, 301, 313, 316, 330, 333, 334, 337, 340, 345, 346, 350, 356, 359, 363, 366, 371, 372, 376, 378, 385, 387, 389, 391, 393, 402, 405, 411, 417, 422, 428, 440, 441, 442, 443, 450, 452, 456, 460, 463, 466, 467, 478, 485, 517, 518, 519, 520, 521, 532, 537, 548, 552, 554, 555, 589, 592, 594, 595, 617, 620, 632, 641, 653, 658, 660, 670, 693, 728, 734, 754, 759, 760, 765, 767]"
hcci_88,Q980_9h_AC,roi_88,Helios G4 PFIB CXe_BSE_10000.0kV_1000.0x,252,3,0,0,770,1,"[1, 2, 3, 4, 5, 6, 7, 8, 9, 10, 11, 12, 13, 14, 15, 16, 17, 18, 19, 20, 21, 22, 23, 24, 25, 27, 28, 29, 30, 31, 32, 33, 34, 35, 36, 37, 38, 39, 40, 41, 43, 44, 45, 46, 47, 49, 50, 52, 54, 56, 58, 59, 60, 62, 63, 64, 66, 67, 68, 69, 70, 71, 76, 77, 78, 79, 81, 82, 84, 86, 91, 93, 98, 100, 102, 104, 105, 106, 107, 110, 112, 113, 114, 116, 118, 122, 124, 125, 126, 130, 136, 137, 138, 140, 145, 149, 151, 152, 153, 154, 155, 156, 159, 160, 162, 163, 168, 170, 171, 172, 175, 181, 182, 183, 184, 186, 188, 189, 199, 202, 204, 205, 211, 212, 215, 216, 217, 218, 220, 221, 222, 223, 225, 226, 229, 230, 233, 234, 235, 241, 243, 247, 248, 250, 256, 258, 260, 262, 263, 264, 266, 267, 269, 270, 271, 272, 273, 274, 283, 285, 286, 289, 291, 294, 296, 299, 301, 302, 316, 318, 323, 326, 328, 329, 335, 341, 348, 353, 361, 366, 367, 369, 370, 374, 377, 378, 380, 383, 386, 390, 392, 393, 396, 398, 402, 403, 413, 414, 420, 421, 425, 427, 428, 431, 438, 449, 454, 459, 474, 481, 483, 494, 497, 504, 512, 518, 525, 526, 535, 541, 543, 557, 560, 568, 572, 577, 595, 599, 603, 608, 611, 613, 614, 625, 626, 643, 645, 653, 655, 665, 680, 688, 694, 700, 715, 717, 725, 727, 735, 736, 742, 755]"
hcci_89,Q980_9h_AC,roi_89,Helios G4 PFIB CXe_InLens_10000.0kV_1000.0x,252,3,0,0,770,1,"[1, 2, 3, 4, 5, 6, 7, 8, 9, 10, 11, 12, 13, 14, 15, 16, 17, 18, 19, 21, 22, 23, 24, 25, 26, 27, 28, 29, 30, 31, 32, 34, 35, 36, 37, 38, 39, 40, 41, 43, 44, 45, 46, 47, 48, 49, 50, 51, 52, 53, 54, 55, 57, 58, 59, 61, 63, 71, 72, 74, 75, 85, 90, 91, 97, 98, 104, 106, 107, 114, 115, 116, 117, 118, 119, 120, 122, 126, 127, 132, 134, 136, 150, 156, 159, 161, 163, 164, 172, 175, 180, 183, 191, 195, 196, 197, 201, 206, 207, 210, 216, 217, 221, 224, 227, 230, 231, 232, 233, 235, 236, 240, 241, 247, 248, 249, 250, 251, 255, 257, 261, 264, 268, 269, 270, 279, 281, 282, 287, 291, 293, 299, 300, 307, 309, 310, 311, 315, 316, 319, 324, 330, 335, 336, 348, 349, 351, 352, 354, 358, 359, 369, 370, 376, 380, 382, 394, 396, 398, 400, 405, 406, 408, 409, 414, 415, 423, 424, 427, 432, 433, 434, 438, 440, 442, 453, 458, 461, 462, 463, 464, 467, 470, 473, 475, 476, 477, 481, 486, 498, 506, 508, 512, 513, 515, 519, 521, 529, 530, 532, 538, 542, 549, 553, 557, 563, 565, 567, 572, 578, 581, 590, 597, 603, 604, 605, 614, 620, 621, 628, 640, 649, 650, 651, 652, 654, 676, 677, 681, 683, 703, 704, 710, 711, 712, 715, 717, 723, 728, 732, 733, 734, 735, 742, 743, 746, 752, 753, 757, 766, 767, 770]"
hcci_9,AsCast,roi_9,Helios G4 PFIB CXe_BSE_5000.0kV_5000.0x,259,0,0,0,773,1,"[1, 2, 3, 4, 5, 6, 7, 8, 9, 10, 11, 12, 13, 14, 15, 16, 17, 18, 19, 20, 21, 22, 23, 24, 25, 26, 27, 28, 29, 30, 31, 32, 33, 34, 35, 36, 37, 38, 39, 40, 41, 42, 43, 44, 45, 46, 47, 48, 49, 50, 51, 52, 53, 54, 55, 56, 57, 58, 59, 60, 61, 62, 63, 64, 65, 66, 67, 68, 69, 70, 71, 72, 73, 74, 75, 76, 77, 78, 79, 80, 82, 83, 84, 85, 86, 88, 89, 90, 91, 92, 93, 95, 96, 97, 98, 99, 100, 101, 102, 103, 104, 105, 106, 107, 108, 109, 110, 112, 114, 115, 116, 117, 118, 120, 121, 122, 123, 124, 125, 126, 127, 128, 129, 130, 131, 132, 133, 135, 136, 137, 138, 139, 140, 141, 142, 143, 144, 145, 146, 147, 148, 149, 150, 151, 152, 153, 154, 155, 156, 157, 158, 159, 160, 162, 164, 165, 167, 169, 170, 172, 173, 174, 176, 178, 179, 182, 183, 186, 187, 188, 190, 191, 192, 193, 194, 195, 196, 197, 198, 199, 202, 203, 205, 206, 208, 210, 212, 214, 215, 216, 218, 222, 223, 224, 226, 227, 228, 231, 235, 239, 240, 242, 244, 248, 249, 250, 252, 255, 257, 258, 259, 261, 264, 267, 272, 273, 276, 277, 279, 282, 283, 287, 288, 293, 299, 309, 310, 311, 312, 313, 317, 321, 322, 330, 340, 348, 352, 353, 354, 356, 357, 363, 364, 376, 379, 405, 420, 444, 487, 495, 523, 541, 546, 595, 642, 661, 672, 679, 692]"
hcci_90,Q980_9h_AC,roi_90,Helios G4 PFIB CXe_InLens_10000.0kV_1000.0x,252,3,0,0,770,1,"[1, 2, 3, 4, 5, 6, 7, 8, 9, 10, 11, 12, 13, 14, 15, 16, 17, 18, 20, 21, 22, 23, 24, 25, 26, 27, 28, 29, 30, 31, 32, 33, 34, 35, 37, 38, 39, 40, 41, 42, 43, 44, 45, 46, 47, 48, 49, 50, 51, 52, 53, 54, 55, 56, 57, 58, 59, 60, 63, 64, 65, 70, 78, 81, 82, 85, 86, 88, 92, 94, 100, 101, 103, 105, 109, 111, 112, 114, 116, 119, 121, 125, 129, 132, 136, 137, 139, 140, 143, 146, 147, 150, 152, 155, 160, 162, 166, 168, 170, 171, 172, 174, 179, 186, 189, 190, 199, 203, 204, 206, 209, 215, 216, 217, 219, 220, 221, 222, 224, 229, 237, 238, 239, 241, 243, 245, 251, 258, 260, 262, 263, 266, 267, 268, 274, 276, 278, 280, 285, 286, 287, 291, 295, 297, 298, 299, 302, 332, 340, 341, 342, 346, 349, 350, 351, 352, 353, 355, 359, 366, 372, 374, 376, 378, 383, 388, 391, 393, 395, 396, 397, 398, 401, 402, 403, 405, 415, 417, 420, 425, 432, 437, 439, 447, 454, 457, 462, 464, 465, 466, 468, 475, 477, 478, 483, 484, 487, 488, 493, 494, 500, 505, 515, 518, 521, 527, 533, 534, 539, 550, 554, 557, 566, 571, 574, 575, 580, 587, 588, 594, 596, 605, 620, 631, 633, 636, 645, 647, 649, 656, 668, 679, 686, 688, 691, 700, 706, 712, 713, 716, 719, 727, 731, 738, 744, 745, 746, 747, 749, 753, 758, 763]"
hcci_91,Q980_9h_AC,roi_91,Helios G4 PFIB CXe_SE_10000.0kV_5000.0x,252,3,0,0,770,1,"[1, 2, 3, 4, 5, 6, 7, 8, 9, 10, 11, 12, 13, 14, 15, 16, 17, 18, 19, 20, 21, 22, 23, 24, 25, 26, 27, 28, 29, 30, 31, 32, 33, 34, 36, 37, 38, 39, 40, 41, 42, 43, 44, 45, 46, 47, 48, 49, 51, 52, 53, 54, 55, 56, 57, 59, 62, 63, 64, 65, 66, 70, 72, 73, 76, 78, 84, 90, 91, 94, 95, 97, 99, 100, 102, 104, 109, 112, 113, 114, 116, 117, 118, 119, 126, 129, 134, 136, 138, 139, 144, 148, 149, 155, 156, 161, 166, 172, 173, 174, 179, 180, 181, 183, 184, 186, 187, 190, 192, 196, 198, 205, 206, 210, 211, 214, 218, 227, 230, 231, 233, 236, 242, 243, 244, 248, 250, 255, 259, 262, 263, 264, 265, 274, 275, 276, 279, 283, 285, 286, 291, 296, 297, 301, 303, 312, 313, 320, 321, 322, 335, 339, 341, 344, 357, 361, 367, 368, 369, 370, 374, 376, 380, 386, 392, 405, 408, 416, 422, 423, 424, 426, 434, 437, 447, 449, 456, 462, 464, 465, 473, 474, 475, 480, 490, 496, 497, 500, 505, 508, 515, 516, 518, 520, 522, 524, 526, 529, 535, 536, 538, 542, 550, 553, 554, 559, 560, 561, 565, 569, 576, 577, 578, 585, 589, 590, 599, 604, 610, 613, 616, 619, 623, 624, 627, 632, 635, 636, 643, 658, 662, 664, 671, 682, 696, 701, 705, 709, 717, 719, 739, 744, 745, 752, 754, 755, 759, 760, 764, 766, 768, 769]"
hcci_92,Q980_9h_AC,roi_92,Helios G4 PFIB CXe_SE_10000.0kV_5000.0x,252,3,0,0,770,1,"[1, 2, 3, 4, 5, 6, 7, 8, 9, 10, 11, 12, 13, 14, 15, 16, 17, 18, 19, 20, 21, 22, 23, 24, 25, 26, 27, 28, 29, 30, 31, 32, 33, 34, 35, 36, 37, 38, 39, 40, 41, 42, 43, 44, 45, 46, 47, 48, 49, 50, 51, 52, 54, 55, 56, 57, 58, 61, 62, 63, 68, 69, 71, 72, 74, 75, 78, 79, 85, 86, 87, 88, 89, 94, 96, 97, 98, 99, 100, 103, 104, 105, 106, 108, 111, 112, 117, 118, 120, 124, 128, 132, 133, 137, 140, 141, 142, 143, 150, 153, 163, 164, 169, 170, 172, 173, 175, 176, 177, 178, 179, 180, 188, 198, 199, 200, 207, 209, 213, 217, 218, 220, 223, 224, 226, 234, 237, 238, 245, 250, 253, 254, 255, 257, 258, 259, 263, 268, 269, 272, 275, 278, 281, 282, 283, 289, 292, 297, 300, 303, 306, 308, 309, 311, 314, 320, 331, 335, 342, 348, 349, 351, 356, 360, 364, 368, 369, 372, 390, 392, 394, 395, 408, 414, 428, 438, 439, 440, 450, 452, 454, 461, 470, 485, 489, 492, 496, 498, 499, 503, 504, 512, 517, 519, 520, 521, 523, 531, 535, 537, 543, 545, 547, 554, 558, 562, 564, 565, 567, 571, 574, 575, 584, 587, 588, 593, 598, 604, 614, 619, 620, 624, 625, 627, 635, 645, 651, 657, 659, 668, 674, 675, 676, 678, 681, 687, 699, 702, 710, 713, 715, 716, 730, 737, 754, 756, 761, 762, 763, 767, 768, 769]"
hcci_93,Q980_9h_AC,roi_93,Helios G4 PFIB CXe_BSE_10000.0kV_5000.0x,252,3,0,0,770,1,"[1, 2, 3, 4, 5, 6, 7, 8, 9, 10, 11, 12, 13, 14, 15, 16, 17, 18, 19, 20, 21, 22, 23, 24, 25, 26, 27, 29, 30, 31, 32, 33, 34, 36, 37, 38, 39, 40, 41, 42, 43, 44, 45, 47, 48, 52, 54, 56, 57, 58, 61, 65, 66, 67, 68, 70, 71, 74, 76, 77, 79, 85, 88, 91, 92, 94, 96, 97, 101, 102, 105, 108, 109, 110, 111, 115, 117, 120, 123, 125, 126, 127, 128, 130, 133, 136, 138, 141, 150, 151, 152, 155, 157, 158, 159, 162, 163, 166, 169, 170, 171, 173, 176, 178, 180, 183, 186, 195, 196, 199, 201, 203, 207, 209, 211, 213, 215, 217, 219, 220, 221, 225, 226, 233, 241, 242, 245, 246, 247, 250, 256, 257, 262, 274, 275, 278, 280, 281, 282, 284, 289, 292, 293, 295, 297, 299, 301, 304, 305, 308, 313, 314, 317, 318, 320, 321, 322, 326, 331, 333, 339, 344, 346, 349, 351, 357, 358, 364, 366, 369, 371, 373, 375, 378, 389, 391, 399, 402, 403, 405, 406, 411, 415, 417, 420, 421, 425, 430, 432, 433, 436, 438, 442, 445, 446, 448, 455, 458, 461, 467, 473, 480, 483, 489, 490, 491, 493, 498, 505, 506, 516, 520, 522, 523, 526, 527, 540, 554, 565, 569, 575, 576, 577, 584, 592, 602, 605, 607, 615, 616, 617, 618, 627, 641, 643, 655, 664, 678, 681, 682, 687, 724, 727, 734, 735, 755, 756, 759, 763, 767, 768, 769]"
hcci_94,Q980_9h_AC,roi_94,Helios G4 PFIB CXe_BSE_10000.0kV_5000.0x,252,3,0,0,770,1,"[1, 2, 3, 4, 5, 6, 7, 8, 9, 10, 11, 12, 13, 14, 15, 16, 17, 18, 19, 20, 21, 22, 23, 24, 25, 26, 27, 28, 29, 30, 31, 32, 33, 34, 35, 36, 37, 38, 39, 40, 41, 43, 44, 45, 46, 48, 49, 51, 52, 53, 54, 55, 57, 59, 60, 61, 62, 63, 65, 68, 69, 71, 72, 73, 76, 77, 79, 80, 83, 84, 89, 90, 92, 93, 95, 97, 99, 101, 102, 103, 104, 107, 109, 110, 111, 112, 113, 115, 116, 117, 121, 123, 127, 128, 129, 130, 131, 136, 140, 141, 142, 143, 144, 145, 146, 148, 149, 151, 152, 153, 156, 157, 158, 161, 163, 165, 168, 169, 171, 173, 174, 175, 179, 180, 181, 182, 189, 190, 193, 201, 204, 208, 211, 214, 215, 216, 219, 221, 223, 226, 227, 229, 231, 234, 237, 241, 243, 246, 247, 249, 250, 251, 254, 257, 259, 261, 262, 266, 268, 269, 273, 275, 276, 279, 282, 284, 286, 294, 295, 296, 300, 310, 311, 312, 320, 325, 326, 329, 332, 333, 335, 344, 346, 350, 352, 353, 355, 360, 361, 372, 373, 379, 388, 389, 397, 401, 402, 403, 405, 413, 438, 446, 447, 448, 449, 457, 463, 464, 467, 478, 485, 486, 488, 492, 493, 499, 511, 512, 517, 528, 532, 535, 538, 547, 550, 553, 561, 564, 569, 571, 574, 583, 591, 593, 598, 601, 611, 623, 626, 635, 653, 670, 679, 707, 732, 755, 760, 762, 763, 766, 768, 769]"
hcci_95,Q980_9h_AC,roi_95,Helios G4 PFIB CXe_InLens_10000.0kV_5000.0x,252,3,0,0,770,1,"[1, 2, 3, 4, 5, 6, 7, 8, 9, 10, 11, 12, 13, 14, 15, 16, 17, 18, 19, 20, 21, 22, 23, 24, 25, 26, 28, 29, 30, 31, 32, 33, 34, 35, 37, 38, 39, 40, 41, 42, 43, 44, 45, 46, 47, 48, 49, 50, 53, 55, 56, 57, 59, 60, 62, 63, 65, 66, 67, 68, 70, 73, 74, 79, 80, 85, 86, 89, 90, 91, 95, 97, 99, 101, 108, 109, 110, 117, 123, 124, 128, 130, 132, 135, 136, 137, 139, 148, 149, 154, 159, 160, 161, 162, 172, 179, 180, 183, 186, 187, 194, 198, 200, 201, 204, 211, 213, 215, 217, 218, 220, 225, 226, 228, 230, 231, 235, 242, 245, 246, 248, 251, 256, 258, 260, 263, 264, 268, 274, 275, 276, 282, 284, 287, 288, 289, 292, 295, 306, 309, 311, 317, 321, 326, 338, 339, 342, 343, 345, 353, 355, 362, 364, 365, 370, 371, 377, 382, 388, 389, 391, 392, 394, 403, 407, 411, 417, 419, 425, 430, 434, 436, 437, 438, 440, 441, 445, 447, 449, 450, 451, 453, 454, 458, 460, 464, 465, 475, 482, 492, 493, 494, 497, 509, 510, 511, 514, 517, 528, 529, 531, 535, 536, 538, 550, 552, 555, 561, 568, 569, 571, 572, 573, 576, 578, 608, 609, 613, 616, 621, 622, 623, 626, 639, 647, 652, 657, 660, 666, 669, 676, 677, 687, 688, 690, 693, 697, 701, 705, 713, 718, 720, 724, 736, 739, 749, 750, 759, 762, 764, 766, 768]"
hcci_96,Q980_9h_AC,roi_96,Helios G4 PFIB CXe_InLens_10000.0kV_5000.0x,252,3,0,0,770,1,"[1, 2, 3, 4, 5, 6, 7, 8, 9, 10, 11, 12, 13, 14, 15, 16, 17, 18, 19, 20, 21, 22, 23, 24, 25, 26, 27, 28, 29, 30, 31, 32, 34, 35, 36, 37, 38, 39, 40, 41, 42, 43, 44, 45, 46, 47, 49, 51, 52, 53, 54, 55, 57, 58, 59, 60, 65, 67, 69, 70, 71, 72, 73, 74, 75, 76, 77, 79, 80, 82, 83, 84, 90, 91, 92, 93, 95, 96, 97, 105, 107, 108, 116, 120, 123, 131, 133, 137, 138, 140, 142, 143, 145, 149, 156, 158, 160, 162, 163, 168, 169, 173, 176, 181, 183, 184, 190, 193, 196, 197, 202, 206, 207, 208, 209, 212, 223, 225, 228, 229, 230, 231, 232, 233, 235, 236, 237, 238, 239, 240, 249, 253, 255, 256, 259, 262, 266, 269, 270, 271, 273, 277, 278, 284, 285, 287, 288, 289, 297, 299, 306, 307, 311, 313, 320, 321, 327, 328, 329, 333, 338, 343, 347, 349, 356, 360, 364, 365, 380, 383, 395, 396, 402, 415, 416, 417, 424, 429, 433, 449, 450, 453, 454, 456, 457, 459, 460, 469, 472, 474, 478, 479, 501, 512, 517, 524, 529, 534, 544, 545, 550, 551, 557, 566, 567, 568, 580, 582, 584, 588, 589, 590, 592, 593, 605, 606, 608, 617, 621, 625, 630, 633, 635, 643, 645, 657, 665, 671, 672, 681, 685, 697, 699, 705, 710, 712, 713, 721, 725, 729, 730, 735, 740, 744, 748, 755, 756, 759, 760, 763, 764, 766]"
hcci_97,Q980_9h_AC,roi_97,Helios G4 PFIB CXe_SE_20000.0kV_1000.0x,252,3,0,0,770,1,"[1, 2, 3, 4, 5, 6, 7, 8, 9, 10, 11, 12, 13, 14, 15, 16, 17, 18, 19, 20, 21, 22, 23, 24, 26, 27, 28, 29, 30, 31, 32, 33, 34, 35, 36, 37, 38, 39, 40, 41, 42, 43, 44, 45, 46, 48, 49, 50, 51, 53, 54, 55, 56, 57, 58, 60, 61, 62, 63, 65, 68, 69, 73, 74, 76, 83, 87, 89, 92, 93, 100, 101, 102, 105, 107, 113, 116, 120, 124, 125, 128, 131, 133, 134, 138, 139, 140, 143, 148, 149, 150, 158, 159, 164, 165, 166, 167, 168, 171, 173, 178, 183, 186, 191, 192, 193, 194, 198, 200, 203, 207, 208, 209, 213, 218, 219, 223, 226, 228, 230, 231, 234, 235, 236, 239, 245, 247, 248, 250, 253, 256, 262, 264, 265, 271, 274, 276, 284, 291, 293, 295, 298, 303, 304, 308, 309, 310, 315, 316, 324, 326, 330, 332, 338, 346, 348, 360, 361, 362, 363, 364, 365, 366, 369, 377, 378, 379, 380, 384, 386, 387, 391, 406, 408, 410, 435, 436, 438, 440, 441, 443, 445, 447, 449, 456, 457, 465, 470, 474, 475, 476, 483, 484, 486, 488, 489, 492, 493, 494, 500, 502, 506, 510, 512, 524, 525, 527, 528, 529, 534, 536, 550, 551, 558, 563, 573, 575, 576, 583, 592, 600, 612, 620, 630, 638, 639, 652, 653, 654, 657, 661, 662, 668, 669, 673, 677, 686, 693, 707, 711, 712, 713, 716, 728, 730, 731, 736, 742, 752, 755, 759, 769]"
hcci_98,Q980_9h_AC,roi_98,Helios G4 PFIB CXe_SE_20000.0kV_1000.0x,252,3,0,0,770,1,"[1, 2, 3, 4, 5, 6, 7, 8, 9, 10, 11, 12, 13, 14, 15, 16, 17, 18, 19, 20, 21, 22, 23, 24, 26, 27, 28, 29, 30, 31, 32, 33, 34, 35, 36, 37, 38, 39, 40, 41, 42, 43, 44, 45, 46, 47, 48, 49, 51, 52, 53, 54, 55, 56, 57, 58, 60, 62, 63, 64, 65, 67, 68, 69, 70, 71, 74, 76, 77, 78, 79, 80, 84, 87, 89, 94, 100, 102, 105, 107, 111, 112, 115, 116, 126, 130, 132, 137, 139, 140, 142, 148, 156, 157, 164, 166, 169, 171, 173, 174, 175, 181, 182, 187, 188, 192, 193, 194, 195, 196, 198, 199, 201, 208, 209, 215, 217, 220, 222, 224, 227, 228, 232, 233, 235, 238, 240, 245, 247, 251, 257, 258, 261, 262, 269, 277, 278, 282, 283, 284, 288, 291, 295, 297, 299, 306, 310, 311, 313, 314, 317, 321, 322, 325, 331, 336, 340, 343, 346, 350, 351, 352, 353, 355, 356, 360, 368, 369, 370, 372, 374, 376, 377, 378, 387, 389, 398, 403, 405, 418, 419, 424, 427, 429, 434, 436, 438, 439, 440, 448, 451, 453, 454, 457, 458, 463, 477, 478, 483, 491, 492, 496, 503, 506, 515, 521, 529, 534, 542, 544, 545, 548, 549, 552, 554, 555, 569, 577, 578, 582, 587, 588, 594, 606, 624, 626, 631, 635, 637, 642, 643, 654, 658, 663, 669, 679, 685, 690, 691, 707, 712, 714, 717, 719, 721, 723, 732, 737, 742, 746, 750, 755]"
hcci_99,Q980_9h_AC,roi_99,Helios G4 PFIB CXe_BSE_20000.0kV_1000.0x,252,3,0,0,770,1,"[1, 2, 3, 4, 5, 6, 7, 8, 9, 10, 11, 12, 13, 14, 15, 16, 17, 18, 19, 20, 21, 22, 23, 24, 26, 27, 29, 30, 31, 32, 33, 36, 37, 38, 39, 40, 42, 43, 44, 45, 48, 49, 50, 52, 54, 55, 57, 58, 63, 64, 65, 67, 68, 70, 74, 77, 81, 83, 84, 85, 89, 90, 91, 92, 93, 94, 95, 96, 97, 98, 99, 100, 102, 107, 108, 112, 113, 114, 115, 117, 120, 121, 122, 125, 126, 130, 133, 134, 135, 137, 138, 140, 141, 142, 145, 146, 148, 151, 154, 156, 157, 158, 161, 165, 169, 175, 176, 178, 181, 183, 186, 187, 188, 192, 194, 195, 196, 197, 206, 210, 211, 215, 216, 218, 219, 220, 224, 230, 233, 238, 239, 242, 243, 244, 245, 250, 257, 262, 263, 265, 275, 286, 289, 298, 301, 303, 305, 308, 319, 325, 331, 335, 336, 341, 346, 347, 363, 364, 365, 368, 372, 373, 375, 379, 384, 386, 390, 391, 396, 397, 400, 401, 403, 405, 409, 410, 415, 426, 436, 438, 440, 444, 446, 447, 449, 450, 454, 455, 457, 458, 464, 466, 469, 471, 479, 480, 486, 488, 500, 505, 514, 515, 516, 523, 530, 531, 534, 537, 544, 546, 560, 562, 566, 571, 577, 579, 588, 589, 593, 594, 596, 597, 607, 608, 611, 618, 619, 621, 629, 635, 644, 645, 650, 657, 667, 669, 682, 688, 705, 713, 714, 716, 729, 730, 737, 738, 740, 747, 749, 751, 761, 762]"
