dataset_id,sample_id,image_id,relative_path,absolute_path_if_local_only,filename,extension,file_size_bytes,sha256,width,height,channels,bit_depth,dtype,format,color_mode,modality,split,label,source_label,group_id,specimen_id,roi_id,acquisition_id,metadata_json,quality_status,quality_score,duplicate_group_id,near_duplicate_group_id
hcci,AsCast,hcci_1,Images\1.png,C:\Users\Pranet\Downloads\Mini Project\data\raw\hcci\Images\1.png,1.png,.png,6132843,daf0d8da87547b1f297c5be8356c6c58ae256cdfbca4709f9fee5b0dfe3a640a,2860,1922,4,8,uint8,png,RGBA,SEM,,Overview,Overview,sample_AsCast_Overview,AsCast,roi_1,Helios G4 PFIB CXe_SE_5000.0kV_1000.0x,"{""raw_metadata"": {""File Name"": 1, ""SEM"": ""Helios G4 PFIB CXe"", ""Detector"": ""SE"", ""Gun"": ""FEG"", ""Voltage"": 5000, ""Magnification"": 1000, ""Etching"": ""Vilella"", ""Sample"": ""AsCast"", ""Kind"": ""Overview"", ""Pixel Size"": 6.74479e-08, ""Beam Current"": 1.6e-09, ""Dwell Time"": 1e-05, ""Dwell Time cat"": ""high"", ""Chamber Pressure"": 0.0014, ""Working Distance"": 0.00483776}, ""normalized"": {""microscope"": ""Helios G4 PFIB CXe"", ""instrument"": ""Helios G4 PFIB CXe"", ""detector"": ""SE"", ""accelerating_voltage_kv"": 5000.0, ""magnification"": 1000.0, ""pixel_size_nm"": 6.74479e-08, ""beam_current_na"": 1.6e-09, ""dwell_time_us"": 1e-05, ""working_distance_mm"": 4.8378, ""chamber_pressure_pa"": 0.0014, ""sample"": ""AsCast"", ""sample_state"": ""Overview"", ""etching_agent"": ""Vilella"", ""imaging_mode"": ""SEM"", ""scale"": ""6.74479e-08 nm/pixel"", ""acquisition_date_if_available"": null}}",,,,
hcci,Q980_9h_AC,hcci_100,Images\100.png,C:\Users\Pranet\Downloads\Mini Project\data\raw\hcci\Images\100.png,100.png,.png,6038520,b342c2b4c17126b3af91f1da925f9f47ac051c9a9c74ccf497622fd2ce80f226,2764,2019,4,8,uint8,png,RGBA,SEM,,Overview,Overview,sample_Q980_9h_AC_Overview,Q980_9h_AC,roi_100,Helios G4 PFIB CXe_BSE_20000.0kV_1000.0x,"{""raw_metadata"": {""File Name"": 100, ""SEM"": ""Helios G4 PFIB CXe"", ""Detector"": ""BSE"", ""Gun"": ""FEG"", ""Voltage"": 20000, ""Magnification"": 1000, ""Etching"": ""Vilella"", ""Sample"": ""Q980_9h_AC"", ""Kind"": ""Overview"", ""Pixel Size"": 6.74479e-08, ""Beam Current"": 1.6e-09, ""Dwell Time"": 5e-07, ""Dwell Time cat"": ""low"", ""Chamber Pressure"": 0.000315, ""Working Distance"": 0.00613414}, ""normalized"": {""microscope"": ""Helios G4 PFIB CXe"", ""instrument"": ""Helios G4 PFIB CXe"", ""detector"": ""BSE"", ""accelerating_voltage_kv"": 20000.0, ""magnification"": 1000.0, ""pixel_size_nm"": 6.74479e-08, ""beam_current_na"": 1.6e-09, ""dwell_time_us"": 5e-07, ""working_distance_mm"": 6.1341, ""chamber_pressure_pa"": 0.000315, ""sample"": ""Q980_9h_AC"", ""sample_state"": ""Overview"", ""etching_agent"": ""Vilella"", ""imaging_mode"": ""SEM"", ""scale"": ""6.74479e-08 nm/pixel"", ""acquisition_date_if_available"": null}}",,,,
hcci,Q980_9h_AC,hcci_101,Images\101.png,C:\Users\Pranet\Downloads\Mini Project\data\raw\hcci\Images\101.png,101.png,.png,6427526,3b70fca9b06e75b1b436c4f55d07bd2a3de15e6d9a4d81e9d55b72279c59e74e,2764,2019,4,8,uint8,png,RGBA,SEM,,Overview,Overview,sample_Q980_9h_AC_Overview,Q980_9h_AC,roi_101,Helios G4 PFIB CXe_InLens_20000.0kV_1000.0x,"{""raw_metadata"": {""File Name"": 101, ""SEM"": ""Helios G4 PFIB CXe"", ""Detector"": ""InLens"", ""Gun"": ""FEG"", ""Voltage"": 20000, ""Magnification"": 1000, ""Etching"": ""Vilella"", ""Sample"": ""Q980_9h_AC"", ""Kind"": ""Overview"", ""Pixel Size"": 6.74479e-08, ""Beam Current"": 1.6e-09, ""Dwell Time"": 1e-05, ""Dwell Time cat"": ""high"", ""Chamber Pressure"": 0.000294, ""Working Distance"": 0.00613414}, ""normalized"": {""microscope"": ""Helios G4 PFIB CXe"", ""instrument"": ""Helios G4 PFIB CXe"", ""detector"": ""InLens"", ""accelerating_voltage_kv"": 20000.0, ""magnification"": 1000.0, ""pixel_size_nm"": 6.74479e-08, ""beam_current_na"": 1.6e-09, ""dwell_time_us"": 1e-05, ""working_distance_mm"": 6.1341, ""chamber_pressure_pa"": 0.000294, ""sample"": ""Q980_9h_AC"", ""sample_state"": ""Overview"", ""etching_agent"": ""Vilella"", ""imaging_mode"": ""SEM"", ""scale"": ""6.74479e-08 nm/pixel"", ""acquisition_date_if_available"": null}}",,,,
hcci,Q980_9h_AC,hcci_102,Images\102.png,C:\Users\Pranet\Downloads\Mini Project\data\raw\hcci\Images\102.png,102.png,.png,7185830,8f22533175a99eecca05a7ec2fc34103724253a1a4511f08a0f24c7857a21e37,2764,2019,4,8,uint8,png,RGBA,SEM,,Overview,Overview,sample_Q980_9h_AC_Overview,Q980_9h_AC,roi_102,Helios G4 PFIB CXe_InLens_20000.0kV_1000.0x,"{""raw_metadata"": {""File Name"": 102, ""SEM"": ""Helios G4 PFIB CXe"", ""Detector"": ""InLens"", ""Gun"": ""FEG"", ""Voltage"": 20000, ""Magnification"": 1000, ""Etching"": ""Vilella"", ""Sample"": ""Q980_9h_AC"", ""Kind"": ""Overview"", ""Pixel Size"": 6.74479e-08, ""Beam Current"": 1.6e-09, ""Dwell Time"": 5e-07, ""Dwell Time cat"": ""low"", ""Chamber Pressure"": 0.000294, ""Working Distance"": 0.00613414}, ""normalized"": {""microscope"": ""Helios G4 PFIB CXe"", ""instrument"": ""Helios G4 PFIB CXe"", ""detector"": ""InLens"", ""accelerating_voltage_kv"": 20000.0, ""magnification"": 1000.0, ""pixel_size_nm"": 6.74479e-08, ""beam_current_na"": 1.6e-09, ""dwell_time_us"": 5e-07, ""working_distance_mm"": 6.1341, ""chamber_pressure_pa"": 0.000294, ""sample"": ""Q980_9h_AC"", ""sample_state"": ""Overview"", ""etching_agent"": ""Vilella"", ""imaging_mode"": ""SEM"", ""scale"": ""6.74479e-08 nm/pixel"", ""acquisition_date_if_available"": null}}",,,,
hcci,Q980_9h_AC,hcci_103,Images\103.png,C:\Users\Pranet\Downloads\Mini Project\data\raw\hcci\Images\103.png,103.png,.png,4828220,2519ad6f9908ba1669238f6899acade23cddab68a55f9dd1b3854ec635a6b5d7,2329,1963,4,8,uint8,png,RGBA,SEM,,Detail,Detail,sample_Q980_9h_AC_Detail,Q980_9h_AC,roi_103,Helios G4 PFIB CXe_SE_20000.0kV_5000.0x,"{""raw_metadata"": {""File Name"": 103, ""SEM"": ""Helios G4 PFIB CXe"", ""Detector"": ""SE"", ""Gun"": ""FEG"", ""Voltage"": 20000, ""Magnification"": 5000, ""Etching"": ""Vilella"", ""Sample"": ""Q980_9h_AC"", ""Kind"": ""Detail"", ""Pixel Size"": 1.34896e-08, ""Beam Current"": 1.6e-09, ""Dwell Time"": 1e-05, ""Dwell Time cat"": ""high"", ""Chamber Pressure"": 0.000282, ""Working Distance"": 0.00613414}, ""normalized"": {""microscope"": ""Helios G4 PFIB CXe"", ""instrument"": ""Helios G4 PFIB CXe"", ""detector"": ""SE"", ""accelerating_voltage_kv"": 20000.0, ""magnification"": 5000.0, ""pixel_size_nm"": 1.34896e-08, ""beam_current_na"": 1.6e-09, ""dwell_time_us"": 1e-05, ""working_distance_mm"": 6.1341, ""chamber_pressure_pa"": 0.000282, ""sample"": ""Q980_9h_AC"", ""sample_state"": ""Detail"", ""etching_agent"": ""Vilella"", ""imaging_mode"": ""SEM"", ""scale"": ""1.34896e-08 nm/pixel"", ""acquisition_date_if_available"": null}}",,,,
hcci,Q980_9h_AC,hcci_104,Images\104.png,C:\Users\Pranet\Downloads\Mini Project\data\raw\hcci\Images\104.png,104.png,.png,5704748,78d3efb62a70328cf67233c59aabd6f79afc36d8acbe80130b4bab9ac57d6705,2329,1963,4,8,uint8,png,RGBA,SEM,,Detail,Detail,sample_Q980_9h_AC_Detail,Q980_9h_AC,roi_104,Helios G4 PFIB CXe_SE_20000.0kV_5000.0x,"{""raw_metadata"": {""File Name"": 104, ""SEM"": ""Helios G4 PFIB CXe"", ""Detector"": ""SE"", ""Gun"": ""FEG"", ""Voltage"": 20000, ""Magnification"": 5000, ""Etching"": ""Vilella"", ""Sample"": ""Q980_9h_AC"", ""Kind"": ""Detail"", ""Pixel Size"": 1.34896e-08, ""Beam Current"": 1.6e-09, ""Dwell Time"": 5e-07, ""Dwell Time cat"": ""low"", ""Chamber Pressure"": 0.000282, ""Working Distance"": 0.00613414}, ""normalized"": {""microscope"": ""Helios G4 PFIB CXe"", ""instrument"": ""Helios G4 PFIB CXe"", ""detector"": ""SE"", ""accelerating_voltage_kv"": 20000.0, ""magnification"": 5000.0, ""pixel_size_nm"": 1.34896e-08, ""beam_current_na"": 1.6e-09, ""dwell_time_us"": 5e-07, ""working_distance_mm"": 6.1341, ""chamber_pressure_pa"": 0.000282, ""sample"": ""Q980_9h_AC"", ""sample_state"": ""Detail"", ""etching_agent"": ""Vilella"", ""imaging_mode"": ""SEM"", ""scale"": ""1.34896e-08 nm/pixel"", ""acquisition_date_if_available"": null}}",,,,
hcci,Q980_9h_AC,hcci_105,Images\105.png,C:\Users\Pranet\Downloads\Mini Project\data\raw\hcci\Images\105.png,105.png,.png,4350967,3c10c8003b8ac690b1aeea941dfb55fccc98a1a1a9954d090fe12206a9cbb58f,2329,1963,4,8,uint8,png,RGBA,SEM,,Detail,Detail,sample_Q980_9h_AC_Detail,Q980_9h_AC,roi_105,Helios G4 PFIB CXe_BSE_20000.0kV_5000.0x,"{""raw_metadata"": {""File Name"": 105, ""SEM"": ""Helios G4 PFIB CXe"", ""Detector"": ""BSE"", ""Gun"": ""FEG"", ""Voltage"": 20000, ""Magnification"": 5000, ""Etching"": ""Vilella"", ""Sample"": ""Q980_9h_AC"", ""Kind"": ""Detail"", ""Pixel Size"": 1.34896e-08, ""Beam Current"": 1.6e-09, ""Dwell Time"": 1e-05, ""Dwell Time cat"": ""high"", ""Chamber Pressure"": 0.000297, ""Working Distance"": 0.00613414}, ""normalized"": {""microscope"": ""Helios G4 PFIB CXe"", ""instrument"": ""Helios G4 PFIB CXe"", ""detector"": ""BSE"", ""accelerating_voltage_kv"": 20000.0, ""magnification"": 5000.0, ""pixel_size_nm"": 1.34896e-08, ""beam_current_na"": 1.6e-09, ""dwell_time_us"": 1e-05, ""working_distance_mm"": 6.1341, ""chamber_pressure_pa"": 0.000297, ""sample"": ""Q980_9h_AC"", ""sample_state"": ""Detail"", ""etching_agent"": ""Vilella"", ""imaging_mode"": ""SEM"", ""scale"": ""1.34896e-08 nm/pixel"", ""acquisition_date_if_available"": null}}",,,,
hcci,Q980_9h_AC,hcci_106,Images\106.png,C:\Users\Pranet\Downloads\Mini Project\data\raw\hcci\Images\106.png,106.png,.png,5453933,a05046d36adfccb5e70744060bd126afecba9633c2256aab64786c23f86f1bd3,2329,1963,4,8,uint8,png,RGBA,SEM,,Detail,Detail,sample_Q980_9h_AC_Detail,Q980_9h_AC,roi_106,Helios G4 PFIB CXe_BSE_20000.0kV_5000.0x,"{""raw_metadata"": {""File Name"": 106, ""SEM"": ""Helios G4 PFIB CXe"", ""Detector"": ""BSE"", ""Gun"": ""FEG"", ""Voltage"": 20000, ""Magnification"": 5000, ""Etching"": ""Vilella"", ""Sample"": ""Q980_9h_AC"", ""Kind"": ""Detail"", ""Pixel Size"": 1.34896e-08, ""Beam Current"": 1.6e-09, ""Dwell Time"": 5e-07, ""Dwell Time cat"": ""low"", ""Chamber Pressure"": 0.000294, ""Working Distance"": 0.00613414}, ""normalized"": {""microscope"": ""Helios G4 PFIB CXe"", ""instrument"": ""Helios G4 PFIB CXe"", ""detector"": ""BSE"", ""accelerating_voltage_kv"": 20000.0, ""magnification"": 5000.0, ""pixel_size_nm"": 1.34896e-08, ""beam_current_na"": 1.6e-09, ""dwell_time_us"": 5e-07, ""working_distance_mm"": 6.1341, ""chamber_pressure_pa"": 0.000294, ""sample"": ""Q980_9h_AC"", ""sample_state"": ""Detail"", ""etching_agent"": ""Vilella"", ""imaging_mode"": ""SEM"", ""scale"": ""1.34896e-08 nm/pixel"", ""acquisition_date_if_available"": null}}",,,,
hcci,Q980_9h_AC,hcci_107,Images\107.png,C:\Users\Pranet\Downloads\Mini Project\data\raw\hcci\Images\107.png,107.png,.png,4862592,ad9046ee97ffe3c3c01e184906ada62f53fa3205a321c2e6f35d455af41769cd,2329,1963,4,8,uint8,png,RGBA,SEM,,Detail,Detail,sample_Q980_9h_AC_Detail,Q980_9h_AC,roi_107,Helios G4 PFIB CXe_InLens_20000.0kV_5000.0x,"{""raw_metadata"": {""File Name"": 107, ""SEM"": ""Helios G4 PFIB CXe"", ""Detector"": ""InLens"", ""Gun"": ""FEG"", ""Voltage"": 20000, ""Magnification"": 5000, ""Etching"": ""Vilella"", ""Sample"": ""Q980_9h_AC"", ""Kind"": ""Detail"", ""Pixel Size"": 1.34896e-08, ""Beam Current"": 1.6e-09, ""Dwell Time"": 1e-05, ""Dwell Time cat"": ""high"", ""Chamber Pressure"": 0.00027, ""Working Distance"": 0.00613414}, ""normalized"": {""microscope"": ""Helios G4 PFIB CXe"", ""instrument"": ""Helios G4 PFIB CXe"", ""detector"": ""InLens"", ""accelerating_voltage_kv"": 20000.0, ""magnification"": 5000.0, ""pixel_size_nm"": 1.34896e-08, ""beam_current_na"": 1.6e-09, ""dwell_time_us"": 1e-05, ""working_distance_mm"": 6.1341, ""chamber_pressure_pa"": 0.00027, ""sample"": ""Q980_9h_AC"", ""sample_state"": ""Detail"", ""etching_agent"": ""Vilella"", ""imaging_mode"": ""SEM"", ""scale"": ""1.34896e-08 nm/pixel"", ""acquisition_date_if_available"": null}}",,,,
hcci,Q980_9h_AC,hcci_108,Images\108.png,C:\Users\Pranet\Downloads\Mini Project\data\raw\hcci\Images\108.png,108.png,.png,5791443,64df2df31e1b124419d70b684964409cc3d2571eeaf7d1fa6cb42c38eacc84db,2329,1963,4,8,uint8,png,RGBA,SEM,,Detail,Detail,sample_Q980_9h_AC_Detail,Q980_9h_AC,roi_108,Helios G4 PFIB CXe_InLens_20000.0kV_5000.0x,"{""raw_metadata"": {""File Name"": 108, ""SEM"": ""Helios G4 PFIB CXe"", ""Detector"": ""InLens"", ""Gun"": ""FEG"", ""Voltage"": 20000, ""Magnification"": 5000, ""Etching"": ""Vilella"", ""Sample"": ""Q980_9h_AC"", ""Kind"": ""Detail"", ""Pixel Size"": 1.34896e-08, ""Beam Current"": 1.6e-09, ""Dwell Time"": 5e-07, ""Dwell Time cat"": ""low"", ""Chamber Pressure"": 0.00027, ""Working Distance"": 0.00613414}, ""normalized"": {""microscope"": ""Helios G4 PFIB CXe"", ""instrument"": ""Helios G4 PFIB CXe"", ""detector"": ""InLens"", ""accelerating_voltage_kv"": 20000.0, ""magnification"": 5000.0, ""pixel_size_nm"": 1.34896e-08, ""beam_current_na"": 1.6e-09, ""dwell_time_us"": 5e-07, ""working_distance_mm"": 6.1341, ""chamber_pressure_pa"": 0.00027, ""sample"": ""Q980_9h_AC"", ""sample_state"": ""Detail"", ""etching_agent"": ""Vilella"", ""imaging_mode"": ""SEM"", ""scale"": ""1.34896e-08 nm/pixel"", ""acquisition_date_if_available"": null}}",,,,
hcci,AsCast,hcci_11,Images\11.png,C:\Users\Pranet\Downloads\Mini Project\data\raw\hcci\Images\11.png,11.png,.png,4134804,328a4bf9535f0d380f99703a4f0ef98ed159de9c9937d4b6f82b96891e211152,2697,1810,4,8,uint8,png,RGBA,SEM,,Detail,Detail,sample_AsCast_Detail,AsCast,roi_11,Helios G4 PFIB CXe_InLens_5000.0kV_5000.0x,"{""raw_metadata"": {""File Name"": 11, ""SEM"": ""Helios G4 PFIB CXe"", ""Detector"": ""InLens"", ""Gun"": ""FEG"", ""Voltage"": 5000, ""Magnification"": 5000, ""Etching"": ""Vilella"", ""Sample"": ""AsCast"", ""Kind"": ""Detail"", ""Pixel Size"": 1.34896e-08, ""Beam Current"": 1.6e-09, ""Dwell Time"": 1e-05, ""Dwell Time cat"": ""high"", ""Chamber Pressure"": 0.000484, ""Working Distance"": 0.00682565}, ""normalized"": {""microscope"": ""Helios G4 PFIB CXe"", ""instrument"": ""Helios G4 PFIB CXe"", ""detector"": ""InLens"", ""accelerating_voltage_kv"": 5000.0, ""magnification"": 5000.0, ""pixel_size_nm"": 1.34896e-08, ""beam_current_na"": 1.6e-09, ""dwell_time_us"": 1e-05, ""working_distance_mm"": 6.8256, ""chamber_pressure_pa"": 0.000484, ""sample"": ""AsCast"", ""sample_state"": ""Detail"", ""etching_agent"": ""Vilella"", ""imaging_mode"": ""SEM"", ""scale"": ""1.34896e-08 nm/pixel"", ""acquisition_date_if_available"": null}}",,,,
hcci,AsCast,hcci_12,Images\12.png,C:\Users\Pranet\Downloads\Mini Project\data\raw\hcci\Images\12.png,12.png,.png,5374413,dbb522e70ef12d11cee84bc170524bd9876287f80877ce0b0b6e95a989065b5a,2697,1810,4,8,uint8,png,RGBA,SEM,,Detail,Detail,sample_AsCast_Detail,AsCast,roi_12,Helios G4 PFIB CXe_InLens_5000.0kV_5000.0x,"{""raw_metadata"": {""File Name"": 12, ""SEM"": ""Helios G4 PFIB CXe"", ""Detector"": ""InLens"", ""Gun"": ""FEG"", ""Voltage"": 5000, ""Magnification"": 5000, ""Etching"": ""Vilella"", ""Sample"": ""AsCast"", ""Kind"": ""Detail"", ""Pixel Size"": 1.34896e-08, ""Beam Current"": 1.6e-09, ""Dwell Time"": 5e-07, ""Dwell Time cat"": ""low"", ""Chamber Pressure"": 0.000484, ""Working Distance"": 0.00682565}, ""normalized"": {""microscope"": ""Helios G4 PFIB CXe"", ""instrument"": ""Helios G4 PFIB CXe"", ""detector"": ""InLens"", ""accelerating_voltage_kv"": 5000.0, ""magnification"": 5000.0, ""pixel_size_nm"": 1.34896e-08, ""beam_current_na"": 1.6e-09, ""dwell_time_us"": 5e-07, ""working_distance_mm"": 6.8256, ""chamber_pressure_pa"": 0.000484, ""sample"": ""AsCast"", ""sample_state"": ""Detail"", ""etching_agent"": ""Vilella"", ""imaging_mode"": ""SEM"", ""scale"": ""1.34896e-08 nm/pixel"", ""acquisition_date_if_available"": null}}",,,,
hcci,AsCast,hcci_127,Images\127.png,C:\Users\Pranet\Downloads\Mini Project\data\raw\hcci\Images\127.png,127.png,.png,4807832,469561c385e31d92a62ea4e35a9e83acadf6ff2244770ce8f81725d999944e6a,2860,1922,4,8,uint8,png,RGBA,SEM,,Overview,Overview,sample_AsCast_Overview,AsCast,roi_127,VEGA3 XMH_SE_5000.0kV_4000.0x,"{""raw_metadata"": {""File Name"": 127, ""SEM"": ""VEGA3 XMH"", ""Detector"": ""SE"", ""Gun"": ""W"", ""Voltage"": 5000, ""Magnification"": 4000, ""Etching"": ""Vilella"", ""Sample"": ""AsCast"", ""Kind"": ""Overview"", ""Pixel Size"": 6.862e-08, ""Beam Current"": 6.8656e-05, ""Dwell Time"": 1e-05, ""Dwell Time cat"": ""high"", ""Chamber Pressure"": 0.010134, ""Working Distance"": 0.010007}, ""normalized"": {""microscope"": ""VEGA3 XMH"", ""instrument"": ""VEGA3 XMH"", ""detector"": ""SE"", ""accelerating_voltage_kv"": 5000.0, ""magnification"": 4000.0, ""pixel_size_nm"": 6.862e-08, ""beam_current_na"": 6.8656e-05, ""dwell_time_us"": 1e-05, ""working_distance_mm"": 10.007, ""chamber_pressure_pa"": 0.010134, ""sample"": ""AsCast"", ""sample_state"": ""Overview"", ""etching_agent"": ""Vilella"", ""imaging_mode"": ""SEM"", ""scale"": ""6.862e-08 nm/pixel"", ""acquisition_date_if_available"": null}}",,,,
hcci,AsCast,hcci_128,Images\128.png,C:\Users\Pranet\Downloads\Mini Project\data\raw\hcci\Images\128.png,128.png,.png,6774585,f051ca2fa8ce6a35fb0e62428885cd769e2ab02e516b3c80b610e2ea20c125f4,2860,1922,4,8,uint8,png,RGBA,SEM,,Overview,Overview,sample_AsCast_Overview,AsCast,roi_128,VEGA3 XMH_SE_5000.0kV_4000.0x,"{""raw_metadata"": {""File Name"": 128, ""SEM"": ""VEGA3 XMH"", ""Detector"": ""SE"", ""Gun"": ""W"", ""Voltage"": 5000, ""Magnification"": 4000, ""Etching"": ""Vilella"", ""Sample"": ""AsCast"", ""Kind"": ""Overview"", ""Pixel Size"": 6.862e-08, ""Beam Current"": 6.8656e-05, ""Dwell Time"": 3.2e-07, ""Dwell Time cat"": ""low"", ""Chamber Pressure"": 0.010134, ""Working Distance"": 0.010007}, ""normalized"": {""microscope"": ""VEGA3 XMH"", ""instrument"": ""VEGA3 XMH"", ""detector"": ""SE"", ""accelerating_voltage_kv"": 5000.0, ""magnification"": 4000.0, ""pixel_size_nm"": 6.862e-08, ""beam_current_na"": 6.8656e-05, ""dwell_time_us"": 3.2e-07, ""working_distance_mm"": 10.007, ""chamber_pressure_pa"": 0.010134, ""sample"": ""AsCast"", ""sample_state"": ""Overview"", ""etching_agent"": ""Vilella"", ""imaging_mode"": ""SEM"", ""scale"": ""6.862e-08 nm/pixel"", ""acquisition_date_if_available"": null}}",,,,
hcci,AsCast,hcci_129,Images\129.png,C:\Users\Pranet\Downloads\Mini Project\data\raw\hcci\Images\129.png,129.png,.png,4600359,e00e72d91b465ba6b93a4a6c1c1879239c8100c040c6825ea6136434c7d534f9,2860,1922,4,8,uint8,png,RGBA,SEM,,Overview,Overview,sample_AsCast_Overview,AsCast,roi_129,VEGA3 XMH_BSE_5000.0kV_4000.0x,"{""raw_metadata"": {""File Name"": 129, ""SEM"": ""VEGA3 XMH"", ""Detector"": ""BSE"", ""Gun"": ""W"", ""Voltage"": 5000, ""Magnification"": 4000, ""Etching"": ""Vilella"", ""Sample"": ""AsCast"", ""Kind"": ""Overview"", ""Pixel Size"": 6.862e-08, ""Beam Current"": 6.8656e-05, ""Dwell Time"": 1e-05, ""Dwell Time cat"": ""high"", ""Chamber Pressure"": 0.010127, ""Working Distance"": 0.010007}, ""normalized"": {""microscope"": ""VEGA3 XMH"", ""instrument"": ""VEGA3 XMH"", ""detector"": ""BSE"", ""accelerating_voltage_kv"": 5000.0, ""magnification"": 4000.0, ""pixel_size_nm"": 6.862e-08, ""beam_current_na"": 6.8656e-05, ""dwell_time_us"": 1e-05, ""working_distance_mm"": 10.007, ""chamber_pressure_pa"": 0.010127, ""sample"": ""AsCast"", ""sample_state"": ""Overview"", ""etching_agent"": ""Vilella"", ""imaging_mode"": ""SEM"", ""scale"": ""6.862e-08 nm/pixel"", ""acquisition_date_if_available"": null}}",,,,
hcci,AsCast,hcci_13,Images\13.png,C:\Users\Pranet\Downloads\Mini Project\data\raw\hcci\Images\13.png,13.png,.png,5351867,2c5b54fe40e21e88551888a4ddca61330a1b7d9be3f08496f2098b84e8dcff3e,2860,1922,4,8,uint8,png,RGBA,SEM,,Overview,Overview,sample_AsCast_Overview,AsCast,roi_13,Helios G4 PFIB CXe_SE_10000.0kV_1000.0x,"{""raw_metadata"": {""File Name"": 13, ""SEM"": ""Helios G4 PFIB CXe"", ""Detector"": ""SE"", ""Gun"": ""FEG"", ""Voltage"": 10000, ""Magnification"": 1000, ""Etching"": ""Vilella"", ""Sample"": ""AsCast"", ""Kind"": ""Overview"", ""Pixel Size"": 6.74479e-08, ""Beam Current"": 1.6e-09, ""Dwell Time"": 1e-05, ""Dwell Time cat"": ""high"", ""Chamber Pressure"": 0.000429, ""Working Distance"": 0.00669391}, ""normalized"": {""microscope"": ""Helios G4 PFIB CXe"", ""instrument"": ""Helios G4 PFIB CXe"", ""detector"": ""SE"", ""accelerating_voltage_kv"": 10000.0, ""magnification"": 1000.0, ""pixel_size_nm"": 6.74479e-08, ""beam_current_na"": 1.6e-09, ""dwell_time_us"": 1e-05, ""working_distance_mm"": 6.6939, ""chamber_pressure_pa"": 0.000429, ""sample"": ""AsCast"", ""sample_state"": ""Overview"", ""etching_agent"": ""Vilella"", ""imaging_mode"": ""SEM"", ""scale"": ""6.74479e-08 nm/pixel"", ""acquisition_date_if_available"": null}}",,,,
hcci,AsCast,hcci_130,Images\130.png,C:\Users\Pranet\Downloads\Mini Project\data\raw\hcci\Images\130.png,130.png,.png,6912551,f855da21b27bef24018f1f43e130b763cc2adda8a4d92522094a5c4e2eaf88b2,2860,1922,4,8,uint8,png,RGBA,SEM,,Overview,Overview,sample_AsCast_Overview,AsCast,roi_130,VEGA3 XMH_BSE_5000.0kV_4000.0x,"{""raw_metadata"": {""File Name"": 130, ""SEM"": ""VEGA3 XMH"", ""Detector"": ""BSE"", ""Gun"": ""W"", ""Voltage"": 5000, ""Magnification"": 4000, ""Etching"": ""Vilella"", ""Sample"": ""AsCast"", ""Kind"": ""Overview"", ""Pixel Size"": 6.862e-08, ""Beam Current"": 6.8656e-05, ""Dwell Time"": 3.2e-07, ""Dwell Time cat"": ""low"", ""Chamber Pressure"": 0.010127, ""Working Distance"": 0.010007}, ""normalized"": {""microscope"": ""VEGA3 XMH"", ""instrument"": ""VEGA3 XMH"", ""detector"": ""BSE"", ""accelerating_voltage_kv"": 5000.0, ""magnification"": 4000.0, ""pixel_size_nm"": 6.862e-08, ""beam_current_na"": 6.8656e-05, ""dwell_time_us"": 3.2e-07, ""working_distance_mm"": 10.007, ""chamber_pressure_pa"": 0.010127, ""sample"": ""AsCast"", ""sample_state"": ""Overview"", ""etching_agent"": ""Vilella"", ""imaging_mode"": ""SEM"", ""scale"": ""6.862e-08 nm/pixel"", ""acquisition_date_if_available"": null}}",,,,
hcci,AsCast,hcci_131,Images\131.png,C:\Users\Pranet\Downloads\Mini Project\data\raw\hcci\Images\131.png,131.png,.png,5031772,9b8ccbcd4f500187958f2e827e5cd805d16dffa3208dbeb989c9d033d4012861,2697,1810,4,8,uint8,png,RGBA,SEM,,Detail,Detail,sample_AsCast_Detail,AsCast,roi_131,VEGA3 XMH_SE_5000.0kV_20000.0x,"{""raw_metadata"": {""File Name"": 131, ""SEM"": ""VEGA3 XMH"", ""Detector"": ""SE"", ""Gun"": ""W"", ""Voltage"": 5000, ""Magnification"": 20000, ""Etching"": ""Vilella"", ""Sample"": ""AsCast"", ""Kind"": ""Detail"", ""Pixel Size"": 1.3724e-08, ""Beam Current"": 6.9632e-05, ""Dwell Time"": 1e-05, ""Dwell Time cat"": ""high"", ""Chamber Pressure"": 0.010127, ""Working Distance"": 0.0100239999999999}, ""normalized"": {""microscope"": ""VEGA3 XMH"", ""instrument"": ""VEGA3 XMH"", ""detector"": ""SE"", ""accelerating_voltage_kv"": 5000.0, ""magnification"": 20000.0, ""pixel_size_nm"": 1.3724e-08, ""beam_current_na"": 6.9632e-05, ""dwell_time_us"": 1e-05, ""working_distance_mm"": 10.024, ""chamber_pressure_pa"": 0.010127, ""sample"": ""AsCast"", ""sample_state"": ""Detail"", ""etching_agent"": ""Vilella"", ""imaging_mode"": ""SEM"", ""scale"": ""1.3724e-08 nm/pixel"", ""acquisition_date_if_available"": null}}",,,,
hcci,AsCast,hcci_132,Images\132.png,C:\Users\Pranet\Downloads\Mini Project\data\raw\hcci\Images\132.png,132.png,.png,6595616,726130395f1c8a4bc430595d4859364132806a43e1020b57473aaea4157465c0,2697,1810,4,8,uint8,png,RGBA,SEM,,Detail,Detail,sample_AsCast_Detail,AsCast,roi_132,VEGA3 XMH_SE_5000.0kV_20000.0x,"{""raw_metadata"": {""File Name"": 132, ""SEM"": ""VEGA3 XMH"", ""Detector"": ""SE"", ""Gun"": ""W"", ""Voltage"": 5000, ""Magnification"": 20000, ""Etching"": ""Vilella"", ""Sample"": ""AsCast"", ""Kind"": ""Detail"", ""Pixel Size"": 1.3724e-08, ""Beam Current"": 6.9632e-05, ""Dwell Time"": 3.2e-07, ""Dwell Time cat"": ""low"", ""Chamber Pressure"": 0.010134, ""Working Distance"": 0.0100239999999999}, ""normalized"": {""microscope"": ""VEGA3 XMH"", ""instrument"": ""VEGA3 XMH"", ""detector"": ""SE"", ""accelerating_voltage_kv"": 5000.0, ""magnification"": 20000.0, ""pixel_size_nm"": 1.3724e-08, ""beam_current_na"": 6.9632e-05, ""dwell_time_us"": 3.2e-07, ""working_distance_mm"": 10.024, ""chamber_pressure_pa"": 0.010134, ""sample"": ""AsCast"", ""sample_state"": ""Detail"", ""etching_agent"": ""Vilella"", ""imaging_mode"": ""SEM"", ""scale"": ""1.3724e-08 nm/pixel"", ""acquisition_date_if_available"": null}}",,,,
hcci,AsCast,hcci_133,Images\133.png,C:\Users\Pranet\Downloads\Mini Project\data\raw\hcci\Images\133.png,133.png,.png,4788890,c6e1fe5780edacd11c1869c03c6d56302ac1b8ae27664d6a20e988775b7d9fb7,2697,1810,4,8,uint8,png,RGBA,SEM,,Detail,Detail,sample_AsCast_Detail,AsCast,roi_133,VEGA3 XMH_BSE_5000.0kV_20000.0x,"{""raw_metadata"": {""File Name"": 133, ""SEM"": ""VEGA3 XMH"", ""Detector"": ""BSE"", ""Gun"": ""W"", ""Voltage"": 5000, ""Magnification"": 20000, ""Etching"": ""Vilella"", ""Sample"": ""AsCast"", ""Kind"": ""Detail"", ""Pixel Size"": 1.3724e-08, ""Beam Current"": 6.9307e-05, ""Dwell Time"": 1e-05, ""Dwell Time cat"": ""high"", ""Chamber Pressure"": 0.010134, ""Working Distance"": 0.0100239999999999}, ""normalized"": {""microscope"": ""VEGA3 XMH"", ""instrument"": ""VEGA3 XMH"", ""detector"": ""BSE"", ""accelerating_voltage_kv"": 5000.0, ""magnification"": 20000.0, ""pixel_size_nm"": 1.3724e-08, ""beam_current_na"": 6.9307e-05, ""dwell_time_us"": 1e-05, ""working_distance_mm"": 10.024, ""chamber_pressure_pa"": 0.010134, ""sample"": ""AsCast"", ""sample_state"": ""Detail"", ""etching_agent"": ""Vilella"", ""imaging_mode"": ""SEM"", ""scale"": ""1.3724e-08 nm/pixel"", ""acquisition_date_if_available"": null}}",,,,
hcci,AsCast,hcci_134,Images\134.png,C:\Users\Pranet\Downloads\Mini Project\data\raw\hcci\Images\134.png,134.png,.png,5866209,2b3495720ef11e415ed5ddb26008458a828c39269906983df9e58b764e8286b7,2697,1810,4,8,uint8,png,RGBA,SEM,,Detail,Detail,sample_AsCast_Detail,AsCast,roi_134,VEGA3 XMH_BSE_5000.0kV_20000.0x,"{""raw_metadata"": {""File Name"": 134, ""SEM"": ""VEGA3 XMH"", ""Detector"": ""BSE"", ""Gun"": ""W"", ""Voltage"": 5000, ""Magnification"": 20000, ""Etching"": ""Vilella"", ""Sample"": ""AsCast"", ""Kind"": ""Detail"", ""Pixel Size"": 1.3724e-08, ""Beam Current"": 6.9307e-05, ""Dwell Time"": 3.2e-07, ""Dwell Time cat"": ""low"", ""Chamber Pressure"": 0.010134, ""Working Distance"": 0.0100239999999999}, ""normalized"": {""microscope"": ""VEGA3 XMH"", ""instrument"": ""VEGA3 XMH"", ""detector"": ""BSE"", ""accelerating_voltage_kv"": 5000.0, ""magnification"": 20000.0, ""pixel_size_nm"": 1.3724e-08, ""beam_current_na"": 6.9307e-05, ""dwell_time_us"": 3.2e-07, ""working_distance_mm"": 10.024, ""chamber_pressure_pa"": 0.010134, ""sample"": ""AsCast"", ""sample_state"": ""Detail"", ""etching_agent"": ""Vilella"", ""imaging_mode"": ""SEM"", ""scale"": ""1.3724e-08 nm/pixel"", ""acquisition_date_if_available"": null}}",,,,
hcci,AsCast,hcci_135,Images\135.png,C:\Users\Pranet\Downloads\Mini Project\data\raw\hcci\Images\135.png,135.png,.png,5675235,06ec9f81901f455b257677ee4b49a1701f024d4232af2686aca372a5c270a04d,2860,1922,4,8,uint8,png,RGBA,SEM,,Overview,Overview,sample_AsCast_Overview,AsCast,roi_135,VEGA3 XMH_SE_10000.0kV_4000.0x,"{""raw_metadata"": {""File Name"": 135, ""SEM"": ""VEGA3 XMH"", ""Detector"": ""SE"", ""Gun"": ""W"", ""Voltage"": 10000, ""Magnification"": 4000, ""Etching"": ""Vilella"", ""Sample"": ""AsCast"", ""Kind"": ""Overview"", ""Pixel Size"": 6.862e-08, ""Beam Current"": 6.961e-05, ""Dwell Time"": 1e-05, ""Dwell Time cat"": ""high"", ""Chamber Pressure"": 0.010134, ""Working Distance"": 0.0100129999999999}, ""normalized"": {""microscope"": ""VEGA3 XMH"", ""instrument"": ""VEGA3 XMH"", ""detector"": ""SE"", ""accelerating_voltage_kv"": 10000.0, ""magnification"": 4000.0, ""pixel_size_nm"": 6.862e-08, ""beam_current_na"": 6.961e-05, ""dwell_time_us"": 1e-05, ""working_distance_mm"": 10.013, ""chamber_pressure_pa"": 0.010134, ""sample"": ""AsCast"", ""sample_state"": ""Overview"", ""etching_agent"": ""Vilella"", ""imaging_mode"": ""SEM"", ""scale"": ""6.862e-08 nm/pixel"", ""acquisition_date_if_available"": null}}",,,,
hcci,AsCast,hcci_136,Images\136.png,C:\Users\Pranet\Downloads\Mini Project\data\raw\hcci\Images\136.png,136.png,.png,7452213,e4c455af50811ab3d607b2cb6bfe32320f1ebf03eb71886d1c9f6f26ae3d83aa,2860,1922,4,8,uint8,png,RGBA,SEM,,Overview,Overview,sample_AsCast_Overview,AsCast,roi_136,VEGA3 XMH_SE_10000.0kV_4000.0x,"{""raw_metadata"": {""File Name"": 136, ""SEM"": ""VEGA3 XMH"", ""Detector"": ""SE"", ""Gun"": ""W"", ""Voltage"": 10000, ""Magnification"": 4000, ""Etching"": ""Vilella"", ""Sample"": ""AsCast"", ""Kind"": ""Overview"", ""Pixel Size"": 6.862e-08, ""Beam Current"": 6.961e-05, ""Dwell Time"": 3.2e-07, ""Dwell Time cat"": ""low"", ""Chamber Pressure"": 0.010134, ""Working Distance"": 0.0100129999999999}, ""normalized"": {""microscope"": ""VEGA3 XMH"", ""instrument"": ""VEGA3 XMH"", ""detector"": ""SE"", ""accelerating_voltage_kv"": 10000.0, ""magnification"": 4000.0, ""pixel_size_nm"": 6.862e-08, ""beam_current_na"": 6.961e-05, ""dwell_time_us"": 3.2e-07, ""working_distance_mm"": 10.013, ""chamber_pressure_pa"": 0.010134, ""sample"": ""AsCast"", ""sample_state"": ""Overview"", ""etching_agent"": ""Vilella"", ""imaging_mode"": ""SEM"", ""scale"": ""6.862e-08 nm/pixel"", ""acquisition_date_if_available"": null}}",,,,
hcci,AsCast,hcci_137,Images\137.png,C:\Users\Pranet\Downloads\Mini Project\data\raw\hcci\Images\137.png,137.png,.png,5439688,a69512c0269523255af479d48bf71dd6960a4fe781ae2d994d5ae4267308c12a,2860,1922,4,8,uint8,png,RGBA,SEM,,Overview,Overview,sample_AsCast_Overview,AsCast,roi_137,VEGA3 XMH_BSE_10000.0kV_4000.0x,"{""raw_metadata"": {""File Name"": 137, ""SEM"": ""VEGA3 XMH"", ""Detector"": ""BSE"", ""Gun"": ""W"", ""Voltage"": 10000, ""Magnification"": 4000, ""Etching"": ""Vilella"", ""Sample"": ""AsCast"", ""Kind"": ""Overview"", ""Pixel Size"": 6.862e-08, ""Beam Current"": 6.961e-05, ""Dwell Time"": 1e-05, ""Dwell Time cat"": ""high"", ""Chamber Pressure"": 0.010134, ""Working Distance"": 0.0100129999999999}, ""normalized"": {""microscope"": ""VEGA3 XMH"", ""instrument"": ""VEGA3 XMH"", ""detector"": ""BSE"", ""accelerating_voltage_kv"": 10000.0, ""magnification"": 4000.0, ""pixel_size_nm"": 6.862e-08, ""beam_current_na"": 6.961e-05, ""dwell_time_us"": 1e-05, ""working_distance_mm"": 10.013, ""chamber_pressure_pa"": 0.010134, ""sample"": ""AsCast"", ""sample_state"": ""Overview"", ""etching_agent"": ""Vilella"", ""imaging_mode"": ""SEM"", ""scale"": ""6.862e-08 nm/pixel"", ""acquisition_date_if_available"": null}}",,,,
hcci,AsCast,hcci_138,Images\138.png,C:\Users\Pranet\Downloads\Mini Project\data\raw\hcci\Images\138.png,138.png,.png,7418439,e85643cbb76e5dc13a1ada5f883e242709d31c4fd11020cd21b10ac89129b360,2860,1922,4,8,uint8,png,RGBA,SEM,,Overview,Overview,sample_AsCast_Overview,AsCast,roi_138,VEGA3 XMH_BSE_10000.0kV_4000.0x,"{""raw_metadata"": {""File Name"": 138, ""SEM"": ""VEGA3 XMH"", ""Detector"": ""BSE"", ""Gun"": ""W"", ""Voltage"": 10000, ""Magnification"": 4000, ""Etching"": ""Vilella"", ""Sample"": ""AsCast"", ""Kind"": ""Overview"", ""Pixel Size"": 6.862e-08, ""Beam Current"": 6.961e-05, ""Dwell Time"": 3.2e-07, ""Dwell Time cat"": ""low"", ""Chamber Pressure"": 0.010134, ""Working Distance"": 0.0100129999999999}, ""normalized"": {""microscope"": ""VEGA3 XMH"", ""instrument"": ""VEGA3 XMH"", ""detector"": ""BSE"", ""accelerating_voltage_kv"": 10000.0, ""magnification"": 4000.0, ""pixel_size_nm"": 6.862e-08, ""beam_current_na"": 6.961e-05, ""dwell_time_us"": 3.2e-07, ""working_distance_mm"": 10.013, ""chamber_pressure_pa"": 0.010134, ""sample"": ""AsCast"", ""sample_state"": ""Overview"", ""etching_agent"": ""Vilella"", ""imaging_mode"": ""SEM"", ""scale"": ""6.862e-08 nm/pixel"", ""acquisition_date_if_available"": null}}",,,,
hcci,AsCast,hcci_139,Images\139.png,C:\Users\Pranet\Downloads\Mini Project\data\raw\hcci\Images\139.png,139.png,.png,4184534,b1b506c0cc6e7c4111afea8207df255462f5f0d670db80cefde9b0ce98301cf3,2697,1810,4,8,uint8,png,RGBA,SEM,,Detail,Detail,sample_AsCast_Detail,AsCast,roi_139,VEGA3 XMH_SE_10000.0kV_20000.0x,"{""raw_metadata"": {""File Name"": 139, ""SEM"": ""VEGA3 XMH"", ""Detector"": ""SE"", ""Gun"": ""W"", ""Voltage"": 10000, ""Magnification"": 20000, ""Etching"": ""Vilella"", ""Sample"": ""AsCast"", ""Kind"": ""Detail"", ""Pixel Size"": 1.3724e-08, ""Beam Current"": 6.961e-05, ""Dwell Time"": 1e-05, ""Dwell Time cat"": ""high"", ""Chamber Pressure"": 0.010141, ""Working Distance"": 0.0100129999999999}, ""normalized"": {""microscope"": ""VEGA3 XMH"", ""instrument"": ""VEGA3 XMH"", ""detector"": ""SE"", ""accelerating_voltage_kv"": 10000.0, ""magnification"": 20000.0, ""pixel_size_nm"": 1.3724e-08, ""beam_current_na"": 6.961e-05, ""dwell_time_us"": 1e-05, ""working_distance_mm"": 10.013, ""chamber_pressure_pa"": 0.010141, ""sample"": ""AsCast"", ""sample_state"": ""Detail"", ""etching_agent"": ""Vilella"", ""imaging_mode"": ""SEM"", ""scale"": ""1.3724e-08 nm/pixel"", ""acquisition_date_if_available"": null}}",,,,
hcci,AsCast,hcci_14,Images\14.png,C:\Users\Pranet\Downloads\Mini Project\data\raw\hcci\Images\14.png,14.png,.png,6252644,3e0a84469079d831a1ba4a60a6704fc6f5e893a61744d10ac38fe12057fbc736,2860,1922,4,8,uint8,png,RGBA,SEM,,Overview,Overview,sample_AsCast_Overview,AsCast,roi_14,Helios G4 PFIB CXe_SE_10000.0kV_1000.0x,"{""raw_metadata"": {""File Name"": 14, ""SEM"": ""Helios G4 PFIB CXe"", ""Detector"": ""SE"", ""Gun"": ""FEG"", ""Voltage"": 10000, ""Magnification"": 1000, ""Etching"": ""Vilella"", ""Sample"": ""AsCast"", ""Kind"": ""Overview"", ""Pixel Size"": 6.74479e-08, ""Beam Current"": 1.6e-09, ""Dwell Time"": 5e-07, ""Dwell Time cat"": ""low"", ""Chamber Pressure"": 0.000424, ""Working Distance"": 0.00669391}, ""normalized"": {""microscope"": ""Helios G4 PFIB CXe"", ""instrument"": ""Helios G4 PFIB CXe"", ""detector"": ""SE"", ""accelerating_voltage_kv"": 10000.0, ""magnification"": 1000.0, ""pixel_size_nm"": 6.74479e-08, ""beam_current_na"": 1.6e-09, ""dwell_time_us"": 5e-07, ""working_distance_mm"": 6.6939, ""chamber_pressure_pa"": 0.000424, ""sample"": ""AsCast"", ""sample_state"": ""Overview"", ""etching_agent"": ""Vilella"", ""imaging_mode"": ""SEM"", ""scale"": ""6.74479e-08 nm/pixel"", ""acquisition_date_if_available"": null}}",,,,
hcci,AsCast,hcci_140,Images\140.png,C:\Users\Pranet\Downloads\Mini Project\data\raw\hcci\Images\140.png,140.png,.png,6437451,347dae237a3d7f5290c518137b4d6d8274c71a171fc976af4cbc5bfd0077a5d9,2697,1810,4,8,uint8,png,RGBA,SEM,,Detail,Detail,sample_AsCast_Detail,AsCast,roi_140,VEGA3 XMH_SE_10000.0kV_20000.0x,"{""raw_metadata"": {""File Name"": 140, ""SEM"": ""VEGA3 XMH"", ""Detector"": ""SE"", ""Gun"": ""W"", ""Voltage"": 10000, ""Magnification"": 20000, ""Etching"": ""Vilella"", ""Sample"": ""AsCast"", ""Kind"": ""Detail"", ""Pixel Size"": 1.3724e-08, ""Beam Current"": 6.961e-05, ""Dwell Time"": 3.2e-07, ""Dwell Time cat"": ""low"", ""Chamber Pressure"": 0.010148, ""Working Distance"": 0.0100129999999999}, ""normalized"": {""microscope"": ""VEGA3 XMH"", ""instrument"": ""VEGA3 XMH"", ""detector"": ""SE"", ""accelerating_voltage_kv"": 10000.0, ""magnification"": 20000.0, ""pixel_size_nm"": 1.3724e-08, ""beam_current_na"": 6.961e-05, ""dwell_time_us"": 3.2e-07, ""working_distance_mm"": 10.013, ""chamber_pressure_pa"": 0.010148, ""sample"": ""AsCast"", ""sample_state"": ""Detail"", ""etching_agent"": ""Vilella"", ""imaging_mode"": ""SEM"", ""scale"": ""1.3724e-08 nm/pixel"", ""acquisition_date_if_available"": null}}",,,,
hcci,AsCast,hcci_141,Images\141.png,C:\Users\Pranet\Downloads\Mini Project\data\raw\hcci\Images\141.png,141.png,.png,4684272,144dd16a84522e2978bd7f615fb1e63fb4013c03901f71edb404dfae968bfe52,2697,1810,4,8,uint8,png,RGBA,SEM,,Detail,Detail,sample_AsCast_Detail,AsCast,roi_141,VEGA3 XMH_BSE_10000.0kV_20000.0x,"{""raw_metadata"": {""File Name"": 141, ""SEM"": ""VEGA3 XMH"", ""Detector"": ""BSE"", ""Gun"": ""W"", ""Voltage"": 10000, ""Magnification"": 20000, ""Etching"": ""Vilella"", ""Sample"": ""AsCast"", ""Kind"": ""Detail"", ""Pixel Size"": 1.3734e-08, ""Beam Current"": 6.961e-05, ""Dwell Time"": 1e-05, ""Dwell Time cat"": ""high"", ""Chamber Pressure"": 0.010141, ""Working Distance"": 0.0100249999999999}, ""normalized"": {""microscope"": ""VEGA3 XMH"", ""instrument"": ""VEGA3 XMH"", ""detector"": ""BSE"", ""accelerating_voltage_kv"": 10000.0, ""magnification"": 20000.0, ""pixel_size_nm"": 1.3734e-08, ""beam_current_na"": 6.961e-05, ""dwell_time_us"": 1e-05, ""working_distance_mm"": 10.025, ""chamber_pressure_pa"": 0.010141, ""sample"": ""AsCast"", ""sample_state"": ""Detail"", ""etching_agent"": ""Vilella"", ""imaging_mode"": ""SEM"", ""scale"": ""1.3734e-08 nm/pixel"", ""acquisition_date_if_available"": null}}",,,,
hcci,AsCast,hcci_142,Images\142.png,C:\Users\Pranet\Downloads\Mini Project\data\raw\hcci\Images\142.png,142.png,.png,5877885,36814241265e2a0bb619fea1f7d72758d035a743580bee8e5f42872d10e0db42,2697,1810,4,8,uint8,png,RGBA,SEM,,Detail,Detail,sample_AsCast_Detail,AsCast,roi_142,VEGA3 XMH_BSE_10000.0kV_20000.0x,"{""raw_metadata"": {""File Name"": 142, ""SEM"": ""VEGA3 XMH"", ""Detector"": ""BSE"", ""Gun"": ""W"", ""Voltage"": 10000, ""Magnification"": 20000, ""Etching"": ""Vilella"", ""Sample"": ""AsCast"", ""Kind"": ""Detail"", ""Pixel Size"": 1.3734e-08, ""Beam Current"": 6.961e-05, ""Dwell Time"": 3.2e-07, ""Dwell Time cat"": ""low"", ""Chamber Pressure"": 0.010141, ""Working Distance"": 0.0100249999999999}, ""normalized"": {""microscope"": ""VEGA3 XMH"", ""instrument"": ""VEGA3 XMH"", ""detector"": ""BSE"", ""accelerating_voltage_kv"": 10000.0, ""magnification"": 20000.0, ""pixel_size_nm"": 1.3734e-08, ""beam_current_na"": 6.961e-05, ""dwell_time_us"": 3.2e-07, ""working_distance_mm"": 10.025, ""chamber_pressure_pa"": 0.010141, ""sample"": ""AsCast"", ""sample_state"": ""Detail"", ""etching_agent"": ""Vilella"", ""imaging_mode"": ""SEM"", ""scale"": ""1.3734e-08 nm/pixel"", ""acquisition_date_if_available"": null}}",,,,
hcci,AsCast,hcci_143,Images\143.png,C:\Users\Pranet\Downloads\Mini Project\data\raw\hcci\Images\143.png,143.png,.png,5771855,93e2e417b45ba41986e0e042d24df2f9d0a211a72200ca9961f0cb6f590ec427,2860,1922,4,8,uint8,png,RGBA,SEM,,Overview,Overview,sample_AsCast_Overview,AsCast,roi_143,VEGA3 XMH_SE_20000.0kV_4000.0x,"{""raw_metadata"": {""File Name"": 143, ""SEM"": ""VEGA3 XMH"", ""Detector"": ""SE"", ""Gun"": ""W"", ""Voltage"": 20000, ""Magnification"": 4000, ""Etching"": ""Vilella"", ""Sample"": ""AsCast"", ""Kind"": ""Overview"", ""Pixel Size"": 6.862e-08, ""Beam Current"": 6.3338e-05, ""Dwell Time"": 1e-05, ""Dwell Time cat"": ""high"", ""Chamber Pressure"": 0.010141, ""Working Distance"": 0.0100529999999999}, ""normalized"": {""microscope"": ""VEGA3 XMH"", ""instrument"": ""VEGA3 XMH"", ""detector"": ""SE"", ""accelerating_voltage_kv"": 20000.0, ""magnification"": 4000.0, ""pixel_size_nm"": 6.862e-08, ""beam_current_na"": 6.3338e-05, ""dwell_time_us"": 1e-05, ""working_distance_mm"": 10.053, ""chamber_pressure_pa"": 0.010141, ""sample"": ""AsCast"", ""sample_state"": ""Overview"", ""etching_agent"": ""Vilella"", ""imaging_mode"": ""SEM"", ""scale"": ""6.862e-08 nm/pixel"", ""acquisition_date_if_available"": null}}",,,,
hcci,AsCast,hcci_144,Images\144.png,C:\Users\Pranet\Downloads\Mini Project\data\raw\hcci\Images\144.png,144.png,.png,7464027,ca3b32f384956dfe4a39a63bc1d49c5d3aea07796c3f3bfd8bfdb2cf9b90300f,2860,1922,4,8,uint8,png,RGBA,SEM,,Overview,Overview,sample_AsCast_Overview,AsCast,roi_144,VEGA3 XMH_SE_20000.0kV_4000.0x,"{""raw_metadata"": {""File Name"": 144, ""SEM"": ""VEGA3 XMH"", ""Detector"": ""SE"", ""Gun"": ""W"", ""Voltage"": 20000, ""Magnification"": 4000, ""Etching"": ""Vilella"", ""Sample"": ""AsCast"", ""Kind"": ""Overview"", ""Pixel Size"": 6.862e-08, ""Beam Current"": 6.3664e-05, ""Dwell Time"": 3.2e-07, ""Dwell Time cat"": ""low"", ""Chamber Pressure"": 0.010155, ""Working Distance"": 0.0100529999999999}, ""normalized"": {""microscope"": ""VEGA3 XMH"", ""instrument"": ""VEGA3 XMH"", ""detector"": ""SE"", ""accelerating_voltage_kv"": 20000.0, ""magnification"": 4000.0, ""pixel_size_nm"": 6.862e-08, ""beam_current_na"": 6.3664e-05, ""dwell_time_us"": 3.2e-07, ""working_distance_mm"": 10.053, ""chamber_pressure_pa"": 0.010155, ""sample"": ""AsCast"", ""sample_state"": ""Overview"", ""etching_agent"": ""Vilella"", ""imaging_mode"": ""SEM"", ""scale"": ""6.862e-08 nm/pixel"", ""acquisition_date_if_available"": null}}",,,,
hcci,AsCast,hcci_145,Images\145.png,C:\Users\Pranet\Downloads\Mini Project\data\raw\hcci\Images\145.png,145.png,.png,5658022,8f4ec54c519159303ef7a87d85e5ae5da6ac8e81a740dae69ffb3f380a1e256d,2860,1922,4,8,uint8,png,RGBA,SEM,,Overview,Overview,sample_AsCast_Overview,AsCast,roi_145,VEGA3 XMH_BSE_20000.0kV_4000.0x,"{""raw_metadata"": {""File Name"": 145, ""SEM"": ""VEGA3 XMH"", ""Detector"": ""BSE"", ""Gun"": ""W"", ""Voltage"": 20000, ""Magnification"": 4000, ""Etching"": ""Vilella"", ""Sample"": ""AsCast"", ""Kind"": ""Overview"", ""Pixel Size"": 6.862e-08, ""Beam Current"": 6.3338e-05, ""Dwell Time"": 1e-05, ""Dwell Time cat"": ""high"", ""Chamber Pressure"": 0.010141, ""Working Distance"": 0.0100529999999999}, ""normalized"": {""microscope"": ""VEGA3 XMH"", ""instrument"": ""VEGA3 XMH"", ""detector"": ""BSE"", ""accelerating_voltage_kv"": 20000.0, ""magnification"": 4000.0, ""pixel_size_nm"": 6.862e-08, ""beam_current_na"": 6.3338e-05, ""dwell_time_us"": 1e-05, ""working_distance_mm"": 10.053, ""chamber_pressure_pa"": 0.010141, ""sample"": ""AsCast"", ""sample_state"": ""Overview"", ""etching_agent"": ""Vilella"", ""imaging_mode"": ""SEM"", ""scale"": ""6.862e-08 nm/pixel"", ""acquisition_date_if_available"": null}}",,,,
hcci,AsCast,hcci_146,Images\146.png,C:\Users\Pranet\Downloads\Mini Project\data\raw\hcci\Images\146.png,146.png,.png,7375388,5d25ff9409d3ac331fd1bd3d6d08fb3aa5d552bb7dc87914f91fe86194759c13,2860,1922,4,8,uint8,png,RGBA,SEM,,Overview,Overview,sample_AsCast_Overview,AsCast,roi_146,VEGA3 XMH_BSE_20000.0kV_4000.0x,"{""raw_metadata"": {""File Name"": 146, ""SEM"": ""VEGA3 XMH"", ""Detector"": ""BSE"", ""Gun"": ""W"", ""Voltage"": 20000, ""Magnification"": 4000, ""Etching"": ""Vilella"", ""Sample"": ""AsCast"", ""Kind"": ""Overview"", ""Pixel Size"": 6.862e-08, ""Beam Current"": 6.3338e-05, ""Dwell Time"": 3.2e-07, ""Dwell Time cat"": ""low"", ""Chamber Pressure"": 0.010134, ""Working Distance"": 0.0100529999999999}, ""normalized"": {""microscope"": ""VEGA3 XMH"", ""instrument"": ""VEGA3 XMH"", ""detector"": ""BSE"", ""accelerating_voltage_kv"": 20000.0, ""magnification"": 4000.0, ""pixel_size_nm"": 6.862e-08, ""beam_current_na"": 6.3338e-05, ""dwell_time_us"": 3.2e-07, ""working_distance_mm"": 10.053, ""chamber_pressure_pa"": 0.010134, ""sample"": ""AsCast"", ""sample_state"": ""Overview"", ""etching_agent"": ""Vilella"", ""imaging_mode"": ""SEM"", ""scale"": ""6.862e-08 nm/pixel"", ""acquisition_date_if_available"": null}}",,,,
hcci,AsCast,hcci_147,Images\147.png,C:\Users\Pranet\Downloads\Mini Project\data\raw\hcci\Images\147.png,147.png,.png,5084805,06690f17ee20584dfeb60bc35e4411b237ff93e39569dbe5e9d6a1604d32d002,2697,1810,4,8,uint8,png,RGBA,SEM,,Detail,Detail,sample_AsCast_Detail,AsCast,roi_147,VEGA3 XMH_SE_20000.0kV_20000.0x,"{""raw_metadata"": {""File Name"": 147, ""SEM"": ""VEGA3 XMH"", ""Detector"": ""SE"", ""Gun"": ""W"", ""Voltage"": 20000, ""Magnification"": 20000, ""Etching"": ""Vilella"", ""Sample"": ""AsCast"", ""Kind"": ""Detail"", ""Pixel Size"": 1.3714e-08, ""Beam Current"": 6.3664e-05, ""Dwell Time"": 1e-05, ""Dwell Time cat"": ""high"", ""Chamber Pressure"": 0.010141, ""Working Distance"": 0.01004}, ""normalized"": {""microscope"": ""VEGA3 XMH"", ""instrument"": ""VEGA3 XMH"", ""detector"": ""SE"", ""accelerating_voltage_kv"": 20000.0, ""magnification"": 20000.0, ""pixel_size_nm"": 1.3714e-08, ""beam_current_na"": 6.3664e-05, ""dwell_time_us"": 1e-05, ""working_distance_mm"": 10.04, ""chamber_pressure_pa"": 0.010141, ""sample"": ""AsCast"", ""sample_state"": ""Detail"", ""etching_agent"": ""Vilella"", ""imaging_mode"": ""SEM"", ""scale"": ""1.3714e-08 nm/pixel"", ""acquisition_date_if_available"": null}}",,,,
hcci,AsCast,hcci_148,Images\148.png,C:\Users\Pranet\Downloads\Mini Project\data\raw\hcci\Images\148.png,148.png,.png,5890814,b0d8d2614c3dd7bca1eca59d1771c47f645a784409a77cf39a46da4d1c98990a,2697,1810,4,8,uint8,png,RGBA,SEM,,Detail,Detail,sample_AsCast_Detail,AsCast,roi_148,VEGA3 XMH_SE_20000.0kV_20000.0x,"{""raw_metadata"": {""File Name"": 148, ""SEM"": ""VEGA3 XMH"", ""Detector"": ""SE"", ""Gun"": ""W"", ""Voltage"": 20000, ""Magnification"": 20000, ""Etching"": ""Vilella"", ""Sample"": ""AsCast"", ""Kind"": ""Detail"", ""Pixel Size"": 1.3714e-08, ""Beam Current"": 6.3338e-05, ""Dwell Time"": 3.2e-07, ""Dwell Time cat"": ""low"", ""Chamber Pressure"": 0.010134, ""Working Distance"": 0.01004}, ""normalized"": {""microscope"": ""VEGA3 XMH"", ""instrument"": ""VEGA3 XMH"", ""detector"": ""SE"", ""accelerating_voltage_kv"": 20000.0, ""magnification"": 20000.0, ""pixel_size_nm"": 1.3714e-08, ""beam_current_na"": 6.3338e-05, ""dwell_time_us"": 3.2e-07, ""working_distance_mm"": 10.04, ""chamber_pressure_pa"": 0.010134, ""sample"": ""AsCast"", ""sample_state"": ""Detail"", ""etching_agent"": ""Vilella"", ""imaging_mode"": ""SEM"", ""scale"": ""1.3714e-08 nm/pixel"", ""acquisition_date_if_available"": null}}",,,,
hcci,AsCast,hcci_149,Images\149.png,C:\Users\Pranet\Downloads\Mini Project\data\raw\hcci\Images\149.png,149.png,.png,4366055,ccd48832289703f950eee82a474c0bc144c5cd5e36d8904a6def860e4ae0c224,2697,1810,4,8,uint8,png,RGBA,SEM,,Detail,Detail,sample_AsCast_Detail,AsCast,roi_149,VEGA3 XMH_BSE_20000.0kV_20000.0x,"{""raw_metadata"": {""File Name"": 149, ""SEM"": ""VEGA3 XMH"", ""Detector"": ""BSE"", ""Gun"": ""W"", ""Voltage"": 20000, ""Magnification"": 20000, ""Etching"": ""Vilella"", ""Sample"": ""AsCast"", ""Kind"": ""Detail"", ""Pixel Size"": 1.3759e-08, ""Beam Current"": 6.3338e-05, ""Dwell Time"": 1e-05, ""Dwell Time cat"": ""high"", ""Chamber Pressure"": 0.010134, ""Working Distance"": 0.0100549999999999}, ""normalized"": {""microscope"": ""VEGA3 XMH"", ""instrument"": ""VEGA3 XMH"", ""detector"": ""BSE"", ""accelerating_voltage_kv"": 20000.0, ""magnification"": 20000.0, ""pixel_size_nm"": 1.3759e-08, ""beam_current_na"": 6.3338e-05, ""dwell_time_us"": 1e-05, ""working_distance_mm"": 10.055, ""chamber_pressure_pa"": 0.010134, ""sample"": ""AsCast"", ""sample_state"": ""Detail"", ""etching_agent"": ""Vilella"", ""imaging_mode"": ""SEM"", ""scale"": ""1.3759e-08 nm/pixel"", ""acquisition_date_if_available"": null}}",,,,
hcci,AsCast,hcci_15,Images\15.png,C:\Users\Pranet\Downloads\Mini Project\data\raw\hcci\Images\15.png,15.png,.png,5802240,0fefaea02a507d0978995c2c34bab4b8cc249a8bb0d97ab4a7b9d45b4879fb60,2860,1922,4,8,uint8,png,RGBA,SEM,,Overview,Overview,sample_AsCast_Overview,AsCast,roi_15,Helios G4 PFIB CXe_BSE_10000.0kV_1000.0x,"{""raw_metadata"": {""File Name"": 15, ""SEM"": ""Helios G4 PFIB CXe"", ""Detector"": ""BSE"", ""Gun"": ""FEG"", ""Voltage"": 10000, ""Magnification"": 1000, ""Etching"": ""Vilella"", ""Sample"": ""AsCast"", ""Kind"": ""Overview"", ""Pixel Size"": 6.74479e-08, ""Beam Current"": 1.6e-09, ""Dwell Time"": 1e-05, ""Dwell Time cat"": ""high"", ""Chamber Pressure"": 0.000401, ""Working Distance"": 0.00670369}, ""normalized"": {""microscope"": ""Helios G4 PFIB CXe"", ""instrument"": ""Helios G4 PFIB CXe"", ""detector"": ""BSE"", ""accelerating_voltage_kv"": 10000.0, ""magnification"": 1000.0, ""pixel_size_nm"": 6.74479e-08, ""beam_current_na"": 1.6e-09, ""dwell_time_us"": 1e-05, ""working_distance_mm"": 6.7037, ""chamber_pressure_pa"": 0.000401, ""sample"": ""AsCast"", ""sample_state"": ""Overview"", ""etching_agent"": ""Vilella"", ""imaging_mode"": ""SEM"", ""scale"": ""6.74479e-08 nm/pixel"", ""acquisition_date_if_available"": null}}",,,,
hcci,AsCast,hcci_150,Images\150.png,C:\Users\Pranet\Downloads\Mini Project\data\raw\hcci\Images\150.png,150.png,.png,5698724,0eb3c9720ded90b143acb3bde5603015c11fb6de64c055c3fb9150dbe1d0e9a6,2697,1810,4,8,uint8,png,RGBA,SEM,,Detail,Detail,sample_AsCast_Detail,AsCast,roi_150,VEGA3 XMH_BSE_20000.0kV_20000.0x,"{""raw_metadata"": {""File Name"": 150, ""SEM"": ""VEGA3 XMH"", ""Detector"": ""BSE"", ""Gun"": ""W"", ""Voltage"": 20000, ""Magnification"": 20000, ""Etching"": ""Vilella"", ""Sample"": ""AsCast"", ""Kind"": ""Detail"", ""Pixel Size"": 1.3759e-08, ""Beam Current"": 6.3338e-05, ""Dwell Time"": 3.2e-07, ""Dwell Time cat"": ""low"", ""Chamber Pressure"": 0.010134, ""Working Distance"": 0.0100549999999999}, ""normalized"": {""microscope"": ""VEGA3 XMH"", ""instrument"": ""VEGA3 XMH"", ""detector"": ""BSE"", ""accelerating_voltage_kv"": 20000.0, ""magnification"": 20000.0, ""pixel_size_nm"": 1.3759e-08, ""beam_current_na"": 6.3338e-05, ""dwell_time_us"": 3.2e-07, ""working_distance_mm"": 10.055, ""chamber_pressure_pa"": 0.010134, ""sample"": ""AsCast"", ""sample_state"": ""Detail"", ""etching_agent"": ""Vilella"", ""imaging_mode"": ""SEM"", ""scale"": ""1.3759e-08 nm/pixel"", ""acquisition_date_if_available"": null}}",,,,
hcci,Q980_0h_WC,hcci_151,Images\151.png,C:\Users\Pranet\Downloads\Mini Project\data\raw\hcci\Images\151.png,151.png,.png,4759493,91b9c1a1b23f2de6d4a90b5a92d61bf602a9cb6703e59c75c5a795d787f7c8d5,2749,1983,4,8,uint8,png,RGBA,SEM,,Overview,Overview,sample_Q980_0h_WC_Overview,Q980_0h_WC,roi_151,VEGA3 XMH_SE_5000.0kV_4000.0x,"{""raw_metadata"": {""File Name"": 151, ""SEM"": ""VEGA3 XMH"", ""Detector"": ""SE"", ""Gun"": ""W"", ""Voltage"": 5000, ""Magnification"": 4000, ""Etching"": ""Vilella"", ""Sample"": ""Q980_0h_WC"", ""Kind"": ""Overview"", ""Pixel Size"": 6.862e-08, ""Beam Current"": 6.7354e-05, ""Dwell Time"": 1e-05, ""Dwell Time cat"": ""high"", ""Chamber Pressure"": 0.010134, ""Working Distance"": 0.00799049999999999}, ""normalized"": {""microscope"": ""VEGA3 XMH"", ""instrument"": ""VEGA3 XMH"", ""detector"": ""SE"", ""accelerating_voltage_kv"": 5000.0, ""magnification"": 4000.0, ""pixel_size_nm"": 6.862e-08, ""beam_current_na"": 6.7354e-05, ""dwell_time_us"": 1e-05, ""working_distance_mm"": 7.9905, ""chamber_pressure_pa"": 0.010134, ""sample"": ""Q980_0h_WC"", ""sample_state"": ""Overview"", ""etching_agent"": ""Vilella"", ""imaging_mode"": ""SEM"", ""scale"": ""6.862e-08 nm/pixel"", ""acquisition_date_if_available"": null}}",,,,
hcci,Q980_0h_WC,hcci_152,Images\152.png,C:\Users\Pranet\Downloads\Mini Project\data\raw\hcci\Images\152.png,152.png,.png,7178352,933c5a13c9f0822b6304246508db44680ca643ed1938c5d636764e554549d0ad,2749,1983,4,8,uint8,png,RGBA,SEM,,Overview,Overview,sample_Q980_0h_WC_Overview,Q980_0h_WC,roi_152,VEGA3 XMH_SE_5000.0kV_4000.0x,"{""raw_metadata"": {""File Name"": 152, ""SEM"": ""VEGA3 XMH"", ""Detector"": ""SE"", ""Gun"": ""W"", ""Voltage"": 5000, ""Magnification"": 4000, ""Etching"": ""Vilella"", ""Sample"": ""Q980_0h_WC"", ""Kind"": ""Overview"", ""Pixel Size"": 6.862e-08, ""Beam Current"": 6.7354e-05, ""Dwell Time"": 3.2e-07, ""Dwell Time cat"": ""low"", ""Chamber Pressure"": 0.010141, ""Working Distance"": 0.00799049999999999}, ""normalized"": {""microscope"": ""VEGA3 XMH"", ""instrument"": ""VEGA3 XMH"", ""detector"": ""SE"", ""accelerating_voltage_kv"": 5000.0, ""magnification"": 4000.0, ""pixel_size_nm"": 6.862e-08, ""beam_current_na"": 6.7354e-05, ""dwell_time_us"": 3.2e-07, ""working_distance_mm"": 7.9905, ""chamber_pressure_pa"": 0.010141, ""sample"": ""Q980_0h_WC"", ""sample_state"": ""Overview"", ""etching_agent"": ""Vilella"", ""imaging_mode"": ""SEM"", ""scale"": ""6.862e-08 nm/pixel"", ""acquisition_date_if_available"": null}}",,,,
hcci,Q980_0h_WC,hcci_153,Images\153.png,C:\Users\Pranet\Downloads\Mini Project\data\raw\hcci\Images\153.png,153.png,.png,5410320,d0790165d3272a42d388fd6b1969364d4df8bd90f15c57950802ed505953f21d,2749,1983,4,8,uint8,png,RGBA,SEM,,Overview,Overview,sample_Q980_0h_WC_Overview,Q980_0h_WC,roi_153,VEGA3 XMH_BSE_5000.0kV_4000.0x,"{""raw_metadata"": {""File Name"": 153, ""SEM"": ""VEGA3 XMH"", ""Detector"": ""BSE"", ""Gun"": ""W"", ""Voltage"": 5000, ""Magnification"": 4000, ""Etching"": ""Vilella"", ""Sample"": ""Q980_0h_WC"", ""Kind"": ""Overview"", ""Pixel Size"": 6.862e-08, ""Beam Current"": 6.7354e-05, ""Dwell Time"": 1e-05, ""Dwell Time cat"": ""high"", ""Chamber Pressure"": 0.010134, ""Working Distance"": 0.00799769999999999}, ""normalized"": {""microscope"": ""VEGA3 XMH"", ""instrument"": ""VEGA3 XMH"", ""detector"": ""BSE"", ""accelerating_voltage_kv"": 5000.0, ""magnification"": 4000.0, ""pixel_size_nm"": 6.862e-08, ""beam_current_na"": 6.7354e-05, ""dwell_time_us"": 1e-05, ""working_distance_mm"": 7.9977, ""chamber_pressure_pa"": 0.010134, ""sample"": ""Q980_0h_WC"", ""sample_state"": ""Overview"", ""etching_agent"": ""Vilella"", ""imaging_mode"": ""SEM"", ""scale"": ""6.862e-08 nm/pixel"", ""acquisition_date_if_available"": null}}",,,,
hcci,Q980_0h_WC,hcci_154,Images\154.png,C:\Users\Pranet\Downloads\Mini Project\data\raw\hcci\Images\154.png,154.png,.png,6656376,9d6a2643c3f5a142f5348ebf1104aca86e8d84626c9a9a9b23b4a501a17d4e71,2749,1983,4,8,uint8,png,RGBA,SEM,,Overview,Overview,sample_Q980_0h_WC_Overview,Q980_0h_WC,roi_154,VEGA3 XMH_BSE_5000.0kV_4000.0x,"{""raw_metadata"": {""File Name"": 154, ""SEM"": ""VEGA3 XMH"", ""Detector"": ""BSE"", ""Gun"": ""W"", ""Voltage"": 5000, ""Magnification"": 4000, ""Etching"": ""Vilella"", ""Sample"": ""Q980_0h_WC"", ""Kind"": ""Overview"", ""Pixel Size"": 6.862e-08, ""Beam Current"": 6.7354e-05, ""Dwell Time"": 3.2e-07, ""Dwell Time cat"": ""low"", ""Chamber Pressure"": 0.010141, ""Working Distance"": 0.00799769999999999}, ""normalized"": {""microscope"": ""VEGA3 XMH"", ""instrument"": ""VEGA3 XMH"", ""detector"": ""BSE"", ""accelerating_voltage_kv"": 5000.0, ""magnification"": 4000.0, ""pixel_size_nm"": 6.862e-08, ""beam_current_na"": 6.7354e-05, ""dwell_time_us"": 3.2e-07, ""working_distance_mm"": 7.9977, ""chamber_pressure_pa"": 0.010141, ""sample"": ""Q980_0h_WC"", ""sample_state"": ""Overview"", ""etching_agent"": ""Vilella"", ""imaging_mode"": ""SEM"", ""scale"": ""6.862e-08 nm/pixel"", ""acquisition_date_if_available"": null}}",,,,
hcci,Q980_0h_WC,hcci_156,Images\156.png,C:\Users\Pranet\Downloads\Mini Project\data\raw\hcci\Images\156.png,156.png,.png,6088436,87f03d4d4e32180671530b73873aadf9a1d19225a38921e99004efa7625fc44b,2651,1896,4,8,uint8,png,RGBA,SEM,,Detail,Detail,sample_Q980_0h_WC_Detail,Q980_0h_WC,roi_156,VEGA3 XMH_SE_5000.0kV_20000.0x,"{""raw_metadata"": {""File Name"": 156, ""SEM"": ""VEGA3 XMH"", ""Detector"": ""SE"", ""Gun"": ""W"", ""Voltage"": 5000, ""Magnification"": 20000, ""Etching"": ""Vilella"", ""Sample"": ""Q980_0h_WC"", ""Kind"": ""Detail"", ""Pixel Size"": 1.3724e-08, ""Beam Current"": 6.7354e-05, ""Dwell Time"": 3.2e-07, ""Dwell Time cat"": ""low"", ""Chamber Pressure"": 0.010141, ""Working Distance"": 0.00799769999999999}, ""normalized"": {""microscope"": ""VEGA3 XMH"", ""instrument"": ""VEGA3 XMH"", ""detector"": ""SE"", ""accelerating_voltage_kv"": 5000.0, ""magnification"": 20000.0, ""pixel_size_nm"": 1.3724e-08, ""beam_current_na"": 6.7354e-05, ""dwell_time_us"": 3.2e-07, ""working_distance_mm"": 7.9977, ""chamber_pressure_pa"": 0.010141, ""sample"": ""Q980_0h_WC"", ""sample_state"": ""Detail"", ""etching_agent"": ""Vilella"", ""imaging_mode"": ""SEM"", ""scale"": ""1.3724e-08 nm/pixel"", ""acquisition_date_if_available"": null}}",,,,
hcci,Q980_0h_WC,hcci_157,Images\157.png,C:\Users\Pranet\Downloads\Mini Project\data\raw\hcci\Images\157.png,157.png,.png,5921018,84ffa348b57dd4612be4d114667dd5182eaab73a8c65492ec1e6b21a1c0d3432,2651,1896,4,8,uint8,png,RGBA,SEM,,Detail,Detail,sample_Q980_0h_WC_Detail,Q980_0h_WC,roi_157,VEGA3 XMH_BSE_5000.0kV_20000.0x,"{""raw_metadata"": {""File Name"": 157, ""SEM"": ""VEGA3 XMH"", ""Detector"": ""BSE"", ""Gun"": ""W"", ""Voltage"": 5000, ""Magnification"": 20000, ""Etching"": ""Vilella"", ""Sample"": ""Q980_0h_WC"", ""Kind"": ""Detail"", ""Pixel Size"": 1.3724e-08, ""Beam Current"": 6.7679e-05, ""Dwell Time"": 1e-05, ""Dwell Time cat"": ""high"", ""Chamber Pressure"": 0.010134, ""Working Distance"": 0.00799769999999999}, ""normalized"": {""microscope"": ""VEGA3 XMH"", ""instrument"": ""VEGA3 XMH"", ""detector"": ""BSE"", ""accelerating_voltage_kv"": 5000.0, ""magnification"": 20000.0, ""pixel_size_nm"": 1.3724e-08, ""beam_current_na"": 6.7679e-05, ""dwell_time_us"": 1e-05, ""working_distance_mm"": 7.9977, ""chamber_pressure_pa"": 0.010134, ""sample"": ""Q980_0h_WC"", ""sample_state"": ""Detail"", ""etching_agent"": ""Vilella"", ""imaging_mode"": ""SEM"", ""scale"": ""1.3724e-08 nm/pixel"", ""acquisition_date_if_available"": null}}",,,,
hcci,Q980_0h_WC,hcci_158,Images\158.png,C:\Users\Pranet\Downloads\Mini Project\data\raw\hcci\Images\158.png,158.png,.png,6212536,48f48b288d5b7540fd4c4e1b22e9992dffd6c1c61da78d0d106372c6038170bb,2651,1896,4,8,uint8,png,RGBA,SEM,,Detail,Detail,sample_Q980_0h_WC_Detail,Q980_0h_WC,roi_158,VEGA3 XMH_BSE_5000.0kV_20000.0x,"{""raw_metadata"": {""File Name"": 158, ""SEM"": ""VEGA3 XMH"", ""Detector"": ""BSE"", ""Gun"": ""W"", ""Voltage"": 5000, ""Magnification"": 20000, ""Etching"": ""Vilella"", ""Sample"": ""Q980_0h_WC"", ""Kind"": ""Detail"", ""Pixel Size"": 1.3724e-08, ""Beam Current"": 6.7679e-05, ""Dwell Time"": 3.2e-07, ""Dwell Time cat"": ""low"", ""Chamber Pressure"": 0.010134, ""Working Distance"": 0.00799769999999999}, ""normalized"": {""microscope"": ""VEGA3 XMH"", ""instrument"": ""VEGA3 XMH"", ""detector"": ""BSE"", ""accelerating_voltage_kv"": 5000.0, ""magnification"": 20000.0, ""pixel_size_nm"": 1.3724e-08, ""beam_current_na"": 6.7679e-05, ""dwell_time_us"": 3.2e-07, ""working_distance_mm"": 7.9977, ""chamber_pressure_pa"": 0.010134, ""sample"": ""Q980_0h_WC"", ""sample_state"": ""Detail"", ""etching_agent"": ""Vilella"", ""imaging_mode"": ""SEM"", ""scale"": ""1.3724e-08 nm/pixel"", ""acquisition_date_if_available"": null}}",,,,
hcci,Q980_0h_WC,hcci_159,Images\159.png,C:\Users\Pranet\Downloads\Mini Project\data\raw\hcci\Images\159.png,159.png,.png,5267460,fb3eed90c5e3389fca3854010a07e131997242f8fdc4024210918a8d12d6e8f8,2749,1983,4,8,uint8,png,RGBA,SEM,,Overview,Overview,sample_Q980_0h_WC_Overview,Q980_0h_WC,roi_159,VEGA3 XMH_SE_10000.0kV_4000.0x,"{""raw_metadata"": {""File Name"": 159, ""SEM"": ""VEGA3 XMH"", ""Detector"": ""SE"", ""Gun"": ""W"", ""Voltage"": 10000, ""Magnification"": 4000, ""Etching"": ""Vilella"", ""Sample"": ""Q980_0h_WC"", ""Kind"": ""Overview"", ""Pixel Size"": 6.862e-08, ""Beam Current"": 6.8959e-05, ""Dwell Time"": 1e-05, ""Dwell Time cat"": ""high"", ""Chamber Pressure"": 0.010134, ""Working Distance"": 0.0079933}, ""normalized"": {""microscope"": ""VEGA3 XMH"", ""instrument"": ""VEGA3 XMH"", ""detector"": ""SE"", ""accelerating_voltage_kv"": 10000.0, ""magnification"": 4000.0, ""pixel_size_nm"": 6.862e-08, ""beam_current_na"": 6.8959e-05, ""dwell_time_us"": 1e-05, ""working_distance_mm"": 7.9933, ""chamber_pressure_pa"": 0.010134, ""sample"": ""Q980_0h_WC"", ""sample_state"": ""Overview"", ""etching_agent"": ""Vilella"", ""imaging_mode"": ""SEM"", ""scale"": ""6.862e-08 nm/pixel"", ""acquisition_date_if_available"": null}}",,,,
hcci,AsCast,hcci_16,Images\16.png,C:\Users\Pranet\Downloads\Mini Project\data\raw\hcci\Images\16.png,16.png,.png,7060435,647f2a9bfe61cd61fdb245502181535c79ee1cbc6831638ba79bc529d5bcc6d8,2860,1922,4,8,uint8,png,RGBA,SEM,,Overview,Overview,sample_AsCast_Overview,AsCast,roi_16,Helios G4 PFIB CXe_BSE_10000.0kV_1000.0x,"{""raw_metadata"": {""File Name"": 16, ""SEM"": ""Helios G4 PFIB CXe"", ""Detector"": ""BSE"", ""Gun"": ""FEG"", ""Voltage"": 10000, ""Magnification"": 1000, ""Etching"": ""Vilella"", ""Sample"": ""AsCast"", ""Kind"": ""Overview"", ""Pixel Size"": 6.74479e-08, ""Beam Current"": 1.6e-09, ""Dwell Time"": 5e-07, ""Dwell Time cat"": ""low"", ""Chamber Pressure"": 0.000396, ""Working Distance"": 0.00670369}, ""normalized"": {""microscope"": ""Helios G4 PFIB CXe"", ""instrument"": ""Helios G4 PFIB CXe"", ""detector"": ""BSE"", ""accelerating_voltage_kv"": 10000.0, ""magnification"": 1000.0, ""pixel_size_nm"": 6.74479e-08, ""beam_current_na"": 1.6e-09, ""dwell_time_us"": 5e-07, ""working_distance_mm"": 6.7037, ""chamber_pressure_pa"": 0.000396, ""sample"": ""AsCast"", ""sample_state"": ""Overview"", ""etching_agent"": ""Vilella"", ""imaging_mode"": ""SEM"", ""scale"": ""6.74479e-08 nm/pixel"", ""acquisition_date_if_available"": null}}",,,,
hcci,Q980_0h_WC,hcci_160,Images\160.png,C:\Users\Pranet\Downloads\Mini Project\data\raw\hcci\Images\160.png,160.png,.png,6564847,1c0e2c2f678bc9203cce7cfe60864532ae8d1b752da4e47972a77df82f9d693b,2749,1983,4,8,uint8,png,RGBA,SEM,,Overview,Overview,sample_Q980_0h_WC_Overview,Q980_0h_WC,roi_160,VEGA3 XMH_SE_10000.0kV_4000.0x,"{""raw_metadata"": {""File Name"": 160, ""SEM"": ""VEGA3 XMH"", ""Detector"": ""SE"", ""Gun"": ""W"", ""Voltage"": 10000, ""Magnification"": 4000, ""Etching"": ""Vilella"", ""Sample"": ""Q980_0h_WC"", ""Kind"": ""Overview"", ""Pixel Size"": 6.862e-08, ""Beam Current"": 6.961e-05, ""Dwell Time"": 3.2e-07, ""Dwell Time cat"": ""low"", ""Chamber Pressure"": 0.010134, ""Working Distance"": 0.0079933}, ""normalized"": {""microscope"": ""VEGA3 XMH"", ""instrument"": ""VEGA3 XMH"", ""detector"": ""SE"", ""accelerating_voltage_kv"": 10000.0, ""magnification"": 4000.0, ""pixel_size_nm"": 6.862e-08, ""beam_current_na"": 6.961e-05, ""dwell_time_us"": 3.2e-07, ""working_distance_mm"": 7.9933, ""chamber_pressure_pa"": 0.010134, ""sample"": ""Q980_0h_WC"", ""sample_state"": ""Overview"", ""etching_agent"": ""Vilella"", ""imaging_mode"": ""SEM"", ""scale"": ""6.862e-08 nm/pixel"", ""acquisition_date_if_available"": null}}",,,,
hcci,Q980_0h_WC,hcci_161,Images\161.png,C:\Users\Pranet\Downloads\Mini Project\data\raw\hcci\Images\161.png,161.png,.png,5904336,e921dcdf6555c1a6b10b83561f83a31e6e179a4d3b2fe8d61405fb38c4162a6a,2749,1983,4,8,uint8,png,RGBA,SEM,,Overview,Overview,sample_Q980_0h_WC_Overview,Q980_0h_WC,roi_161,VEGA3 XMH_BSE_10000.0kV_4000.0x,"{""raw_metadata"": {""File Name"": 161, ""SEM"": ""VEGA3 XMH"", ""Detector"": ""BSE"", ""Gun"": ""W"", ""Voltage"": 10000, ""Magnification"": 4000, ""Etching"": ""Vilella"", ""Sample"": ""Q980_0h_WC"", ""Kind"": ""Overview"", ""Pixel Size"": 6.862e-08, ""Beam Current"": 6.9284e-05, ""Dwell Time"": 1e-05, ""Dwell Time cat"": ""high"", ""Chamber Pressure"": 0.010134, ""Working Distance"": 0.0079933}, ""normalized"": {""microscope"": ""VEGA3 XMH"", ""instrument"": ""VEGA3 XMH"", ""detector"": ""BSE"", ""accelerating_voltage_kv"": 10000.0, ""magnification"": 4000.0, ""pixel_size_nm"": 6.862e-08, ""beam_current_na"": 6.9284e-05, ""dwell_time_us"": 1e-05, ""working_distance_mm"": 7.9933, ""chamber_pressure_pa"": 0.010134, ""sample"": ""Q980_0h_WC"", ""sample_state"": ""Overview"", ""etching_agent"": ""Vilella"", ""imaging_mode"": ""SEM"", ""scale"": ""6.862e-08 nm/pixel"", ""acquisition_date_if_available"": null}}",,,,
hcci,Q980_0h_WC,hcci_162,Images\162.png,C:\Users\Pranet\Downloads\Mini Project\data\raw\hcci\Images\162.png,162.png,.png,6555666,7523cf407f134baf0564e271101cbf125c442f31ddcf8819ec3b052c90a7dddf,2749,1983,4,8,uint8,png,RGBA,SEM,,Overview,Overview,sample_Q980_0h_WC_Overview,Q980_0h_WC,roi_162,VEGA3 XMH_BSE_10000.0kV_4000.0x,"{""raw_metadata"": {""File Name"": 162, ""SEM"": ""VEGA3 XMH"", ""Detector"": ""BSE"", ""Gun"": ""W"", ""Voltage"": 10000, ""Magnification"": 4000, ""Etching"": ""Vilella"", ""Sample"": ""Q980_0h_WC"", ""Kind"": ""Overview"", ""Pixel Size"": 6.862e-08, ""Beam Current"": 6.9284e-05, ""Dwell Time"": 3.2e-07, ""Dwell Time cat"": ""low"", ""Chamber Pressure"": 0.010134, ""Working Distance"": 0.0079933}, ""normalized"": {""microscope"": ""VEGA3 XMH"", ""instrument"": ""VEGA3 XMH"", ""detector"": ""BSE"", ""accelerating_voltage_kv"": 10000.0, ""magnification"": 4000.0, ""pixel_size_nm"": 6.862e-08, ""beam_current_na"": 6.9284e-05, ""dwell_time_us"": 3.2e-07, ""working_distance_mm"": 7.9933, ""chamber_pressure_pa"": 0.010134, ""sample"": ""Q980_0h_WC"", ""sample_state"": ""Overview"", ""etching_agent"": ""Vilella"", ""imaging_mode"": ""SEM"", ""scale"": ""6.862e-08 nm/pixel"", ""acquisition_date_if_available"": null}}",,,,
hcci,Q980_0h_WC,hcci_163,Images\163.png,C:\Users\Pranet\Downloads\Mini Project\data\raw\hcci\Images\163.png,163.png,.png,4677528,55d219af1292f2643389638cccb92f9757896a427e1eb634f7abc7203372590b,2651,1896,4,8,uint8,png,RGBA,SEM,,Detail,Detail,sample_Q980_0h_WC_Detail,Q980_0h_WC,roi_163,VEGA3 XMH_SE_10000.0kV_20000.0x,"{""raw_metadata"": {""File Name"": 163, ""SEM"": ""VEGA3 XMH"", ""Detector"": ""SE"", ""Gun"": ""W"", ""Voltage"": 10000, ""Magnification"": 20000, ""Etching"": ""Vilella"", ""Sample"": ""Q980_0h_WC"", ""Kind"": ""Detail"", ""Pixel Size"": 1.3724e-08, ""Beam Current"": 6.9284e-05, ""Dwell Time"": 1e-05, ""Dwell Time cat"": ""high"", ""Chamber Pressure"": 0.0100769999999999, ""Working Distance"": 0.0079933}, ""normalized"": {""microscope"": ""VEGA3 XMH"", ""instrument"": ""VEGA3 XMH"", ""detector"": ""SE"", ""accelerating_voltage_kv"": 10000.0, ""magnification"": 20000.0, ""pixel_size_nm"": 1.3724e-08, ""beam_current_na"": 6.9284e-05, ""dwell_time_us"": 1e-05, ""working_distance_mm"": 7.9933, ""chamber_pressure_pa"": 0.0100769999999999, ""sample"": ""Q980_0h_WC"", ""sample_state"": ""Detail"", ""etching_agent"": ""Vilella"", ""imaging_mode"": ""SEM"", ""scale"": ""1.3724e-08 nm/pixel"", ""acquisition_date_if_available"": null}}",,,,
hcci,Q980_0h_WC,hcci_164,Images\164.png,C:\Users\Pranet\Downloads\Mini Project\data\raw\hcci\Images\164.png,164.png,.png,6789997,fb2cec28aa44f09a031213c09cf32c72a741018138179287435f8f157557897b,2651,1896,4,8,uint8,png,RGBA,SEM,,Detail,Detail,sample_Q980_0h_WC_Detail,Q980_0h_WC,roi_164,VEGA3 XMH_SE_10000.0kV_20000.0x,"{""raw_metadata"": {""File Name"": 164, ""SEM"": ""VEGA3 XMH"", ""Detector"": ""SE"", ""Gun"": ""W"", ""Voltage"": 10000, ""Magnification"": 20000, ""Etching"": ""Vilella"", ""Sample"": ""Q980_0h_WC"", ""Kind"": ""Detail"", ""Pixel Size"": 1.3724e-08, ""Beam Current"": 6.9284e-05, ""Dwell Time"": 3.2e-07, ""Dwell Time cat"": ""low"", ""Chamber Pressure"": 0.010134, ""Working Distance"": 0.0079933}, ""normalized"": {""microscope"": ""VEGA3 XMH"", ""instrument"": ""VEGA3 XMH"", ""detector"": ""SE"", ""accelerating_voltage_kv"": 10000.0, ""magnification"": 20000.0, ""pixel_size_nm"": 1.3724e-08, ""beam_current_na"": 6.9284e-05, ""dwell_time_us"": 3.2e-07, ""working_distance_mm"": 7.9933, ""chamber_pressure_pa"": 0.010134, ""sample"": ""Q980_0h_WC"", ""sample_state"": ""Detail"", ""etching_agent"": ""Vilella"", ""imaging_mode"": ""SEM"", ""scale"": ""1.3724e-08 nm/pixel"", ""acquisition_date_if_available"": null}}",,,,
hcci,Q980_0h_WC,hcci_165,Images\165.png,C:\Users\Pranet\Downloads\Mini Project\data\raw\hcci\Images\165.png,165.png,.png,5251739,25af86a009f47f8196048f254cd40a56bd4fa0f4cad49440ee0ba49b32d4a0a7,2651,1896,4,8,uint8,png,RGBA,SEM,,Detail,Detail,sample_Q980_0h_WC_Detail,Q980_0h_WC,roi_165,VEGA3 XMH_BSE_10000.0kV_20000.0x,"{""raw_metadata"": {""File Name"": 165, ""SEM"": ""VEGA3 XMH"", ""Detector"": ""BSE"", ""Gun"": ""W"", ""Voltage"": 10000, ""Magnification"": 20000, ""Etching"": ""Vilella"", ""Sample"": ""Q980_0h_WC"", ""Kind"": ""Detail"", ""Pixel Size"": 1.4043e-08, ""Beam Current"": 6.9284e-05, ""Dwell Time"": 1e-05, ""Dwell Time cat"": ""high"", ""Chamber Pressure"": 0.010134, ""Working Distance"": 0.0079933}, ""normalized"": {""microscope"": ""VEGA3 XMH"", ""instrument"": ""VEGA3 XMH"", ""detector"": ""BSE"", ""accelerating_voltage_kv"": 10000.0, ""magnification"": 20000.0, ""pixel_size_nm"": 1.4043e-08, ""beam_current_na"": 6.9284e-05, ""dwell_time_us"": 1e-05, ""working_distance_mm"": 7.9933, ""chamber_pressure_pa"": 0.010134, ""sample"": ""Q980_0h_WC"", ""sample_state"": ""Detail"", ""etching_agent"": ""Vilella"", ""imaging_mode"": ""SEM"", ""scale"": ""1.4043e-08 nm/pixel"", ""acquisition_date_if_available"": null}}",,,,
hcci,Q980_0h_WC,hcci_166,Images\166.png,C:\Users\Pranet\Downloads\Mini Project\data\raw\hcci\Images\166.png,166.png,.png,6756466,c40e5f5809fd5e53183e11b9cabba4ff9fecd13b05d18cfa5aca050fb9094296,2651,1896,4,8,uint8,png,RGBA,SEM,,Detail,Detail,sample_Q980_0h_WC_Detail,Q980_0h_WC,roi_166,VEGA3 XMH_BSE_10000.0kV_20000.0x,"{""raw_metadata"": {""File Name"": 166, ""SEM"": ""VEGA3 XMH"", ""Detector"": ""BSE"", ""Gun"": ""W"", ""Voltage"": 10000, ""Magnification"": 20000, ""Etching"": ""Vilella"", ""Sample"": ""Q980_0h_WC"", ""Kind"": ""Detail"", ""Pixel Size"": 1.4043e-08, ""Beam Current"": 6.9284e-05, ""Dwell Time"": 3.2e-07, ""Dwell Time cat"": ""low"", ""Chamber Pressure"": 0.010141, ""Working Distance"": 0.0079933}, ""normalized"": {""microscope"": ""VEGA3 XMH"", ""instrument"": ""VEGA3 XMH"", ""detector"": ""BSE"", ""accelerating_voltage_kv"": 10000.0, ""magnification"": 20000.0, ""pixel_size_nm"": 1.4043e-08, ""beam_current_na"": 6.9284e-05, ""dwell_time_us"": 3.2e-07, ""working_distance_mm"": 7.9933, ""chamber_pressure_pa"": 0.010141, ""sample"": ""Q980_0h_WC"", ""sample_state"": ""Detail"", ""etching_agent"": ""Vilella"", ""imaging_mode"": ""SEM"", ""scale"": ""1.4043e-08 nm/pixel"", ""acquisition_date_if_available"": null}}",,,,
hcci,Q980_0h_WC,hcci_167,Images\167.png,C:\Users\Pranet\Downloads\Mini Project\data\raw\hcci\Images\167.png,167.png,.png,4887149,4d1c2521d231ea6fc62860fda028c8a33e8a1645cb15960470ba37f1c7c53cf0,2749,1983,4,8,uint8,png,RGBA,SEM,,Overview,Overview,sample_Q980_0h_WC_Overview,Q980_0h_WC,roi_167,VEGA3 XMH_SE_20000.0kV_4000.0x,"{""raw_metadata"": {""File Name"": 167, ""SEM"": ""VEGA3 XMH"", ""Detector"": ""SE"", ""Gun"": ""W"", ""Voltage"": 20000, ""Magnification"": 4000, ""Etching"": ""Vilella"", ""Sample"": ""Q980_0h_WC"", ""Kind"": ""Overview"", ""Pixel Size"": 6.862e-08, ""Beam Current"": 6.6593e-05, ""Dwell Time"": 1e-05, ""Dwell Time cat"": ""high"", ""Chamber Pressure"": 0.010134, ""Working Distance"": 0.0079959}, ""normalized"": {""microscope"": ""VEGA3 XMH"", ""instrument"": ""VEGA3 XMH"", ""detector"": ""SE"", ""accelerating_voltage_kv"": 20000.0, ""magnification"": 4000.0, ""pixel_size_nm"": 6.862e-08, ""beam_current_na"": 6.6593e-05, ""dwell_time_us"": 1e-05, ""working_distance_mm"": 7.9959, ""chamber_pressure_pa"": 0.010134, ""sample"": ""Q980_0h_WC"", ""sample_state"": ""Overview"", ""etching_agent"": ""Vilella"", ""imaging_mode"": ""SEM"", ""scale"": ""6.862e-08 nm/pixel"", ""acquisition_date_if_available"": null}}",,,,
hcci,Q980_0h_WC,hcci_168,Images\168.png,C:\Users\Pranet\Downloads\Mini Project\data\raw\hcci\Images\168.png,168.png,.png,7313337,a2facd343d6a09896250314ecbc862ccde62c5b2454da8c5dfa312f691dc6fea,2749,1983,4,8,uint8,png,RGBA,SEM,,Overview,Overview,sample_Q980_0h_WC_Overview,Q980_0h_WC,roi_168,VEGA3 XMH_SE_20000.0kV_4000.0x,"{""raw_metadata"": {""File Name"": 168, ""SEM"": ""VEGA3 XMH"", ""Detector"": ""SE"", ""Gun"": ""W"", ""Voltage"": 20000, ""Magnification"": 4000, ""Etching"": ""Vilella"", ""Sample"": ""Q980_0h_WC"", ""Kind"": ""Overview"", ""Pixel Size"": 6.862e-08, ""Beam Current"": 6.6593e-05, ""Dwell Time"": 3.2e-07, ""Dwell Time cat"": ""low"", ""Chamber Pressure"": 0.010134, ""Working Distance"": 0.0079959}, ""normalized"": {""microscope"": ""VEGA3 XMH"", ""instrument"": ""VEGA3 XMH"", ""detector"": ""SE"", ""accelerating_voltage_kv"": 20000.0, ""magnification"": 4000.0, ""pixel_size_nm"": 6.862e-08, ""beam_current_na"": 6.6593e-05, ""dwell_time_us"": 3.2e-07, ""working_distance_mm"": 7.9959, ""chamber_pressure_pa"": 0.010134, ""sample"": ""Q980_0h_WC"", ""sample_state"": ""Overview"", ""etching_agent"": ""Vilella"", ""imaging_mode"": ""SEM"", ""scale"": ""6.862e-08 nm/pixel"", ""acquisition_date_if_available"": null}}",,,,
hcci,Q980_0h_WC,hcci_169,Images\169.png,C:\Users\Pranet\Downloads\Mini Project\data\raw\hcci\Images\169.png,169.png,.png,4856261,fc5e5d105d69b84b3ce2028c4cddd268a8c4a3cd96b6815df1385c5f0c0c2fef,2749,1983,4,8,uint8,png,RGBA,SEM,,Overview,Overview,sample_Q980_0h_WC_Overview,Q980_0h_WC,roi_169,VEGA3 XMH_BSE_20000.0kV_4000.0x,"{""raw_metadata"": {""File Name"": 169, ""SEM"": ""VEGA3 XMH"", ""Detector"": ""BSE"", ""Gun"": ""W"", ""Voltage"": 20000, ""Magnification"": 4000, ""Etching"": ""Vilella"", ""Sample"": ""Q980_0h_WC"", ""Kind"": ""Overview"", ""Pixel Size"": 6.862e-08, ""Beam Current"": 6.4315e-05, ""Dwell Time"": 1e-05, ""Dwell Time cat"": ""high"", ""Chamber Pressure"": 0.010141, ""Working Distance"": 0.0079959}, ""normalized"": {""microscope"": ""VEGA3 XMH"", ""instrument"": ""VEGA3 XMH"", ""detector"": ""BSE"", ""accelerating_voltage_kv"": 20000.0, ""magnification"": 4000.0, ""pixel_size_nm"": 6.862e-08, ""beam_current_na"": 6.4315e-05, ""dwell_time_us"": 1e-05, ""working_distance_mm"": 7.9959, ""chamber_pressure_pa"": 0.010141, ""sample"": ""Q980_0h_WC"", ""sample_state"": ""Overview"", ""etching_agent"": ""Vilella"", ""imaging_mode"": ""SEM"", ""scale"": ""6.862e-08 nm/pixel"", ""acquisition_date_if_available"": null}}",,,,
hcci,AsCast,hcci_17,Images\17.png,C:\Users\Pranet\Downloads\Mini Project\data\raw\hcci\Images\17.png,17.png,.png,5423601,8fc64e3793b27dc0999ae5ec39d8b8c8caf4d7030da0c7e95648ef321586ae87,2860,1922,4,8,uint8,png,RGBA,SEM,,Overview,Overview,sample_AsCast_Overview,AsCast,roi_17,Helios G4 PFIB CXe_InLens_10000.0kV_1000.0x,"{""raw_metadata"": {""File Name"": 17, ""SEM"": ""Helios G4 PFIB CXe"", ""Detector"": ""InLens"", ""Gun"": ""FEG"", ""Voltage"": 10000, ""Magnification"": 1000, ""Etching"": ""Vilella"", ""Sample"": ""AsCast"", ""Kind"": ""Overview"", ""Pixel Size"": 6.74479e-08, ""Beam Current"": 1.6e-09, ""Dwell Time"": 1e-05, ""Dwell Time cat"": ""high"", ""Chamber Pressure"": 0.000372, ""Working Distance"": 0.00671023}, ""normalized"": {""microscope"": ""Helios G4 PFIB CXe"", ""instrument"": ""Helios G4 PFIB CXe"", ""detector"": ""InLens"", ""accelerating_voltage_kv"": 10000.0, ""magnification"": 1000.0, ""pixel_size_nm"": 6.74479e-08, ""beam_current_na"": 1.6e-09, ""dwell_time_us"": 1e-05, ""working_distance_mm"": 6.7102, ""chamber_pressure_pa"": 0.000372, ""sample"": ""AsCast"", ""sample_state"": ""Overview"", ""etching_agent"": ""Vilella"", ""imaging_mode"": ""SEM"", ""scale"": ""6.74479e-08 nm/pixel"", ""acquisition_date_if_available"": null}}",,,,
hcci,Q980_0h_WC,hcci_170,Images\170.png,C:\Users\Pranet\Downloads\Mini Project\data\raw\hcci\Images\170.png,170.png,.png,6312514,af6f7e1fe4635830b74b4529a3325d15e94ced8b38c378996aa5854425bfc3df,2749,1983,4,8,uint8,png,RGBA,SEM,,Overview,Overview,sample_Q980_0h_WC_Overview,Q980_0h_WC,roi_170,VEGA3 XMH_BSE_20000.0kV_4000.0x,"{""raw_metadata"": {""File Name"": 170, ""SEM"": ""VEGA3 XMH"", ""Detector"": ""BSE"", ""Gun"": ""W"", ""Voltage"": 20000, ""Magnification"": 4000, ""Etching"": ""Vilella"", ""Sample"": ""Q980_0h_WC"", ""Kind"": ""Overview"", ""Pixel Size"": 6.862e-08, ""Beam Current"": 6.4315e-05, ""Dwell Time"": 3.2e-07, ""Dwell Time cat"": ""low"", ""Chamber Pressure"": 0.010134, ""Working Distance"": 0.0079959}, ""normalized"": {""microscope"": ""VEGA3 XMH"", ""instrument"": ""VEGA3 XMH"", ""detector"": ""BSE"", ""accelerating_voltage_kv"": 20000.0, ""magnification"": 4000.0, ""pixel_size_nm"": 6.862e-08, ""beam_current_na"": 6.4315e-05, ""dwell_time_us"": 3.2e-07, ""working_distance_mm"": 7.9959, ""chamber_pressure_pa"": 0.010134, ""sample"": ""Q980_0h_WC"", ""sample_state"": ""Overview"", ""etching_agent"": ""Vilella"", ""imaging_mode"": ""SEM"", ""scale"": ""6.862e-08 nm/pixel"", ""acquisition_date_if_available"": null}}",,,,
hcci,Q980_9h_AC,hcci_175,Images\175.png,C:\Users\Pranet\Downloads\Mini Project\data\raw\hcci\Images\175.png,175.png,.png,4991882,de0f9331a716751c1a6452ff0ee34ca58f106c0145637aa2517de901fa84d067,2764,2019,4,8,uint8,png,RGBA,SEM,,Overview,Overview,sample_Q980_9h_AC_Overview,Q980_9h_AC,roi_175,VEGA3 XMH_SE_5000.0kV_4000.0x,"{""raw_metadata"": {""File Name"": 175, ""SEM"": ""VEGA3 XMH"", ""Detector"": ""SE"", ""Gun"": ""W"", ""Voltage"": 5000, ""Magnification"": 4000, ""Etching"": ""Vilella"", ""Sample"": ""Q980_9h_AC"", ""Kind"": ""Overview"", ""Pixel Size"": 6.862e-08, ""Beam Current"": 6.8981e-05, ""Dwell Time"": 1e-05, ""Dwell Time cat"": ""high"", ""Chamber Pressure"": 0.011135, ""Working Distance"": 0.00853789999999999}, ""normalized"": {""microscope"": ""VEGA3 XMH"", ""instrument"": ""VEGA3 XMH"", ""detector"": ""SE"", ""accelerating_voltage_kv"": 5000.0, ""magnification"": 4000.0, ""pixel_size_nm"": 6.862e-08, ""beam_current_na"": 6.8981e-05, ""dwell_time_us"": 1e-05, ""working_distance_mm"": 8.5379, ""chamber_pressure_pa"": 0.011135, ""sample"": ""Q980_9h_AC"", ""sample_state"": ""Overview"", ""etching_agent"": ""Vilella"", ""imaging_mode"": ""SEM"", ""scale"": ""6.862e-08 nm/pixel"", ""acquisition_date_if_available"": null}}",,,,
hcci,Q980_9h_AC,hcci_176,Images\176.png,C:\Users\Pranet\Downloads\Mini Project\data\raw\hcci\Images\176.png,176.png,.png,6475740,845046c088a5e834fac916e97ff47d9b606c80736e016ce4a56ed73b3b2e8270,2764,2019,4,8,uint8,png,RGBA,SEM,,Overview,Overview,sample_Q980_9h_AC_Overview,Q980_9h_AC,roi_176,VEGA3 XMH_SE_5000.0kV_4000.0x,"{""raw_metadata"": {""File Name"": 176, ""SEM"": ""VEGA3 XMH"", ""Detector"": ""SE"", ""Gun"": ""W"", ""Voltage"": 5000, ""Magnification"": 4000, ""Etching"": ""Vilella"", ""Sample"": ""Q980_9h_AC"", ""Kind"": ""Overview"", ""Pixel Size"": 6.862e-08, ""Beam Current"": 6.8656e-05, ""Dwell Time"": 3.2e-07, ""Dwell Time cat"": ""low"", ""Chamber Pressure"": 0.0105559999999999, ""Working Distance"": 0.00853789999999999}, ""normalized"": {""microscope"": ""VEGA3 XMH"", ""instrument"": ""VEGA3 XMH"", ""detector"": ""SE"", ""accelerating_voltage_kv"": 5000.0, ""magnification"": 4000.0, ""pixel_size_nm"": 6.862e-08, ""beam_current_na"": 6.8656e-05, ""dwell_time_us"": 3.2e-07, ""working_distance_mm"": 8.5379, ""chamber_pressure_pa"": 0.0105559999999999, ""sample"": ""Q980_9h_AC"", ""sample_state"": ""Overview"", ""etching_agent"": ""Vilella"", ""imaging_mode"": ""SEM"", ""scale"": ""6.862e-08 nm/pixel"", ""acquisition_date_if_available"": null}}",,,,
hcci,Q980_9h_AC,hcci_177,Images\177.png,C:\Users\Pranet\Downloads\Mini Project\data\raw\hcci\Images\177.png,177.png,.png,5957098,181603f77b18c64f96b809305205c473c4b0942848ae95fc00117e3dd0ec139c,2764,2019,4,8,uint8,png,RGBA,SEM,,Overview,Overview,sample_Q980_9h_AC_Overview,Q980_9h_AC,roi_177,VEGA3 XMH_BSE_5000.0kV_4000.0x,"{""raw_metadata"": {""File Name"": 177, ""SEM"": ""VEGA3 XMH"", ""Detector"": ""BSE"", ""Gun"": ""W"", ""Voltage"": 5000, ""Magnification"": 4000, ""Etching"": ""Vilella"", ""Sample"": ""Q980_9h_AC"", ""Kind"": ""Overview"", ""Pixel Size"": 6.862e-08, ""Beam Current"": 6.833e-05, ""Dwell Time"": 1e-05, ""Dwell Time cat"": ""high"", ""Chamber Pressure"": 0.0105559999999999, ""Working Distance"": 0.00853789999999999}, ""normalized"": {""microscope"": ""VEGA3 XMH"", ""instrument"": ""VEGA3 XMH"", ""detector"": ""BSE"", ""accelerating_voltage_kv"": 5000.0, ""magnification"": 4000.0, ""pixel_size_nm"": 6.862e-08, ""beam_current_na"": 6.833e-05, ""dwell_time_us"": 1e-05, ""working_distance_mm"": 8.5379, ""chamber_pressure_pa"": 0.0105559999999999, ""sample"": ""Q980_9h_AC"", ""sample_state"": ""Overview"", ""etching_agent"": ""Vilella"", ""imaging_mode"": ""SEM"", ""scale"": ""6.862e-08 nm/pixel"", ""acquisition_date_if_available"": null}}",,,,
hcci,Q980_9h_AC,hcci_178,Images\178.png,C:\Users\Pranet\Downloads\Mini Project\data\raw\hcci\Images\178.png,178.png,.png,7486793,dcace7b39ada9d8ed02a16c6a6e407d3c566eebf3e320e4ea01f2a9eaaebd344,2764,2019,4,8,uint8,png,RGBA,SEM,,Overview,Overview,sample_Q980_9h_AC_Overview,Q980_9h_AC,roi_178,VEGA3 XMH_BSE_5000.0kV_4000.0x,"{""raw_metadata"": {""File Name"": 178, ""SEM"": ""VEGA3 XMH"", ""Detector"": ""BSE"", ""Gun"": ""W"", ""Voltage"": 5000, ""Magnification"": 4000, ""Etching"": ""Vilella"", ""Sample"": ""Q980_9h_AC"", ""Kind"": ""Overview"", ""Pixel Size"": 6.862e-08, ""Beam Current"": 6.833e-05, ""Dwell Time"": 3.2e-07, ""Dwell Time cat"": ""low"", ""Chamber Pressure"": 0.010541, ""Working Distance"": 0.00853789999999999}, ""normalized"": {""microscope"": ""VEGA3 XMH"", ""instrument"": ""VEGA3 XMH"", ""detector"": ""BSE"", ""accelerating_voltage_kv"": 5000.0, ""magnification"": 4000.0, ""pixel_size_nm"": 6.862e-08, ""beam_current_na"": 6.833e-05, ""dwell_time_us"": 3.2e-07, ""working_distance_mm"": 8.5379, ""chamber_pressure_pa"": 0.010541, ""sample"": ""Q980_9h_AC"", ""sample_state"": ""Overview"", ""etching_agent"": ""Vilella"", ""imaging_mode"": ""SEM"", ""scale"": ""6.862e-08 nm/pixel"", ""acquisition_date_if_available"": null}}",,,,
hcci,Q980_9h_AC,hcci_179,Images\179.png,C:\Users\Pranet\Downloads\Mini Project\data\raw\hcci\Images\179.png,179.png,.png,4841803,e7a96b24dde2fd076bc47326231400fe1648d7021ccf5d32db0961fec760e82c,2329,1963,4,8,uint8,png,RGBA,SEM,,Detail,Detail,sample_Q980_9h_AC_Detail,Q980_9h_AC,roi_179,VEGA3 XMH_SE_5000.0kV_20000.0x,"{""raw_metadata"": {""File Name"": 179, ""SEM"": ""VEGA3 XMH"", ""Detector"": ""SE"", ""Gun"": ""W"", ""Voltage"": 5000, ""Magnification"": 20000, ""Etching"": ""Vilella"", ""Sample"": ""Q980_9h_AC"", ""Kind"": ""Detail"", ""Pixel Size"": 1.3729e-08, ""Beam Current"": 6.8005e-05, ""Dwell Time"": 1e-05, ""Dwell Time cat"": ""high"", ""Chamber Pressure"": 0.010127, ""Working Distance"": 0.0085439}, ""normalized"": {""microscope"": ""VEGA3 XMH"", ""instrument"": ""VEGA3 XMH"", ""detector"": ""SE"", ""accelerating_voltage_kv"": 5000.0, ""magnification"": 20000.0, ""pixel_size_nm"": 1.3729e-08, ""beam_current_na"": 6.8005e-05, ""dwell_time_us"": 1e-05, ""working_distance_mm"": 8.5439, ""chamber_pressure_pa"": 0.010127, ""sample"": ""Q980_9h_AC"", ""sample_state"": ""Detail"", ""etching_agent"": ""Vilella"", ""imaging_mode"": ""SEM"", ""scale"": ""1.3729e-08 nm/pixel"", ""acquisition_date_if_available"": null}}",,,,
hcci,AsCast,hcci_18,Images\18.png,C:\Users\Pranet\Downloads\Mini Project\data\raw\hcci\Images\18.png,18.png,.png,6328020,9625dca9dc06e65d2abcf2ffe4a701910f220cbecc916325e02c1b00c7222708,2860,1922,4,8,uint8,png,RGBA,SEM,,Overview,Overview,sample_AsCast_Overview,AsCast,roi_18,Helios G4 PFIB CXe_InLens_10000.0kV_1000.0x,"{""raw_metadata"": {""File Name"": 18, ""SEM"": ""Helios G4 PFIB CXe"", ""Detector"": ""InLens"", ""Gun"": ""FEG"", ""Voltage"": 10000, ""Magnification"": 1000, ""Etching"": ""Vilella"", ""Sample"": ""AsCast"", ""Kind"": ""Overview"", ""Pixel Size"": 6.74479e-08, ""Beam Current"": 1.6e-09, ""Dwell Time"": 5e-07, ""Dwell Time cat"": ""low"", ""Chamber Pressure"": 0.000373, ""Working Distance"": 0.00671023}, ""normalized"": {""microscope"": ""Helios G4 PFIB CXe"", ""instrument"": ""Helios G4 PFIB CXe"", ""detector"": ""InLens"", ""accelerating_voltage_kv"": 10000.0, ""magnification"": 1000.0, ""pixel_size_nm"": 6.74479e-08, ""beam_current_na"": 1.6e-09, ""dwell_time_us"": 5e-07, ""working_distance_mm"": 6.7102, ""chamber_pressure_pa"": 0.000373, ""sample"": ""AsCast"", ""sample_state"": ""Overview"", ""etching_agent"": ""Vilella"", ""imaging_mode"": ""SEM"", ""scale"": ""6.74479e-08 nm/pixel"", ""acquisition_date_if_available"": null}}",,,,
hcci,Q980_9h_AC,hcci_180,Images\180.png,C:\Users\Pranet\Downloads\Mini Project\data\raw\hcci\Images\180.png,180.png,.png,6176424,9fd9d46c0e88d86740254c0e78c246793d795758fefe5f4f505fe27d0b0f9806,2329,1963,4,8,uint8,png,RGBA,SEM,,Detail,Detail,sample_Q980_9h_AC_Detail,Q980_9h_AC,roi_180,VEGA3 XMH_SE_5000.0kV_20000.0x,"{""raw_metadata"": {""File Name"": 180, ""SEM"": ""VEGA3 XMH"", ""Detector"": ""SE"", ""Gun"": ""W"", ""Voltage"": 5000, ""Magnification"": 20000, ""Etching"": ""Vilella"", ""Sample"": ""Q980_9h_AC"", ""Kind"": ""Detail"", ""Pixel Size"": 1.3729e-08, ""Beam Current"": 6.8005e-05, ""Dwell Time"": 3.2e-07, ""Dwell Time cat"": ""low"", ""Chamber Pressure"": 0.01012, ""Working Distance"": 0.0085439}, ""normalized"": {""microscope"": ""VEGA3 XMH"", ""instrument"": ""VEGA3 XMH"", ""detector"": ""SE"", ""accelerating_voltage_kv"": 5000.0, ""magnification"": 20000.0, ""pixel_size_nm"": 1.3729e-08, ""beam_current_na"": 6.8005e-05, ""dwell_time_us"": 3.2e-07, ""working_distance_mm"": 8.5439, ""chamber_pressure_pa"": 0.01012, ""sample"": ""Q980_9h_AC"", ""sample_state"": ""Detail"", ""etching_agent"": ""Vilella"", ""imaging_mode"": ""SEM"", ""scale"": ""1.3729e-08 nm/pixel"", ""acquisition_date_if_available"": null}}",,,,
hcci,Q980_9h_AC,hcci_183,Images\183.png,C:\Users\Pranet\Downloads\Mini Project\data\raw\hcci\Images\183.png,183.png,.png,5427290,b547ddad1f0f96af3b960120cf809f56ea4a30a093d51f642c1e01681c1bc5fd,2764,2019,4,8,uint8,png,RGBA,SEM,,Overview,Overview,sample_Q980_9h_AC_Overview,Q980_9h_AC,roi_183,VEGA3 XMH_SE_10000.0kV_4000.0x,"{""raw_metadata"": {""File Name"": 183, ""SEM"": ""VEGA3 XMH"", ""Detector"": ""SE"", ""Gun"": ""W"", ""Voltage"": 10000, ""Magnification"": 4000, ""Etching"": ""Vilella"", ""Sample"": ""Q980_9h_AC"", ""Kind"": ""Overview"", ""Pixel Size"": 6.862e-08, ""Beam Current"": 6.8308e-05, ""Dwell Time"": 1e-05, ""Dwell Time cat"": ""high"", ""Chamber Pressure"": 0.01012, ""Working Distance"": 0.00852209999999999}, ""normalized"": {""microscope"": ""VEGA3 XMH"", ""instrument"": ""VEGA3 XMH"", ""detector"": ""SE"", ""accelerating_voltage_kv"": 10000.0, ""magnification"": 4000.0, ""pixel_size_nm"": 6.862e-08, ""beam_current_na"": 6.8308e-05, ""dwell_time_us"": 1e-05, ""working_distance_mm"": 8.5221, ""chamber_pressure_pa"": 0.01012, ""sample"": ""Q980_9h_AC"", ""sample_state"": ""Overview"", ""etching_agent"": ""Vilella"", ""imaging_mode"": ""SEM"", ""scale"": ""6.862e-08 nm/pixel"", ""acquisition_date_if_available"": null}}",,,,
hcci,Q980_9h_AC,hcci_184,Images\184.png,C:\Users\Pranet\Downloads\Mini Project\data\raw\hcci\Images\184.png,184.png,.png,6835881,2434339fc767f04410caf4ebb97d49f1eeb7647f43b17157687b42662cbef328,2764,2019,4,8,uint8,png,RGBA,SEM,,Overview,Overview,sample_Q980_9h_AC_Overview,Q980_9h_AC,roi_184,VEGA3 XMH_SE_10000.0kV_4000.0x,"{""raw_metadata"": {""File Name"": 184, ""SEM"": ""VEGA3 XMH"", ""Detector"": ""SE"", ""Gun"": ""W"", ""Voltage"": 10000, ""Magnification"": 4000, ""Etching"": ""Vilella"", ""Sample"": ""Q980_9h_AC"", ""Kind"": ""Overview"", ""Pixel Size"": 6.862e-08, ""Beam Current"": 6.8308e-05, ""Dwell Time"": 3.2e-07, ""Dwell Time cat"": ""low"", ""Chamber Pressure"": 0.010127, ""Working Distance"": 0.00852209999999999}, ""normalized"": {""microscope"": ""VEGA3 XMH"", ""instrument"": ""VEGA3 XMH"", ""detector"": ""SE"", ""accelerating_voltage_kv"": 10000.0, ""magnification"": 4000.0, ""pixel_size_nm"": 6.862e-08, ""beam_current_na"": 6.8308e-05, ""dwell_time_us"": 3.2e-07, ""working_distance_mm"": 8.5221, ""chamber_pressure_pa"": 0.010127, ""sample"": ""Q980_9h_AC"", ""sample_state"": ""Overview"", ""etching_agent"": ""Vilella"", ""imaging_mode"": ""SEM"", ""scale"": ""6.862e-08 nm/pixel"", ""acquisition_date_if_available"": null}}",,,,
hcci,Q980_9h_AC,hcci_185,Images\185.png,C:\Users\Pranet\Downloads\Mini Project\data\raw\hcci\Images\185.png,185.png,.png,6302907,3a078d63b57fe73a42db3e81536dd6b7bcb98d39e56ff617e3c2dd38e5f16a14,2764,2019,4,8,uint8,png,RGBA,SEM,,Overview,Overview,sample_Q980_9h_AC_Overview,Q980_9h_AC,roi_185,VEGA3 XMH_BSE_10000.0kV_4000.0x,"{""raw_metadata"": {""File Name"": 185, ""SEM"": ""VEGA3 XMH"", ""Detector"": ""BSE"", ""Gun"": ""W"", ""Voltage"": 10000, ""Magnification"": 4000, ""Etching"": ""Vilella"", ""Sample"": ""Q980_9h_AC"", ""Kind"": ""Overview"", ""Pixel Size"": 6.862e-08, ""Beam Current"": 6.8308e-05, ""Dwell Time"": 1e-05, ""Dwell Time cat"": ""high"", ""Chamber Pressure"": 0.010127, ""Working Distance"": 0.00852209999999999}, ""normalized"": {""microscope"": ""VEGA3 XMH"", ""instrument"": ""VEGA3 XMH"", ""detector"": ""BSE"", ""accelerating_voltage_kv"": 10000.0, ""magnification"": 4000.0, ""pixel_size_nm"": 6.862e-08, ""beam_current_na"": 6.8308e-05, ""dwell_time_us"": 1e-05, ""working_distance_mm"": 8.5221, ""chamber_pressure_pa"": 0.010127, ""sample"": ""Q980_9h_AC"", ""sample_state"": ""Overview"", ""etching_agent"": ""Vilella"", ""imaging_mode"": ""SEM"", ""scale"": ""6.862e-08 nm/pixel"", ""acquisition_date_if_available"": null}}",,,,
hcci,Q980_9h_AC,hcci_186,Images\186.png,C:\Users\Pranet\Downloads\Mini Project\data\raw\hcci\Images\186.png,186.png,.png,7670672,789991bc0844c834359d87c4521f79df16c861dd3bb8a34927c0efefb0856149,2764,2019,4,8,uint8,png,RGBA,SEM,,Overview,Overview,sample_Q980_9h_AC_Overview,Q980_9h_AC,roi_186,VEGA3 XMH_BSE_10000.0kV_4000.0x,"{""raw_metadata"": {""File Name"": 186, ""SEM"": ""VEGA3 XMH"", ""Detector"": ""BSE"", ""Gun"": ""W"", ""Voltage"": 10000, ""Magnification"": 4000, ""Etching"": ""Vilella"", ""Sample"": ""Q980_9h_AC"", ""Kind"": ""Overview"", ""Pixel Size"": 6.862e-08, ""Beam Current"": 6.8308e-05, ""Dwell Time"": 3.2e-07, ""Dwell Time cat"": ""low"", ""Chamber Pressure"": 0.010127, ""Working Distance"": 0.00852209999999999}, ""normalized"": {""microscope"": ""VEGA3 XMH"", ""instrument"": ""VEGA3 XMH"", ""detector"": ""BSE"", ""accelerating_voltage_kv"": 10000.0, ""magnification"": 4000.0, ""pixel_size_nm"": 6.862e-08, ""beam_current_na"": 6.8308e-05, ""dwell_time_us"": 3.2e-07, ""working_distance_mm"": 8.5221, ""chamber_pressure_pa"": 0.010127, ""sample"": ""Q980_9h_AC"", ""sample_state"": ""Overview"", ""etching_agent"": ""Vilella"", ""imaging_mode"": ""SEM"", ""scale"": ""6.862e-08 nm/pixel"", ""acquisition_date_if_available"": null}}",,,,
hcci,Q980_9h_AC,hcci_187,Images\187.png,C:\Users\Pranet\Downloads\Mini Project\data\raw\hcci\Images\187.png,187.png,.png,5547568,2efe238d63515e662955f022ab27aca5f93e591ed49a9b97f59e8840a27f84ff,2329,1963,4,8,uint8,png,RGBA,SEM,,Detail,Detail,sample_Q980_9h_AC_Detail,Q980_9h_AC,roi_187,VEGA3 XMH_SE_10000.0kV_20000.0x,"{""raw_metadata"": {""File Name"": 187, ""SEM"": ""VEGA3 XMH"", ""Detector"": ""SE"", ""Gun"": ""W"", ""Voltage"": 10000, ""Magnification"": 20000, ""Etching"": ""Vilella"", ""Sample"": ""Q980_9h_AC"", ""Kind"": ""Detail"", ""Pixel Size"": 1.3718e-08, ""Beam Current"": 6.8308e-05, ""Dwell Time"": 1e-05, ""Dwell Time cat"": ""high"", ""Chamber Pressure"": 0.010127, ""Working Distance"": 0.0085228}, ""normalized"": {""microscope"": ""VEGA3 XMH"", ""instrument"": ""VEGA3 XMH"", ""detector"": ""SE"", ""accelerating_voltage_kv"": 10000.0, ""magnification"": 20000.0, ""pixel_size_nm"": 1.3718e-08, ""beam_current_na"": 6.8308e-05, ""dwell_time_us"": 1e-05, ""working_distance_mm"": 8.5228, ""chamber_pressure_pa"": 0.010127, ""sample"": ""Q980_9h_AC"", ""sample_state"": ""Detail"", ""etching_agent"": ""Vilella"", ""imaging_mode"": ""SEM"", ""scale"": ""1.3718e-08 nm/pixel"", ""acquisition_date_if_available"": null}}",,,,
hcci,Q980_9h_AC,hcci_188,Images\188.png,C:\Users\Pranet\Downloads\Mini Project\data\raw\hcci\Images\188.png,188.png,.png,5831902,0a63669303f3f3a05726c5a6e090dfbabe0f3be38d3e7c0e189180d99b8d3774,2329,1963,4,8,uint8,png,RGBA,SEM,,Detail,Detail,sample_Q980_9h_AC_Detail,Q980_9h_AC,roi_188,VEGA3 XMH_SE_10000.0kV_20000.0x,"{""raw_metadata"": {""File Name"": 188, ""SEM"": ""VEGA3 XMH"", ""Detector"": ""SE"", ""Gun"": ""W"", ""Voltage"": 10000, ""Magnification"": 20000, ""Etching"": ""Vilella"", ""Sample"": ""Q980_9h_AC"", ""Kind"": ""Detail"", ""Pixel Size"": 1.3718e-08, ""Beam Current"": 6.8308e-05, ""Dwell Time"": 3.2e-07, ""Dwell Time cat"": ""low"", ""Chamber Pressure"": 0.010127, ""Working Distance"": 0.0085228}, ""normalized"": {""microscope"": ""VEGA3 XMH"", ""instrument"": ""VEGA3 XMH"", ""detector"": ""SE"", ""accelerating_voltage_kv"": 10000.0, ""magnification"": 20000.0, ""pixel_size_nm"": 1.3718e-08, ""beam_current_na"": 6.8308e-05, ""dwell_time_us"": 3.2e-07, ""working_distance_mm"": 8.5228, ""chamber_pressure_pa"": 0.010127, ""sample"": ""Q980_9h_AC"", ""sample_state"": ""Detail"", ""etching_agent"": ""Vilella"", ""imaging_mode"": ""SEM"", ""scale"": ""1.3718e-08 nm/pixel"", ""acquisition_date_if_available"": null}}",,,,
hcci,Q980_9h_AC,hcci_189,Images\189.png,C:\Users\Pranet\Downloads\Mini Project\data\raw\hcci\Images\189.png,189.png,.png,4856007,19c6ddfd2deb5c9017514fd8af18ebda4503979d2d55819d374a99034dcdd885,2329,1963,4,8,uint8,png,RGBA,SEM,,Detail,Detail,sample_Q980_9h_AC_Detail,Q980_9h_AC,roi_189,VEGA3 XMH_BSE_10000.0kV_20000.0x,"{""raw_metadata"": {""File Name"": 189, ""SEM"": ""VEGA3 XMH"", ""Detector"": ""BSE"", ""Gun"": ""W"", ""Voltage"": 10000, ""Magnification"": 20000, ""Etching"": ""Vilella"", ""Sample"": ""Q980_9h_AC"", ""Kind"": ""Detail"", ""Pixel Size"": 1.3724e-08, ""Beam Current"": 6.8308e-05, ""Dwell Time"": 1e-05, ""Dwell Time cat"": ""high"", ""Chamber Pressure"": 0.010134, ""Working Distance"": 0.0085228}, ""normalized"": {""microscope"": ""VEGA3 XMH"", ""instrument"": ""VEGA3 XMH"", ""detector"": ""BSE"", ""accelerating_voltage_kv"": 10000.0, ""magnification"": 20000.0, ""pixel_size_nm"": 1.3724e-08, ""beam_current_na"": 6.8308e-05, ""dwell_time_us"": 1e-05, ""working_distance_mm"": 8.5228, ""chamber_pressure_pa"": 0.010134, ""sample"": ""Q980_9h_AC"", ""sample_state"": ""Detail"", ""etching_agent"": ""Vilella"", ""imaging_mode"": ""SEM"", ""scale"": ""1.3724e-08 nm/pixel"", ""acquisition_date_if_available"": null}}",,,,
hcci,AsCast,hcci_19,Images\19.png,C:\Users\Pranet\Downloads\Mini Project\data\raw\hcci\Images\19.png,19.png,.png,4417644,65f759a7bf01c39bc729b03b9807860374994b74e45be0fe5e30e2c4338ebec1,2697,1810,4,8,uint8,png,RGBA,SEM,,Detail,Detail,sample_AsCast_Detail,AsCast,roi_19,Helios G4 PFIB CXe_SE_10000.0kV_5000.0x,"{""raw_metadata"": {""File Name"": 19, ""SEM"": ""Helios G4 PFIB CXe"", ""Detector"": ""SE"", ""Gun"": ""FEG"", ""Voltage"": 10000, ""Magnification"": 5000, ""Etching"": ""Vilella"", ""Sample"": ""AsCast"", ""Kind"": ""Detail"", ""Pixel Size"": 1.6862e-08, ""Beam Current"": 1.6e-09, ""Dwell Time"": 1e-05, ""Dwell Time cat"": ""high"", ""Chamber Pressure"": 0.000353, ""Working Distance"": 0.00671048}, ""normalized"": {""microscope"": ""Helios G4 PFIB CXe"", ""instrument"": ""Helios G4 PFIB CXe"", ""detector"": ""SE"", ""accelerating_voltage_kv"": 10000.0, ""magnification"": 5000.0, ""pixel_size_nm"": 1.6862e-08, ""beam_current_na"": 1.6e-09, ""dwell_time_us"": 1e-05, ""working_distance_mm"": 6.7105, ""chamber_pressure_pa"": 0.000353, ""sample"": ""AsCast"", ""sample_state"": ""Detail"", ""etching_agent"": ""Vilella"", ""imaging_mode"": ""SEM"", ""scale"": ""1.6862e-08 nm/pixel"", ""acquisition_date_if_available"": null}}",,,,
hcci,Q980_9h_AC,hcci_190,Images\190.png,C:\Users\Pranet\Downloads\Mini Project\data\raw\hcci\Images\190.png,190.png,.png,5725224,6443ae0a7ab0fcf6a299c40975ec573ca59e7a0fb3220086cac37d42cc085c60,2329,1963,4,8,uint8,png,RGBA,SEM,,Detail,Detail,sample_Q980_9h_AC_Detail,Q980_9h_AC,roi_190,VEGA3 XMH_BSE_10000.0kV_20000.0x,"{""raw_metadata"": {""File Name"": 190, ""SEM"": ""VEGA3 XMH"", ""Detector"": ""BSE"", ""Gun"": ""W"", ""Voltage"": 10000, ""Magnification"": 20000, ""Etching"": ""Vilella"", ""Sample"": ""Q980_9h_AC"", ""Kind"": ""Detail"", ""Pixel Size"": 1.3724e-08, ""Beam Current"": 6.8308e-05, ""Dwell Time"": 3.2e-07, ""Dwell Time cat"": ""low"", ""Chamber Pressure"": 0.01012, ""Working Distance"": 0.0085228}, ""normalized"": {""microscope"": ""VEGA3 XMH"", ""instrument"": ""VEGA3 XMH"", ""detector"": ""BSE"", ""accelerating_voltage_kv"": 10000.0, ""magnification"": 20000.0, ""pixel_size_nm"": 1.3724e-08, ""beam_current_na"": 6.8308e-05, ""dwell_time_us"": 3.2e-07, ""working_distance_mm"": 8.5228, ""chamber_pressure_pa"": 0.01012, ""sample"": ""Q980_9h_AC"", ""sample_state"": ""Detail"", ""etching_agent"": ""Vilella"", ""imaging_mode"": ""SEM"", ""scale"": ""1.3724e-08 nm/pixel"", ""acquisition_date_if_available"": null}}",,,,
hcci,Q980_9h_AC,hcci_191,Images\191.png,C:\Users\Pranet\Downloads\Mini Project\data\raw\hcci\Images\191.png,191.png,.png,5586373,054ff7512aa3b904dccb4d2f067abd007da7e3652ef109587721aa7a3a24218f,2764,2019,4,8,uint8,png,RGBA,SEM,,Overview,Overview,sample_Q980_9h_AC_Overview,Q980_9h_AC,roi_191,VEGA3 XMH_SE_20000.0kV_4000.0x,"{""raw_metadata"": {""File Name"": 191, ""SEM"": ""VEGA3 XMH"", ""Detector"": ""SE"", ""Gun"": ""W"", ""Voltage"": 20000, ""Magnification"": 4000, ""Etching"": ""Vilella"", ""Sample"": ""Q980_9h_AC"", ""Kind"": ""Overview"", ""Pixel Size"": 6.862e-08, ""Beam Current"": 6.3664e-05, ""Dwell Time"": 1e-05, ""Dwell Time cat"": ""high"", ""Chamber Pressure"": 0.010127, ""Working Distance"": 0.00851909999999999}, ""normalized"": {""microscope"": ""VEGA3 XMH"", ""instrument"": ""VEGA3 XMH"", ""detector"": ""SE"", ""accelerating_voltage_kv"": 20000.0, ""magnification"": 4000.0, ""pixel_size_nm"": 6.862e-08, ""beam_current_na"": 6.3664e-05, ""dwell_time_us"": 1e-05, ""working_distance_mm"": 8.5191, ""chamber_pressure_pa"": 0.010127, ""sample"": ""Q980_9h_AC"", ""sample_state"": ""Overview"", ""etching_agent"": ""Vilella"", ""imaging_mode"": ""SEM"", ""scale"": ""6.862e-08 nm/pixel"", ""acquisition_date_if_available"": null}}",,,,
hcci,Q980_9h_AC,hcci_192,Images\192.png,C:\Users\Pranet\Downloads\Mini Project\data\raw\hcci\Images\192.png,192.png,.png,7714466,0187347af03e6c40ce66d6195f0e088ae4234e9b7bb43bc69dd82deb25acc526,2764,2019,4,8,uint8,png,RGBA,SEM,,Overview,Overview,sample_Q980_9h_AC_Overview,Q980_9h_AC,roi_192,VEGA3 XMH_SE_20000.0kV_4000.0x,"{""raw_metadata"": {""File Name"": 192, ""SEM"": ""VEGA3 XMH"", ""Detector"": ""SE"", ""Gun"": ""W"", ""Voltage"": 20000, ""Magnification"": 4000, ""Etching"": ""Vilella"", ""Sample"": ""Q980_9h_AC"", ""Kind"": ""Overview"", ""Pixel Size"": 6.862e-08, ""Beam Current"": 6.3338e-05, ""Dwell Time"": 3.2e-07, ""Dwell Time cat"": ""low"", ""Chamber Pressure"": 0.010134, ""Working Distance"": 0.00851909999999999}, ""normalized"": {""microscope"": ""VEGA3 XMH"", ""instrument"": ""VEGA3 XMH"", ""detector"": ""SE"", ""accelerating_voltage_kv"": 20000.0, ""magnification"": 4000.0, ""pixel_size_nm"": 6.862e-08, ""beam_current_na"": 6.3338e-05, ""dwell_time_us"": 3.2e-07, ""working_distance_mm"": 8.5191, ""chamber_pressure_pa"": 0.010134, ""sample"": ""Q980_9h_AC"", ""sample_state"": ""Overview"", ""etching_agent"": ""Vilella"", ""imaging_mode"": ""SEM"", ""scale"": ""6.862e-08 nm/pixel"", ""acquisition_date_if_available"": null}}",,,,
hcci,Q980_9h_AC,hcci_193,Images\193.png,C:\Users\Pranet\Downloads\Mini Project\data\raw\hcci\Images\193.png,193.png,.png,5253810,2b2f30d4fe7716c6ea69ee15592a6a11c504d5a96456e96b7758e03a62177c06,2764,2019,4,8,uint8,png,RGBA,SEM,,Overview,Overview,sample_Q980_9h_AC_Overview,Q980_9h_AC,roi_193,VEGA3 XMH_BSE_20000.0kV_4000.0x,"{""raw_metadata"": {""File Name"": 193, ""SEM"": ""VEGA3 XMH"", ""Detector"": ""BSE"", ""Gun"": ""W"", ""Voltage"": 20000, ""Magnification"": 4000, ""Etching"": ""Vilella"", ""Sample"": ""Q980_9h_AC"", ""Kind"": ""Overview"", ""Pixel Size"": 6.862e-08, ""Beam Current"": 6.3338e-05, ""Dwell Time"": 1e-05, ""Dwell Time cat"": ""high"", ""Chamber Pressure"": 0.01012, ""Working Distance"": 0.0084998}, ""normalized"": {""microscope"": ""VEGA3 XMH"", ""instrument"": ""VEGA3 XMH"", ""detector"": ""BSE"", ""accelerating_voltage_kv"": 20000.0, ""magnification"": 4000.0, ""pixel_size_nm"": 6.862e-08, ""beam_current_na"": 6.3338e-05, ""dwell_time_us"": 1e-05, ""working_distance_mm"": 8.4998, ""chamber_pressure_pa"": 0.01012, ""sample"": ""Q980_9h_AC"", ""sample_state"": ""Overview"", ""etching_agent"": ""Vilella"", ""imaging_mode"": ""SEM"", ""scale"": ""6.862e-08 nm/pixel"", ""acquisition_date_if_available"": null}}",,,,
hcci,Q980_9h_AC,hcci_194,Images\194.png,C:\Users\Pranet\Downloads\Mini Project\data\raw\hcci\Images\194.png,194.png,.png,7081305,f223ab1d0e46940fe83cde6d2d5059cd69ad85efde02ea2010e1349d7ac9b838,2764,2019,4,8,uint8,png,RGBA,SEM,,Overview,Overview,sample_Q980_9h_AC_Overview,Q980_9h_AC,roi_194,VEGA3 XMH_BSE_20000.0kV_4000.0x,"{""raw_metadata"": {""File Name"": 194, ""SEM"": ""VEGA3 XMH"", ""Detector"": ""BSE"", ""Gun"": ""W"", ""Voltage"": 20000, ""Magnification"": 4000, ""Etching"": ""Vilella"", ""Sample"": ""Q980_9h_AC"", ""Kind"": ""Overview"", ""Pixel Size"": 6.862e-08, ""Beam Current"": 6.3664e-05, ""Dwell Time"": 3.2e-07, ""Dwell Time cat"": ""low"", ""Chamber Pressure"": 0.01012, ""Working Distance"": 0.0084998}, ""normalized"": {""microscope"": ""VEGA3 XMH"", ""instrument"": ""VEGA3 XMH"", ""detector"": ""BSE"", ""accelerating_voltage_kv"": 20000.0, ""magnification"": 4000.0, ""pixel_size_nm"": 6.862e-08, ""beam_current_na"": 6.3664e-05, ""dwell_time_us"": 3.2e-07, ""working_distance_mm"": 8.4998, ""chamber_pressure_pa"": 0.01012, ""sample"": ""Q980_9h_AC"", ""sample_state"": ""Overview"", ""etching_agent"": ""Vilella"", ""imaging_mode"": ""SEM"", ""scale"": ""6.862e-08 nm/pixel"", ""acquisition_date_if_available"": null}}",,,,
hcci,Q980_9h_AC,hcci_195,Images\195.png,C:\Users\Pranet\Downloads\Mini Project\data\raw\hcci\Images\195.png,195.png,.png,4889140,f2ceaffdb097ee99ab3347870b3681abc02b062161f832094019ea29d59eba21,2329,1963,4,8,uint8,png,RGBA,SEM,,Detail,Detail,sample_Q980_9h_AC_Detail,Q980_9h_AC,roi_195,VEGA3 XMH_SE_20000.0kV_20000.0x,"{""raw_metadata"": {""File Name"": 195, ""SEM"": ""VEGA3 XMH"", ""Detector"": ""SE"", ""Gun"": ""W"", ""Voltage"": 20000, ""Magnification"": 20000, ""Etching"": ""Vilella"", ""Sample"": ""Q980_9h_AC"", ""Kind"": ""Detail"", ""Pixel Size"": 1.3724e-08, ""Beam Current"": 6.3338e-05, ""Dwell Time"": 1e-05, ""Dwell Time cat"": ""high"", ""Chamber Pressure"": 0.01012, ""Working Distance"": 0.00851909999999999}, ""normalized"": {""microscope"": ""VEGA3 XMH"", ""instrument"": ""VEGA3 XMH"", ""detector"": ""SE"", ""accelerating_voltage_kv"": 20000.0, ""magnification"": 20000.0, ""pixel_size_nm"": 1.3724e-08, ""beam_current_na"": 6.3338e-05, ""dwell_time_us"": 1e-05, ""working_distance_mm"": 8.5191, ""chamber_pressure_pa"": 0.01012, ""sample"": ""Q980_9h_AC"", ""sample_state"": ""Detail"", ""etching_agent"": ""Vilella"", ""imaging_mode"": ""SEM"", ""scale"": ""1.3724e-08 nm/pixel"", ""acquisition_date_if_available"": null}}",,,,
hcci,Q980_9h_AC,hcci_196,Images\196.png,C:\Users\Pranet\Downloads\Mini Project\data\raw\hcci\Images\196.png,196.png,.png,5894886,7f53dae9a95f04cd92de8ac994bf042eb031f73e86f276a25588da56e223d5ed,2329,1963,4,8,uint8,png,RGBA,SEM,,Detail,Detail,sample_Q980_9h_AC_Detail,Q980_9h_AC,roi_196,VEGA3 XMH_SE_20000.0kV_20000.0x,"{""raw_metadata"": {""File Name"": 196, ""SEM"": ""VEGA3 XMH"", ""Detector"": ""SE"", ""Gun"": ""W"", ""Voltage"": 20000, ""Magnification"": 20000, ""Etching"": ""Vilella"", ""Sample"": ""Q980_9h_AC"", ""Kind"": ""Detail"", ""Pixel Size"": 1.3724e-08, ""Beam Current"": 6.3338e-05, ""Dwell Time"": 3.2e-07, ""Dwell Time cat"": ""low"", ""Chamber Pressure"": 0.010127, ""Working Distance"": 0.00851909999999999}, ""normalized"": {""microscope"": ""VEGA3 XMH"", ""instrument"": ""VEGA3 XMH"", ""detector"": ""SE"", ""accelerating_voltage_kv"": 20000.0, ""magnification"": 20000.0, ""pixel_size_nm"": 1.3724e-08, ""beam_current_na"": 6.3338e-05, ""dwell_time_us"": 3.2e-07, ""working_distance_mm"": 8.5191, ""chamber_pressure_pa"": 0.010127, ""sample"": ""Q980_9h_AC"", ""sample_state"": ""Detail"", ""etching_agent"": ""Vilella"", ""imaging_mode"": ""SEM"", ""scale"": ""1.3724e-08 nm/pixel"", ""acquisition_date_if_available"": null}}",,,,
hcci,Q980_9h_AC,hcci_197,Images\197.png,C:\Users\Pranet\Downloads\Mini Project\data\raw\hcci\Images\197.png,197.png,.png,5168112,e5541571d7b88c1d4c8afcd24c0a70bdbc56778bb69e9e08eb9834257f94a0ff,2329,1963,4,8,uint8,png,RGBA,SEM,,Detail,Detail,sample_Q980_9h_AC_Detail,Q980_9h_AC,roi_197,VEGA3 XMH_BSE_20000.0kV_20000.0x,"{""raw_metadata"": {""File Name"": 197, ""SEM"": ""VEGA3 XMH"", ""Detector"": ""BSE"", ""Gun"": ""W"", ""Voltage"": 20000, ""Magnification"": 20000, ""Etching"": ""Vilella"", ""Sample"": ""Q980_9h_AC"", ""Kind"": ""Detail"", ""Pixel Size"": 1.3724e-08, ""Beam Current"": 6.3338e-05, ""Dwell Time"": 1e-05, ""Dwell Time cat"": ""high"", ""Chamber Pressure"": 0.010127, ""Working Distance"": 0.00848679999999999}, ""normalized"": {""microscope"": ""VEGA3 XMH"", ""instrument"": ""VEGA3 XMH"", ""detector"": ""BSE"", ""accelerating_voltage_kv"": 20000.0, ""magnification"": 20000.0, ""pixel_size_nm"": 1.3724e-08, ""beam_current_na"": 6.3338e-05, ""dwell_time_us"": 1e-05, ""working_distance_mm"": 8.4868, ""chamber_pressure_pa"": 0.010127, ""sample"": ""Q980_9h_AC"", ""sample_state"": ""Detail"", ""etching_agent"": ""Vilella"", ""imaging_mode"": ""SEM"", ""scale"": ""1.3724e-08 nm/pixel"", ""acquisition_date_if_available"": null}}",,,,
hcci,Q980_9h_AC,hcci_198,Images\198.png,C:\Users\Pranet\Downloads\Mini Project\data\raw\hcci\Images\198.png,198.png,.png,5905509,eafeadafb0eae397729ed58b52d660774dc20d9c389b3942c271e7790284b35b,2329,1963,4,8,uint8,png,RGBA,SEM,,Detail,Detail,sample_Q980_9h_AC_Detail,Q980_9h_AC,roi_198,VEGA3 XMH_BSE_20000.0kV_20000.0x,"{""raw_metadata"": {""File Name"": 198, ""SEM"": ""VEGA3 XMH"", ""Detector"": ""BSE"", ""Gun"": ""W"", ""Voltage"": 20000, ""Magnification"": 20000, ""Etching"": ""Vilella"", ""Sample"": ""Q980_9h_AC"", ""Kind"": ""Detail"", ""Pixel Size"": 1.3724e-08, ""Beam Current"": 6.3338e-05, ""Dwell Time"": 3.2e-07, ""Dwell Time cat"": ""low"", ""Chamber Pressure"": 0.010127, ""Working Distance"": 0.00848679999999999}, ""normalized"": {""microscope"": ""VEGA3 XMH"", ""instrument"": ""VEGA3 XMH"", ""detector"": ""BSE"", ""accelerating_voltage_kv"": 20000.0, ""magnification"": 20000.0, ""pixel_size_nm"": 1.3724e-08, ""beam_current_na"": 6.3338e-05, ""dwell_time_us"": 3.2e-07, ""working_distance_mm"": 8.4868, ""chamber_pressure_pa"": 0.010127, ""sample"": ""Q980_9h_AC"", ""sample_state"": ""Detail"", ""etching_agent"": ""Vilella"", ""imaging_mode"": ""SEM"", ""scale"": ""1.3724e-08 nm/pixel"", ""acquisition_date_if_available"": null}}",,,,
hcci,AsCast,hcci_2,Images\2.png,C:\Users\Pranet\Downloads\Mini Project\data\raw\hcci\Images\2.png,2.png,.png,6580082,37de33f8ee1ad76aaae7ba450cc6b93e5b5c8bef1959660f5b0a2a31555c3c09,2860,1922,4,8,uint8,png,RGBA,SEM,,Overview,Overview,sample_AsCast_Overview,AsCast,roi_2,Helios G4 PFIB CXe_SE_5000.0kV_1000.0x,"{""raw_metadata"": {""File Name"": 2, ""SEM"": ""Helios G4 PFIB CXe"", ""Detector"": ""SE"", ""Gun"": ""FEG"", ""Voltage"": 5000, ""Magnification"": 1000, ""Etching"": ""Vilella"", ""Sample"": ""AsCast"", ""Kind"": ""Overview"", ""Pixel Size"": 6.74479e-08, ""Beam Current"": 1.6e-09, ""Dwell Time"": 5e-07, ""Dwell Time cat"": ""low"", ""Chamber Pressure"": 0.00128, ""Working Distance"": 0.00483776}, ""normalized"": {""microscope"": ""Helios G4 PFIB CXe"", ""instrument"": ""Helios G4 PFIB CXe"", ""detector"": ""SE"", ""accelerating_voltage_kv"": 5000.0, ""magnification"": 1000.0, ""pixel_size_nm"": 6.74479e-08, ""beam_current_na"": 1.6e-09, ""dwell_time_us"": 5e-07, ""working_distance_mm"": 4.8378, ""chamber_pressure_pa"": 0.00128, ""sample"": ""AsCast"", ""sample_state"": ""Overview"", ""etching_agent"": ""Vilella"", ""imaging_mode"": ""SEM"", ""scale"": ""6.74479e-08 nm/pixel"", ""acquisition_date_if_available"": null}}",,,,
hcci,AsCast,hcci_21,Images\21.png,C:\Users\Pranet\Downloads\Mini Project\data\raw\hcci\Images\21.png,21.png,.png,4352632,087784c3d37e1727641914e8896b4f3e41f7f8d6bb2239871b9f3031cde8b9dd,2697,1810,4,8,uint8,png,RGBA,SEM,,Detail,Detail,sample_AsCast_Detail,AsCast,roi_21,Helios G4 PFIB CXe_BSE_10000.0kV_5000.0x,"{""raw_metadata"": {""File Name"": 21, ""SEM"": ""Helios G4 PFIB CXe"", ""Detector"": ""BSE"", ""Gun"": ""FEG"", ""Voltage"": 10000, ""Magnification"": 5000, ""Etching"": ""Vilella"", ""Sample"": ""AsCast"", ""Kind"": ""Detail"", ""Pixel Size"": 1.34896e-08, ""Beam Current"": 1.6e-09, ""Dwell Time"": 1e-05, ""Dwell Time cat"": ""high"", ""Chamber Pressure"": 0.000349, ""Working Distance"": 0.00670153}, ""normalized"": {""microscope"": ""Helios G4 PFIB CXe"", ""instrument"": ""Helios G4 PFIB CXe"", ""detector"": ""BSE"", ""accelerating_voltage_kv"": 10000.0, ""magnification"": 5000.0, ""pixel_size_nm"": 1.34896e-08, ""beam_current_na"": 1.6e-09, ""dwell_time_us"": 1e-05, ""working_distance_mm"": 6.7015, ""chamber_pressure_pa"": 0.000349, ""sample"": ""AsCast"", ""sample_state"": ""Detail"", ""etching_agent"": ""Vilella"", ""imaging_mode"": ""SEM"", ""scale"": ""1.34896e-08 nm/pixel"", ""acquisition_date_if_available"": null}}",,,,
hcci,AsCast,hcci_219,Images\219.png,C:\Users\Pranet\Downloads\Mini Project\data\raw\hcci\Images\219.png,219.png,.png,5203666,bad6ff425ba7d4354d34f7ce2a9cf7225468fd28b1eeeb7b43e68810d32121d7,2860,1922,4,8,uint8,png,RGBA,SEM,,Overview,Overview,sample_AsCast_Overview,AsCast,roi_219,Helios NanoLab_SE_5000.0kV_600.0x,"{""raw_metadata"": {""File Name"": 219, ""SEM"": ""Helios NanoLab"", ""Detector"": ""SE"", ""Gun"": ""FEG"", ""Voltage"": 5000, ""Magnification"": 600, ""Etching"": ""Vilella"", ""Sample"": ""AsCast"", ""Kind"": ""Overview"", ""Pixel Size"": 1.04167e-07, ""Beam Current"": 1.375e-09, ""Dwell Time"": 1e-05, ""Dwell Time cat"": ""high"", ""Chamber Pressure"": 0.00166749, ""Working Distance"": 0.00600015}, ""normalized"": {""microscope"": ""Helios NanoLab"", ""instrument"": ""Helios NanoLab"", ""detector"": ""SE"", ""accelerating_voltage_kv"": 5000.0, ""magnification"": 600.0, ""pixel_size_nm"": 1.04167e-07, ""beam_current_na"": 1.375e-09, ""dwell_time_us"": 1e-05, ""working_distance_mm"": 6.0002, ""chamber_pressure_pa"": 0.00166749, ""sample"": ""AsCast"", ""sample_state"": ""Overview"", ""etching_agent"": ""Vilella"", ""imaging_mode"": ""SEM"", ""scale"": ""1.04167e-07 nm/pixel"", ""acquisition_date_if_available"": null}}",,,,
hcci,AsCast,hcci_22,Images\22.png,C:\Users\Pranet\Downloads\Mini Project\data\raw\hcci\Images\22.png,22.png,.png,5550141,6c9706e9bd5d8dc364fe05675e5d0f5d75cd9deb24e5be30243f74ffa77424fe,2697,1810,4,8,uint8,png,RGBA,SEM,,Detail,Detail,sample_AsCast_Detail,AsCast,roi_22,Helios G4 PFIB CXe_BSE_10000.0kV_5000.0x,"{""raw_metadata"": {""File Name"": 22, ""SEM"": ""Helios G4 PFIB CXe"", ""Detector"": ""BSE"", ""Gun"": ""FEG"", ""Voltage"": 10000, ""Magnification"": 5000, ""Etching"": ""Vilella"", ""Sample"": ""AsCast"", ""Kind"": ""Detail"", ""Pixel Size"": 1.34896e-08, ""Beam Current"": 1.6e-09, ""Dwell Time"": 5e-07, ""Dwell Time cat"": ""low"", ""Chamber Pressure"": 0.000345, ""Working Distance"": 0.00670153}, ""normalized"": {""microscope"": ""Helios G4 PFIB CXe"", ""instrument"": ""Helios G4 PFIB CXe"", ""detector"": ""BSE"", ""accelerating_voltage_kv"": 10000.0, ""magnification"": 5000.0, ""pixel_size_nm"": 1.34896e-08, ""beam_current_na"": 1.6e-09, ""dwell_time_us"": 5e-07, ""working_distance_mm"": 6.7015, ""chamber_pressure_pa"": 0.000345, ""sample"": ""AsCast"", ""sample_state"": ""Detail"", ""etching_agent"": ""Vilella"", ""imaging_mode"": ""SEM"", ""scale"": ""1.34896e-08 nm/pixel"", ""acquisition_date_if_available"": null}}",,,,
hcci,AsCast,hcci_220,Images\220.png,C:\Users\Pranet\Downloads\Mini Project\data\raw\hcci\Images\220.png,220.png,.png,5995531,c4fdb85440b4c32e8ed33614c901a8421786c8059077bad33e2363a5fcb13e2d,2860,1922,4,8,uint8,png,RGBA,SEM,,Overview,Overview,sample_AsCast_Overview,AsCast,roi_220,Helios NanoLab_SE_5000.0kV_600.0x,"{""raw_metadata"": {""File Name"": 220, ""SEM"": ""Helios NanoLab"", ""Detector"": ""SE"", ""Gun"": ""FEG"", ""Voltage"": 5000, ""Magnification"": 600, ""Etching"": ""Vilella"", ""Sample"": ""AsCast"", ""Kind"": ""Overview"", ""Pixel Size"": 1.04167e-07, ""Beam Current"": 1.375e-09, ""Dwell Time"": 5e-07, ""Dwell Time cat"": ""low"", ""Chamber Pressure"": 0.00101329, ""Working Distance"": 0.00600015}, ""normalized"": {""microscope"": ""Helios NanoLab"", ""instrument"": ""Helios NanoLab"", ""detector"": ""SE"", ""accelerating_voltage_kv"": 5000.0, ""magnification"": 600.0, ""pixel_size_nm"": 1.04167e-07, ""beam_current_na"": 1.375e-09, ""dwell_time_us"": 5e-07, ""working_distance_mm"": 6.0002, ""chamber_pressure_pa"": 0.00101329, ""sample"": ""AsCast"", ""sample_state"": ""Overview"", ""etching_agent"": ""Vilella"", ""imaging_mode"": ""SEM"", ""scale"": ""1.04167e-07 nm/pixel"", ""acquisition_date_if_available"": null}}",,,,
hcci,AsCast,hcci_221,Images\221.png,C:\Users\Pranet\Downloads\Mini Project\data\raw\hcci\Images\221.png,221.png,.png,5131578,9719ed365b298fec631a6409c4296c0ba9c6582d53250d365307f6c8f031b578,2860,1922,4,8,uint8,png,RGBA,SEM,,Overview,Overview,sample_AsCast_Overview,AsCast,roi_221,Helios NanoLab_BSE_5000.0kV_600.0x,"{""raw_metadata"": {""File Name"": 221, ""SEM"": ""Helios NanoLab"", ""Detector"": ""BSE"", ""Gun"": ""FEG"", ""Voltage"": 5000, ""Magnification"": 600, ""Etching"": ""Vilella"", ""Sample"": ""AsCast"", ""Kind"": ""Overview"", ""Pixel Size"": 1.04167e-07, ""Beam Current"": 1.375e-09, ""Dwell Time"": 1e-05, ""Dwell Time cat"": ""high"", ""Chamber Pressure"": 0.000994979, ""Working Distance"": 0.00600015}, ""normalized"": {""microscope"": ""Helios NanoLab"", ""instrument"": ""Helios NanoLab"", ""detector"": ""BSE"", ""accelerating_voltage_kv"": 5000.0, ""magnification"": 600.0, ""pixel_size_nm"": 1.04167e-07, ""beam_current_na"": 1.375e-09, ""dwell_time_us"": 1e-05, ""working_distance_mm"": 6.0002, ""chamber_pressure_pa"": 0.000994979, ""sample"": ""AsCast"", ""sample_state"": ""Overview"", ""etching_agent"": ""Vilella"", ""imaging_mode"": ""SEM"", ""scale"": ""1.04167e-07 nm/pixel"", ""acquisition_date_if_available"": null}}",,,,
hcci,AsCast,hcci_222,Images\222.png,C:\Users\Pranet\Downloads\Mini Project\data\raw\hcci\Images\222.png,222.png,.png,5687033,de90aaf22ea8ae808399a67dc8dc54dcb03483d2f8c98f0250bd27f3fc1da6e2,2860,1922,4,8,uint8,png,RGBA,SEM,,Overview,Overview,sample_AsCast_Overview,AsCast,roi_222,Helios NanoLab_BSE_5000.0kV_600.0x,"{""raw_metadata"": {""File Name"": 222, ""SEM"": ""Helios NanoLab"", ""Detector"": ""BSE"", ""Gun"": ""FEG"", ""Voltage"": 5000, ""Magnification"": 600, ""Etching"": ""Vilella"", ""Sample"": ""AsCast"", ""Kind"": ""Overview"", ""Pixel Size"": 1.04167e-07, ""Beam Current"": 1.375e-09, ""Dwell Time"": 5e-07, ""Dwell Time cat"": ""low"", ""Chamber Pressure"": 0.000947903, ""Working Distance"": 0.00600015}, ""normalized"": {""microscope"": ""Helios NanoLab"", ""instrument"": ""Helios NanoLab"", ""detector"": ""BSE"", ""accelerating_voltage_kv"": 5000.0, ""magnification"": 600.0, ""pixel_size_nm"": 1.04167e-07, ""beam_current_na"": 1.375e-09, ""dwell_time_us"": 5e-07, ""working_distance_mm"": 6.0002, ""chamber_pressure_pa"": 0.000947903, ""sample"": ""AsCast"", ""sample_state"": ""Overview"", ""etching_agent"": ""Vilella"", ""imaging_mode"": ""SEM"", ""scale"": ""1.04167e-07 nm/pixel"", ""acquisition_date_if_available"": null}}",,,,
hcci,AsCast,hcci_223,Images\223.png,C:\Users\Pranet\Downloads\Mini Project\data\raw\hcci\Images\223.png,223.png,.png,5176864,93a33e28a30e69c6161f82661d3179026389a5d0bfc656412746e1a9cdec25bd,2860,1922,4,8,uint8,png,RGBA,SEM,,Overview,Overview,sample_AsCast_Overview,AsCast,roi_223,Helios NanoLab_InLens_5000.0kV_600.0x,"{""raw_metadata"": {""File Name"": 223, ""SEM"": ""Helios NanoLab"", ""Detector"": ""InLens"", ""Gun"": ""FEG"", ""Voltage"": 5000, ""Magnification"": 600, ""Etching"": ""Vilella"", ""Sample"": ""AsCast"", ""Kind"": ""Overview"", ""Pixel Size"": 1.04167e-07, ""Beam Current"": 1.375e-09, ""Dwell Time"": 1e-05, ""Dwell Time cat"": ""high"", ""Chamber Pressure"": 0.000900828, ""Working Distance"": 0.00600015}, ""normalized"": {""microscope"": ""Helios NanoLab"", ""instrument"": ""Helios NanoLab"", ""detector"": ""InLens"", ""accelerating_voltage_kv"": 5000.0, ""magnification"": 600.0, ""pixel_size_nm"": 1.04167e-07, ""beam_current_na"": 1.375e-09, ""dwell_time_us"": 1e-05, ""working_distance_mm"": 6.0002, ""chamber_pressure_pa"": 0.000900828, ""sample"": ""AsCast"", ""sample_state"": ""Overview"", ""etching_agent"": ""Vilella"", ""imaging_mode"": ""SEM"", ""scale"": ""1.04167e-07 nm/pixel"", ""acquisition_date_if_available"": null}}",,,,
hcci,AsCast,hcci_224,Images\224.png,C:\Users\Pranet\Downloads\Mini Project\data\raw\hcci\Images\224.png,224.png,.png,6536349,24a32ef7fc19f8bedf0e2f0019c24eae7b439536c0ef56177f2cf60e02e68673,2860,1922,4,8,uint8,png,RGBA,SEM,,Overview,Overview,sample_AsCast_Overview,AsCast,roi_224,Helios NanoLab_InLens_5000.0kV_600.0x,"{""raw_metadata"": {""File Name"": 224, ""SEM"": ""Helios NanoLab"", ""Detector"": ""InLens"", ""Gun"": ""FEG"", ""Voltage"": 5000, ""Magnification"": 600, ""Etching"": ""Vilella"", ""Sample"": ""AsCast"", ""Kind"": ""Overview"", ""Pixel Size"": 1.04167e-07, ""Beam Current"": 1.375e-09, ""Dwell Time"": 5e-07, ""Dwell Time cat"": ""low"", ""Chamber Pressure"": 0.000900828, ""Working Distance"": 0.00600015}, ""normalized"": {""microscope"": ""Helios NanoLab"", ""instrument"": ""Helios NanoLab"", ""detector"": ""InLens"", ""accelerating_voltage_kv"": 5000.0, ""magnification"": 600.0, ""pixel_size_nm"": 1.04167e-07, ""beam_current_na"": 1.375e-09, ""dwell_time_us"": 5e-07, ""working_distance_mm"": 6.0002, ""chamber_pressure_pa"": 0.000900828, ""sample"": ""AsCast"", ""sample_state"": ""Overview"", ""etching_agent"": ""Vilella"", ""imaging_mode"": ""SEM"", ""scale"": ""1.04167e-07 nm/pixel"", ""acquisition_date_if_available"": null}}",,,,
hcci,AsCast,hcci_225,Images\225.png,C:\Users\Pranet\Downloads\Mini Project\data\raw\hcci\Images\225.png,225.png,.png,4277720,213899fd09a2776e959ecf318ed45001d6cc5df51a2bbe834571404de7153801,2697,1810,4,8,uint8,png,RGBA,SEM,,Detail,Detail,sample_AsCast_Detail,AsCast,roi_225,Helios NanoLab_SE_5000.0kV_3250.0x,"{""raw_metadata"": {""File Name"": 225, ""SEM"": ""Helios NanoLab"", ""Detector"": ""SE"", ""Gun"": ""FEG"", ""Voltage"": 5000, ""Magnification"": 3250, ""Etching"": ""Vilella"", ""Sample"": ""AsCast"", ""Kind"": ""Detail"", ""Pixel Size"": 1.92308e-08, ""Beam Current"": 1.375e-09, ""Dwell Time"": 1e-05, ""Dwell Time cat"": ""high"", ""Chamber Pressure"": 0.000808829, ""Working Distance"": 0.00600015}, ""normalized"": {""microscope"": ""Helios NanoLab"", ""instrument"": ""Helios NanoLab"", ""detector"": ""SE"", ""accelerating_voltage_kv"": 5000.0, ""magnification"": 3250.0, ""pixel_size_nm"": 1.92308e-08, ""beam_current_na"": 1.375e-09, ""dwell_time_us"": 1e-05, ""working_distance_mm"": 6.0002, ""chamber_pressure_pa"": 0.000808829, ""sample"": ""AsCast"", ""sample_state"": ""Detail"", ""etching_agent"": ""Vilella"", ""imaging_mode"": ""SEM"", ""scale"": ""1.92308e-08 nm/pixel"", ""acquisition_date_if_available"": null}}",,,,
hcci,AsCast,hcci_226,Images\226.png,C:\Users\Pranet\Downloads\Mini Project\data\raw\hcci\Images\226.png,226.png,.png,5588106,4f4a7c26e232c33f617402c4775efec72b7c23398917a259c2c95d92d1265899,2697,1810,4,8,uint8,png,RGBA,SEM,,Detail,Detail,sample_AsCast_Detail,AsCast,roi_226,Helios NanoLab_SE_5000.0kV_3250.0x,"{""raw_metadata"": {""File Name"": 226, ""SEM"": ""Helios NanoLab"", ""Detector"": ""SE"", ""Gun"": ""FEG"", ""Voltage"": 5000, ""Magnification"": 3250, ""Etching"": ""Vilella"", ""Sample"": ""AsCast"", ""Kind"": ""Detail"", ""Pixel Size"": 1.92308e-08, ""Beam Current"": 1.375e-09, ""Dwell Time"": 5e-07, ""Dwell Time cat"": ""low"", ""Chamber Pressure"": 0.000808829, ""Working Distance"": 0.00600015}, ""normalized"": {""microscope"": ""Helios NanoLab"", ""instrument"": ""Helios NanoLab"", ""detector"": ""SE"", ""accelerating_voltage_kv"": 5000.0, ""magnification"": 3250.0, ""pixel_size_nm"": 1.92308e-08, ""beam_current_na"": 1.375e-09, ""dwell_time_us"": 5e-07, ""working_distance_mm"": 6.0002, ""chamber_pressure_pa"": 0.000808829, ""sample"": ""AsCast"", ""sample_state"": ""Detail"", ""etching_agent"": ""Vilella"", ""imaging_mode"": ""SEM"", ""scale"": ""1.92308e-08 nm/pixel"", ""acquisition_date_if_available"": null}}",,,,
hcci,AsCast,hcci_227,Images\227.png,C:\Users\Pranet\Downloads\Mini Project\data\raw\hcci\Images\227.png,227.png,.png,4043226,1c8c6e2ff4ae8e6fa13562838885565fef876eb528915267c6819c1613c6c91a,2697,1810,4,8,uint8,png,RGBA,SEM,,Detail,Detail,sample_AsCast_Detail,AsCast,roi_227,Helios NanoLab_BSE_5000.0kV_3250.0x,"{""raw_metadata"": {""File Name"": 227, ""SEM"": ""Helios NanoLab"", ""Detector"": ""BSE"", ""Gun"": ""FEG"", ""Voltage"": 5000, ""Magnification"": 3250, ""Etching"": ""Vilella"", ""Sample"": ""AsCast"", ""Kind"": ""Detail"", ""Pixel Size"": 1.92308e-08, ""Beam Current"": 1.375e-09, ""Dwell Time"": 1e-05, ""Dwell Time cat"": ""high"", ""Chamber Pressure"": 0.000801497, ""Working Distance"": 0.00600015}, ""normalized"": {""microscope"": ""Helios NanoLab"", ""instrument"": ""Helios NanoLab"", ""detector"": ""BSE"", ""accelerating_voltage_kv"": 5000.0, ""magnification"": 3250.0, ""pixel_size_nm"": 1.92308e-08, ""beam_current_na"": 1.375e-09, ""dwell_time_us"": 1e-05, ""working_distance_mm"": 6.0002, ""chamber_pressure_pa"": 0.000801497, ""sample"": ""AsCast"", ""sample_state"": ""Detail"", ""etching_agent"": ""Vilella"", ""imaging_mode"": ""SEM"", ""scale"": ""1.92308e-08 nm/pixel"", ""acquisition_date_if_available"": null}}",,,,
hcci,AsCast,hcci_228,Images\228.png,C:\Users\Pranet\Downloads\Mini Project\data\raw\hcci\Images\228.png,228.png,.png,4950811,4a6de3806c95285613d932fde8947fb8b0e2cd5fd0668c5dee8863286f60fbbd,2697,1810,4,8,uint8,png,RGBA,SEM,,Detail,Detail,sample_AsCast_Detail,AsCast,roi_228,Helios NanoLab_BSE_5000.0kV_3250.0x,"{""raw_metadata"": {""File Name"": 228, ""SEM"": ""Helios NanoLab"", ""Detector"": ""BSE"", ""Gun"": ""FEG"", ""Voltage"": 5000, ""Magnification"": 3250, ""Etching"": ""Vilella"", ""Sample"": ""AsCast"", ""Kind"": ""Detail"", ""Pixel Size"": 1.92308e-08, ""Beam Current"": 1.375e-09, ""Dwell Time"": 5e-07, ""Dwell Time cat"": ""low"", ""Chamber Pressure"": 0.000801497, ""Working Distance"": 0.00600015}, ""normalized"": {""microscope"": ""Helios NanoLab"", ""instrument"": ""Helios NanoLab"", ""detector"": ""BSE"", ""accelerating_voltage_kv"": 5000.0, ""magnification"": 3250.0, ""pixel_size_nm"": 1.92308e-08, ""beam_current_na"": 1.375e-09, ""dwell_time_us"": 5e-07, ""working_distance_mm"": 6.0002, ""chamber_pressure_pa"": 0.000801497, ""sample"": ""AsCast"", ""sample_state"": ""Detail"", ""etching_agent"": ""Vilella"", ""imaging_mode"": ""SEM"", ""scale"": ""1.92308e-08 nm/pixel"", ""acquisition_date_if_available"": null}}",,,,
hcci,AsCast,hcci_229,Images\229.png,C:\Users\Pranet\Downloads\Mini Project\data\raw\hcci\Images\229.png,229.png,.png,4679928,69596cf203c2d37836a8bce0655ac6056e777b5e656157990d9c709ce432c8c0,2697,1810,4,8,uint8,png,RGBA,SEM,,Detail,Detail,sample_AsCast_Detail,AsCast,roi_229,Helios NanoLab_InLens_5000.0kV_3250.0x,"{""raw_metadata"": {""File Name"": 229, ""SEM"": ""Helios NanoLab"", ""Detector"": ""InLens"", ""Gun"": ""FEG"", ""Voltage"": 5000, ""Magnification"": 3250, ""Etching"": ""Vilella"", ""Sample"": ""AsCast"", ""Kind"": ""Detail"", ""Pixel Size"": 1.92308e-08, ""Beam Current"": 1.375e-09, ""Dwell Time"": 1e-05, ""Dwell Time cat"": ""high"", ""Chamber Pressure"": 0.000757509, ""Working Distance"": 0.00600015}, ""normalized"": {""microscope"": ""Helios NanoLab"", ""instrument"": ""Helios NanoLab"", ""detector"": ""InLens"", ""accelerating_voltage_kv"": 5000.0, ""magnification"": 3250.0, ""pixel_size_nm"": 1.92308e-08, ""beam_current_na"": 1.375e-09, ""dwell_time_us"": 1e-05, ""working_distance_mm"": 6.0002, ""chamber_pressure_pa"": 0.000757509, ""sample"": ""AsCast"", ""sample_state"": ""Detail"", ""etching_agent"": ""Vilella"", ""imaging_mode"": ""SEM"", ""scale"": ""1.92308e-08 nm/pixel"", ""acquisition_date_if_available"": null}}",,,,
hcci,AsCast,hcci_23,Images\23.png,C:\Users\Pranet\Downloads\Mini Project\data\raw\hcci\Images\23.png,23.png,.png,4993137,f80be8dd3717ddc97774873916b994aae3bd31ccda859ab57898e5e4f8b4b1f9,2697,1810,4,8,uint8,png,RGBA,SEM,,Detail,Detail,sample_AsCast_Detail,AsCast,roi_23,Helios G4 PFIB CXe_InLens_10000.0kV_5000.0x,"{""raw_metadata"": {""File Name"": 23, ""SEM"": ""Helios G4 PFIB CXe"", ""Detector"": ""InLens"", ""Gun"": ""FEG"", ""Voltage"": 10000, ""Magnification"": 5000, ""Etching"": ""Vilella"", ""Sample"": ""AsCast"", ""Kind"": ""Detail"", ""Pixel Size"": 1.34896e-08, ""Beam Current"": 1.6e-09, ""Dwell Time"": 1e-05, ""Dwell Time cat"": ""high"", ""Chamber Pressure"": 0.000319, ""Working Distance"": 0.00670461}, ""normalized"": {""microscope"": ""Helios G4 PFIB CXe"", ""instrument"": ""Helios G4 PFIB CXe"", ""detector"": ""InLens"", ""accelerating_voltage_kv"": 10000.0, ""magnification"": 5000.0, ""pixel_size_nm"": 1.34896e-08, ""beam_current_na"": 1.6e-09, ""dwell_time_us"": 1e-05, ""working_distance_mm"": 6.7046, ""chamber_pressure_pa"": 0.000319, ""sample"": ""AsCast"", ""sample_state"": ""Detail"", ""etching_agent"": ""Vilella"", ""imaging_mode"": ""SEM"", ""scale"": ""1.34896e-08 nm/pixel"", ""acquisition_date_if_available"": null}}",,,,
hcci,AsCast,hcci_230,Images\230.png,C:\Users\Pranet\Downloads\Mini Project\data\raw\hcci\Images\230.png,230.png,.png,6561560,5e27db98a44670d45e258519310b45d06d06b4ba5bed79126846eef37a19516b,2697,1810,4,8,uint8,png,RGBA,SEM,,Detail,Detail,sample_AsCast_Detail,AsCast,roi_230,Helios NanoLab_InLens_5000.0kV_3250.0x,"{""raw_metadata"": {""File Name"": 230, ""SEM"": ""Helios NanoLab"", ""Detector"": ""InLens"", ""Gun"": ""FEG"", ""Voltage"": 5000, ""Magnification"": 3250, ""Etching"": ""Vilella"", ""Sample"": ""AsCast"", ""Kind"": ""Detail"", ""Pixel Size"": 1.92308e-08, ""Beam Current"": 1.375e-09, ""Dwell Time"": 5e-07, ""Dwell Time cat"": ""low"", ""Chamber Pressure"": 0.000757509, ""Working Distance"": 0.00600015}, ""normalized"": {""microscope"": ""Helios NanoLab"", ""instrument"": ""Helios NanoLab"", ""detector"": ""InLens"", ""accelerating_voltage_kv"": 5000.0, ""magnification"": 3250.0, ""pixel_size_nm"": 1.92308e-08, ""beam_current_na"": 1.375e-09, ""dwell_time_us"": 5e-07, ""working_distance_mm"": 6.0002, ""chamber_pressure_pa"": 0.000757509, ""sample"": ""AsCast"", ""sample_state"": ""Detail"", ""etching_agent"": ""Vilella"", ""imaging_mode"": ""SEM"", ""scale"": ""1.92308e-08 nm/pixel"", ""acquisition_date_if_available"": null}}",,,,
hcci,AsCast,hcci_231,Images\231.png,C:\Users\Pranet\Downloads\Mini Project\data\raw\hcci\Images\231.png,231.png,.png,5237646,df120e0b7a774d187ae4e99b2c8f03af4b5422f0830a1a930068c682bb802dbd,2860,1922,4,8,uint8,png,RGBA,SEM,,Overview,Overview,sample_AsCast_Overview,AsCast,roi_231,Helios NanoLab_SE_10000.0kV_600.0x,"{""raw_metadata"": {""File Name"": 231, ""SEM"": ""Helios NanoLab"", ""Detector"": ""SE"", ""Gun"": ""FEG"", ""Voltage"": 10000, ""Magnification"": 600, ""Etching"": ""Vilella"", ""Sample"": ""AsCast"", ""Kind"": ""Overview"", ""Pixel Size"": 1.04167e-07, ""Beam Current"": 1.375e-09, ""Dwell Time"": 1e-05, ""Dwell Time cat"": ""high"", ""Chamber Pressure"": 0.000478091, ""Working Distance"": 0.00603025}, ""normalized"": {""microscope"": ""Helios NanoLab"", ""instrument"": ""Helios NanoLab"", ""detector"": ""SE"", ""accelerating_voltage_kv"": 10000.0, ""magnification"": 600.0, ""pixel_size_nm"": 1.04167e-07, ""beam_current_na"": 1.375e-09, ""dwell_time_us"": 1e-05, ""working_distance_mm"": 6.0302, ""chamber_pressure_pa"": 0.000478091, ""sample"": ""AsCast"", ""sample_state"": ""Overview"", ""etching_agent"": ""Vilella"", ""imaging_mode"": ""SEM"", ""scale"": ""1.04167e-07 nm/pixel"", ""acquisition_date_if_available"": null}}",,,,
hcci,AsCast,hcci_232,Images\232.png,C:\Users\Pranet\Downloads\Mini Project\data\raw\hcci\Images\232.png,232.png,.png,6942380,0e1ab8b0a5f2f7f0a41c3c491a14619cead2448f7522f1db0719112d78d75ae6,2860,1922,4,8,uint8,png,RGBA,SEM,,Overview,Overview,sample_AsCast_Overview,AsCast,roi_232,Helios NanoLab_SE_10000.0kV_600.0x,"{""raw_metadata"": {""File Name"": 232, ""SEM"": ""Helios NanoLab"", ""Detector"": ""SE"", ""Gun"": ""FEG"", ""Voltage"": 10000, ""Magnification"": 600, ""Etching"": ""Vilella"", ""Sample"": ""AsCast"", ""Kind"": ""Overview"", ""Pixel Size"": 1.04167e-07, ""Beam Current"": 1.375e-09, ""Dwell Time"": 5e-07, ""Dwell Time cat"": ""low"", ""Chamber Pressure"": 0.000478091, ""Working Distance"": 0.00603025}, ""normalized"": {""microscope"": ""Helios NanoLab"", ""instrument"": ""Helios NanoLab"", ""detector"": ""SE"", ""accelerating_voltage_kv"": 10000.0, ""magnification"": 600.0, ""pixel_size_nm"": 1.04167e-07, ""beam_current_na"": 1.375e-09, ""dwell_time_us"": 5e-07, ""working_distance_mm"": 6.0302, ""chamber_pressure_pa"": 0.000478091, ""sample"": ""AsCast"", ""sample_state"": ""Overview"", ""etching_agent"": ""Vilella"", ""imaging_mode"": ""SEM"", ""scale"": ""1.04167e-07 nm/pixel"", ""acquisition_date_if_available"": null}}",,,,
hcci,AsCast,hcci_233,Images\233.png,C:\Users\Pranet\Downloads\Mini Project\data\raw\hcci\Images\233.png,233.png,.png,5549621,7a983ca9eebcca06f331bc0399003064690da72af5e0d38d9db07a728994b9e9,2860,1922,4,8,uint8,png,RGBA,SEM,,Overview,Overview,sample_AsCast_Overview,AsCast,roi_233,Helios NanoLab_BSE_10000.0kV_600.0x,"{""raw_metadata"": {""File Name"": 233, ""SEM"": ""Helios NanoLab"", ""Detector"": ""BSE"", ""Gun"": ""FEG"", ""Voltage"": 10000, ""Magnification"": 600, ""Etching"": ""Vilella"", ""Sample"": ""AsCast"", ""Kind"": ""Overview"", ""Pixel Size"": 1.04167e-07, ""Beam Current"": 1.375e-09, ""Dwell Time"": 1e-05, ""Dwell Time cat"": ""high"", ""Chamber Pressure"": 0.000478091, ""Working Distance"": 0.00603248}, ""normalized"": {""microscope"": ""Helios NanoLab"", ""instrument"": ""Helios NanoLab"", ""detector"": ""BSE"", ""accelerating_voltage_kv"": 10000.0, ""magnification"": 600.0, ""pixel_size_nm"": 1.04167e-07, ""beam_current_na"": 1.375e-09, ""dwell_time_us"": 1e-05, ""working_distance_mm"": 6.0325, ""chamber_pressure_pa"": 0.000478091, ""sample"": ""AsCast"", ""sample_state"": ""Overview"", ""etching_agent"": ""Vilella"", ""imaging_mode"": ""SEM"", ""scale"": ""1.04167e-07 nm/pixel"", ""acquisition_date_if_available"": null}}",,,,
hcci,AsCast,hcci_234,Images\234.png,C:\Users\Pranet\Downloads\Mini Project\data\raw\hcci\Images\234.png,234.png,.png,5787072,3dd8d607afe7eb4c28922c4592bc571e147600e2ba46fd75f4c2ed9b20df8587,2860,1922,4,8,uint8,png,RGBA,SEM,,Overview,Overview,sample_AsCast_Overview,AsCast,roi_234,Helios NanoLab_BSE_10000.0kV_600.0x,"{""raw_metadata"": {""File Name"": 234, ""SEM"": ""Helios NanoLab"", ""Detector"": ""BSE"", ""Gun"": ""FEG"", ""Voltage"": 10000, ""Magnification"": 600, ""Etching"": ""Vilella"", ""Sample"": ""AsCast"", ""Kind"": ""Overview"", ""Pixel Size"": 1.04167e-07, ""Beam Current"": 1.375e-09, ""Dwell Time"": 5e-07, ""Dwell Time cat"": ""low"", ""Chamber Pressure"": 0.000478091, ""Working Distance"": 0.00603248}, ""normalized"": {""microscope"": ""Helios NanoLab"", ""instrument"": ""Helios NanoLab"", ""detector"": ""BSE"", ""accelerating_voltage_kv"": 10000.0, ""magnification"": 600.0, ""pixel_size_nm"": 1.04167e-07, ""beam_current_na"": 1.375e-09, ""dwell_time_us"": 5e-07, ""working_distance_mm"": 6.0325, ""chamber_pressure_pa"": 0.000478091, ""sample"": ""AsCast"", ""sample_state"": ""Overview"", ""etching_agent"": ""Vilella"", ""imaging_mode"": ""SEM"", ""scale"": ""1.04167e-07 nm/pixel"", ""acquisition_date_if_available"": null}}",,,,
hcci,AsCast,hcci_235,Images\235.png,C:\Users\Pranet\Downloads\Mini Project\data\raw\hcci\Images\235.png,235.png,.png,5478475,c928bd48c095b97a38062381db621b6d597ac97d1893477c0954679bbb665697,2860,1922,4,8,uint8,png,RGBA,SEM,,Overview,Overview,sample_AsCast_Overview,AsCast,roi_235,Helios NanoLab_InLens_10000.0kV_600.0x,"{""raw_metadata"": {""File Name"": 235, ""SEM"": ""Helios NanoLab"", ""Detector"": ""InLens"", ""Gun"": ""FEG"", ""Voltage"": 10000, ""Magnification"": 600, ""Etching"": ""Vilella"", ""Sample"": ""AsCast"", ""Kind"": ""Overview"", ""Pixel Size"": 1.04167e-07, ""Beam Current"": 1.375e-09, ""Dwell Time"": 1e-05, ""Dwell Time cat"": ""high"", ""Chamber Pressure"": 0.000446502, ""Working Distance"": 0.00603248}, ""normalized"": {""microscope"": ""Helios NanoLab"", ""instrument"": ""Helios NanoLab"", ""detector"": ""InLens"", ""accelerating_voltage_kv"": 10000.0, ""magnification"": 600.0, ""pixel_size_nm"": 1.04167e-07, ""beam_current_na"": 1.375e-09, ""dwell_time_us"": 1e-05, ""working_distance_mm"": 6.0325, ""chamber_pressure_pa"": 0.000446502, ""sample"": ""AsCast"", ""sample_state"": ""Overview"", ""etching_agent"": ""Vilella"", ""imaging_mode"": ""SEM"", ""scale"": ""1.04167e-07 nm/pixel"", ""acquisition_date_if_available"": null}}",,,,
hcci,AsCast,hcci_236,Images\236.png,C:\Users\Pranet\Downloads\Mini Project\data\raw\hcci\Images\236.png,236.png,.png,7571979,3364f2e7c6143f0792e8b4bc38e921a1b1be903e5ea94c3da21aada91c60777d,2860,1922,4,8,uint8,png,RGBA,SEM,,Overview,Overview,sample_AsCast_Overview,AsCast,roi_236,Helios NanoLab_InLens_10000.0kV_600.0x,"{""raw_metadata"": {""File Name"": 236, ""SEM"": ""Helios NanoLab"", ""Detector"": ""InLens"", ""Gun"": ""FEG"", ""Voltage"": 10000, ""Magnification"": 600, ""Etching"": ""Vilella"", ""Sample"": ""AsCast"", ""Kind"": ""Overview"", ""Pixel Size"": 1.04167e-07, ""Beam Current"": 1.375e-09, ""Dwell Time"": 5e-07, ""Dwell Time cat"": ""low"", ""Chamber Pressure"": 0.000446502, ""Working Distance"": 0.00603248}, ""normalized"": {""microscope"": ""Helios NanoLab"", ""instrument"": ""Helios NanoLab"", ""detector"": ""InLens"", ""accelerating_voltage_kv"": 10000.0, ""magnification"": 600.0, ""pixel_size_nm"": 1.04167e-07, ""beam_current_na"": 1.375e-09, ""dwell_time_us"": 5e-07, ""working_distance_mm"": 6.0325, ""chamber_pressure_pa"": 0.000446502, ""sample"": ""AsCast"", ""sample_state"": ""Overview"", ""etching_agent"": ""Vilella"", ""imaging_mode"": ""SEM"", ""scale"": ""1.04167e-07 nm/pixel"", ""acquisition_date_if_available"": null}}",,,,
hcci,AsCast,hcci_237,Images\237.png,C:\Users\Pranet\Downloads\Mini Project\data\raw\hcci\Images\237.png,237.png,.png,4504590,8110d05eb953e4b025d8fb5ed449b53f645c6ecf2d491a77083d52249615c698,2697,1810,4,8,uint8,png,RGBA,SEM,,Detail,Detail,sample_AsCast_Detail,AsCast,roi_237,Helios NanoLab_SE_10000.0kV_3250.0x,"{""raw_metadata"": {""File Name"": 237, ""SEM"": ""Helios NanoLab"", ""Detector"": ""SE"", ""Gun"": ""FEG"", ""Voltage"": 10000, ""Magnification"": 3250, ""Etching"": ""Vilella"", ""Sample"": ""AsCast"", ""Kind"": ""Detail"", ""Pixel Size"": 1.92308e-08, ""Beam Current"": 1.375e-09, ""Dwell Time"": 1e-05, ""Dwell Time cat"": ""high"", ""Chamber Pressure"": 0.000446502, ""Working Distance"": 0.00603248}, ""normalized"": {""microscope"": ""Helios NanoLab"", ""instrument"": ""Helios NanoLab"", ""detector"": ""SE"", ""accelerating_voltage_kv"": 10000.0, ""magnification"": 3250.0, ""pixel_size_nm"": 1.92308e-08, ""beam_current_na"": 1.375e-09, ""dwell_time_us"": 1e-05, ""working_distance_mm"": 6.0325, ""chamber_pressure_pa"": 0.000446502, ""sample"": ""AsCast"", ""sample_state"": ""Detail"", ""etching_agent"": ""Vilella"", ""imaging_mode"": ""SEM"", ""scale"": ""1.92308e-08 nm/pixel"", ""acquisition_date_if_available"": null}}",,,,
hcci,AsCast,hcci_238,Images\238.png,C:\Users\Pranet\Downloads\Mini Project\data\raw\hcci\Images\238.png,238.png,.png,5694179,ec634cfe82babd921c9d24b2ad494758971373068062b907b2e3d9c528d7eb80,2697,1810,4,8,uint8,png,RGBA,SEM,,Detail,Detail,sample_AsCast_Detail,AsCast,roi_238,Helios NanoLab_SE_10000.0kV_3250.0x,"{""raw_metadata"": {""File Name"": 238, ""SEM"": ""Helios NanoLab"", ""Detector"": ""SE"", ""Gun"": ""FEG"", ""Voltage"": 10000, ""Magnification"": 3250, ""Etching"": ""Vilella"", ""Sample"": ""AsCast"", ""Kind"": ""Detail"", ""Pixel Size"": 1.92308e-08, ""Beam Current"": 1.375e-09, ""Dwell Time"": 5e-07, ""Dwell Time cat"": ""low"", ""Chamber Pressure"": 0.000446502, ""Working Distance"": 0.00603248}, ""normalized"": {""microscope"": ""Helios NanoLab"", ""instrument"": ""Helios NanoLab"", ""detector"": ""SE"", ""accelerating_voltage_kv"": 10000.0, ""magnification"": 3250.0, ""pixel_size_nm"": 1.92308e-08, ""beam_current_na"": 1.375e-09, ""dwell_time_us"": 5e-07, ""working_distance_mm"": 6.0325, ""chamber_pressure_pa"": 0.000446502, ""sample"": ""AsCast"", ""sample_state"": ""Detail"", ""etching_agent"": ""Vilella"", ""imaging_mode"": ""SEM"", ""scale"": ""1.92308e-08 nm/pixel"", ""acquisition_date_if_available"": null}}",,,,
hcci,AsCast,hcci_239,Images\239.png,C:\Users\Pranet\Downloads\Mini Project\data\raw\hcci\Images\239.png,239.png,.png,4669816,67700bec973cf1243543bd8c7351922debd02fe672848c9c47f363066b2a26b4,2697,1810,4,8,uint8,png,RGBA,SEM,,Detail,Detail,sample_AsCast_Detail,AsCast,roi_239,Helios NanoLab_BSE_10000.0kV_3250.0x,"{""raw_metadata"": {""File Name"": 239, ""SEM"": ""Helios NanoLab"", ""Detector"": ""BSE"", ""Gun"": ""FEG"", ""Voltage"": 10000, ""Magnification"": 3250, ""Etching"": ""Vilella"", ""Sample"": ""AsCast"", ""Kind"": ""Detail"", ""Pixel Size"": 1.92308e-08, ""Beam Current"": 1.375e-09, ""Dwell Time"": 1e-05, ""Dwell Time cat"": ""high"", ""Chamber Pressure"": 0.000483493, ""Working Distance"": 0.00603248}, ""normalized"": {""microscope"": ""Helios NanoLab"", ""instrument"": ""Helios NanoLab"", ""detector"": ""BSE"", ""accelerating_voltage_kv"": 10000.0, ""magnification"": 3250.0, ""pixel_size_nm"": 1.92308e-08, ""beam_current_na"": 1.375e-09, ""dwell_time_us"": 1e-05, ""working_distance_mm"": 6.0325, ""chamber_pressure_pa"": 0.000483493, ""sample"": ""AsCast"", ""sample_state"": ""Detail"", ""etching_agent"": ""Vilella"", ""imaging_mode"": ""SEM"", ""scale"": ""1.92308e-08 nm/pixel"", ""acquisition_date_if_available"": null}}",,,,
hcci,AsCast,hcci_24,Images\24.png,C:\Users\Pranet\Downloads\Mini Project\data\raw\hcci\Images\24.png,24.png,.png,5886709,cd4ae7407e3fd4812a806133bc7926395dd694135b18b4e0aac3ffcac8fc9693,2697,1810,4,8,uint8,png,RGBA,SEM,,Detail,Detail,sample_AsCast_Detail,AsCast,roi_24,Helios G4 PFIB CXe_InLens_10000.0kV_5000.0x,"{""raw_metadata"": {""File Name"": 24, ""SEM"": ""Helios G4 PFIB CXe"", ""Detector"": ""InLens"", ""Gun"": ""FEG"", ""Voltage"": 10000, ""Magnification"": 5000, ""Etching"": ""Vilella"", ""Sample"": ""AsCast"", ""Kind"": ""Detail"", ""Pixel Size"": 1.34896e-08, ""Beam Current"": 1.6e-09, ""Dwell Time"": 5e-07, ""Dwell Time cat"": ""low"", ""Chamber Pressure"": 0.000315, ""Working Distance"": 0.00670461}, ""normalized"": {""microscope"": ""Helios G4 PFIB CXe"", ""instrument"": ""Helios G4 PFIB CXe"", ""detector"": ""InLens"", ""accelerating_voltage_kv"": 10000.0, ""magnification"": 5000.0, ""pixel_size_nm"": 1.34896e-08, ""beam_current_na"": 1.6e-09, ""dwell_time_us"": 5e-07, ""working_distance_mm"": 6.7046, ""chamber_pressure_pa"": 0.000315, ""sample"": ""AsCast"", ""sample_state"": ""Detail"", ""etching_agent"": ""Vilella"", ""imaging_mode"": ""SEM"", ""scale"": ""1.34896e-08 nm/pixel"", ""acquisition_date_if_available"": null}}",,,,
hcci,AsCast,hcci_240,Images\240.png,C:\Users\Pranet\Downloads\Mini Project\data\raw\hcci\Images\240.png,240.png,.png,5281624,90f5e4fe3280d625067171b761e4cfbda66e7692d42c3796d95a558219fc7bd1,2697,1810,4,8,uint8,png,RGBA,SEM,,Detail,Detail,sample_AsCast_Detail,AsCast,roi_240,Helios NanoLab_BSE_10000.0kV_3250.0x,"{""raw_metadata"": {""File Name"": 240, ""SEM"": ""Helios NanoLab"", ""Detector"": ""BSE"", ""Gun"": ""FEG"", ""Voltage"": 10000, ""Magnification"": 3250, ""Etching"": ""Vilella"", ""Sample"": ""AsCast"", ""Kind"": ""Detail"", ""Pixel Size"": 1.92308e-08, ""Beam Current"": 1.375e-09, ""Dwell Time"": 5e-07, ""Dwell Time cat"": ""low"", ""Chamber Pressure"": 0.00045108, ""Working Distance"": 0.00603248}, ""normalized"": {""microscope"": ""Helios NanoLab"", ""instrument"": ""Helios NanoLab"", ""detector"": ""BSE"", ""accelerating_voltage_kv"": 10000.0, ""magnification"": 3250.0, ""pixel_size_nm"": 1.92308e-08, ""beam_current_na"": 1.375e-09, ""dwell_time_us"": 5e-07, ""working_distance_mm"": 6.0325, ""chamber_pressure_pa"": 0.00045108, ""sample"": ""AsCast"", ""sample_state"": ""Detail"", ""etching_agent"": ""Vilella"", ""imaging_mode"": ""SEM"", ""scale"": ""1.92308e-08 nm/pixel"", ""acquisition_date_if_available"": null}}",,,,
hcci,AsCast,hcci_241,Images\241.png,C:\Users\Pranet\Downloads\Mini Project\data\raw\hcci\Images\241.png,241.png,.png,4982790,934f877b591a24270edb790a2028bd488c30abc03a048fec9be00a79f4677060,2697,1810,4,8,uint8,png,RGBA,SEM,,Detail,Detail,sample_AsCast_Detail,AsCast,roi_241,Helios NanoLab_InLens_10000.0kV_3250.0x,"{""raw_metadata"": {""File Name"": 241, ""SEM"": ""Helios NanoLab"", ""Detector"": ""InLens"", ""Gun"": ""FEG"", ""Voltage"": 10000, ""Magnification"": 3250, ""Etching"": ""Vilella"", ""Sample"": ""AsCast"", ""Kind"": ""Detail"", ""Pixel Size"": 1.92308e-08, ""Beam Current"": 1.375e-09, ""Dwell Time"": 1e-05, ""Dwell Time cat"": ""high"", ""Chamber Pressure"": 0.00045108, ""Working Distance"": 0.00603248}, ""normalized"": {""microscope"": ""Helios NanoLab"", ""instrument"": ""Helios NanoLab"", ""detector"": ""InLens"", ""accelerating_voltage_kv"": 10000.0, ""magnification"": 3250.0, ""pixel_size_nm"": 1.92308e-08, ""beam_current_na"": 1.375e-09, ""dwell_time_us"": 1e-05, ""working_distance_mm"": 6.0325, ""chamber_pressure_pa"": 0.00045108, ""sample"": ""AsCast"", ""sample_state"": ""Detail"", ""etching_agent"": ""Vilella"", ""imaging_mode"": ""SEM"", ""scale"": ""1.92308e-08 nm/pixel"", ""acquisition_date_if_available"": null}}",,,,
hcci,AsCast,hcci_242,Images\242.png,C:\Users\Pranet\Downloads\Mini Project\data\raw\hcci\Images\242.png,242.png,.png,6235984,5743f6074bda7212ef4470e18c60c09ed312073ad7c71c5c51a371563827f45b,2697,1810,4,8,uint8,png,RGBA,SEM,,Detail,Detail,sample_AsCast_Detail,AsCast,roi_242,Helios NanoLab_InLens_10000.0kV_3250.0x,"{""raw_metadata"": {""File Name"": 242, ""SEM"": ""Helios NanoLab"", ""Detector"": ""InLens"", ""Gun"": ""FEG"", ""Voltage"": 10000, ""Magnification"": 3250, ""Etching"": ""Vilella"", ""Sample"": ""AsCast"", ""Kind"": ""Detail"", ""Pixel Size"": 1.92308e-08, ""Beam Current"": 1.375e-09, ""Dwell Time"": 5e-07, ""Dwell Time cat"": ""low"", ""Chamber Pressure"": 0.00045108, ""Working Distance"": 0.00603248}, ""normalized"": {""microscope"": ""Helios NanoLab"", ""instrument"": ""Helios NanoLab"", ""detector"": ""InLens"", ""accelerating_voltage_kv"": 10000.0, ""magnification"": 3250.0, ""pixel_size_nm"": 1.92308e-08, ""beam_current_na"": 1.375e-09, ""dwell_time_us"": 5e-07, ""working_distance_mm"": 6.0325, ""chamber_pressure_pa"": 0.00045108, ""sample"": ""AsCast"", ""sample_state"": ""Detail"", ""etching_agent"": ""Vilella"", ""imaging_mode"": ""SEM"", ""scale"": ""1.92308e-08 nm/pixel"", ""acquisition_date_if_available"": null}}",,,,
hcci,AsCast,hcci_243,Images\243.png,C:\Users\Pranet\Downloads\Mini Project\data\raw\hcci\Images\243.png,243.png,.png,4997788,6eee3917c23031413f603bc4471c751bf22b1c01fb8cb86d651b8e569c08c708,2860,1922,4,8,uint8,png,RGBA,SEM,,Overview,Overview,sample_AsCast_Overview,AsCast,roi_243,Helios NanoLab_SE_20000.0kV_600.0x,"{""raw_metadata"": {""File Name"": 243, ""SEM"": ""Helios NanoLab"", ""Detector"": ""SE"", ""Gun"": ""FEG"", ""Voltage"": 20000, ""Magnification"": 600, ""Etching"": ""Vilella"", ""Sample"": ""AsCast"", ""Kind"": ""Overview"", ""Pixel Size"": 1.04167e-07, ""Beam Current"": 1.375e-09, ""Dwell Time"": 1e-05, ""Dwell Time cat"": ""high"", ""Chamber Pressure"": 0.000424636, ""Working Distance"": 0.00607388}, ""normalized"": {""microscope"": ""Helios NanoLab"", ""instrument"": ""Helios NanoLab"", ""detector"": ""SE"", ""accelerating_voltage_kv"": 20000.0, ""magnification"": 600.0, ""pixel_size_nm"": 1.04167e-07, ""beam_current_na"": 1.375e-09, ""dwell_time_us"": 1e-05, ""working_distance_mm"": 6.0739, ""chamber_pressure_pa"": 0.000424636, ""sample"": ""AsCast"", ""sample_state"": ""Overview"", ""etching_agent"": ""Vilella"", ""imaging_mode"": ""SEM"", ""scale"": ""1.04167e-07 nm/pixel"", ""acquisition_date_if_available"": null}}",,,,
hcci,AsCast,hcci_244,Images\244.png,C:\Users\Pranet\Downloads\Mini Project\data\raw\hcci\Images\244.png,244.png,.png,6168349,d58c5eb8dcf20fa0862ab36a2ca75976a076c86e421b5abd4260a645886abdba,2860,1922,4,8,uint8,png,RGBA,SEM,,Overview,Overview,sample_AsCast_Overview,AsCast,roi_244,Helios NanoLab_SE_20000.0kV_600.0x,"{""raw_metadata"": {""File Name"": 244, ""SEM"": ""Helios NanoLab"", ""Detector"": ""SE"", ""Gun"": ""FEG"", ""Voltage"": 20000, ""Magnification"": 600, ""Etching"": ""Vilella"", ""Sample"": ""AsCast"", ""Kind"": ""Overview"", ""Pixel Size"": 1.04167e-07, ""Beam Current"": 1.375e-09, ""Dwell Time"": 5e-07, ""Dwell Time cat"": ""low"", ""Chamber Pressure"": 0.000424636, ""Working Distance"": 0.00607388}, ""normalized"": {""microscope"": ""Helios NanoLab"", ""instrument"": ""Helios NanoLab"", ""detector"": ""SE"", ""accelerating_voltage_kv"": 20000.0, ""magnification"": 600.0, ""pixel_size_nm"": 1.04167e-07, ""beam_current_na"": 1.375e-09, ""dwell_time_us"": 5e-07, ""working_distance_mm"": 6.0739, ""chamber_pressure_pa"": 0.000424636, ""sample"": ""AsCast"", ""sample_state"": ""Overview"", ""etching_agent"": ""Vilella"", ""imaging_mode"": ""SEM"", ""scale"": ""1.04167e-07 nm/pixel"", ""acquisition_date_if_available"": null}}",,,,
hcci,AsCast,hcci_245,Images\245.png,C:\Users\Pranet\Downloads\Mini Project\data\raw\hcci\Images\245.png,245.png,.png,5283535,811a04bca8d05a04d8b11a70693073ebb83800a79cee5d26799adfad9df24149,2860,1922,4,8,uint8,png,RGBA,SEM,,Overview,Overview,sample_AsCast_Overview,AsCast,roi_245,Helios NanoLab_BSE_20000.0kV_600.0x,"{""raw_metadata"": {""File Name"": 245, ""SEM"": ""Helios NanoLab"", ""Detector"": ""BSE"", ""Gun"": ""FEG"", ""Voltage"": 20000, ""Magnification"": 600, ""Etching"": ""Vilella"", ""Sample"": ""AsCast"", ""Kind"": ""Overview"", ""Pixel Size"": 1.04167e-07, ""Beam Current"": 1.375e-09, ""Dwell Time"": 1e-05, ""Dwell Time cat"": ""high"", ""Chamber Pressure"": 0.000437755, ""Working Distance"": 0.00607388}, ""normalized"": {""microscope"": ""Helios NanoLab"", ""instrument"": ""Helios NanoLab"", ""detector"": ""BSE"", ""accelerating_voltage_kv"": 20000.0, ""magnification"": 600.0, ""pixel_size_nm"": 1.04167e-07, ""beam_current_na"": 1.375e-09, ""dwell_time_us"": 1e-05, ""working_distance_mm"": 6.0739, ""chamber_pressure_pa"": 0.000437755, ""sample"": ""AsCast"", ""sample_state"": ""Overview"", ""etching_agent"": ""Vilella"", ""imaging_mode"": ""SEM"", ""scale"": ""1.04167e-07 nm/pixel"", ""acquisition_date_if_available"": null}}",,,,
hcci,AsCast,hcci_246,Images\246.png,C:\Users\Pranet\Downloads\Mini Project\data\raw\hcci\Images\246.png,246.png,.png,5430953,f3797f2b8afe3989a428131449b65003fad1b09835139ad226ee6d6752e57c16,2860,1922,4,8,uint8,png,RGBA,SEM,,Overview,Overview,sample_AsCast_Overview,AsCast,roi_246,Helios NanoLab_BSE_20000.0kV_600.0x,"{""raw_metadata"": {""File Name"": 246, ""SEM"": ""Helios NanoLab"", ""Detector"": ""BSE"", ""Gun"": ""FEG"", ""Voltage"": 20000, ""Magnification"": 600, ""Etching"": ""Vilella"", ""Sample"": ""AsCast"", ""Kind"": ""Overview"", ""Pixel Size"": 1.04167e-07, ""Beam Current"": 1.375e-09, ""Dwell Time"": 5e-07, ""Dwell Time cat"": ""low"", ""Chamber Pressure"": 0.000437755, ""Working Distance"": 0.00607388}, ""normalized"": {""microscope"": ""Helios NanoLab"", ""instrument"": ""Helios NanoLab"", ""detector"": ""BSE"", ""accelerating_voltage_kv"": 20000.0, ""magnification"": 600.0, ""pixel_size_nm"": 1.04167e-07, ""beam_current_na"": 1.375e-09, ""dwell_time_us"": 5e-07, ""working_distance_mm"": 6.0739, ""chamber_pressure_pa"": 0.000437755, ""sample"": ""AsCast"", ""sample_state"": ""Overview"", ""etching_agent"": ""Vilella"", ""imaging_mode"": ""SEM"", ""scale"": ""1.04167e-07 nm/pixel"", ""acquisition_date_if_available"": null}}",,,,
hcci,AsCast,hcci_247,Images\247.png,C:\Users\Pranet\Downloads\Mini Project\data\raw\hcci\Images\247.png,247.png,.png,5494876,528235bde58597a4577ed844f0102741e80bdce5686bcb2247b753e05b46e27d,2860,1922,4,8,uint8,png,RGBA,SEM,,Overview,Overview,sample_AsCast_Overview,AsCast,roi_247,Helios NanoLab_InLens_20000.0kV_600.0x,"{""raw_metadata"": {""File Name"": 247, ""SEM"": ""Helios NanoLab"", ""Detector"": ""InLens"", ""Gun"": ""FEG"", ""Voltage"": 20000, ""Magnification"": 600, ""Etching"": ""Vilella"", ""Sample"": ""AsCast"", ""Kind"": ""Overview"", ""Pixel Size"": 1.04167e-07, ""Beam Current"": 1.375e-09, ""Dwell Time"": 1e-05, ""Dwell Time cat"": ""high"", ""Chamber Pressure"": 0.000411517, ""Working Distance"": 0.00607388}, ""normalized"": {""microscope"": ""Helios NanoLab"", ""instrument"": ""Helios NanoLab"", ""detector"": ""InLens"", ""accelerating_voltage_kv"": 20000.0, ""magnification"": 600.0, ""pixel_size_nm"": 1.04167e-07, ""beam_current_na"": 1.375e-09, ""dwell_time_us"": 1e-05, ""working_distance_mm"": 6.0739, ""chamber_pressure_pa"": 0.000411517, ""sample"": ""AsCast"", ""sample_state"": ""Overview"", ""etching_agent"": ""Vilella"", ""imaging_mode"": ""SEM"", ""scale"": ""1.04167e-07 nm/pixel"", ""acquisition_date_if_available"": null}}",,,,
hcci,AsCast,hcci_248,Images\248.png,C:\Users\Pranet\Downloads\Mini Project\data\raw\hcci\Images\248.png,248.png,.png,6928725,6a9c1c275984abc73c96586b20e45207487b802f0567975d3b49d70047a53dae,2860,1922,4,8,uint8,png,RGBA,SEM,,Overview,Overview,sample_AsCast_Overview,AsCast,roi_248,Helios NanoLab_InLens_20000.0kV_600.0x,"{""raw_metadata"": {""File Name"": 248, ""SEM"": ""Helios NanoLab"", ""Detector"": ""InLens"", ""Gun"": ""FEG"", ""Voltage"": 20000, ""Magnification"": 600, ""Etching"": ""Vilella"", ""Sample"": ""AsCast"", ""Kind"": ""Overview"", ""Pixel Size"": 1.04167e-07, ""Beam Current"": 1.375e-09, ""Dwell Time"": 5e-07, ""Dwell Time cat"": ""low"", ""Chamber Pressure"": 0.000411517, ""Working Distance"": 0.00607388}, ""normalized"": {""microscope"": ""Helios NanoLab"", ""instrument"": ""Helios NanoLab"", ""detector"": ""InLens"", ""accelerating_voltage_kv"": 20000.0, ""magnification"": 600.0, ""pixel_size_nm"": 1.04167e-07, ""beam_current_na"": 1.375e-09, ""dwell_time_us"": 5e-07, ""working_distance_mm"": 6.0739, ""chamber_pressure_pa"": 0.000411517, ""sample"": ""AsCast"", ""sample_state"": ""Overview"", ""etching_agent"": ""Vilella"", ""imaging_mode"": ""SEM"", ""scale"": ""1.04167e-07 nm/pixel"", ""acquisition_date_if_available"": null}}",,,,
hcci,AsCast,hcci_249,Images\249.png,C:\Users\Pranet\Downloads\Mini Project\data\raw\hcci\Images\249.png,249.png,.png,4445329,498694660f954aa404594f189ff5b08b211eb561f014e1a0f40babee6d674f9f,2697,1810,4,8,uint8,png,RGBA,SEM,,Detail,Detail,sample_AsCast_Detail,AsCast,roi_249,Helios NanoLab_SE_20000.0kV_3250.0x,"{""raw_metadata"": {""File Name"": 249, ""SEM"": ""Helios NanoLab"", ""Detector"": ""SE"", ""Gun"": ""FEG"", ""Voltage"": 20000, ""Magnification"": 3250, ""Etching"": ""Vilella"", ""Sample"": ""AsCast"", ""Kind"": ""Detail"", ""Pixel Size"": 1.92308e-08, ""Beam Current"": 1.375e-09, ""Dwell Time"": 1e-05, ""Dwell Time cat"": ""high"", ""Chamber Pressure"": 0.000411517, ""Working Distance"": 0.00607118}, ""normalized"": {""microscope"": ""Helios NanoLab"", ""instrument"": ""Helios NanoLab"", ""detector"": ""SE"", ""accelerating_voltage_kv"": 20000.0, ""magnification"": 3250.0, ""pixel_size_nm"": 1.92308e-08, ""beam_current_na"": 1.375e-09, ""dwell_time_us"": 1e-05, ""working_distance_mm"": 6.0712, ""chamber_pressure_pa"": 0.000411517, ""sample"": ""AsCast"", ""sample_state"": ""Detail"", ""etching_agent"": ""Vilella"", ""imaging_mode"": ""SEM"", ""scale"": ""1.92308e-08 nm/pixel"", ""acquisition_date_if_available"": null}}",,,,
hcci,AsCast,hcci_25,Images\25.png,C:\Users\Pranet\Downloads\Mini Project\data\raw\hcci\Images\25.png,25.png,.png,5692074,619183e749a5ca3b0e71bd902daf6db16bc738594d7be3240665c07cfc8d06e9,2860,1922,4,8,uint8,png,RGBA,SEM,,Overview,Overview,sample_AsCast_Overview,AsCast,roi_25,Helios G4 PFIB CXe_SE_20000.0kV_1000.0x,"{""raw_metadata"": {""File Name"": 25, ""SEM"": ""Helios G4 PFIB CXe"", ""Detector"": ""SE"", ""Gun"": ""FEG"", ""Voltage"": 20000, ""Magnification"": 1000, ""Etching"": ""Vilella"", ""Sample"": ""AsCast"", ""Kind"": ""Overview"", ""Pixel Size"": 6.74479e-08, ""Beam Current"": 1.6e-09, ""Dwell Time"": 1e-05, ""Dwell Time cat"": ""high"", ""Chamber Pressure"": 0.000281, ""Working Distance"": 0.00672148}, ""normalized"": {""microscope"": ""Helios G4 PFIB CXe"", ""instrument"": ""Helios G4 PFIB CXe"", ""detector"": ""SE"", ""accelerating_voltage_kv"": 20000.0, ""magnification"": 1000.0, ""pixel_size_nm"": 6.74479e-08, ""beam_current_na"": 1.6e-09, ""dwell_time_us"": 1e-05, ""working_distance_mm"": 6.7215, ""chamber_pressure_pa"": 0.000281, ""sample"": ""AsCast"", ""sample_state"": ""Overview"", ""etching_agent"": ""Vilella"", ""imaging_mode"": ""SEM"", ""scale"": ""6.74479e-08 nm/pixel"", ""acquisition_date_if_available"": null}}",,,,
hcci,AsCast,hcci_250,Images\250.png,C:\Users\Pranet\Downloads\Mini Project\data\raw\hcci\Images\250.png,250.png,.png,5821348,acb2d0abd30419e5bd39007698ad444925289e0afdd373524963f7be25d14910,2697,1810,4,8,uint8,png,RGBA,SEM,,Detail,Detail,sample_AsCast_Detail,AsCast,roi_250,Helios NanoLab_SE_20000.0kV_3250.0x,"{""raw_metadata"": {""File Name"": 250, ""SEM"": ""Helios NanoLab"", ""Detector"": ""SE"", ""Gun"": ""FEG"", ""Voltage"": 20000, ""Magnification"": 3250, ""Etching"": ""Vilella"", ""Sample"": ""AsCast"", ""Kind"": ""Detail"", ""Pixel Size"": 1.92308e-08, ""Beam Current"": 1.375e-09, ""Dwell Time"": 5e-07, ""Dwell Time cat"": ""low"", ""Chamber Pressure"": 0.000411517, ""Working Distance"": 0.00607118}, ""normalized"": {""microscope"": ""Helios NanoLab"", ""instrument"": ""Helios NanoLab"", ""detector"": ""SE"", ""accelerating_voltage_kv"": 20000.0, ""magnification"": 3250.0, ""pixel_size_nm"": 1.92308e-08, ""beam_current_na"": 1.375e-09, ""dwell_time_us"": 5e-07, ""working_distance_mm"": 6.0712, ""chamber_pressure_pa"": 0.000411517, ""sample"": ""AsCast"", ""sample_state"": ""Detail"", ""etching_agent"": ""Vilella"", ""imaging_mode"": ""SEM"", ""scale"": ""1.92308e-08 nm/pixel"", ""acquisition_date_if_available"": null}}",,,,
hcci,AsCast,hcci_251,Images\251.png,C:\Users\Pranet\Downloads\Mini Project\data\raw\hcci\Images\251.png,251.png,.png,3863618,abdc2414e9aae5699c854adf5661b081a8792a5a5e36b375d69903175b5fd699,2697,1810,4,8,uint8,png,RGBA,SEM,,Detail,Detail,sample_AsCast_Detail,AsCast,roi_251,Helios NanoLab_BSE_20000.0kV_3250.0x,"{""raw_metadata"": {""File Name"": 251, ""SEM"": ""Helios NanoLab"", ""Detector"": ""BSE"", ""Gun"": ""FEG"", ""Voltage"": 20000, ""Magnification"": 3250, ""Etching"": ""Vilella"", ""Sample"": ""AsCast"", ""Kind"": ""Detail"", ""Pixel Size"": 1.92308e-08, ""Beam Current"": 1.375e-09, ""Dwell Time"": 1e-05, ""Dwell Time cat"": ""high"", ""Chamber Pressure"": 0.000429009, ""Working Distance"": 0.00607118}, ""normalized"": {""microscope"": ""Helios NanoLab"", ""instrument"": ""Helios NanoLab"", ""detector"": ""BSE"", ""accelerating_voltage_kv"": 20000.0, ""magnification"": 3250.0, ""pixel_size_nm"": 1.92308e-08, ""beam_current_na"": 1.375e-09, ""dwell_time_us"": 1e-05, ""working_distance_mm"": 6.0712, ""chamber_pressure_pa"": 0.000429009, ""sample"": ""AsCast"", ""sample_state"": ""Detail"", ""etching_agent"": ""Vilella"", ""imaging_mode"": ""SEM"", ""scale"": ""1.92308e-08 nm/pixel"", ""acquisition_date_if_available"": null}}",,,,
hcci,AsCast,hcci_252,Images\252.png,C:\Users\Pranet\Downloads\Mini Project\data\raw\hcci\Images\252.png,252.png,.png,4136689,6f34727eee6e2b6a1a209c304513983c1b0a48df4b4128a11700d1612f17fdbd,2697,1810,4,8,uint8,png,RGBA,SEM,,Detail,Detail,sample_AsCast_Detail,AsCast,roi_252,Helios NanoLab_BSE_20000.0kV_3250.0x,"{""raw_metadata"": {""File Name"": 252, ""SEM"": ""Helios NanoLab"", ""Detector"": ""BSE"", ""Gun"": ""FEG"", ""Voltage"": 20000, ""Magnification"": 3250, ""Etching"": ""Vilella"", ""Sample"": ""AsCast"", ""Kind"": ""Detail"", ""Pixel Size"": 1.92308e-08, ""Beam Current"": 1.375e-09, ""Dwell Time"": 5e-07, ""Dwell Time cat"": ""low"", ""Chamber Pressure"": 0.000429009, ""Working Distance"": 0.00607118}, ""normalized"": {""microscope"": ""Helios NanoLab"", ""instrument"": ""Helios NanoLab"", ""detector"": ""BSE"", ""accelerating_voltage_kv"": 20000.0, ""magnification"": 3250.0, ""pixel_size_nm"": 1.92308e-08, ""beam_current_na"": 1.375e-09, ""dwell_time_us"": 5e-07, ""working_distance_mm"": 6.0712, ""chamber_pressure_pa"": 0.000429009, ""sample"": ""AsCast"", ""sample_state"": ""Detail"", ""etching_agent"": ""Vilella"", ""imaging_mode"": ""SEM"", ""scale"": ""1.92308e-08 nm/pixel"", ""acquisition_date_if_available"": null}}",,,,
hcci,AsCast,hcci_253,Images\253.png,C:\Users\Pranet\Downloads\Mini Project\data\raw\hcci\Images\253.png,253.png,.png,5047220,4ced3c7a2a2340de3c0f49e496e79cafab3ebf8c5b734682c5eeecda98cb9f6b,2697,1810,4,8,uint8,png,RGBA,SEM,,Detail,Detail,sample_AsCast_Detail,AsCast,roi_253,Helios NanoLab_InLens_20000.0kV_3250.0x,"{""raw_metadata"": {""File Name"": 253, ""SEM"": ""Helios NanoLab"", ""Detector"": ""InLens"", ""Gun"": ""FEG"", ""Voltage"": 20000, ""Magnification"": 3250, ""Etching"": ""Vilella"", ""Sample"": ""AsCast"", ""Kind"": ""Detail"", ""Pixel Size"": 1.92308e-08, ""Beam Current"": 1.375e-09, ""Dwell Time"": 1e-05, ""Dwell Time cat"": ""high"", ""Chamber Pressure"": 0.00040277, ""Working Distance"": 0.00607118}, ""normalized"": {""microscope"": ""Helios NanoLab"", ""instrument"": ""Helios NanoLab"", ""detector"": ""InLens"", ""accelerating_voltage_kv"": 20000.0, ""magnification"": 3250.0, ""pixel_size_nm"": 1.92308e-08, ""beam_current_na"": 1.375e-09, ""dwell_time_us"": 1e-05, ""working_distance_mm"": 6.0712, ""chamber_pressure_pa"": 0.00040277, ""sample"": ""AsCast"", ""sample_state"": ""Detail"", ""etching_agent"": ""Vilella"", ""imaging_mode"": ""SEM"", ""scale"": ""1.92308e-08 nm/pixel"", ""acquisition_date_if_available"": null}}",,,,
hcci,AsCast,hcci_254,Images\254.png,C:\Users\Pranet\Downloads\Mini Project\data\raw\hcci\Images\254.png,254.png,.png,6324158,c5f728094a6d952a5e553c2084cea70eab4699c9197a8d0e048d8372a40c61cc,2697,1810,4,8,uint8,png,RGBA,SEM,,Detail,Detail,sample_AsCast_Detail,AsCast,roi_254,Helios NanoLab_InLens_20000.0kV_3250.0x,"{""raw_metadata"": {""File Name"": 254, ""SEM"": ""Helios NanoLab"", ""Detector"": ""InLens"", ""Gun"": ""FEG"", ""Voltage"": 20000, ""Magnification"": 3250, ""Etching"": ""Vilella"", ""Sample"": ""AsCast"", ""Kind"": ""Detail"", ""Pixel Size"": 1.92308e-08, ""Beam Current"": 1.375e-09, ""Dwell Time"": 5e-07, ""Dwell Time cat"": ""low"", ""Chamber Pressure"": 0.00040277, ""Working Distance"": 0.00607118}, ""normalized"": {""microscope"": ""Helios NanoLab"", ""instrument"": ""Helios NanoLab"", ""detector"": ""InLens"", ""accelerating_voltage_kv"": 20000.0, ""magnification"": 3250.0, ""pixel_size_nm"": 1.92308e-08, ""beam_current_na"": 1.375e-09, ""dwell_time_us"": 5e-07, ""working_distance_mm"": 6.0712, ""chamber_pressure_pa"": 0.00040277, ""sample"": ""AsCast"", ""sample_state"": ""Detail"", ""etching_agent"": ""Vilella"", ""imaging_mode"": ""SEM"", ""scale"": ""1.92308e-08 nm/pixel"", ""acquisition_date_if_available"": null}}",,,,
hcci,Q980_0h_WC,hcci_255,Images\255.png,C:\Users\Pranet\Downloads\Mini Project\data\raw\hcci\Images\255.png,255.png,.png,5583542,f421007a2ffbec96c3f4f1275ab1a10cc4940394c994f36787afddc9c1bc0a35,2749,1983,4,8,uint8,png,RGBA,SEM,,Overview,Overview,sample_Q980_0h_WC_Overview,Q980_0h_WC,roi_255,Helios NanoLab_SE_5000.0kV_600.0x,"{""raw_metadata"": {""File Name"": 255, ""SEM"": ""Helios NanoLab"", ""Detector"": ""SE"", ""Gun"": ""FEG"", ""Voltage"": 5000, ""Magnification"": 600, ""Etching"": ""Vilella"", ""Sample"": ""Q980_0h_WC"", ""Kind"": ""Overview"", ""Pixel Size"": 1.04167e-07, ""Beam Current"": 1.375e-09, ""Dwell Time"": 1e-05, ""Dwell Time cat"": ""high"", ""Chamber Pressure"": 0.00081616, ""Working Distance"": 0.00612999}, ""normalized"": {""microscope"": ""Helios NanoLab"", ""instrument"": ""Helios NanoLab"", ""detector"": ""SE"", ""accelerating_voltage_kv"": 5000.0, ""magnification"": 600.0, ""pixel_size_nm"": 1.04167e-07, ""beam_current_na"": 1.375e-09, ""dwell_time_us"": 1e-05, ""working_distance_mm"": 6.13, ""chamber_pressure_pa"": 0.00081616, ""sample"": ""Q980_0h_WC"", ""sample_state"": ""Overview"", ""etching_agent"": ""Vilella"", ""imaging_mode"": ""SEM"", ""scale"": ""1.04167e-07 nm/pixel"", ""acquisition_date_if_available"": null}}",,,,
hcci,Q980_0h_WC,hcci_256,Images\256.png,C:\Users\Pranet\Downloads\Mini Project\data\raw\hcci\Images\256.png,256.png,.png,6784122,ff29b5b5e813d1aaae64399256aa540b0db0dc1dc9a869c83b839d6dde97c3b7,2749,1983,4,8,uint8,png,RGBA,SEM,,Overview,Overview,sample_Q980_0h_WC_Overview,Q980_0h_WC,roi_256,Helios NanoLab_SE_5000.0kV_600.0x,"{""raw_metadata"": {""File Name"": 256, ""SEM"": ""Helios NanoLab"", ""Detector"": ""SE"", ""Gun"": ""FEG"", ""Voltage"": 5000, ""Magnification"": 600, ""Etching"": ""Vilella"", ""Sample"": ""Q980_0h_WC"", ""Kind"": ""Overview"", ""Pixel Size"": 1.04167e-07, ""Beam Current"": 1.375e-09, ""Dwell Time"": 5e-07, ""Dwell Time cat"": ""low"", ""Chamber Pressure"": 0.000772172, ""Working Distance"": 0.00612999}, ""normalized"": {""microscope"": ""Helios NanoLab"", ""instrument"": ""Helios NanoLab"", ""detector"": ""SE"", ""accelerating_voltage_kv"": 5000.0, ""magnification"": 600.0, ""pixel_size_nm"": 1.04167e-07, ""beam_current_na"": 1.375e-09, ""dwell_time_us"": 5e-07, ""working_distance_mm"": 6.13, ""chamber_pressure_pa"": 0.000772172, ""sample"": ""Q980_0h_WC"", ""sample_state"": ""Overview"", ""etching_agent"": ""Vilella"", ""imaging_mode"": ""SEM"", ""scale"": ""1.04167e-07 nm/pixel"", ""acquisition_date_if_available"": null}}",,,,
hcci,Q980_0h_WC,hcci_257,Images\257.png,C:\Users\Pranet\Downloads\Mini Project\data\raw\hcci\Images\257.png,257.png,.png,4245941,4486dd02f2d68ee29dd171f343dde0752edfb04d04e322919cd1d516f172f049,2749,1983,4,8,uint8,png,RGBA,SEM,,Overview,Overview,sample_Q980_0h_WC_Overview,Q980_0h_WC,roi_257,Helios NanoLab_BSE_5000.0kV_600.0x,"{""raw_metadata"": {""File Name"": 257, ""SEM"": ""Helios NanoLab"", ""Detector"": ""BSE"", ""Gun"": ""FEG"", ""Voltage"": 5000, ""Magnification"": 600, ""Etching"": ""Vilella"", ""Sample"": ""Q980_0h_WC"", ""Kind"": ""Overview"", ""Pixel Size"": 1.04167e-07, ""Beam Current"": 1.375e-09, ""Dwell Time"": 1e-05, ""Dwell Time cat"": ""high"", ""Chamber Pressure"": 0.000735515, ""Working Distance"": 0.00612999}, ""normalized"": {""microscope"": ""Helios NanoLab"", ""instrument"": ""Helios NanoLab"", ""detector"": ""BSE"", ""accelerating_voltage_kv"": 5000.0, ""magnification"": 600.0, ""pixel_size_nm"": 1.04167e-07, ""beam_current_na"": 1.375e-09, ""dwell_time_us"": 1e-05, ""working_distance_mm"": 6.13, ""chamber_pressure_pa"": 0.000735515, ""sample"": ""Q980_0h_WC"", ""sample_state"": ""Overview"", ""etching_agent"": ""Vilella"", ""imaging_mode"": ""SEM"", ""scale"": ""1.04167e-07 nm/pixel"", ""acquisition_date_if_available"": null}}",,,,
hcci,Q980_0h_WC,hcci_258,Images\258.png,C:\Users\Pranet\Downloads\Mini Project\data\raw\hcci\Images\258.png,258.png,.png,4604847,d38b9491bdc7108a842a7d1ea1db11a7fb1082cec5fbbbaf9e4e069235fba79b,2749,1983,4,8,uint8,png,RGBA,SEM,,Overview,Overview,sample_Q980_0h_WC_Overview,Q980_0h_WC,roi_258,Helios NanoLab_BSE_5000.0kV_600.0x,"{""raw_metadata"": {""File Name"": 258, ""SEM"": ""Helios NanoLab"", ""Detector"": ""BSE"", ""Gun"": ""FEG"", ""Voltage"": 5000, ""Magnification"": 600, ""Etching"": ""Vilella"", ""Sample"": ""Q980_0h_WC"", ""Kind"": ""Overview"", ""Pixel Size"": 1.04167e-07, ""Beam Current"": 1.375e-09, ""Dwell Time"": 5e-07, ""Dwell Time cat"": ""low"", ""Chamber Pressure"": 0.000735515, ""Working Distance"": 0.00612999}, ""normalized"": {""microscope"": ""Helios NanoLab"", ""instrument"": ""Helios NanoLab"", ""detector"": ""BSE"", ""accelerating_voltage_kv"": 5000.0, ""magnification"": 600.0, ""pixel_size_nm"": 1.04167e-07, ""beam_current_na"": 1.375e-09, ""dwell_time_us"": 5e-07, ""working_distance_mm"": 6.13, ""chamber_pressure_pa"": 0.000735515, ""sample"": ""Q980_0h_WC"", ""sample_state"": ""Overview"", ""etching_agent"": ""Vilella"", ""imaging_mode"": ""SEM"", ""scale"": ""1.04167e-07 nm/pixel"", ""acquisition_date_if_available"": null}}",,,,
hcci,Q980_0h_WC,hcci_259,Images\259.png,C:\Users\Pranet\Downloads\Mini Project\data\raw\hcci\Images\259.png,259.png,.png,5433362,1b6d9911564467a30db94ede1e67f20c90fdaed93e9efe01df361e534c8a7e4f,2749,1983,4,8,uint8,png,RGBA,SEM,,Overview,Overview,sample_Q980_0h_WC_Overview,Q980_0h_WC,roi_259,Helios NanoLab_InLens_5000.0kV_600.0x,"{""raw_metadata"": {""File Name"": 259, ""SEM"": ""Helios NanoLab"", ""Detector"": ""InLens"", ""Gun"": ""FEG"", ""Voltage"": 5000, ""Magnification"": 600, ""Etching"": ""Vilella"", ""Sample"": ""Q980_0h_WC"", ""Kind"": ""Overview"", ""Pixel Size"": 1.04167e-07, ""Beam Current"": 1.375e-09, ""Dwell Time"": 1e-05, ""Dwell Time cat"": ""high"", ""Chamber Pressure"": 0.000691526, ""Working Distance"": 0.00612999}, ""normalized"": {""microscope"": ""Helios NanoLab"", ""instrument"": ""Helios NanoLab"", ""detector"": ""InLens"", ""accelerating_voltage_kv"": 5000.0, ""magnification"": 600.0, ""pixel_size_nm"": 1.04167e-07, ""beam_current_na"": 1.375e-09, ""dwell_time_us"": 1e-05, ""working_distance_mm"": 6.13, ""chamber_pressure_pa"": 0.000691526, ""sample"": ""Q980_0h_WC"", ""sample_state"": ""Overview"", ""etching_agent"": ""Vilella"", ""imaging_mode"": ""SEM"", ""scale"": ""1.04167e-07 nm/pixel"", ""acquisition_date_if_available"": null}}",,,,
hcci,AsCast,hcci_26,Images\26.png,C:\Users\Pranet\Downloads\Mini Project\data\raw\hcci\Images\26.png,26.png,.png,6465266,d0264fc26137dc7458e9a4e5128cc68c1c2674ee5089bc0ca7e5dde6f89f25ab,2860,1922,4,8,uint8,png,RGBA,SEM,,Overview,Overview,sample_AsCast_Overview,AsCast,roi_26,Helios G4 PFIB CXe_SE_20000.0kV_1000.0x,"{""raw_metadata"": {""File Name"": 26, ""SEM"": ""Helios G4 PFIB CXe"", ""Detector"": ""SE"", ""Gun"": ""FEG"", ""Voltage"": 20000, ""Magnification"": 1000, ""Etching"": ""Vilella"", ""Sample"": ""AsCast"", ""Kind"": ""Overview"", ""Pixel Size"": 6.74479e-08, ""Beam Current"": 1.6e-09, ""Dwell Time"": 5e-07, ""Dwell Time cat"": ""low"", ""Chamber Pressure"": 0.000281, ""Working Distance"": 0.00672148}, ""normalized"": {""microscope"": ""Helios G4 PFIB CXe"", ""instrument"": ""Helios G4 PFIB CXe"", ""detector"": ""SE"", ""accelerating_voltage_kv"": 20000.0, ""magnification"": 1000.0, ""pixel_size_nm"": 6.74479e-08, ""beam_current_na"": 1.6e-09, ""dwell_time_us"": 5e-07, ""working_distance_mm"": 6.7215, ""chamber_pressure_pa"": 0.000281, ""sample"": ""AsCast"", ""sample_state"": ""Overview"", ""etching_agent"": ""Vilella"", ""imaging_mode"": ""SEM"", ""scale"": ""6.74479e-08 nm/pixel"", ""acquisition_date_if_available"": null}}",,,,
hcci,Q980_0h_WC,hcci_260,Images\260.png,C:\Users\Pranet\Downloads\Mini Project\data\raw\hcci\Images\260.png,260.png,.png,6544772,f601957f35f491c7152e812c2b7a123c73094a36778e6959681b9df5932a7e35,2749,1983,4,8,uint8,png,RGBA,SEM,,Overview,Overview,sample_Q980_0h_WC_Overview,Q980_0h_WC,roi_260,Helios NanoLab_InLens_5000.0kV_600.0x,"{""raw_metadata"": {""File Name"": 260, ""SEM"": ""Helios NanoLab"", ""Detector"": ""InLens"", ""Gun"": ""FEG"", ""Voltage"": 5000, ""Magnification"": 600, ""Etching"": ""Vilella"", ""Sample"": ""Q980_0h_WC"", ""Kind"": ""Overview"", ""Pixel Size"": 1.04167e-07, ""Beam Current"": 1.375e-09, ""Dwell Time"": 5e-07, ""Dwell Time cat"": ""low"", ""Chamber Pressure"": 0.000691526, ""Working Distance"": 0.00612999}, ""normalized"": {""microscope"": ""Helios NanoLab"", ""instrument"": ""Helios NanoLab"", ""detector"": ""InLens"", ""accelerating_voltage_kv"": 5000.0, ""magnification"": 600.0, ""pixel_size_nm"": 1.04167e-07, ""beam_current_na"": 1.375e-09, ""dwell_time_us"": 5e-07, ""working_distance_mm"": 6.13, ""chamber_pressure_pa"": 0.000691526, ""sample"": ""Q980_0h_WC"", ""sample_state"": ""Overview"", ""etching_agent"": ""Vilella"", ""imaging_mode"": ""SEM"", ""scale"": ""1.04167e-07 nm/pixel"", ""acquisition_date_if_available"": null}}",,,,
hcci,Q980_0h_WC,hcci_261,Images\261.png,C:\Users\Pranet\Downloads\Mini Project\data\raw\hcci\Images\261.png,261.png,.png,4717898,38fb43e960ed3c18651e57c192c49e8e95500c23499446e18acf4a9ebeb46f5f,2651,1896,4,8,uint8,png,RGBA,SEM,,Detail,Detail,sample_Q980_0h_WC_Detail,Q980_0h_WC,roi_261,Helios NanoLab_SE_5000.0kV_3250.0x,"{""raw_metadata"": {""File Name"": 261, ""SEM"": ""Helios NanoLab"", ""Detector"": ""SE"", ""Gun"": ""FEG"", ""Voltage"": 5000, ""Magnification"": 3250, ""Etching"": ""Vilella"", ""Sample"": ""Q980_0h_WC"", ""Kind"": ""Detail"", ""Pixel Size"": 1.92308e-08, ""Beam Current"": 1.375e-09, ""Dwell Time"": 1e-05, ""Dwell Time cat"": ""high"", ""Chamber Pressure"": 0.000653424, ""Working Distance"": 0.00612999}, ""normalized"": {""microscope"": ""Helios NanoLab"", ""instrument"": ""Helios NanoLab"", ""detector"": ""SE"", ""accelerating_voltage_kv"": 5000.0, ""magnification"": 3250.0, ""pixel_size_nm"": 1.92308e-08, ""beam_current_na"": 1.375e-09, ""dwell_time_us"": 1e-05, ""working_distance_mm"": 6.13, ""chamber_pressure_pa"": 0.000653424, ""sample"": ""Q980_0h_WC"", ""sample_state"": ""Detail"", ""etching_agent"": ""Vilella"", ""imaging_mode"": ""SEM"", ""scale"": ""1.92308e-08 nm/pixel"", ""acquisition_date_if_available"": null}}",,,,
hcci,Q980_0h_WC,hcci_262,Images\262.png,C:\Users\Pranet\Downloads\Mini Project\data\raw\hcci\Images\262.png,262.png,.png,6194567,59175ec5a2960b83abb0fcf20746e6df7863e64dabb719c6e74972024625a49a,2651,1896,4,8,uint8,png,RGBA,SEM,,Detail,Detail,sample_Q980_0h_WC_Detail,Q980_0h_WC,roi_262,Helios NanoLab_SE_5000.0kV_3250.0x,"{""raw_metadata"": {""File Name"": 262, ""SEM"": ""Helios NanoLab"", ""Detector"": ""SE"", ""Gun"": ""FEG"", ""Voltage"": 5000, ""Magnification"": 3250, ""Etching"": ""Vilella"", ""Sample"": ""Q980_0h_WC"", ""Kind"": ""Detail"", ""Pixel Size"": 1.92308e-08, ""Beam Current"": 1.375e-09, ""Dwell Time"": 5e-07, ""Dwell Time cat"": ""low"", ""Chamber Pressure"": 0.000653424, ""Working Distance"": 0.00612999}, ""normalized"": {""microscope"": ""Helios NanoLab"", ""instrument"": ""Helios NanoLab"", ""detector"": ""SE"", ""accelerating_voltage_kv"": 5000.0, ""magnification"": 3250.0, ""pixel_size_nm"": 1.92308e-08, ""beam_current_na"": 1.375e-09, ""dwell_time_us"": 5e-07, ""working_distance_mm"": 6.13, ""chamber_pressure_pa"": 0.000653424, ""sample"": ""Q980_0h_WC"", ""sample_state"": ""Detail"", ""etching_agent"": ""Vilella"", ""imaging_mode"": ""SEM"", ""scale"": ""1.92308e-08 nm/pixel"", ""acquisition_date_if_available"": null}}",,,,
hcci,Q980_0h_WC,hcci_263,Images\263.png,C:\Users\Pranet\Downloads\Mini Project\data\raw\hcci\Images\263.png,263.png,.png,5029293,c28447d629b6fbac7672b222688ddd8a033f4337cbc10900466a22422573ceba,2651,1896,4,8,uint8,png,RGBA,SEM,,Detail,Detail,sample_Q980_0h_WC_Detail,Q980_0h_WC,roi_263,Helios NanoLab_BSE_5000.0kV_3250.0x,"{""raw_metadata"": {""File Name"": 263, ""SEM"": ""Helios NanoLab"", ""Detector"": ""BSE"", ""Gun"": ""FEG"", ""Voltage"": 5000, ""Magnification"": 3250, ""Etching"": ""Vilella"", ""Sample"": ""Q980_0h_WC"", ""Kind"": ""Detail"", ""Pixel Size"": 1.92308e-08, ""Beam Current"": 1.375e-09, ""Dwell Time"": 1e-05, ""Dwell Time cat"": ""high"", ""Chamber Pressure"": 0.000666029, ""Working Distance"": 0.00612999}, ""normalized"": {""microscope"": ""Helios NanoLab"", ""instrument"": ""Helios NanoLab"", ""detector"": ""BSE"", ""accelerating_voltage_kv"": 5000.0, ""magnification"": 3250.0, ""pixel_size_nm"": 1.92308e-08, ""beam_current_na"": 1.375e-09, ""dwell_time_us"": 1e-05, ""working_distance_mm"": 6.13, ""chamber_pressure_pa"": 0.000666029, ""sample"": ""Q980_0h_WC"", ""sample_state"": ""Detail"", ""etching_agent"": ""Vilella"", ""imaging_mode"": ""SEM"", ""scale"": ""1.92308e-08 nm/pixel"", ""acquisition_date_if_available"": null}}",,,,
hcci,Q980_0h_WC,hcci_264,Images\264.png,C:\Users\Pranet\Downloads\Mini Project\data\raw\hcci\Images\264.png,264.png,.png,4536649,7641037772a53e3024128868950c1f7aec2c8711f5ca56fb7a6777dd59fd9db1,2651,1896,4,8,uint8,png,RGBA,SEM,,Detail,Detail,sample_Q980_0h_WC_Detail,Q980_0h_WC,roi_264,Helios NanoLab_BSE_5000.0kV_3250.0x,"{""raw_metadata"": {""File Name"": 264, ""SEM"": ""Helios NanoLab"", ""Detector"": ""BSE"", ""Gun"": ""FEG"", ""Voltage"": 5000, ""Magnification"": 3250, ""Etching"": ""Vilella"", ""Sample"": ""Q980_0h_WC"", ""Kind"": ""Detail"", ""Pixel Size"": 1.92308e-08, ""Beam Current"": 1.375e-09, ""Dwell Time"": 5e-07, ""Dwell Time cat"": ""low"", ""Chamber Pressure"": 0.000666029, ""Working Distance"": 0.00612999}, ""normalized"": {""microscope"": ""Helios NanoLab"", ""instrument"": ""Helios NanoLab"", ""detector"": ""BSE"", ""accelerating_voltage_kv"": 5000.0, ""magnification"": 3250.0, ""pixel_size_nm"": 1.92308e-08, ""beam_current_na"": 1.375e-09, ""dwell_time_us"": 5e-07, ""working_distance_mm"": 6.13, ""chamber_pressure_pa"": 0.000666029, ""sample"": ""Q980_0h_WC"", ""sample_state"": ""Detail"", ""etching_agent"": ""Vilella"", ""imaging_mode"": ""SEM"", ""scale"": ""1.92308e-08 nm/pixel"", ""acquisition_date_if_available"": null}}",,,,
hcci,Q980_0h_WC,hcci_265,Images\265.png,C:\Users\Pranet\Downloads\Mini Project\data\raw\hcci\Images\265.png,265.png,.png,4919888,b98a8070cef603fb4c7682bf16c9edc26faf383e2f761798c49ec7471976d5c9,2651,1896,4,8,uint8,png,RGBA,SEM,,Detail,Detail,sample_Q980_0h_WC_Detail,Q980_0h_WC,roi_265,Helios NanoLab_InLens_5000.0kV_3250.0x,"{""raw_metadata"": {""File Name"": 265, ""SEM"": ""Helios NanoLab"", ""Detector"": ""InLens"", ""Gun"": ""FEG"", ""Voltage"": 5000, ""Magnification"": 3250, ""Etching"": ""Vilella"", ""Sample"": ""Q980_0h_WC"", ""Kind"": ""Detail"", ""Pixel Size"": 1.92308e-08, ""Beam Current"": 1.375e-09, ""Dwell Time"": 1e-05, ""Dwell Time cat"": ""high"", ""Chamber Pressure"": 0.000628214, ""Working Distance"": 0.00612999}, ""normalized"": {""microscope"": ""Helios NanoLab"", ""instrument"": ""Helios NanoLab"", ""detector"": ""InLens"", ""accelerating_voltage_kv"": 5000.0, ""magnification"": 3250.0, ""pixel_size_nm"": 1.92308e-08, ""beam_current_na"": 1.375e-09, ""dwell_time_us"": 1e-05, ""working_distance_mm"": 6.13, ""chamber_pressure_pa"": 0.000628214, ""sample"": ""Q980_0h_WC"", ""sample_state"": ""Detail"", ""etching_agent"": ""Vilella"", ""imaging_mode"": ""SEM"", ""scale"": ""1.92308e-08 nm/pixel"", ""acquisition_date_if_available"": null}}",,,,
hcci,Q980_0h_WC,hcci_266,Images\266.png,C:\Users\Pranet\Downloads\Mini Project\data\raw\hcci\Images\266.png,266.png,.png,6785110,a9009419ba3531cbddc75f2158332d13ce0d793286c1beb258dd564b167bd1fe,2651,1896,4,8,uint8,png,RGBA,SEM,,Detail,Detail,sample_Q980_0h_WC_Detail,Q980_0h_WC,roi_266,Helios NanoLab_InLens_5000.0kV_3250.0x,"{""raw_metadata"": {""File Name"": 266, ""SEM"": ""Helios NanoLab"", ""Detector"": ""InLens"", ""Gun"": ""FEG"", ""Voltage"": 5000, ""Magnification"": 3250, ""Etching"": ""Vilella"", ""Sample"": ""Q980_0h_WC"", ""Kind"": ""Detail"", ""Pixel Size"": 1.92308e-08, ""Beam Current"": 1.375e-09, ""Dwell Time"": 5e-07, ""Dwell Time cat"": ""low"", ""Chamber Pressure"": 0.000628214, ""Working Distance"": 0.00612999}, ""normalized"": {""microscope"": ""Helios NanoLab"", ""instrument"": ""Helios NanoLab"", ""detector"": ""InLens"", ""accelerating_voltage_kv"": 5000.0, ""magnification"": 3250.0, ""pixel_size_nm"": 1.92308e-08, ""beam_current_na"": 1.375e-09, ""dwell_time_us"": 5e-07, ""working_distance_mm"": 6.13, ""chamber_pressure_pa"": 0.000628214, ""sample"": ""Q980_0h_WC"", ""sample_state"": ""Detail"", ""etching_agent"": ""Vilella"", ""imaging_mode"": ""SEM"", ""scale"": ""1.92308e-08 nm/pixel"", ""acquisition_date_if_available"": null}}",,,,
hcci,Q980_0h_WC,hcci_267,Images\267.png,C:\Users\Pranet\Downloads\Mini Project\data\raw\hcci\Images\267.png,267.png,.png,5462225,c8847e7a2bb86edbd246c913199c143889d9c71e0f0dfc4572afcffb23029273,2749,1983,4,8,uint8,png,RGBA,SEM,,Overview,Overview,sample_Q980_0h_WC_Overview,Q980_0h_WC,roi_267,Helios NanoLab_SE_10000.0kV_600.0x,"{""raw_metadata"": {""File Name"": 267, ""SEM"": ""Helios NanoLab"", ""Detector"": ""SE"", ""Gun"": ""FEG"", ""Voltage"": 10000, ""Magnification"": 600, ""Etching"": ""Vilella"", ""Sample"": ""Q980_0h_WC"", ""Kind"": ""Overview"", ""Pixel Size"": 1.04167e-07, ""Beam Current"": 1.375e-09, ""Dwell Time"": 1e-05, ""Dwell Time cat"": ""high"", ""Chamber Pressure"": 0.0005904, ""Working Distance"": 0.00629453}, ""normalized"": {""microscope"": ""Helios NanoLab"", ""instrument"": ""Helios NanoLab"", ""detector"": ""SE"", ""accelerating_voltage_kv"": 10000.0, ""magnification"": 600.0, ""pixel_size_nm"": 1.04167e-07, ""beam_current_na"": 1.375e-09, ""dwell_time_us"": 1e-05, ""working_distance_mm"": 6.2945, ""chamber_pressure_pa"": 0.0005904, ""sample"": ""Q980_0h_WC"", ""sample_state"": ""Overview"", ""etching_agent"": ""Vilella"", ""imaging_mode"": ""SEM"", ""scale"": ""1.04167e-07 nm/pixel"", ""acquisition_date_if_available"": null}}",,,,
hcci,Q980_0h_WC,hcci_268,Images\268.png,C:\Users\Pranet\Downloads\Mini Project\data\raw\hcci\Images\268.png,268.png,.png,6846602,2e3caad56479565654ac95e4a4cb2c8c384dcd3474f2b8c37ea9baf4ba895ee8,2749,1983,4,8,uint8,png,RGBA,SEM,,Overview,Overview,sample_Q980_0h_WC_Overview,Q980_0h_WC,roi_268,Helios NanoLab_SE_10000.0kV_600.0x,"{""raw_metadata"": {""File Name"": 268, ""SEM"": ""Helios NanoLab"", ""Detector"": ""SE"", ""Gun"": ""FEG"", ""Voltage"": 10000, ""Magnification"": 600, ""Etching"": ""Vilella"", ""Sample"": ""Q980_0h_WC"", ""Kind"": ""Overview"", ""Pixel Size"": 1.04167e-07, ""Beam Current"": 1.375e-09, ""Dwell Time"": 5e-07, ""Dwell Time cat"": ""low"", ""Chamber Pressure"": 0.0005904, ""Working Distance"": 0.00629453}, ""normalized"": {""microscope"": ""Helios NanoLab"", ""instrument"": ""Helios NanoLab"", ""detector"": ""SE"", ""accelerating_voltage_kv"": 10000.0, ""magnification"": 600.0, ""pixel_size_nm"": 1.04167e-07, ""beam_current_na"": 1.375e-09, ""dwell_time_us"": 5e-07, ""working_distance_mm"": 6.2945, ""chamber_pressure_pa"": 0.0005904, ""sample"": ""Q980_0h_WC"", ""sample_state"": ""Overview"", ""etching_agent"": ""Vilella"", ""imaging_mode"": ""SEM"", ""scale"": ""1.04167e-07 nm/pixel"", ""acquisition_date_if_available"": null}}",,,,
hcci,Q980_0h_WC,hcci_269,Images\269.png,C:\Users\Pranet\Downloads\Mini Project\data\raw\hcci\Images\269.png,269.png,.png,5739247,320f8e93a6a8ff0d283b04f3ebda1fe0a163ba5b4958d13af6af8a310da1c98a,2749,1983,4,8,uint8,png,RGBA,SEM,,Overview,Overview,sample_Q980_0h_WC_Overview,Q980_0h_WC,roi_269,Helios NanoLab_BSE_10000.0kV_600.0x,"{""raw_metadata"": {""File Name"": 269, ""SEM"": ""Helios NanoLab"", ""Detector"": ""BSE"", ""Gun"": ""FEG"", ""Voltage"": 10000, ""Magnification"": 600, ""Etching"": ""Vilella"", ""Sample"": ""Q980_0h_WC"", ""Kind"": ""Overview"", ""Pixel Size"": 1.04167e-07, ""Beam Current"": 1.375e-09, ""Dwell Time"": 1e-05, ""Dwell Time cat"": ""high"", ""Chamber Pressure"": 0.000577795, ""Working Distance"": 0.00629453}, ""normalized"": {""microscope"": ""Helios NanoLab"", ""instrument"": ""Helios NanoLab"", ""detector"": ""BSE"", ""accelerating_voltage_kv"": 10000.0, ""magnification"": 600.0, ""pixel_size_nm"": 1.04167e-07, ""beam_current_na"": 1.375e-09, ""dwell_time_us"": 1e-05, ""working_distance_mm"": 6.2945, ""chamber_pressure_pa"": 0.000577795, ""sample"": ""Q980_0h_WC"", ""sample_state"": ""Overview"", ""etching_agent"": ""Vilella"", ""imaging_mode"": ""SEM"", ""scale"": ""1.04167e-07 nm/pixel"", ""acquisition_date_if_available"": null}}",,,,
hcci,AsCast,hcci_27,Images\27.png,C:\Users\Pranet\Downloads\Mini Project\data\raw\hcci\Images\27.png,27.png,.png,5661807,37f17f14d4d470b44a318030a65237e63348a3a7d52b969a878c1522eea4dbe8,2860,1922,4,8,uint8,png,RGBA,SEM,,Overview,Overview,sample_AsCast_Overview,AsCast,roi_27,Helios G4 PFIB CXe_BSE_20000.0kV_1000.0x,"{""raw_metadata"": {""File Name"": 27, ""SEM"": ""Helios G4 PFIB CXe"", ""Detector"": ""BSE"", ""Gun"": ""FEG"", ""Voltage"": 20000, ""Magnification"": 1000, ""Etching"": ""Vilella"", ""Sample"": ""AsCast"", ""Kind"": ""Overview"", ""Pixel Size"": 6.74479e-08, ""Beam Current"": 1.6e-09, ""Dwell Time"": 1e-05, ""Dwell Time cat"": ""high"", ""Chamber Pressure"": 0.000282, ""Working Distance"": 0.00672148}, ""normalized"": {""microscope"": ""Helios G4 PFIB CXe"", ""instrument"": ""Helios G4 PFIB CXe"", ""detector"": ""BSE"", ""accelerating_voltage_kv"": 20000.0, ""magnification"": 1000.0, ""pixel_size_nm"": 6.74479e-08, ""beam_current_na"": 1.6e-09, ""dwell_time_us"": 1e-05, ""working_distance_mm"": 6.7215, ""chamber_pressure_pa"": 0.000282, ""sample"": ""AsCast"", ""sample_state"": ""Overview"", ""etching_agent"": ""Vilella"", ""imaging_mode"": ""SEM"", ""scale"": ""6.74479e-08 nm/pixel"", ""acquisition_date_if_available"": null}}",,,,
hcci,Q980_0h_WC,hcci_270,Images\270.png,C:\Users\Pranet\Downloads\Mini Project\data\raw\hcci\Images\270.png,270.png,.png,6439505,378fa664c80f03022982ada6debce521e8edac3449d74dd8d5dd402d58620058,2749,1983,4,8,uint8,png,RGBA,SEM,,Overview,Overview,sample_Q980_0h_WC_Overview,Q980_0h_WC,roi_270,Helios NanoLab_BSE_10000.0kV_600.0x,"{""raw_metadata"": {""File Name"": 270, ""SEM"": ""Helios NanoLab"", ""Detector"": ""BSE"", ""Gun"": ""FEG"", ""Voltage"": 10000, ""Magnification"": 600, ""Etching"": ""Vilella"", ""Sample"": ""Q980_0h_WC"", ""Kind"": ""Overview"", ""Pixel Size"": 1.04167e-07, ""Beam Current"": 1.375e-09, ""Dwell Time"": 5e-07, ""Dwell Time cat"": ""low"", ""Chamber Pressure"": 0.000577795, ""Working Distance"": 0.00629453}, ""normalized"": {""microscope"": ""Helios NanoLab"", ""instrument"": ""Helios NanoLab"", ""detector"": ""BSE"", ""accelerating_voltage_kv"": 10000.0, ""magnification"": 600.0, ""pixel_size_nm"": 1.04167e-07, ""beam_current_na"": 1.375e-09, ""dwell_time_us"": 5e-07, ""working_distance_mm"": 6.2945, ""chamber_pressure_pa"": 0.000577795, ""sample"": ""Q980_0h_WC"", ""sample_state"": ""Overview"", ""etching_agent"": ""Vilella"", ""imaging_mode"": ""SEM"", ""scale"": ""1.04167e-07 nm/pixel"", ""acquisition_date_if_available"": null}}",,,,
hcci,Q980_0h_WC,hcci_271,Images\271.png,C:\Users\Pranet\Downloads\Mini Project\data\raw\hcci\Images\271.png,271.png,.png,5761815,b6f2dcb645de8ad89f1e6ce9956f1d3f6ec74afd0dd959a392b8ec66cd99d7fe,2749,1983,4,8,uint8,png,RGBA,SEM,,Overview,Overview,sample_Q980_0h_WC_Overview,Q980_0h_WC,roi_271,Helios NanoLab_InLens_10000.0kV_600.0x,"{""raw_metadata"": {""File Name"": 271, ""SEM"": ""Helios NanoLab"", ""Detector"": ""InLens"", ""Gun"": ""FEG"", ""Voltage"": 10000, ""Magnification"": 600, ""Etching"": ""Vilella"", ""Sample"": ""Q980_0h_WC"", ""Kind"": ""Overview"", ""Pixel Size"": 1.04167e-07, ""Beam Current"": 1.375e-09, ""Dwell Time"": 1e-05, ""Dwell Time cat"": ""high"", ""Chamber Pressure"": 0.000577795, ""Working Distance"": 0.00629453}, ""normalized"": {""microscope"": ""Helios NanoLab"", ""instrument"": ""Helios NanoLab"", ""detector"": ""InLens"", ""accelerating_voltage_kv"": 10000.0, ""magnification"": 600.0, ""pixel_size_nm"": 1.04167e-07, ""beam_current_na"": 1.375e-09, ""dwell_time_us"": 1e-05, ""working_distance_mm"": 6.2945, ""chamber_pressure_pa"": 0.000577795, ""sample"": ""Q980_0h_WC"", ""sample_state"": ""Overview"", ""etching_agent"": ""Vilella"", ""imaging_mode"": ""SEM"", ""scale"": ""1.04167e-07 nm/pixel"", ""acquisition_date_if_available"": null}}",,,,
hcci,Q980_0h_WC,hcci_272,Images\272.png,C:\Users\Pranet\Downloads\Mini Project\data\raw\hcci\Images\272.png,272.png,.png,6883784,b7f15a4fd77e282bcfdcae6d3059e0204e01d376ecff127306321919fae11fe3,2749,1983,4,8,uint8,png,RGBA,SEM,,Overview,Overview,sample_Q980_0h_WC_Overview,Q980_0h_WC,roi_272,Helios NanoLab_InLens_10000.0kV_600.0x,"{""raw_metadata"": {""File Name"": 272, ""SEM"": ""Helios NanoLab"", ""Detector"": ""InLens"", ""Gun"": ""FEG"", ""Voltage"": 10000, ""Magnification"": 600, ""Etching"": ""Vilella"", ""Sample"": ""Q980_0h_WC"", ""Kind"": ""Overview"", ""Pixel Size"": 1.04167e-07, ""Beam Current"": 1.375e-09, ""Dwell Time"": 5e-07, ""Dwell Time cat"": ""low"", ""Chamber Pressure"": 0.000577795, ""Working Distance"": 0.00629453}, ""normalized"": {""microscope"": ""Helios NanoLab"", ""instrument"": ""Helios NanoLab"", ""detector"": ""InLens"", ""accelerating_voltage_kv"": 10000.0, ""magnification"": 600.0, ""pixel_size_nm"": 1.04167e-07, ""beam_current_na"": 1.375e-09, ""dwell_time_us"": 5e-07, ""working_distance_mm"": 6.2945, ""chamber_pressure_pa"": 0.000577795, ""sample"": ""Q980_0h_WC"", ""sample_state"": ""Overview"", ""etching_agent"": ""Vilella"", ""imaging_mode"": ""SEM"", ""scale"": ""1.04167e-07 nm/pixel"", ""acquisition_date_if_available"": null}}",,,,
hcci,Q980_0h_WC,hcci_273,Images\273.png,C:\Users\Pranet\Downloads\Mini Project\data\raw\hcci\Images\273.png,273.png,.png,4518526,27d93371e8a0daa1e9c96fca901361ba477ed0361b82407098c74df0fe9f47ed,2651,1896,4,8,uint8,png,RGBA,SEM,,Detail,Detail,sample_Q980_0h_WC_Detail,Q980_0h_WC,roi_273,Helios NanoLab_SE_10000.0kV_3250.0x,"{""raw_metadata"": {""File Name"": 273, ""SEM"": ""Helios NanoLab"", ""Detector"": ""SE"", ""Gun"": ""FEG"", ""Voltage"": 10000, ""Magnification"": 3250, ""Etching"": ""Vilella"", ""Sample"": ""Q980_0h_WC"", ""Kind"": ""Detail"", ""Pixel Size"": 1.92308e-08, ""Beam Current"": 1.375e-09, ""Dwell Time"": 1e-05, ""Dwell Time cat"": ""high"", ""Chamber Pressure"": 0.000542916, ""Working Distance"": 0.00629101}, ""normalized"": {""microscope"": ""Helios NanoLab"", ""instrument"": ""Helios NanoLab"", ""detector"": ""SE"", ""accelerating_voltage_kv"": 10000.0, ""magnification"": 3250.0, ""pixel_size_nm"": 1.92308e-08, ""beam_current_na"": 1.375e-09, ""dwell_time_us"": 1e-05, ""working_distance_mm"": 6.291, ""chamber_pressure_pa"": 0.000542916, ""sample"": ""Q980_0h_WC"", ""sample_state"": ""Detail"", ""etching_agent"": ""Vilella"", ""imaging_mode"": ""SEM"", ""scale"": ""1.92308e-08 nm/pixel"", ""acquisition_date_if_available"": null}}",,,,
hcci,Q980_0h_WC,hcci_274,Images\274.png,C:\Users\Pranet\Downloads\Mini Project\data\raw\hcci\Images\274.png,274.png,.png,6430799,c3fb1067b9d81d89e0f40a6485f6b8ffeda5e7ffb2eb37b41adbd65e201abf77,2651,1896,4,8,uint8,png,RGBA,SEM,,Detail,Detail,sample_Q980_0h_WC_Detail,Q980_0h_WC,roi_274,Helios NanoLab_SE_10000.0kV_3250.0x,"{""raw_metadata"": {""File Name"": 274, ""SEM"": ""Helios NanoLab"", ""Detector"": ""SE"", ""Gun"": ""FEG"", ""Voltage"": 10000, ""Magnification"": 3250, ""Etching"": ""Vilella"", ""Sample"": ""Q980_0h_WC"", ""Kind"": ""Detail"", ""Pixel Size"": 1.92308e-08, ""Beam Current"": 1.375e-09, ""Dwell Time"": 5e-07, ""Dwell Time cat"": ""low"", ""Chamber Pressure"": 0.000542916, ""Working Distance"": 0.00629101}, ""normalized"": {""microscope"": ""Helios NanoLab"", ""instrument"": ""Helios NanoLab"", ""detector"": ""SE"", ""accelerating_voltage_kv"": 10000.0, ""magnification"": 3250.0, ""pixel_size_nm"": 1.92308e-08, ""beam_current_na"": 1.375e-09, ""dwell_time_us"": 5e-07, ""working_distance_mm"": 6.291, ""chamber_pressure_pa"": 0.000542916, ""sample"": ""Q980_0h_WC"", ""sample_state"": ""Detail"", ""etching_agent"": ""Vilella"", ""imaging_mode"": ""SEM"", ""scale"": ""1.92308e-08 nm/pixel"", ""acquisition_date_if_available"": null}}",,,,
hcci,Q980_0h_WC,hcci_275,Images\275.png,C:\Users\Pranet\Downloads\Mini Project\data\raw\hcci\Images\275.png,275.png,.png,5390166,d80c125545593f827e8edf5017776a38dccf7a2f685d604e4723c18d103ffb1a,2651,1896,4,8,uint8,png,RGBA,SEM,,Detail,Detail,sample_Q980_0h_WC_Detail,Q980_0h_WC,roi_275,Helios NanoLab_BSE_10000.0kV_3250.0x,"{""raw_metadata"": {""File Name"": 275, ""SEM"": ""Helios NanoLab"", ""Detector"": ""BSE"", ""Gun"": ""FEG"", ""Voltage"": 10000, ""Magnification"": 3250, ""Etching"": ""Vilella"", ""Sample"": ""Q980_0h_WC"", ""Kind"": ""Detail"", ""Pixel Size"": 1.92308e-08, ""Beam Current"": 1.375e-09, ""Dwell Time"": 1e-05, ""Dwell Time cat"": ""high"", ""Chamber Pressure"": 0.00056519, ""Working Distance"": 0.00629101}, ""normalized"": {""microscope"": ""Helios NanoLab"", ""instrument"": ""Helios NanoLab"", ""detector"": ""BSE"", ""accelerating_voltage_kv"": 10000.0, ""magnification"": 3250.0, ""pixel_size_nm"": 1.92308e-08, ""beam_current_na"": 1.375e-09, ""dwell_time_us"": 1e-05, ""working_distance_mm"": 6.291, ""chamber_pressure_pa"": 0.00056519, ""sample"": ""Q980_0h_WC"", ""sample_state"": ""Detail"", ""etching_agent"": ""Vilella"", ""imaging_mode"": ""SEM"", ""scale"": ""1.92308e-08 nm/pixel"", ""acquisition_date_if_available"": null}}",,,,
hcci,Q980_0h_WC,hcci_276,Images\276.png,C:\Users\Pranet\Downloads\Mini Project\data\raw\hcci\Images\276.png,276.png,.png,5778812,c7756f0b20e0ebd0d366363af8846f4908dd82db9b6c433bf9b203409955f5d8,2651,1896,4,8,uint8,png,RGBA,SEM,,Detail,Detail,sample_Q980_0h_WC_Detail,Q980_0h_WC,roi_276,Helios NanoLab_BSE_10000.0kV_3250.0x,"{""raw_metadata"": {""File Name"": 276, ""SEM"": ""Helios NanoLab"", ""Detector"": ""BSE"", ""Gun"": ""FEG"", ""Voltage"": 10000, ""Magnification"": 3250, ""Etching"": ""Vilella"", ""Sample"": ""Q980_0h_WC"", ""Kind"": ""Detail"", ""Pixel Size"": 1.92308e-08, ""Beam Current"": 1.375e-09, ""Dwell Time"": 5e-07, ""Dwell Time cat"": ""low"", ""Chamber Pressure"": 0.00056519, ""Working Distance"": 0.00629101}, ""normalized"": {""microscope"": ""Helios NanoLab"", ""instrument"": ""Helios NanoLab"", ""detector"": ""BSE"", ""accelerating_voltage_kv"": 10000.0, ""magnification"": 3250.0, ""pixel_size_nm"": 1.92308e-08, ""beam_current_na"": 1.375e-09, ""dwell_time_us"": 5e-07, ""working_distance_mm"": 6.291, ""chamber_pressure_pa"": 0.00056519, ""sample"": ""Q980_0h_WC"", ""sample_state"": ""Detail"", ""etching_agent"": ""Vilella"", ""imaging_mode"": ""SEM"", ""scale"": ""1.92308e-08 nm/pixel"", ""acquisition_date_if_available"": null}}",,,,
hcci,Q980_0h_WC,hcci_277,Images\277.png,C:\Users\Pranet\Downloads\Mini Project\data\raw\hcci\Images\277.png,277.png,.png,5227352,0a724d4032d9ad3de94919e26804e8decd86aee342fc2aef8c254d543c88f480,2651,1896,4,8,uint8,png,RGBA,SEM,,Detail,Detail,sample_Q980_0h_WC_Detail,Q980_0h_WC,roi_277,Helios NanoLab_InLens_10000.0kV_3250.0x,"{""raw_metadata"": {""File Name"": 277, ""SEM"": ""Helios NanoLab"", ""Detector"": ""InLens"", ""Gun"": ""FEG"", ""Voltage"": 10000, ""Magnification"": 3250, ""Etching"": ""Vilella"", ""Sample"": ""Q980_0h_WC"", ""Kind"": ""Detail"", ""Pixel Size"": 1.92308e-08, ""Beam Current"": 1.375e-09, ""Dwell Time"": 1e-05, ""Dwell Time cat"": ""high"", ""Chamber Pressure"": 0.000532111, ""Working Distance"": 0.00629101}, ""normalized"": {""microscope"": ""Helios NanoLab"", ""instrument"": ""Helios NanoLab"", ""detector"": ""InLens"", ""accelerating_voltage_kv"": 10000.0, ""magnification"": 3250.0, ""pixel_size_nm"": 1.92308e-08, ""beam_current_na"": 1.375e-09, ""dwell_time_us"": 1e-05, ""working_distance_mm"": 6.291, ""chamber_pressure_pa"": 0.000532111, ""sample"": ""Q980_0h_WC"", ""sample_state"": ""Detail"", ""etching_agent"": ""Vilella"", ""imaging_mode"": ""SEM"", ""scale"": ""1.92308e-08 nm/pixel"", ""acquisition_date_if_available"": null}}",,,,
hcci,Q980_0h_WC,hcci_278,Images\278.png,C:\Users\Pranet\Downloads\Mini Project\data\raw\hcci\Images\278.png,278.png,.png,7108654,63645f14b478d0c12d29502b8d42971800b4fdd7f157dc76d0b76e97b0b72ba0,2651,1896,4,8,uint8,png,RGBA,SEM,,Detail,Detail,sample_Q980_0h_WC_Detail,Q980_0h_WC,roi_278,Helios NanoLab_InLens_10000.0kV_3250.0x,"{""raw_metadata"": {""File Name"": 278, ""SEM"": ""Helios NanoLab"", ""Detector"": ""InLens"", ""Gun"": ""FEG"", ""Voltage"": 10000, ""Magnification"": 3250, ""Etching"": ""Vilella"", ""Sample"": ""Q980_0h_WC"", ""Kind"": ""Detail"", ""Pixel Size"": 1.92308e-08, ""Beam Current"": 1.375e-09, ""Dwell Time"": 5e-07, ""Dwell Time cat"": ""low"", ""Chamber Pressure"": 0.000537514, ""Working Distance"": 0.00629101}, ""normalized"": {""microscope"": ""Helios NanoLab"", ""instrument"": ""Helios NanoLab"", ""detector"": ""InLens"", ""accelerating_voltage_kv"": 10000.0, ""magnification"": 3250.0, ""pixel_size_nm"": 1.92308e-08, ""beam_current_na"": 1.375e-09, ""dwell_time_us"": 5e-07, ""working_distance_mm"": 6.291, ""chamber_pressure_pa"": 0.000537514, ""sample"": ""Q980_0h_WC"", ""sample_state"": ""Detail"", ""etching_agent"": ""Vilella"", ""imaging_mode"": ""SEM"", ""scale"": ""1.92308e-08 nm/pixel"", ""acquisition_date_if_available"": null}}",,,,
hcci,Q980_0h_WC,hcci_279,Images\279.png,C:\Users\Pranet\Downloads\Mini Project\data\raw\hcci\Images\279.png,279.png,.png,5124986,dfca061cacdebd8617853c461f189a08781de1f29ba021e9f19a9ea444def630,2749,1983,4,8,uint8,png,RGBA,SEM,,Overview,Overview,sample_Q980_0h_WC_Overview,Q980_0h_WC,roi_279,Helios NanoLab_SE_20000.0kV_600.0x,"{""raw_metadata"": {""File Name"": 279, ""SEM"": ""Helios NanoLab"", ""Detector"": ""SE"", ""Gun"": ""FEG"", ""Voltage"": 20000, ""Magnification"": 600, ""Etching"": ""Vilella"", ""Sample"": ""Q980_0h_WC"", ""Kind"": ""Overview"", ""Pixel Size"": 1.04167e-07, ""Beam Current"": 1.375e-09, ""Dwell Time"": 1e-05, ""Dwell Time cat"": ""high"", ""Chamber Pressure"": 0.000505101, ""Working Distance"": 0.00633072}, ""normalized"": {""microscope"": ""Helios NanoLab"", ""instrument"": ""Helios NanoLab"", ""detector"": ""SE"", ""accelerating_voltage_kv"": 20000.0, ""magnification"": 600.0, ""pixel_size_nm"": 1.04167e-07, ""beam_current_na"": 1.375e-09, ""dwell_time_us"": 1e-05, ""working_distance_mm"": 6.3307, ""chamber_pressure_pa"": 0.000505101, ""sample"": ""Q980_0h_WC"", ""sample_state"": ""Overview"", ""etching_agent"": ""Vilella"", ""imaging_mode"": ""SEM"", ""scale"": ""1.04167e-07 nm/pixel"", ""acquisition_date_if_available"": null}}",,,,
hcci,AsCast,hcci_28,Images\28.png,C:\Users\Pranet\Downloads\Mini Project\data\raw\hcci\Images\28.png,28.png,.png,7253702,b846b79005f6333f1b9c3c71693f270fc50ba2f5c3db99631c339a67c79d2588,2860,1922,4,8,uint8,png,RGBA,SEM,,Overview,Overview,sample_AsCast_Overview,AsCast,roi_28,Helios G4 PFIB CXe_BSE_20000.0kV_1000.0x,"{""raw_metadata"": {""File Name"": 28, ""SEM"": ""Helios G4 PFIB CXe"", ""Detector"": ""BSE"", ""Gun"": ""FEG"", ""Voltage"": 20000, ""Magnification"": 1000, ""Etching"": ""Vilella"", ""Sample"": ""AsCast"", ""Kind"": ""Overview"", ""Pixel Size"": 6.74479e-08, ""Beam Current"": 1.6e-09, ""Dwell Time"": 5e-07, ""Dwell Time cat"": ""low"", ""Chamber Pressure"": 0.000282, ""Working Distance"": 0.00672148}, ""normalized"": {""microscope"": ""Helios G4 PFIB CXe"", ""instrument"": ""Helios G4 PFIB CXe"", ""detector"": ""BSE"", ""accelerating_voltage_kv"": 20000.0, ""magnification"": 1000.0, ""pixel_size_nm"": 6.74479e-08, ""beam_current_na"": 1.6e-09, ""dwell_time_us"": 5e-07, ""working_distance_mm"": 6.7215, ""chamber_pressure_pa"": 0.000282, ""sample"": ""AsCast"", ""sample_state"": ""Overview"", ""etching_agent"": ""Vilella"", ""imaging_mode"": ""SEM"", ""scale"": ""6.74479e-08 nm/pixel"", ""acquisition_date_if_available"": null}}",,,,
hcci,Q980_0h_WC,hcci_280,Images\280.png,C:\Users\Pranet\Downloads\Mini Project\data\raw\hcci\Images\280.png,280.png,.png,6366182,4bddb335b6155125d2552f79302e894d69fcb08573ef949d2ae43d6c65572e02,2749,1983,4,8,uint8,png,RGBA,SEM,,Overview,Overview,sample_Q980_0h_WC_Overview,Q980_0h_WC,roi_280,Helios NanoLab_SE_20000.0kV_600.0x,"{""raw_metadata"": {""File Name"": 280, ""SEM"": ""Helios NanoLab"", ""Detector"": ""SE"", ""Gun"": ""FEG"", ""Voltage"": 20000, ""Magnification"": 600, ""Etching"": ""Vilella"", ""Sample"": ""Q980_0h_WC"", ""Kind"": ""Overview"", ""Pixel Size"": 1.04167e-07, ""Beam Current"": 1.375e-09, ""Dwell Time"": 5e-07, ""Dwell Time cat"": ""low"", ""Chamber Pressure"": 0.000505101, ""Working Distance"": 0.00633072}, ""normalized"": {""microscope"": ""Helios NanoLab"", ""instrument"": ""Helios NanoLab"", ""detector"": ""SE"", ""accelerating_voltage_kv"": 20000.0, ""magnification"": 600.0, ""pixel_size_nm"": 1.04167e-07, ""beam_current_na"": 1.375e-09, ""dwell_time_us"": 5e-07, ""working_distance_mm"": 6.3307, ""chamber_pressure_pa"": 0.000505101, ""sample"": ""Q980_0h_WC"", ""sample_state"": ""Overview"", ""etching_agent"": ""Vilella"", ""imaging_mode"": ""SEM"", ""scale"": ""1.04167e-07 nm/pixel"", ""acquisition_date_if_available"": null}}",,,,
hcci,Q980_0h_WC,hcci_281,Images\281.png,C:\Users\Pranet\Downloads\Mini Project\data\raw\hcci\Images\281.png,281.png,.png,4493766,8efe44d583042cfa51f6adc324fb3ccab4f98ebbd697b99c39b0ead62bf93bcc,2749,1983,4,8,uint8,png,RGBA,SEM,,Overview,Overview,sample_Q980_0h_WC_Overview,Q980_0h_WC,roi_281,Helios NanoLab_BSE_20000.0kV_600.0x,"{""raw_metadata"": {""File Name"": 281, ""SEM"": ""Helios NanoLab"", ""Detector"": ""BSE"", ""Gun"": ""FEG"", ""Voltage"": 20000, ""Magnification"": 600, ""Etching"": ""Vilella"", ""Sample"": ""Q980_0h_WC"", ""Kind"": ""Overview"", ""Pixel Size"": 1.04167e-07, ""Beam Current"": 1.375e-09, ""Dwell Time"": 1e-05, ""Dwell Time cat"": ""high"", ""Chamber Pressure"": 0.000537514, ""Working Distance"": 0.00633072}, ""normalized"": {""microscope"": ""Helios NanoLab"", ""instrument"": ""Helios NanoLab"", ""detector"": ""BSE"", ""accelerating_voltage_kv"": 20000.0, ""magnification"": 600.0, ""pixel_size_nm"": 1.04167e-07, ""beam_current_na"": 1.375e-09, ""dwell_time_us"": 1e-05, ""working_distance_mm"": 6.3307, ""chamber_pressure_pa"": 0.000537514, ""sample"": ""Q980_0h_WC"", ""sample_state"": ""Overview"", ""etching_agent"": ""Vilella"", ""imaging_mode"": ""SEM"", ""scale"": ""1.04167e-07 nm/pixel"", ""acquisition_date_if_available"": null}}",,,,
hcci,Q980_0h_WC,hcci_282,Images\282.png,C:\Users\Pranet\Downloads\Mini Project\data\raw\hcci\Images\282.png,282.png,.png,5774764,d0cc6536fa6416618e894fdd2bdd1c60a4d3d9fc3c069ceec1f8592f3c6b8c9b,2749,1983,4,8,uint8,png,RGBA,SEM,,Overview,Overview,sample_Q980_0h_WC_Overview,Q980_0h_WC,roi_282,Helios NanoLab_BSE_20000.0kV_600.0x,"{""raw_metadata"": {""File Name"": 282, ""SEM"": ""Helios NanoLab"", ""Detector"": ""BSE"", ""Gun"": ""FEG"", ""Voltage"": 20000, ""Magnification"": 600, ""Etching"": ""Vilella"", ""Sample"": ""Q980_0h_WC"", ""Kind"": ""Overview"", ""Pixel Size"": 1.04167e-07, ""Beam Current"": 1.375e-09, ""Dwell Time"": 5e-07, ""Dwell Time cat"": ""low"", ""Chamber Pressure"": 0.000537514, ""Working Distance"": 0.00633072}, ""normalized"": {""microscope"": ""Helios NanoLab"", ""instrument"": ""Helios NanoLab"", ""detector"": ""BSE"", ""accelerating_voltage_kv"": 20000.0, ""magnification"": 600.0, ""pixel_size_nm"": 1.04167e-07, ""beam_current_na"": 1.375e-09, ""dwell_time_us"": 5e-07, ""working_distance_mm"": 6.3307, ""chamber_pressure_pa"": 0.000537514, ""sample"": ""Q980_0h_WC"", ""sample_state"": ""Overview"", ""etching_agent"": ""Vilella"", ""imaging_mode"": ""SEM"", ""scale"": ""1.04167e-07 nm/pixel"", ""acquisition_date_if_available"": null}}",,,,
hcci,Q980_0h_WC,hcci_283,Images\283.png,C:\Users\Pranet\Downloads\Mini Project\data\raw\hcci\Images\283.png,283.png,.png,5617303,6a2a1ea4f3d45529f135b8d38b8960cdac56f5627463bc5f20a9585f42503949,2749,1983,4,8,uint8,png,RGBA,SEM,,Overview,Overview,sample_Q980_0h_WC_Overview,Q980_0h_WC,roi_283,Helios NanoLab_InLens_20000.0kV_600.0x,"{""raw_metadata"": {""File Name"": 283, ""SEM"": ""Helios NanoLab"", ""Detector"": ""InLens"", ""Gun"": ""FEG"", ""Voltage"": 20000, ""Magnification"": 600, ""Etching"": ""Vilella"", ""Sample"": ""Q980_0h_WC"", ""Kind"": ""Overview"", ""Pixel Size"": 1.04167e-07, ""Beam Current"": 1.375e-09, ""Dwell Time"": 1e-05, ""Dwell Time cat"": ""high"", ""Chamber Pressure"": 0.000505101, ""Working Distance"": 0.00633072}, ""normalized"": {""microscope"": ""Helios NanoLab"", ""instrument"": ""Helios NanoLab"", ""detector"": ""InLens"", ""accelerating_voltage_kv"": 20000.0, ""magnification"": 600.0, ""pixel_size_nm"": 1.04167e-07, ""beam_current_na"": 1.375e-09, ""dwell_time_us"": 1e-05, ""working_distance_mm"": 6.3307, ""chamber_pressure_pa"": 0.000505101, ""sample"": ""Q980_0h_WC"", ""sample_state"": ""Overview"", ""etching_agent"": ""Vilella"", ""imaging_mode"": ""SEM"", ""scale"": ""1.04167e-07 nm/pixel"", ""acquisition_date_if_available"": null}}",,,,
hcci,Q980_0h_WC,hcci_284,Images\284.png,C:\Users\Pranet\Downloads\Mini Project\data\raw\hcci\Images\284.png,284.png,.png,7597441,ef5187053ce7ac38ab9cc5df9e582b46e820e62beb08584b931ae9a0fd010a89,2749,1983,4,8,uint8,png,RGBA,SEM,,Overview,Overview,sample_Q980_0h_WC_Overview,Q980_0h_WC,roi_284,Helios NanoLab_InLens_20000.0kV_600.0x,"{""raw_metadata"": {""File Name"": 284, ""SEM"": ""Helios NanoLab"", ""Detector"": ""InLens"", ""Gun"": ""FEG"", ""Voltage"": 20000, ""Magnification"": 600, ""Etching"": ""Vilella"", ""Sample"": ""Q980_0h_WC"", ""Kind"": ""Overview"", ""Pixel Size"": 1.04167e-07, ""Beam Current"": 1.375e-09, ""Dwell Time"": 5e-07, ""Dwell Time cat"": ""low"", ""Chamber Pressure"": 0.000505101, ""Working Distance"": 0.00633072}, ""normalized"": {""microscope"": ""Helios NanoLab"", ""instrument"": ""Helios NanoLab"", ""detector"": ""InLens"", ""accelerating_voltage_kv"": 20000.0, ""magnification"": 600.0, ""pixel_size_nm"": 1.04167e-07, ""beam_current_na"": 1.375e-09, ""dwell_time_us"": 5e-07, ""working_distance_mm"": 6.3307, ""chamber_pressure_pa"": 0.000505101, ""sample"": ""Q980_0h_WC"", ""sample_state"": ""Overview"", ""etching_agent"": ""Vilella"", ""imaging_mode"": ""SEM"", ""scale"": ""1.04167e-07 nm/pixel"", ""acquisition_date_if_available"": null}}",,,,
hcci,Q980_0h_WC,hcci_285,Images\285.png,C:\Users\Pranet\Downloads\Mini Project\data\raw\hcci\Images\285.png,285.png,.png,4896493,0a46d6c861a7fb44169cb06bb081afbd059740bbddad08f4909caacf4a1f369a,2651,1896,4,8,uint8,png,RGBA,SEM,,Detail,Detail,sample_Q980_0h_WC_Detail,Q980_0h_WC,roi_285,Helios NanoLab_SE_20000.0kV_3250.0x,"{""raw_metadata"": {""File Name"": 285, ""SEM"": ""Helios NanoLab"", ""Detector"": ""SE"", ""Gun"": ""FEG"", ""Voltage"": 20000, ""Magnification"": 3250, ""Etching"": ""Vilella"", ""Sample"": ""Q980_0h_WC"", ""Kind"": ""Detail"", ""Pixel Size"": 1.92308e-08, ""Beam Current"": 1.375e-09, ""Dwell Time"": 1e-05, ""Dwell Time cat"": ""high"", ""Chamber Pressure"": 0.000472689, ""Working Distance"": 0.00632776}, ""normalized"": {""microscope"": ""Helios NanoLab"", ""instrument"": ""Helios NanoLab"", ""detector"": ""SE"", ""accelerating_voltage_kv"": 20000.0, ""magnification"": 3250.0, ""pixel_size_nm"": 1.92308e-08, ""beam_current_na"": 1.375e-09, ""dwell_time_us"": 1e-05, ""working_distance_mm"": 6.3278, ""chamber_pressure_pa"": 0.000472689, ""sample"": ""Q980_0h_WC"", ""sample_state"": ""Detail"", ""etching_agent"": ""Vilella"", ""imaging_mode"": ""SEM"", ""scale"": ""1.92308e-08 nm/pixel"", ""acquisition_date_if_available"": null}}",,,,
hcci,Q980_0h_WC,hcci_286,Images\286.png,C:\Users\Pranet\Downloads\Mini Project\data\raw\hcci\Images\286.png,286.png,.png,6538882,f61f3c7b900378860d74efbf999a5d8571007741128cca1b16b4e319ce82aedf,2651,1896,4,8,uint8,png,RGBA,SEM,,Detail,Detail,sample_Q980_0h_WC_Detail,Q980_0h_WC,roi_286,Helios NanoLab_SE_20000.0kV_3250.0x,"{""raw_metadata"": {""File Name"": 286, ""SEM"": ""Helios NanoLab"", ""Detector"": ""SE"", ""Gun"": ""FEG"", ""Voltage"": 20000, ""Magnification"": 3250, ""Etching"": ""Vilella"", ""Sample"": ""Q980_0h_WC"", ""Kind"": ""Detail"", ""Pixel Size"": 1.92308e-08, ""Beam Current"": 1.375e-09, ""Dwell Time"": 5e-07, ""Dwell Time cat"": ""low"", ""Chamber Pressure"": 0.000472689, ""Working Distance"": 0.00632776}, ""normalized"": {""microscope"": ""Helios NanoLab"", ""instrument"": ""Helios NanoLab"", ""detector"": ""SE"", ""accelerating_voltage_kv"": 20000.0, ""magnification"": 3250.0, ""pixel_size_nm"": 1.92308e-08, ""beam_current_na"": 1.375e-09, ""dwell_time_us"": 5e-07, ""working_distance_mm"": 6.3278, ""chamber_pressure_pa"": 0.000472689, ""sample"": ""Q980_0h_WC"", ""sample_state"": ""Detail"", ""etching_agent"": ""Vilella"", ""imaging_mode"": ""SEM"", ""scale"": ""1.92308e-08 nm/pixel"", ""acquisition_date_if_available"": null}}",,,,
hcci,Q980_0h_WC,hcci_287,Images\287.png,C:\Users\Pranet\Downloads\Mini Project\data\raw\hcci\Images\287.png,287.png,.png,5002698,02a4c09e25a6c7128a7e7fd5abf7f3bd9113cd3adc2c8d6fb111cc2841cb4cac,2651,1896,4,8,uint8,png,RGBA,SEM,,Detail,Detail,sample_Q980_0h_WC_Detail,Q980_0h_WC,roi_287,Helios NanoLab_BSE_20000.0kV_3250.0x,"{""raw_metadata"": {""File Name"": 287, ""SEM"": ""Helios NanoLab"", ""Detector"": ""BSE"", ""Gun"": ""FEG"", ""Voltage"": 20000, ""Magnification"": 3250, ""Etching"": ""Vilella"", ""Sample"": ""Q980_0h_WC"", ""Kind"": ""Detail"", ""Pixel Size"": 1.92308e-08, ""Beam Current"": 1.375e-09, ""Dwell Time"": 1e-05, ""Dwell Time cat"": ""high"", ""Chamber Pressure"": 0.000494297, ""Working Distance"": 0.00632776}, ""normalized"": {""microscope"": ""Helios NanoLab"", ""instrument"": ""Helios NanoLab"", ""detector"": ""BSE"", ""accelerating_voltage_kv"": 20000.0, ""magnification"": 3250.0, ""pixel_size_nm"": 1.92308e-08, ""beam_current_na"": 1.375e-09, ""dwell_time_us"": 1e-05, ""working_distance_mm"": 6.3278, ""chamber_pressure_pa"": 0.000494297, ""sample"": ""Q980_0h_WC"", ""sample_state"": ""Detail"", ""etching_agent"": ""Vilella"", ""imaging_mode"": ""SEM"", ""scale"": ""1.92308e-08 nm/pixel"", ""acquisition_date_if_available"": null}}",,,,
hcci,Q980_0h_WC,hcci_288,Images\288.png,C:\Users\Pranet\Downloads\Mini Project\data\raw\hcci\Images\288.png,288.png,.png,5173778,5934f26de8ca89e96ab79b8d3eb419942f27a0ad72946abcad83079651fbc8b5,2651,1896,4,8,uint8,png,RGBA,SEM,,Detail,Detail,sample_Q980_0h_WC_Detail,Q980_0h_WC,roi_288,Helios NanoLab_BSE_20000.0kV_3250.0x,"{""raw_metadata"": {""File Name"": 288, ""SEM"": ""Helios NanoLab"", ""Detector"": ""BSE"", ""Gun"": ""FEG"", ""Voltage"": 20000, ""Magnification"": 3250, ""Etching"": ""Vilella"", ""Sample"": ""Q980_0h_WC"", ""Kind"": ""Detail"", ""Pixel Size"": 1.92308e-08, ""Beam Current"": 1.375e-09, ""Dwell Time"": 5e-07, ""Dwell Time cat"": ""low"", ""Chamber Pressure"": 0.000494297, ""Working Distance"": 0.00632776}, ""normalized"": {""microscope"": ""Helios NanoLab"", ""instrument"": ""Helios NanoLab"", ""detector"": ""BSE"", ""accelerating_voltage_kv"": 20000.0, ""magnification"": 3250.0, ""pixel_size_nm"": 1.92308e-08, ""beam_current_na"": 1.375e-09, ""dwell_time_us"": 5e-07, ""working_distance_mm"": 6.3278, ""chamber_pressure_pa"": 0.000494297, ""sample"": ""Q980_0h_WC"", ""sample_state"": ""Detail"", ""etching_agent"": ""Vilella"", ""imaging_mode"": ""SEM"", ""scale"": ""1.92308e-08 nm/pixel"", ""acquisition_date_if_available"": null}}",,,,
hcci,Q980_0h_WC,hcci_289,Images\289.png,C:\Users\Pranet\Downloads\Mini Project\data\raw\hcci\Images\289.png,289.png,.png,5280659,72839165e24e5b607cbd90d4231a77407aef037189c1596218406e5f403da5de,2651,1896,4,8,uint8,png,RGBA,SEM,,Detail,Detail,sample_Q980_0h_WC_Detail,Q980_0h_WC,roi_289,Helios NanoLab_InLens_20000.0kV_3250.0x,"{""raw_metadata"": {""File Name"": 289, ""SEM"": ""Helios NanoLab"", ""Detector"": ""InLens"", ""Gun"": ""FEG"", ""Voltage"": 20000, ""Magnification"": 3250, ""Etching"": ""Vilella"", ""Sample"": ""Q980_0h_WC"", ""Kind"": ""Detail"", ""Pixel Size"": 1.92308e-08, ""Beam Current"": 1.375e-09, ""Dwell Time"": 1e-05, ""Dwell Time cat"": ""high"", ""Chamber Pressure"": 0.000461885, ""Working Distance"": 0.00632776}, ""normalized"": {""microscope"": ""Helios NanoLab"", ""instrument"": ""Helios NanoLab"", ""detector"": ""InLens"", ""accelerating_voltage_kv"": 20000.0, ""magnification"": 3250.0, ""pixel_size_nm"": 1.92308e-08, ""beam_current_na"": 1.375e-09, ""dwell_time_us"": 1e-05, ""working_distance_mm"": 6.3278, ""chamber_pressure_pa"": 0.000461885, ""sample"": ""Q980_0h_WC"", ""sample_state"": ""Detail"", ""etching_agent"": ""Vilella"", ""imaging_mode"": ""SEM"", ""scale"": ""1.92308e-08 nm/pixel"", ""acquisition_date_if_available"": null}}",,,,
hcci,AsCast,hcci_29,Images\29.png,C:\Users\Pranet\Downloads\Mini Project\data\raw\hcci\Images\29.png,29.png,.png,5851253,a14356dfecfa3d024e1addb1dc25b4b970b475d3cbde1ee7615764a28a7ec94a,2860,1922,4,8,uint8,png,RGBA,SEM,,Overview,Overview,sample_AsCast_Overview,AsCast,roi_29,Helios G4 PFIB CXe_InLens_20000.0kV_1000.0x,"{""raw_metadata"": {""File Name"": 29, ""SEM"": ""Helios G4 PFIB CXe"", ""Detector"": ""InLens"", ""Gun"": ""FEG"", ""Voltage"": 20000, ""Magnification"": 1000, ""Etching"": ""Vilella"", ""Sample"": ""AsCast"", ""Kind"": ""Overview"", ""Pixel Size"": 6.74479e-08, ""Beam Current"": 1.6e-09, ""Dwell Time"": 1e-05, ""Dwell Time cat"": ""high"", ""Chamber Pressure"": 0.000255, ""Working Distance"": 0.00672148}, ""normalized"": {""microscope"": ""Helios G4 PFIB CXe"", ""instrument"": ""Helios G4 PFIB CXe"", ""detector"": ""InLens"", ""accelerating_voltage_kv"": 20000.0, ""magnification"": 1000.0, ""pixel_size_nm"": 6.74479e-08, ""beam_current_na"": 1.6e-09, ""dwell_time_us"": 1e-05, ""working_distance_mm"": 6.7215, ""chamber_pressure_pa"": 0.000255, ""sample"": ""AsCast"", ""sample_state"": ""Overview"", ""etching_agent"": ""Vilella"", ""imaging_mode"": ""SEM"", ""scale"": ""6.74479e-08 nm/pixel"", ""acquisition_date_if_available"": null}}",,,,
hcci,Q980_0h_WC,hcci_290,Images\290.png,C:\Users\Pranet\Downloads\Mini Project\data\raw\hcci\Images\290.png,290.png,.png,7153280,92636d408df3f32ce96da6eee4297ada5ce464950a158f95595ded611eb51c5e,2651,1896,4,8,uint8,png,RGBA,SEM,,Detail,Detail,sample_Q980_0h_WC_Detail,Q980_0h_WC,roi_290,Helios NanoLab_InLens_20000.0kV_3250.0x,"{""raw_metadata"": {""File Name"": 290, ""SEM"": ""Helios NanoLab"", ""Detector"": ""InLens"", ""Gun"": ""FEG"", ""Voltage"": 20000, ""Magnification"": 3250, ""Etching"": ""Vilella"", ""Sample"": ""Q980_0h_WC"", ""Kind"": ""Detail"", ""Pixel Size"": 1.92308e-08, ""Beam Current"": 1.375e-09, ""Dwell Time"": 5e-07, ""Dwell Time cat"": ""low"", ""Chamber Pressure"": 0.000461885, ""Working Distance"": 0.00632776}, ""normalized"": {""microscope"": ""Helios NanoLab"", ""instrument"": ""Helios NanoLab"", ""detector"": ""InLens"", ""accelerating_voltage_kv"": 20000.0, ""magnification"": 3250.0, ""pixel_size_nm"": 1.92308e-08, ""beam_current_na"": 1.375e-09, ""dwell_time_us"": 5e-07, ""working_distance_mm"": 6.3278, ""chamber_pressure_pa"": 0.000461885, ""sample"": ""Q980_0h_WC"", ""sample_state"": ""Detail"", ""etching_agent"": ""Vilella"", ""imaging_mode"": ""SEM"", ""scale"": ""1.92308e-08 nm/pixel"", ""acquisition_date_if_available"": null}}",,,,
hcci,Q980_9h_AC,hcci_291,Images\291.png,C:\Users\Pranet\Downloads\Mini Project\data\raw\hcci\Images\291.png,291.png,.png,5645481,932ee3a4edb83630c45b4e703d8d2e80b960bc071dbaf46902bd9fd6409422b0,2764,2019,4,8,uint8,png,RGBA,SEM,,Overview,Overview,sample_Q980_9h_AC_Overview,Q980_9h_AC,roi_291,Helios NanoLab_SE_5000.0kV_600.0x,"{""raw_metadata"": {""File Name"": 291, ""SEM"": ""Helios NanoLab"", ""Detector"": ""SE"", ""Gun"": ""FEG"", ""Voltage"": 5000, ""Magnification"": 600, ""Etching"": ""Vilella"", ""Sample"": ""Q980_9h_AC"", ""Kind"": ""Overview"", ""Pixel Size"": 1.04167e-07, ""Beam Current"": 1.375e-09, ""Dwell Time"": 1e-05, ""Dwell Time cat"": ""high"", ""Chamber Pressure"": 0.00131326, ""Working Distance"": 0.00600695}, ""normalized"": {""microscope"": ""Helios NanoLab"", ""instrument"": ""Helios NanoLab"", ""detector"": ""SE"", ""accelerating_voltage_kv"": 5000.0, ""magnification"": 600.0, ""pixel_size_nm"": 1.04167e-07, ""beam_current_na"": 1.375e-09, ""dwell_time_us"": 1e-05, ""working_distance_mm"": 6.0069, ""chamber_pressure_pa"": 0.00131326, ""sample"": ""Q980_9h_AC"", ""sample_state"": ""Overview"", ""etching_agent"": ""Vilella"", ""imaging_mode"": ""SEM"", ""scale"": ""1.04167e-07 nm/pixel"", ""acquisition_date_if_available"": null}}",,,,
hcci,Q980_9h_AC,hcci_292,Images\292.png,C:\Users\Pranet\Downloads\Mini Project\data\raw\hcci\Images\292.png,292.png,.png,6150059,c8983122ce93cd501a6144520ac0decf52ee6b2c53a293c5652a1a90409d825b,2764,2019,4,8,uint8,png,RGBA,SEM,,Overview,Overview,sample_Q980_9h_AC_Overview,Q980_9h_AC,roi_292,Helios NanoLab_SE_5000.0kV_600.0x,"{""raw_metadata"": {""File Name"": 292, ""SEM"": ""Helios NanoLab"", ""Detector"": ""SE"", ""Gun"": ""FEG"", ""Voltage"": 5000, ""Magnification"": 600, ""Etching"": ""Vilella"", ""Sample"": ""Q980_9h_AC"", ""Kind"": ""Overview"", ""Pixel Size"": 1.04167e-07, ""Beam Current"": 1.375e-09, ""Dwell Time"": 5e-07, ""Dwell Time cat"": ""low"", ""Chamber Pressure"": 0.00131326, ""Working Distance"": 0.00600695}, ""normalized"": {""microscope"": ""Helios NanoLab"", ""instrument"": ""Helios NanoLab"", ""detector"": ""SE"", ""accelerating_voltage_kv"": 5000.0, ""magnification"": 600.0, ""pixel_size_nm"": 1.04167e-07, ""beam_current_na"": 1.375e-09, ""dwell_time_us"": 5e-07, ""working_distance_mm"": 6.0069, ""chamber_pressure_pa"": 0.00131326, ""sample"": ""Q980_9h_AC"", ""sample_state"": ""Overview"", ""etching_agent"": ""Vilella"", ""imaging_mode"": ""SEM"", ""scale"": ""1.04167e-07 nm/pixel"", ""acquisition_date_if_available"": null}}",,,,
hcci,Q980_9h_AC,hcci_293,Images\293.png,C:\Users\Pranet\Downloads\Mini Project\data\raw\hcci\Images\293.png,293.png,.png,6352581,5a34b903d3aee47a54fbff9d0fdbf555749906375730cb5d2600b07d8ec887bd,2764,2019,4,8,uint8,png,RGBA,SEM,,Overview,Overview,sample_Q980_9h_AC_Overview,Q980_9h_AC,roi_293,Helios NanoLab_BSE_5000.0kV_600.0x,"{""raw_metadata"": {""File Name"": 293, ""SEM"": ""Helios NanoLab"", ""Detector"": ""BSE"", ""Gun"": ""FEG"", ""Voltage"": 5000, ""Magnification"": 600, ""Etching"": ""Vilella"", ""Sample"": ""Q980_9h_AC"", ""Kind"": ""Overview"", ""Pixel Size"": 1.04167e-07, ""Beam Current"": 1.375e-09, ""Dwell Time"": 1e-05, ""Dwell Time cat"": ""high"", ""Chamber Pressure"": 0.00119902, ""Working Distance"": 0.00600695}, ""normalized"": {""microscope"": ""Helios NanoLab"", ""instrument"": ""Helios NanoLab"", ""detector"": ""BSE"", ""accelerating_voltage_kv"": 5000.0, ""magnification"": 600.0, ""pixel_size_nm"": 1.04167e-07, ""beam_current_na"": 1.375e-09, ""dwell_time_us"": 1e-05, ""working_distance_mm"": 6.0069, ""chamber_pressure_pa"": 0.00119902, ""sample"": ""Q980_9h_AC"", ""sample_state"": ""Overview"", ""etching_agent"": ""Vilella"", ""imaging_mode"": ""SEM"", ""scale"": ""1.04167e-07 nm/pixel"", ""acquisition_date_if_available"": null}}",,,,
hcci,Q980_9h_AC,hcci_294,Images\294.png,C:\Users\Pranet\Downloads\Mini Project\data\raw\hcci\Images\294.png,294.png,.png,6419934,becae693829c800427484790ac433e6b88c095452f115e8bb34f3d32a972f048,2764,2019,4,8,uint8,png,RGBA,SEM,,Overview,Overview,sample_Q980_9h_AC_Overview,Q980_9h_AC,roi_294,Helios NanoLab_BSE_5000.0kV_600.0x,"{""raw_metadata"": {""File Name"": 294, ""SEM"": ""Helios NanoLab"", ""Detector"": ""BSE"", ""Gun"": ""FEG"", ""Voltage"": 5000, ""Magnification"": 600, ""Etching"": ""Vilella"", ""Sample"": ""Q980_9h_AC"", ""Kind"": ""Overview"", ""Pixel Size"": 1.04167e-07, ""Beam Current"": 1.375e-09, ""Dwell Time"": 5e-07, ""Dwell Time cat"": ""low"", ""Chamber Pressure"": 0.00119902, ""Working Distance"": 0.00600695}, ""normalized"": {""microscope"": ""Helios NanoLab"", ""instrument"": ""Helios NanoLab"", ""detector"": ""BSE"", ""accelerating_voltage_kv"": 5000.0, ""magnification"": 600.0, ""pixel_size_nm"": 1.04167e-07, ""beam_current_na"": 1.375e-09, ""dwell_time_us"": 5e-07, ""working_distance_mm"": 6.0069, ""chamber_pressure_pa"": 0.00119902, ""sample"": ""Q980_9h_AC"", ""sample_state"": ""Overview"", ""etching_agent"": ""Vilella"", ""imaging_mode"": ""SEM"", ""scale"": ""1.04167e-07 nm/pixel"", ""acquisition_date_if_available"": null}}",,,,
hcci,Q980_9h_AC,hcci_295,Images\295.png,C:\Users\Pranet\Downloads\Mini Project\data\raw\hcci\Images\295.png,295.png,.png,5254671,18d97118e4c2fd000b546756ca8f28a0be70f9cad12aa7bc50e3406b1873d550,2764,2019,4,8,uint8,png,RGBA,SEM,,Overview,Overview,sample_Q980_9h_AC_Overview,Q980_9h_AC,roi_295,Helios NanoLab_InLens_5000.0kV_600.0x,"{""raw_metadata"": {""File Name"": 295, ""SEM"": ""Helios NanoLab"", ""Detector"": ""InLens"", ""Gun"": ""FEG"", ""Voltage"": 5000, ""Magnification"": 600, ""Etching"": ""Vilella"", ""Sample"": ""Q980_9h_AC"", ""Kind"": ""Overview"", ""Pixel Size"": 1.04167e-07, ""Beam Current"": 1.375e-09, ""Dwell Time"": 1e-05, ""Dwell Time cat"": ""high"", ""Chamber Pressure"": 0.00114037, ""Working Distance"": 0.00600695}, ""normalized"": {""microscope"": ""Helios NanoLab"", ""instrument"": ""Helios NanoLab"", ""detector"": ""InLens"", ""accelerating_voltage_kv"": 5000.0, ""magnification"": 600.0, ""pixel_size_nm"": 1.04167e-07, ""beam_current_na"": 1.375e-09, ""dwell_time_us"": 1e-05, ""working_distance_mm"": 6.0069, ""chamber_pressure_pa"": 0.00114037, ""sample"": ""Q980_9h_AC"", ""sample_state"": ""Overview"", ""etching_agent"": ""Vilella"", ""imaging_mode"": ""SEM"", ""scale"": ""1.04167e-07 nm/pixel"", ""acquisition_date_if_available"": null}}",,,,
hcci,Q980_9h_AC,hcci_296,Images\296.png,C:\Users\Pranet\Downloads\Mini Project\data\raw\hcci\Images\296.png,296.png,.png,6619464,f06aff7c3c86bdeeb949e764d2073429000190a884d972749eed558e36f27dfe,2764,2019,4,8,uint8,png,RGBA,SEM,,Overview,Overview,sample_Q980_9h_AC_Overview,Q980_9h_AC,roi_296,Helios NanoLab_InLens_5000.0kV_600.0x,"{""raw_metadata"": {""File Name"": 296, ""SEM"": ""Helios NanoLab"", ""Detector"": ""InLens"", ""Gun"": ""FEG"", ""Voltage"": 5000, ""Magnification"": 600, ""Etching"": ""Vilella"", ""Sample"": ""Q980_9h_AC"", ""Kind"": ""Overview"", ""Pixel Size"": 1.04167e-07, ""Beam Current"": 1.375e-09, ""Dwell Time"": 5e-07, ""Dwell Time cat"": ""low"", ""Chamber Pressure"": 0.00114037, ""Working Distance"": 0.00600695}, ""normalized"": {""microscope"": ""Helios NanoLab"", ""instrument"": ""Helios NanoLab"", ""detector"": ""InLens"", ""accelerating_voltage_kv"": 5000.0, ""magnification"": 600.0, ""pixel_size_nm"": 1.04167e-07, ""beam_current_na"": 1.375e-09, ""dwell_time_us"": 5e-07, ""working_distance_mm"": 6.0069, ""chamber_pressure_pa"": 0.00114037, ""sample"": ""Q980_9h_AC"", ""sample_state"": ""Overview"", ""etching_agent"": ""Vilella"", ""imaging_mode"": ""SEM"", ""scale"": ""1.04167e-07 nm/pixel"", ""acquisition_date_if_available"": null}}",,,,
hcci,Q980_9h_AC,hcci_297,Images\297.png,C:\Users\Pranet\Downloads\Mini Project\data\raw\hcci\Images\297.png,297.png,.png,4233125,7eaf9f8cc3ba404a757b406d6bf310c6446d46c8684ab0ea0a730d3d5bd5bfd7,2329,1963,4,8,uint8,png,RGBA,SEM,,Detail,Detail,sample_Q980_9h_AC_Detail,Q980_9h_AC,roi_297,Helios NanoLab_SE_5000.0kV_3250.0x,"{""raw_metadata"": {""File Name"": 297, ""SEM"": ""Helios NanoLab"", ""Detector"": ""SE"", ""Gun"": ""FEG"", ""Voltage"": 5000, ""Magnification"": 3250, ""Etching"": ""Vilella"", ""Sample"": ""Q980_9h_AC"", ""Kind"": ""Detail"", ""Pixel Size"": 1.92308e-08, ""Beam Current"": 1.375e-09, ""Dwell Time"": 1e-05, ""Dwell Time cat"": ""high"", ""Chamber Pressure"": 0.00108172, ""Working Distance"": 0.00600695}, ""normalized"": {""microscope"": ""Helios NanoLab"", ""instrument"": ""Helios NanoLab"", ""detector"": ""SE"", ""accelerating_voltage_kv"": 5000.0, ""magnification"": 3250.0, ""pixel_size_nm"": 1.92308e-08, ""beam_current_na"": 1.375e-09, ""dwell_time_us"": 1e-05, ""working_distance_mm"": 6.0069, ""chamber_pressure_pa"": 0.00108172, ""sample"": ""Q980_9h_AC"", ""sample_state"": ""Detail"", ""etching_agent"": ""Vilella"", ""imaging_mode"": ""SEM"", ""scale"": ""1.92308e-08 nm/pixel"", ""acquisition_date_if_available"": null}}",,,,
hcci,Q980_9h_AC,hcci_298,Images\298.png,C:\Users\Pranet\Downloads\Mini Project\data\raw\hcci\Images\298.png,298.png,.png,5215804,2094954b0cdbdf7483bfc6b7098ee7824d024661fba1f8338a5002fda4041aff,2329,1963,4,8,uint8,png,RGBA,SEM,,Detail,Detail,sample_Q980_9h_AC_Detail,Q980_9h_AC,roi_298,Helios NanoLab_SE_5000.0kV_3250.0x,"{""raw_metadata"": {""File Name"": 298, ""SEM"": ""Helios NanoLab"", ""Detector"": ""SE"", ""Gun"": ""FEG"", ""Voltage"": 5000, ""Magnification"": 3250, ""Etching"": ""Vilella"", ""Sample"": ""Q980_9h_AC"", ""Kind"": ""Detail"", ""Pixel Size"": 1.92308e-08, ""Beam Current"": 1.375e-09, ""Dwell Time"": 5e-07, ""Dwell Time cat"": ""low"", ""Chamber Pressure"": 0.00108172, ""Working Distance"": 0.00600695}, ""normalized"": {""microscope"": ""Helios NanoLab"", ""instrument"": ""Helios NanoLab"", ""detector"": ""SE"", ""accelerating_voltage_kv"": 5000.0, ""magnification"": 3250.0, ""pixel_size_nm"": 1.92308e-08, ""beam_current_na"": 1.375e-09, ""dwell_time_us"": 5e-07, ""working_distance_mm"": 6.0069, ""chamber_pressure_pa"": 0.00108172, ""sample"": ""Q980_9h_AC"", ""sample_state"": ""Detail"", ""etching_agent"": ""Vilella"", ""imaging_mode"": ""SEM"", ""scale"": ""1.92308e-08 nm/pixel"", ""acquisition_date_if_available"": null}}",,,,
hcci,Q980_9h_AC,hcci_299,Images\299.png,C:\Users\Pranet\Downloads\Mini Project\data\raw\hcci\Images\299.png,299.png,.png,4697336,5aa1714531078865b30803e1f7bdc0e914a1747ba9bd7a003fad8ab2b9b16dee,2329,1963,4,8,uint8,png,RGBA,SEM,,Detail,Detail,sample_Q980_9h_AC_Detail,Q980_9h_AC,roi_299,Helios NanoLab_BSE_5000.0kV_3250.0x,"{""raw_metadata"": {""File Name"": 299, ""SEM"": ""Helios NanoLab"", ""Detector"": ""BSE"", ""Gun"": ""FEG"", ""Voltage"": 5000, ""Magnification"": 3250, ""Etching"": ""Vilella"", ""Sample"": ""Q980_9h_AC"", ""Kind"": ""Detail"", ""Pixel Size"": 1.92308e-08, ""Beam Current"": 1.375e-09, ""Dwell Time"": 1e-05, ""Dwell Time cat"": ""high"", ""Chamber Pressure"": 0.00106217, ""Working Distance"": 0.00600695}, ""normalized"": {""microscope"": ""Helios NanoLab"", ""instrument"": ""Helios NanoLab"", ""detector"": ""BSE"", ""accelerating_voltage_kv"": 5000.0, ""magnification"": 3250.0, ""pixel_size_nm"": 1.92308e-08, ""beam_current_na"": 1.375e-09, ""dwell_time_us"": 1e-05, ""working_distance_mm"": 6.0069, ""chamber_pressure_pa"": 0.00106217, ""sample"": ""Q980_9h_AC"", ""sample_state"": ""Detail"", ""etching_agent"": ""Vilella"", ""imaging_mode"": ""SEM"", ""scale"": ""1.92308e-08 nm/pixel"", ""acquisition_date_if_available"": null}}",,,,
hcci,AsCast,hcci_3,Images\3.png,C:\Users\Pranet\Downloads\Mini Project\data\raw\hcci\Images\3.png,3.png,.png,4959878,3ce73bb45f4f43a51aa77dd2717a55d42732e252c220597f925f494726878ba7,2860,1922,4,8,uint8,png,RGBA,SEM,,Overview,Overview,sample_AsCast_Overview,AsCast,roi_3,Helios G4 PFIB CXe_BSE_5000.0kV_1000.0x,"{""raw_metadata"": {""File Name"": 3, ""SEM"": ""Helios G4 PFIB CXe"", ""Detector"": ""BSE"", ""Gun"": ""FEG"", ""Voltage"": 5000, ""Magnification"": 1000, ""Etching"": ""Vilella"", ""Sample"": ""AsCast"", ""Kind"": ""Overview"", ""Pixel Size"": 6.74479e-08, ""Beam Current"": 1.6e-09, ""Dwell Time"": 1e-05, ""Dwell Time cat"": ""high"", ""Chamber Pressure"": 0.000846, ""Working Distance"": 0.00680048}, ""normalized"": {""microscope"": ""Helios G4 PFIB CXe"", ""instrument"": ""Helios G4 PFIB CXe"", ""detector"": ""BSE"", ""accelerating_voltage_kv"": 5000.0, ""magnification"": 1000.0, ""pixel_size_nm"": 6.74479e-08, ""beam_current_na"": 1.6e-09, ""dwell_time_us"": 1e-05, ""working_distance_mm"": 6.8005, ""chamber_pressure_pa"": 0.000846, ""sample"": ""AsCast"", ""sample_state"": ""Overview"", ""etching_agent"": ""Vilella"", ""imaging_mode"": ""SEM"", ""scale"": ""6.74479e-08 nm/pixel"", ""acquisition_date_if_available"": null}}",,,,
hcci,Q980_9h_AC,hcci_300,Images\300.png,C:\Users\Pranet\Downloads\Mini Project\data\raw\hcci\Images\300.png,300.png,.png,5441718,34742eecf34b14325b8a96a74deed112275b56b0f2320d4079f12cf44fa1bb6a,2329,1963,4,8,uint8,png,RGBA,SEM,,Detail,Detail,sample_Q980_9h_AC_Detail,Q980_9h_AC,roi_300,Helios NanoLab_BSE_5000.0kV_3250.0x,"{""raw_metadata"": {""File Name"": 300, ""SEM"": ""Helios NanoLab"", ""Detector"": ""BSE"", ""Gun"": ""FEG"", ""Voltage"": 5000, ""Magnification"": 3250, ""Etching"": ""Vilella"", ""Sample"": ""Q980_9h_AC"", ""Kind"": ""Detail"", ""Pixel Size"": 1.92308e-08, ""Beam Current"": 1.375e-09, ""Dwell Time"": 5e-07, ""Dwell Time cat"": ""low"", ""Chamber Pressure"": 0.00107195, ""Working Distance"": 0.00600695}, ""normalized"": {""microscope"": ""Helios NanoLab"", ""instrument"": ""Helios NanoLab"", ""detector"": ""BSE"", ""accelerating_voltage_kv"": 5000.0, ""magnification"": 3250.0, ""pixel_size_nm"": 1.92308e-08, ""beam_current_na"": 1.375e-09, ""dwell_time_us"": 5e-07, ""working_distance_mm"": 6.0069, ""chamber_pressure_pa"": 0.00107195, ""sample"": ""Q980_9h_AC"", ""sample_state"": ""Detail"", ""etching_agent"": ""Vilella"", ""imaging_mode"": ""SEM"", ""scale"": ""1.92308e-08 nm/pixel"", ""acquisition_date_if_available"": null}}",,,,
hcci,Q980_9h_AC,hcci_301,Images\301.png,C:\Users\Pranet\Downloads\Mini Project\data\raw\hcci\Images\301.png,301.png,.png,4487943,13e193f6efdb37a65ace7e41d6766ff681f617803024cc11f7a587d5c73dd4f6,2329,1963,4,8,uint8,png,RGBA,SEM,,Detail,Detail,sample_Q980_9h_AC_Detail,Q980_9h_AC,roi_301,Helios NanoLab_InLens_5000.0kV_3250.0x,"{""raw_metadata"": {""File Name"": 301, ""SEM"": ""Helios NanoLab"", ""Detector"": ""InLens"", ""Gun"": ""FEG"", ""Voltage"": 5000, ""Magnification"": 3250, ""Etching"": ""Vilella"", ""Sample"": ""Q980_9h_AC"", ""Kind"": ""Detail"", ""Pixel Size"": 1.92308e-08, ""Beam Current"": 1.375e-09, ""Dwell Time"": 1e-05, ""Dwell Time cat"": ""high"", ""Chamber Pressure"": 0.00101329, ""Working Distance"": 0.00600695}, ""normalized"": {""microscope"": ""Helios NanoLab"", ""instrument"": ""Helios NanoLab"", ""detector"": ""InLens"", ""accelerating_voltage_kv"": 5000.0, ""magnification"": 3250.0, ""pixel_size_nm"": 1.92308e-08, ""beam_current_na"": 1.375e-09, ""dwell_time_us"": 1e-05, ""working_distance_mm"": 6.0069, ""chamber_pressure_pa"": 0.00101329, ""sample"": ""Q980_9h_AC"", ""sample_state"": ""Detail"", ""etching_agent"": ""Vilella"", ""imaging_mode"": ""SEM"", ""scale"": ""1.92308e-08 nm/pixel"", ""acquisition_date_if_available"": null}}",,,,
hcci,Q980_9h_AC,hcci_302,Images\302.png,C:\Users\Pranet\Downloads\Mini Project\data\raw\hcci\Images\302.png,302.png,.png,5666755,ae5507a30b2d00a32fb4b55e8e47ad76fbc1c3ce20cc8f4b723e076e8f9ba90c,2329,1963,4,8,uint8,png,RGBA,SEM,,Detail,Detail,sample_Q980_9h_AC_Detail,Q980_9h_AC,roi_302,Helios NanoLab_InLens_5000.0kV_3250.0x,"{""raw_metadata"": {""File Name"": 302, ""SEM"": ""Helios NanoLab"", ""Detector"": ""InLens"", ""Gun"": ""FEG"", ""Voltage"": 5000, ""Magnification"": 3250, ""Etching"": ""Vilella"", ""Sample"": ""Q980_9h_AC"", ""Kind"": ""Detail"", ""Pixel Size"": 1.92308e-08, ""Beam Current"": 1.375e-09, ""Dwell Time"": 5e-07, ""Dwell Time cat"": ""low"", ""Chamber Pressure"": 0.000963595, ""Working Distance"": 0.00600695}, ""normalized"": {""microscope"": ""Helios NanoLab"", ""instrument"": ""Helios NanoLab"", ""detector"": ""InLens"", ""accelerating_voltage_kv"": 5000.0, ""magnification"": 3250.0, ""pixel_size_nm"": 1.92308e-08, ""beam_current_na"": 1.375e-09, ""dwell_time_us"": 5e-07, ""working_distance_mm"": 6.0069, ""chamber_pressure_pa"": 0.000963595, ""sample"": ""Q980_9h_AC"", ""sample_state"": ""Detail"", ""etching_agent"": ""Vilella"", ""imaging_mode"": ""SEM"", ""scale"": ""1.92308e-08 nm/pixel"", ""acquisition_date_if_available"": null}}",,,,
hcci,Q980_9h_AC,hcci_303,Images\303.png,C:\Users\Pranet\Downloads\Mini Project\data\raw\hcci\Images\303.png,303.png,.png,5624265,5957fd6a6af0e862a50d03ec9fd24ae8ae22aca39ad59fed3eeb0e2f04ec2359,2764,2019,4,8,uint8,png,RGBA,SEM,,Overview,Overview,sample_Q980_9h_AC_Overview,Q980_9h_AC,roi_303,Helios NanoLab_SE_10000.0kV_600.0x,"{""raw_metadata"": {""File Name"": 303, ""SEM"": ""Helios NanoLab"", ""Detector"": ""SE"", ""Gun"": ""FEG"", ""Voltage"": 10000, ""Magnification"": 600, ""Etching"": ""Vilella"", ""Sample"": ""Q980_9h_AC"", ""Kind"": ""Overview"", ""Pixel Size"": 1.04167e-07, ""Beam Current"": 1.375e-09, ""Dwell Time"": 1e-05, ""Dwell Time cat"": ""high"", ""Chamber Pressure"": 0.00091652, ""Working Distance"": 0.00603955}, ""normalized"": {""microscope"": ""Helios NanoLab"", ""instrument"": ""Helios NanoLab"", ""detector"": ""SE"", ""accelerating_voltage_kv"": 10000.0, ""magnification"": 600.0, ""pixel_size_nm"": 1.04167e-07, ""beam_current_na"": 1.375e-09, ""dwell_time_us"": 1e-05, ""working_distance_mm"": 6.0396, ""chamber_pressure_pa"": 0.00091652, ""sample"": ""Q980_9h_AC"", ""sample_state"": ""Overview"", ""etching_agent"": ""Vilella"", ""imaging_mode"": ""SEM"", ""scale"": ""1.04167e-07 nm/pixel"", ""acquisition_date_if_available"": null}}",,,,
hcci,Q980_9h_AC,hcci_304,Images\304.png,C:\Users\Pranet\Downloads\Mini Project\data\raw\hcci\Images\304.png,304.png,.png,6329340,de19075d698c0c9c4992b4084217825a5a87ea376889437aed0d0ee596ef25cb,2764,2019,4,8,uint8,png,RGBA,SEM,,Overview,Overview,sample_Q980_9h_AC_Overview,Q980_9h_AC,roi_304,Helios NanoLab_SE_10000.0kV_600.0x,"{""raw_metadata"": {""File Name"": 304, ""SEM"": ""Helios NanoLab"", ""Detector"": ""SE"", ""Gun"": ""FEG"", ""Voltage"": 10000, ""Magnification"": 600, ""Etching"": ""Vilella"", ""Sample"": ""Q980_9h_AC"", ""Kind"": ""Overview"", ""Pixel Size"": 1.04167e-07, ""Beam Current"": 1.375e-09, ""Dwell Time"": 5e-07, ""Dwell Time cat"": ""low"", ""Chamber Pressure"": 0.00091652, ""Working Distance"": 0.00603955}, ""normalized"": {""microscope"": ""Helios NanoLab"", ""instrument"": ""Helios NanoLab"", ""detector"": ""SE"", ""accelerating_voltage_kv"": 10000.0, ""magnification"": 600.0, ""pixel_size_nm"": 1.04167e-07, ""beam_current_na"": 1.375e-09, ""dwell_time_us"": 5e-07, ""working_distance_mm"": 6.0396, ""chamber_pressure_pa"": 0.00091652, ""sample"": ""Q980_9h_AC"", ""sample_state"": ""Overview"", ""etching_agent"": ""Vilella"", ""imaging_mode"": ""SEM"", ""scale"": ""1.04167e-07 nm/pixel"", ""acquisition_date_if_available"": null}}",,,,
hcci,Q980_9h_AC,hcci_305,Images\305.png,C:\Users\Pranet\Downloads\Mini Project\data\raw\hcci\Images\305.png,305.png,.png,5943900,67512d825b120fa20485e7d96b6806e7dce422dffc51a0d5e82cefe78cb53aac,2764,2019,4,8,uint8,png,RGBA,SEM,,Overview,Overview,sample_Q980_9h_AC_Overview,Q980_9h_AC,roi_305,Helios NanoLab_BSE_10000.0kV_600.0x,"{""raw_metadata"": {""File Name"": 305, ""SEM"": ""Helios NanoLab"", ""Detector"": ""BSE"", ""Gun"": ""FEG"", ""Voltage"": 10000, ""Magnification"": 600, ""Etching"": ""Vilella"", ""Sample"": ""Q980_9h_AC"", ""Kind"": ""Overview"", ""Pixel Size"": 1.04167e-07, ""Beam Current"": 1.375e-09, ""Dwell Time"": 1e-05, ""Dwell Time cat"": ""high"", ""Chamber Pressure"": 0.000924366, ""Working Distance"": 0.00603955}, ""normalized"": {""microscope"": ""Helios NanoLab"", ""instrument"": ""Helios NanoLab"", ""detector"": ""BSE"", ""accelerating_voltage_kv"": 10000.0, ""magnification"": 600.0, ""pixel_size_nm"": 1.04167e-07, ""beam_current_na"": 1.375e-09, ""dwell_time_us"": 1e-05, ""working_distance_mm"": 6.0396, ""chamber_pressure_pa"": 0.000924366, ""sample"": ""Q980_9h_AC"", ""sample_state"": ""Overview"", ""etching_agent"": ""Vilella"", ""imaging_mode"": ""SEM"", ""scale"": ""1.04167e-07 nm/pixel"", ""acquisition_date_if_available"": null}}",,,,
hcci,Q980_9h_AC,hcci_306,Images\306.png,C:\Users\Pranet\Downloads\Mini Project\data\raw\hcci\Images\306.png,306.png,.png,5744160,05baffb063aceb0eadcdf0c15b7f1dd9867c2f24638c2d68b038e6a04b3916b9,2764,2019,4,8,uint8,png,RGBA,SEM,,Overview,Overview,sample_Q980_9h_AC_Overview,Q980_9h_AC,roi_306,Helios NanoLab_BSE_10000.0kV_600.0x,"{""raw_metadata"": {""File Name"": 306, ""SEM"": ""Helios NanoLab"", ""Detector"": ""BSE"", ""Gun"": ""FEG"", ""Voltage"": 10000, ""Magnification"": 600, ""Etching"": ""Vilella"", ""Sample"": ""Q980_9h_AC"", ""Kind"": ""Overview"", ""Pixel Size"": 1.04167e-07, ""Beam Current"": 1.375e-09, ""Dwell Time"": 5e-07, ""Dwell Time cat"": ""low"", ""Chamber Pressure"": 0.000877291, ""Working Distance"": 0.00603955}, ""normalized"": {""microscope"": ""Helios NanoLab"", ""instrument"": ""Helios NanoLab"", ""detector"": ""BSE"", ""accelerating_voltage_kv"": 10000.0, ""magnification"": 600.0, ""pixel_size_nm"": 1.04167e-07, ""beam_current_na"": 1.375e-09, ""dwell_time_us"": 5e-07, ""working_distance_mm"": 6.0396, ""chamber_pressure_pa"": 0.000877291, ""sample"": ""Q980_9h_AC"", ""sample_state"": ""Overview"", ""etching_agent"": ""Vilella"", ""imaging_mode"": ""SEM"", ""scale"": ""1.04167e-07 nm/pixel"", ""acquisition_date_if_available"": null}}",,,,
hcci,Q980_9h_AC,hcci_307,Images\307.png,C:\Users\Pranet\Downloads\Mini Project\data\raw\hcci\Images\307.png,307.png,.png,5755405,462bb79d7331996a77fcfff515770cf00ec354886a0bdcd1a7ccc39e8602de88,2764,2019,4,8,uint8,png,RGBA,SEM,,Overview,Overview,sample_Q980_9h_AC_Overview,Q980_9h_AC,roi_307,Helios NanoLab_InLens_10000.0kV_600.0x,"{""raw_metadata"": {""File Name"": 307, ""SEM"": ""Helios NanoLab"", ""Detector"": ""InLens"", ""Gun"": ""FEG"", ""Voltage"": 10000, ""Magnification"": 600, ""Etching"": ""Vilella"", ""Sample"": ""Q980_9h_AC"", ""Kind"": ""Overview"", ""Pixel Size"": 1.04167e-07, ""Beam Current"": 1.375e-09, ""Dwell Time"": 1e-05, ""Dwell Time cat"": ""high"", ""Chamber Pressure"": 0.000877291, ""Working Distance"": 0.00603955}, ""normalized"": {""microscope"": ""Helios NanoLab"", ""instrument"": ""Helios NanoLab"", ""detector"": ""InLens"", ""accelerating_voltage_kv"": 10000.0, ""magnification"": 600.0, ""pixel_size_nm"": 1.04167e-07, ""beam_current_na"": 1.375e-09, ""dwell_time_us"": 1e-05, ""working_distance_mm"": 6.0396, ""chamber_pressure_pa"": 0.000877291, ""sample"": ""Q980_9h_AC"", ""sample_state"": ""Overview"", ""etching_agent"": ""Vilella"", ""imaging_mode"": ""SEM"", ""scale"": ""1.04167e-07 nm/pixel"", ""acquisition_date_if_available"": null}}",,,,
hcci,Q980_9h_AC,hcci_308,Images\308.png,C:\Users\Pranet\Downloads\Mini Project\data\raw\hcci\Images\308.png,308.png,.png,6890122,f2a9bc8a8abe10a36acea2b4181aae497d6441b5f1990c6d207a24228686d8c1,2764,2019,4,8,uint8,png,RGBA,SEM,,Overview,Overview,sample_Q980_9h_AC_Overview,Q980_9h_AC,roi_308,Helios NanoLab_InLens_10000.0kV_600.0x,"{""raw_metadata"": {""File Name"": 308, ""SEM"": ""Helios NanoLab"", ""Detector"": ""InLens"", ""Gun"": ""FEG"", ""Voltage"": 10000, ""Magnification"": 600, ""Etching"": ""Vilella"", ""Sample"": ""Q980_9h_AC"", ""Kind"": ""Overview"", ""Pixel Size"": 1.04167e-07, ""Beam Current"": 1.375e-09, ""Dwell Time"": 5e-07, ""Dwell Time cat"": ""low"", ""Chamber Pressure"": 0.000877291, ""Working Distance"": 0.00603955}, ""normalized"": {""microscope"": ""Helios NanoLab"", ""instrument"": ""Helios NanoLab"", ""detector"": ""InLens"", ""accelerating_voltage_kv"": 10000.0, ""magnification"": 600.0, ""pixel_size_nm"": 1.04167e-07, ""beam_current_na"": 1.375e-09, ""dwell_time_us"": 5e-07, ""working_distance_mm"": 6.0396, ""chamber_pressure_pa"": 0.000877291, ""sample"": ""Q980_9h_AC"", ""sample_state"": ""Overview"", ""etching_agent"": ""Vilella"", ""imaging_mode"": ""SEM"", ""scale"": ""1.04167e-07 nm/pixel"", ""acquisition_date_if_available"": null}}",,,,
hcci,Q980_9h_AC,hcci_309,Images\309.png,C:\Users\Pranet\Downloads\Mini Project\data\raw\hcci\Images\309.png,309.png,.png,4246600,19618343c57c56b9065a9172fee581a703650588ffaab5c2d96febe70996a674,2329,1963,4,8,uint8,png,RGBA,SEM,,Detail,Detail,sample_Q980_9h_AC_Detail,Q980_9h_AC,roi_309,Helios NanoLab_SE_10000.0kV_3250.0x,"{""raw_metadata"": {""File Name"": 309, ""SEM"": ""Helios NanoLab"", ""Detector"": ""SE"", ""Gun"": ""FEG"", ""Voltage"": 10000, ""Magnification"": 3250, ""Etching"": ""Vilella"", ""Sample"": ""Q980_9h_AC"", ""Kind"": ""Detail"", ""Pixel Size"": 1.92308e-08, ""Beam Current"": 1.375e-09, ""Dwell Time"": 1e-05, ""Dwell Time cat"": ""high"", ""Chamber Pressure"": 0.000830823, ""Working Distance"": 0.00603955}, ""normalized"": {""microscope"": ""Helios NanoLab"", ""instrument"": ""Helios NanoLab"", ""detector"": ""SE"", ""accelerating_voltage_kv"": 10000.0, ""magnification"": 3250.0, ""pixel_size_nm"": 1.92308e-08, ""beam_current_na"": 1.375e-09, ""dwell_time_us"": 1e-05, ""working_distance_mm"": 6.0396, ""chamber_pressure_pa"": 0.000830823, ""sample"": ""Q980_9h_AC"", ""sample_state"": ""Detail"", ""etching_agent"": ""Vilella"", ""imaging_mode"": ""SEM"", ""scale"": ""1.92308e-08 nm/pixel"", ""acquisition_date_if_available"": null}}",,,,
hcci,AsCast,hcci_31,Images\31.png,C:\Users\Pranet\Downloads\Mini Project\data\raw\hcci\Images\31.png,31.png,.png,4608106,41f91b98ad34428f99cb83524cd76e43ec62becd3cbf24e094a036cb7ee2bf2b,2697,1810,4,8,uint8,png,RGBA,SEM,,Detail,Detail,sample_AsCast_Detail,AsCast,roi_31,Helios G4 PFIB CXe_SE_20000.0kV_5000.0x,"{""raw_metadata"": {""File Name"": 31, ""SEM"": ""Helios G4 PFIB CXe"", ""Detector"": ""SE"", ""Gun"": ""FEG"", ""Voltage"": 20000, ""Magnification"": 5000, ""Etching"": ""Vilella"", ""Sample"": ""AsCast"", ""Kind"": ""Detail"", ""Pixel Size"": 1.34896e-08, ""Beam Current"": 1.6e-09, ""Dwell Time"": 1e-05, ""Dwell Time cat"": ""high"", ""Chamber Pressure"": 0.000242, ""Working Distance"": 0.00672148}, ""normalized"": {""microscope"": ""Helios G4 PFIB CXe"", ""instrument"": ""Helios G4 PFIB CXe"", ""detector"": ""SE"", ""accelerating_voltage_kv"": 20000.0, ""magnification"": 5000.0, ""pixel_size_nm"": 1.34896e-08, ""beam_current_na"": 1.6e-09, ""dwell_time_us"": 1e-05, ""working_distance_mm"": 6.7215, ""chamber_pressure_pa"": 0.000242, ""sample"": ""AsCast"", ""sample_state"": ""Detail"", ""etching_agent"": ""Vilella"", ""imaging_mode"": ""SEM"", ""scale"": ""1.34896e-08 nm/pixel"", ""acquisition_date_if_available"": null}}",,,,
hcci,Q980_9h_AC,hcci_310,Images\310.png,C:\Users\Pranet\Downloads\Mini Project\data\raw\hcci\Images\310.png,310.png,.png,5370459,991b8e6f1914a6088222009345b06e580c49e6cb275805fe88bb5e5efff75c31,2329,1963,4,8,uint8,png,RGBA,SEM,,Detail,Detail,sample_Q980_9h_AC_Detail,Q980_9h_AC,roi_310,Helios NanoLab_SE_10000.0kV_3250.0x,"{""raw_metadata"": {""File Name"": 310, ""SEM"": ""Helios NanoLab"", ""Detector"": ""SE"", ""Gun"": ""FEG"", ""Voltage"": 10000, ""Magnification"": 3250, ""Etching"": ""Vilella"", ""Sample"": ""Q980_9h_AC"", ""Kind"": ""Detail"", ""Pixel Size"": 1.92308e-08, ""Beam Current"": 1.375e-09, ""Dwell Time"": 5e-07, ""Dwell Time cat"": ""low"", ""Chamber Pressure"": 0.000830823, ""Working Distance"": 0.00603955}, ""normalized"": {""microscope"": ""Helios NanoLab"", ""instrument"": ""Helios NanoLab"", ""detector"": ""SE"", ""accelerating_voltage_kv"": 10000.0, ""magnification"": 3250.0, ""pixel_size_nm"": 1.92308e-08, ""beam_current_na"": 1.375e-09, ""dwell_time_us"": 5e-07, ""working_distance_mm"": 6.0396, ""chamber_pressure_pa"": 0.000830823, ""sample"": ""Q980_9h_AC"", ""sample_state"": ""Detail"", ""etching_agent"": ""Vilella"", ""imaging_mode"": ""SEM"", ""scale"": ""1.92308e-08 nm/pixel"", ""acquisition_date_if_available"": null}}",,,,
hcci,Q980_9h_AC,hcci_311,Images\311.png,C:\Users\Pranet\Downloads\Mini Project\data\raw\hcci\Images\311.png,311.png,.png,4284683,b13875749f4b4df6f59ebf831308988b0388ebdf96d799c9ca47a00bd8aac2f0,2329,1963,4,8,uint8,png,RGBA,SEM,,Detail,Detail,sample_Q980_9h_AC_Detail,Q980_9h_AC,roi_311,Helios NanoLab_BSE_10000.0kV_3250.0x,"{""raw_metadata"": {""File Name"": 311, ""SEM"": ""Helios NanoLab"", ""Detector"": ""BSE"", ""Gun"": ""FEG"", ""Voltage"": 10000, ""Magnification"": 3250, ""Etching"": ""Vilella"", ""Sample"": ""Q980_9h_AC"", ""Kind"": ""Detail"", ""Pixel Size"": 1.92308e-08, ""Beam Current"": 1.375e-09, ""Dwell Time"": 1e-05, ""Dwell Time cat"": ""high"", ""Chamber Pressure"": 0.000808829, ""Working Distance"": 0.00603955}, ""normalized"": {""microscope"": ""Helios NanoLab"", ""instrument"": ""Helios NanoLab"", ""detector"": ""BSE"", ""accelerating_voltage_kv"": 10000.0, ""magnification"": 3250.0, ""pixel_size_nm"": 1.92308e-08, ""beam_current_na"": 1.375e-09, ""dwell_time_us"": 1e-05, ""working_distance_mm"": 6.0396, ""chamber_pressure_pa"": 0.000808829, ""sample"": ""Q980_9h_AC"", ""sample_state"": ""Detail"", ""etching_agent"": ""Vilella"", ""imaging_mode"": ""SEM"", ""scale"": ""1.92308e-08 nm/pixel"", ""acquisition_date_if_available"": null}}",,,,
hcci,Q980_9h_AC,hcci_312,Images\312.png,C:\Users\Pranet\Downloads\Mini Project\data\raw\hcci\Images\312.png,312.png,.png,4632746,8ede9fb0d0211ec65996ae6d558b0ac7c579b652aa582d5920015c5e9a7dad9b,2329,1963,4,8,uint8,png,RGBA,SEM,,Detail,Detail,sample_Q980_9h_AC_Detail,Q980_9h_AC,roi_312,Helios NanoLab_BSE_10000.0kV_3250.0x,"{""raw_metadata"": {""File Name"": 312, ""SEM"": ""Helios NanoLab"", ""Detector"": ""BSE"", ""Gun"": ""FEG"", ""Voltage"": 10000, ""Magnification"": 3250, ""Etching"": ""Vilella"", ""Sample"": ""Q980_9h_AC"", ""Kind"": ""Detail"", ""Pixel Size"": 1.92308e-08, ""Beam Current"": 1.375e-09, ""Dwell Time"": 5e-07, ""Dwell Time cat"": ""low"", ""Chamber Pressure"": 0.000808829, ""Working Distance"": 0.00603955}, ""normalized"": {""microscope"": ""Helios NanoLab"", ""instrument"": ""Helios NanoLab"", ""detector"": ""BSE"", ""accelerating_voltage_kv"": 10000.0, ""magnification"": 3250.0, ""pixel_size_nm"": 1.92308e-08, ""beam_current_na"": 1.375e-09, ""dwell_time_us"": 5e-07, ""working_distance_mm"": 6.0396, ""chamber_pressure_pa"": 0.000808829, ""sample"": ""Q980_9h_AC"", ""sample_state"": ""Detail"", ""etching_agent"": ""Vilella"", ""imaging_mode"": ""SEM"", ""scale"": ""1.92308e-08 nm/pixel"", ""acquisition_date_if_available"": null}}",,,,
hcci,Q980_9h_AC,hcci_313,Images\313.png,C:\Users\Pranet\Downloads\Mini Project\data\raw\hcci\Images\313.png,313.png,.png,4680289,fb03524ed92ea37fd63a8468706feee5c20e7df2686e8badf9e3072f50bd6144,2329,1963,4,8,uint8,png,RGBA,SEM,,Detail,Detail,sample_Q980_9h_AC_Detail,Q980_9h_AC,roi_313,Helios NanoLab_InLens_10000.0kV_3250.0x,"{""raw_metadata"": {""File Name"": 313, ""SEM"": ""Helios NanoLab"", ""Detector"": ""InLens"", ""Gun"": ""FEG"", ""Voltage"": 10000, ""Magnification"": 3250, ""Etching"": ""Vilella"", ""Sample"": ""Q980_9h_AC"", ""Kind"": ""Detail"", ""Pixel Size"": 1.92308e-08, ""Beam Current"": 1.375e-09, ""Dwell Time"": 1e-05, ""Dwell Time cat"": ""high"", ""Chamber Pressure"": 0.00076484, ""Working Distance"": 0.00603955}, ""normalized"": {""microscope"": ""Helios NanoLab"", ""instrument"": ""Helios NanoLab"", ""detector"": ""InLens"", ""accelerating_voltage_kv"": 10000.0, ""magnification"": 3250.0, ""pixel_size_nm"": 1.92308e-08, ""beam_current_na"": 1.375e-09, ""dwell_time_us"": 1e-05, ""working_distance_mm"": 6.0396, ""chamber_pressure_pa"": 0.00076484, ""sample"": ""Q980_9h_AC"", ""sample_state"": ""Detail"", ""etching_agent"": ""Vilella"", ""imaging_mode"": ""SEM"", ""scale"": ""1.92308e-08 nm/pixel"", ""acquisition_date_if_available"": null}}",,,,
hcci,Q980_9h_AC,hcci_314,Images\314.png,C:\Users\Pranet\Downloads\Mini Project\data\raw\hcci\Images\314.png,314.png,.png,5849963,7c0deaf1d8b7ebc7f748fc67d717b34d31c8c87c907c33b29aaec481dcf77c65,2329,1963,4,8,uint8,png,RGBA,SEM,,Detail,Detail,sample_Q980_9h_AC_Detail,Q980_9h_AC,roi_314,Helios NanoLab_InLens_10000.0kV_3250.0x,"{""raw_metadata"": {""File Name"": 314, ""SEM"": ""Helios NanoLab"", ""Detector"": ""InLens"", ""Gun"": ""FEG"", ""Voltage"": 10000, ""Magnification"": 3250, ""Etching"": ""Vilella"", ""Sample"": ""Q980_9h_AC"", ""Kind"": ""Detail"", ""Pixel Size"": 1.92308e-08, ""Beam Current"": 1.375e-09, ""Dwell Time"": 5e-07, ""Dwell Time cat"": ""low"", ""Chamber Pressure"": 0.00076484, ""Working Distance"": 0.00603955}, ""normalized"": {""microscope"": ""Helios NanoLab"", ""instrument"": ""Helios NanoLab"", ""detector"": ""InLens"", ""accelerating_voltage_kv"": 10000.0, ""magnification"": 3250.0, ""pixel_size_nm"": 1.92308e-08, ""beam_current_na"": 1.375e-09, ""dwell_time_us"": 5e-07, ""working_distance_mm"": 6.0396, ""chamber_pressure_pa"": 0.00076484, ""sample"": ""Q980_9h_AC"", ""sample_state"": ""Detail"", ""etching_agent"": ""Vilella"", ""imaging_mode"": ""SEM"", ""scale"": ""1.92308e-08 nm/pixel"", ""acquisition_date_if_available"": null}}",,,,
hcci,Q980_9h_AC,hcci_315,Images\315.png,C:\Users\Pranet\Downloads\Mini Project\data\raw\hcci\Images\315.png,315.png,.png,5359426,1c596777dce7e86df8fbafb96d08f655b1a921878e84a040e3ec0894eafbfa46,2764,2019,4,8,uint8,png,RGBA,SEM,,Overview,Overview,sample_Q980_9h_AC_Overview,Q980_9h_AC,roi_315,Helios NanoLab_SE_20000.0kV_600.0x,"{""raw_metadata"": {""File Name"": 315, ""SEM"": ""Helios NanoLab"", ""Detector"": ""SE"", ""Gun"": ""FEG"", ""Voltage"": 20000, ""Magnification"": 600, ""Etching"": ""Vilella"", ""Sample"": ""Q980_9h_AC"", ""Kind"": ""Overview"", ""Pixel Size"": 1.04167e-07, ""Beam Current"": 1.375e-09, ""Dwell Time"": 1e-05, ""Dwell Time cat"": ""high"", ""Chamber Pressure"": 0.000720852, ""Working Distance"": 0.00607531}, ""normalized"": {""microscope"": ""Helios NanoLab"", ""instrument"": ""Helios NanoLab"", ""detector"": ""SE"", ""accelerating_voltage_kv"": 20000.0, ""magnification"": 600.0, ""pixel_size_nm"": 1.04167e-07, ""beam_current_na"": 1.375e-09, ""dwell_time_us"": 1e-05, ""working_distance_mm"": 6.0753, ""chamber_pressure_pa"": 0.000720852, ""sample"": ""Q980_9h_AC"", ""sample_state"": ""Overview"", ""etching_agent"": ""Vilella"", ""imaging_mode"": ""SEM"", ""scale"": ""1.04167e-07 nm/pixel"", ""acquisition_date_if_available"": null}}",,,,
hcci,Q980_9h_AC,hcci_316,Images\316.png,C:\Users\Pranet\Downloads\Mini Project\data\raw\hcci\Images\316.png,316.png,.png,7139827,be4fa77b302c7ae1fa3b37d506be2b50d42d17504cca045860ceff6df5226706,2764,2019,4,8,uint8,png,RGBA,SEM,,Overview,Overview,sample_Q980_9h_AC_Overview,Q980_9h_AC,roi_316,Helios NanoLab_SE_20000.0kV_600.0x,"{""raw_metadata"": {""File Name"": 316, ""SEM"": ""Helios NanoLab"", ""Detector"": ""SE"", ""Gun"": ""FEG"", ""Voltage"": 20000, ""Magnification"": 600, ""Etching"": ""Vilella"", ""Sample"": ""Q980_9h_AC"", ""Kind"": ""Overview"", ""Pixel Size"": 1.04167e-07, ""Beam Current"": 1.375e-09, ""Dwell Time"": 5e-07, ""Dwell Time cat"": ""low"", ""Chamber Pressure"": 0.000720852, ""Working Distance"": 0.00607531}, ""normalized"": {""microscope"": ""Helios NanoLab"", ""instrument"": ""Helios NanoLab"", ""detector"": ""SE"", ""accelerating_voltage_kv"": 20000.0, ""magnification"": 600.0, ""pixel_size_nm"": 1.04167e-07, ""beam_current_na"": 1.375e-09, ""dwell_time_us"": 5e-07, ""working_distance_mm"": 6.0753, ""chamber_pressure_pa"": 0.000720852, ""sample"": ""Q980_9h_AC"", ""sample_state"": ""Overview"", ""etching_agent"": ""Vilella"", ""imaging_mode"": ""SEM"", ""scale"": ""1.04167e-07 nm/pixel"", ""acquisition_date_if_available"": null}}",,,,
hcci,Q980_9h_AC,hcci_317,Images\317.png,C:\Users\Pranet\Downloads\Mini Project\data\raw\hcci\Images\317.png,317.png,.png,5921681,3c1197028785fc61cbdc401a079da07744834be9d34673d8a916b894108d0638,2764,2019,4,8,uint8,png,RGBA,SEM,,Overview,Overview,sample_Q980_9h_AC_Overview,Q980_9h_AC,roi_317,Helios NanoLab_BSE_20000.0kV_600.0x,"{""raw_metadata"": {""File Name"": 317, ""SEM"": ""Helios NanoLab"", ""Detector"": ""BSE"", ""Gun"": ""FEG"", ""Voltage"": 20000, ""Magnification"": 600, ""Etching"": ""Vilella"", ""Sample"": ""Q980_9h_AC"", ""Kind"": ""Overview"", ""Pixel Size"": 1.04167e-07, ""Beam Current"": 1.375e-09, ""Dwell Time"": 1e-05, ""Dwell Time cat"": ""high"", ""Chamber Pressure"": 0.000713521, ""Working Distance"": 0.00607531}, ""normalized"": {""microscope"": ""Helios NanoLab"", ""instrument"": ""Helios NanoLab"", ""detector"": ""BSE"", ""accelerating_voltage_kv"": 20000.0, ""magnification"": 600.0, ""pixel_size_nm"": 1.04167e-07, ""beam_current_na"": 1.375e-09, ""dwell_time_us"": 1e-05, ""working_distance_mm"": 6.0753, ""chamber_pressure_pa"": 0.000713521, ""sample"": ""Q980_9h_AC"", ""sample_state"": ""Overview"", ""etching_agent"": ""Vilella"", ""imaging_mode"": ""SEM"", ""scale"": ""1.04167e-07 nm/pixel"", ""acquisition_date_if_available"": null}}",,,,
hcci,Q980_9h_AC,hcci_318,Images\318.png,C:\Users\Pranet\Downloads\Mini Project\data\raw\hcci\Images\318.png,318.png,.png,5878284,2980b866f1a1ffd6a15bec337ae7337685c442d2b0e455816460171a50945360,2764,2019,4,8,uint8,png,RGBA,SEM,,Overview,Overview,sample_Q980_9h_AC_Overview,Q980_9h_AC,roi_318,Helios NanoLab_BSE_20000.0kV_600.0x,"{""raw_metadata"": {""File Name"": 318, ""SEM"": ""Helios NanoLab"", ""Detector"": ""BSE"", ""Gun"": ""FEG"", ""Voltage"": 20000, ""Magnification"": 600, ""Etching"": ""Vilella"", ""Sample"": ""Q980_9h_AC"", ""Kind"": ""Overview"", ""Pixel Size"": 1.04167e-07, ""Beam Current"": 1.375e-09, ""Dwell Time"": 5e-07, ""Dwell Time cat"": ""low"", ""Chamber Pressure"": 0.000713521, ""Working Distance"": 0.00607531}, ""normalized"": {""microscope"": ""Helios NanoLab"", ""instrument"": ""Helios NanoLab"", ""detector"": ""BSE"", ""accelerating_voltage_kv"": 20000.0, ""magnification"": 600.0, ""pixel_size_nm"": 1.04167e-07, ""beam_current_na"": 1.375e-09, ""dwell_time_us"": 5e-07, ""working_distance_mm"": 6.0753, ""chamber_pressure_pa"": 0.000713521, ""sample"": ""Q980_9h_AC"", ""sample_state"": ""Overview"", ""etching_agent"": ""Vilella"", ""imaging_mode"": ""SEM"", ""scale"": ""1.04167e-07 nm/pixel"", ""acquisition_date_if_available"": null}}",,,,
hcci,Q980_9h_AC,hcci_319,Images\319.png,C:\Users\Pranet\Downloads\Mini Project\data\raw\hcci\Images\319.png,319.png,.png,5533887,6196faf5342d3b086019bc83c35240e125237eca8f0a33de40fc571366531cac,2764,2019,4,8,uint8,png,RGBA,SEM,,Overview,Overview,sample_Q980_9h_AC_Overview,Q980_9h_AC,roi_319,Helios NanoLab_InLens_20000.0kV_600.0x,"{""raw_metadata"": {""File Name"": 319, ""SEM"": ""Helios NanoLab"", ""Detector"": ""InLens"", ""Gun"": ""FEG"", ""Voltage"": 20000, ""Magnification"": 600, ""Etching"": ""Vilella"", ""Sample"": ""Q980_9h_AC"", ""Kind"": ""Overview"", ""Pixel Size"": 1.04167e-07, ""Beam Current"": 1.375e-09, ""Dwell Time"": 1e-05, ""Dwell Time cat"": ""high"", ""Chamber Pressure"": 0.000672331, ""Working Distance"": 0.00607531}, ""normalized"": {""microscope"": ""Helios NanoLab"", ""instrument"": ""Helios NanoLab"", ""detector"": ""InLens"", ""accelerating_voltage_kv"": 20000.0, ""magnification"": 600.0, ""pixel_size_nm"": 1.04167e-07, ""beam_current_na"": 1.375e-09, ""dwell_time_us"": 1e-05, ""working_distance_mm"": 6.0753, ""chamber_pressure_pa"": 0.000672331, ""sample"": ""Q980_9h_AC"", ""sample_state"": ""Overview"", ""etching_agent"": ""Vilella"", ""imaging_mode"": ""SEM"", ""scale"": ""1.04167e-07 nm/pixel"", ""acquisition_date_if_available"": null}}",,,,
hcci,AsCast,hcci_32,Images\32.png,C:\Users\Pranet\Downloads\Mini Project\data\raw\hcci\Images\32.png,32.png,.png,5914614,402fdc497d15c287a4823ee7a3e5d03fa9f5123474b19d40ed379f93945414ab,2697,1810,4,8,uint8,png,RGBA,SEM,,Detail,Detail,sample_AsCast_Detail,AsCast,roi_32,Helios G4 PFIB CXe_SE_20000.0kV_5000.0x,"{""raw_metadata"": {""File Name"": 32, ""SEM"": ""Helios G4 PFIB CXe"", ""Detector"": ""SE"", ""Gun"": ""FEG"", ""Voltage"": 20000, ""Magnification"": 5000, ""Etching"": ""Vilella"", ""Sample"": ""AsCast"", ""Kind"": ""Detail"", ""Pixel Size"": 1.34896e-08, ""Beam Current"": 1.6e-09, ""Dwell Time"": 5e-07, ""Dwell Time cat"": ""low"", ""Chamber Pressure"": 0.000242, ""Working Distance"": 0.00672148}, ""normalized"": {""microscope"": ""Helios G4 PFIB CXe"", ""instrument"": ""Helios G4 PFIB CXe"", ""detector"": ""SE"", ""accelerating_voltage_kv"": 20000.0, ""magnification"": 5000.0, ""pixel_size_nm"": 1.34896e-08, ""beam_current_na"": 1.6e-09, ""dwell_time_us"": 5e-07, ""working_distance_mm"": 6.7215, ""chamber_pressure_pa"": 0.000242, ""sample"": ""AsCast"", ""sample_state"": ""Detail"", ""etching_agent"": ""Vilella"", ""imaging_mode"": ""SEM"", ""scale"": ""1.34896e-08 nm/pixel"", ""acquisition_date_if_available"": null}}",,,,
hcci,Q980_9h_AC,hcci_320,Images\320.png,C:\Users\Pranet\Downloads\Mini Project\data\raw\hcci\Images\320.png,320.png,.png,6974995,6944457892357e5b6370bd3be9df3fc7bc4cd461e742c5f5966e297fae9063f2,2764,2019,4,8,uint8,png,RGBA,SEM,,Overview,Overview,sample_Q980_9h_AC_Overview,Q980_9h_AC,roi_320,Helios NanoLab_InLens_20000.0kV_600.0x,"{""raw_metadata"": {""File Name"": 320, ""SEM"": ""Helios NanoLab"", ""Detector"": ""InLens"", ""Gun"": ""FEG"", ""Voltage"": 20000, ""Magnification"": 600, ""Etching"": ""Vilella"", ""Sample"": ""Q980_9h_AC"", ""Kind"": ""Overview"", ""Pixel Size"": 1.04167e-07, ""Beam Current"": 1.375e-09, ""Dwell Time"": 5e-07, ""Dwell Time cat"": ""low"", ""Chamber Pressure"": 0.000672331, ""Working Distance"": 0.00607531}, ""normalized"": {""microscope"": ""Helios NanoLab"", ""instrument"": ""Helios NanoLab"", ""detector"": ""InLens"", ""accelerating_voltage_kv"": 20000.0, ""magnification"": 600.0, ""pixel_size_nm"": 1.04167e-07, ""beam_current_na"": 1.375e-09, ""dwell_time_us"": 5e-07, ""working_distance_mm"": 6.0753, ""chamber_pressure_pa"": 0.000672331, ""sample"": ""Q980_9h_AC"", ""sample_state"": ""Overview"", ""etching_agent"": ""Vilella"", ""imaging_mode"": ""SEM"", ""scale"": ""1.04167e-07 nm/pixel"", ""acquisition_date_if_available"": null}}",,,,
hcci,Q980_9h_AC,hcci_321,Images\321.png,C:\Users\Pranet\Downloads\Mini Project\data\raw\hcci\Images\321.png,321.png,.png,4453269,001986607969d0dc0b07485ed105a37e4de9fb797abc3210b0344e4cd6722be9,2329,1963,4,8,uint8,png,RGBA,SEM,,Detail,Detail,sample_Q980_9h_AC_Detail,Q980_9h_AC,roi_321,Helios NanoLab_SE_20000.0kV_3250.0x,"{""raw_metadata"": {""File Name"": 321, ""SEM"": ""Helios NanoLab"", ""Detector"": ""SE"", ""Gun"": ""FEG"", ""Voltage"": 20000, ""Magnification"": 3250, ""Etching"": ""Vilella"", ""Sample"": ""Q980_9h_AC"", ""Kind"": ""Detail"", ""Pixel Size"": 1.92308e-08, ""Beam Current"": 1.375e-09, ""Dwell Time"": 1e-05, ""Dwell Time cat"": ""high"", ""Chamber Pressure"": 0.000672331, ""Working Distance"": 0.00607531}, ""normalized"": {""microscope"": ""Helios NanoLab"", ""instrument"": ""Helios NanoLab"", ""detector"": ""SE"", ""accelerating_voltage_kv"": 20000.0, ""magnification"": 3250.0, ""pixel_size_nm"": 1.92308e-08, ""beam_current_na"": 1.375e-09, ""dwell_time_us"": 1e-05, ""working_distance_mm"": 6.0753, ""chamber_pressure_pa"": 0.000672331, ""sample"": ""Q980_9h_AC"", ""sample_state"": ""Detail"", ""etching_agent"": ""Vilella"", ""imaging_mode"": ""SEM"", ""scale"": ""1.92308e-08 nm/pixel"", ""acquisition_date_if_available"": null}}",,,,
hcci,Q980_9h_AC,hcci_322,Images\322.png,C:\Users\Pranet\Downloads\Mini Project\data\raw\hcci\Images\322.png,322.png,.png,5563035,4412af3c8546dc2f6d53d87ae80c09cfa56b0520e6728e1ab7f986874ff07787,2329,1963,4,8,uint8,png,RGBA,SEM,,Detail,Detail,sample_Q980_9h_AC_Detail,Q980_9h_AC,roi_322,Helios NanoLab_SE_20000.0kV_3250.0x,"{""raw_metadata"": {""File Name"": 322, ""SEM"": ""Helios NanoLab"", ""Detector"": ""SE"", ""Gun"": ""FEG"", ""Voltage"": 20000, ""Magnification"": 3250, ""Etching"": ""Vilella"", ""Sample"": ""Q980_9h_AC"", ""Kind"": ""Detail"", ""Pixel Size"": 1.92308e-08, ""Beam Current"": 1.375e-09, ""Dwell Time"": 5e-07, ""Dwell Time cat"": ""low"", ""Chamber Pressure"": 0.000672331, ""Working Distance"": 0.00607531}, ""normalized"": {""microscope"": ""Helios NanoLab"", ""instrument"": ""Helios NanoLab"", ""detector"": ""SE"", ""accelerating_voltage_kv"": 20000.0, ""magnification"": 3250.0, ""pixel_size_nm"": 1.92308e-08, ""beam_current_na"": 1.375e-09, ""dwell_time_us"": 5e-07, ""working_distance_mm"": 6.0753, ""chamber_pressure_pa"": 0.000672331, ""sample"": ""Q980_9h_AC"", ""sample_state"": ""Detail"", ""etching_agent"": ""Vilella"", ""imaging_mode"": ""SEM"", ""scale"": ""1.92308e-08 nm/pixel"", ""acquisition_date_if_available"": null}}",,,,
hcci,Q980_9h_AC,hcci_323,Images\323.png,C:\Users\Pranet\Downloads\Mini Project\data\raw\hcci\Images\323.png,323.png,.png,3987855,fe69ba886dbb81e7beca00cbf622d8ed0d7c6fa414c87378f8f19ffd01659b16,2329,1963,4,8,uint8,png,RGBA,SEM,,Detail,Detail,sample_Q980_9h_AC_Detail,Q980_9h_AC,roi_323,Helios NanoLab_BSE_20000.0kV_3250.0x,"{""raw_metadata"": {""File Name"": 323, ""SEM"": ""Helios NanoLab"", ""Detector"": ""BSE"", ""Gun"": ""FEG"", ""Voltage"": 20000, ""Magnification"": 3250, ""Etching"": ""Vilella"", ""Sample"": ""Q980_9h_AC"", ""Kind"": ""Detail"", ""Pixel Size"": 1.92308e-08, ""Beam Current"": 1.375e-09, ""Dwell Time"": 1e-05, ""Dwell Time cat"": ""high"", ""Chamber Pressure"": 0.000615609, ""Working Distance"": 0.00607531}, ""normalized"": {""microscope"": ""Helios NanoLab"", ""instrument"": ""Helios NanoLab"", ""detector"": ""BSE"", ""accelerating_voltage_kv"": 20000.0, ""magnification"": 3250.0, ""pixel_size_nm"": 1.92308e-08, ""beam_current_na"": 1.375e-09, ""dwell_time_us"": 1e-05, ""working_distance_mm"": 6.0753, ""chamber_pressure_pa"": 0.000615609, ""sample"": ""Q980_9h_AC"", ""sample_state"": ""Detail"", ""etching_agent"": ""Vilella"", ""imaging_mode"": ""SEM"", ""scale"": ""1.92308e-08 nm/pixel"", ""acquisition_date_if_available"": null}}",,,,
hcci,Q980_9h_AC,hcci_324,Images\324.png,C:\Users\Pranet\Downloads\Mini Project\data\raw\hcci\Images\324.png,324.png,.png,4314820,577e794c9abbb6dc78f8394dc66dcdfb09b228b1f76fe66e8420d65f7070a79c,2329,1963,4,8,uint8,png,RGBA,SEM,,Detail,Detail,sample_Q980_9h_AC_Detail,Q980_9h_AC,roi_324,Helios NanoLab_BSE_20000.0kV_3250.0x,"{""raw_metadata"": {""File Name"": 324, ""SEM"": ""Helios NanoLab"", ""Detector"": ""BSE"", ""Gun"": ""FEG"", ""Voltage"": 20000, ""Magnification"": 3250, ""Etching"": ""Vilella"", ""Sample"": ""Q980_9h_AC"", ""Kind"": ""Detail"", ""Pixel Size"": 1.92308e-08, ""Beam Current"": 1.375e-09, ""Dwell Time"": 5e-07, ""Dwell Time cat"": ""low"", ""Chamber Pressure"": 0.000615609, ""Working Distance"": 0.00607531}, ""normalized"": {""microscope"": ""Helios NanoLab"", ""instrument"": ""Helios NanoLab"", ""detector"": ""BSE"", ""accelerating_voltage_kv"": 20000.0, ""magnification"": 3250.0, ""pixel_size_nm"": 1.92308e-08, ""beam_current_na"": 1.375e-09, ""dwell_time_us"": 5e-07, ""working_distance_mm"": 6.0753, ""chamber_pressure_pa"": 0.000615609, ""sample"": ""Q980_9h_AC"", ""sample_state"": ""Detail"", ""etching_agent"": ""Vilella"", ""imaging_mode"": ""SEM"", ""scale"": ""1.92308e-08 nm/pixel"", ""acquisition_date_if_available"": null}}",,,,
hcci,Q980_9h_AC,hcci_325,Images\325.png,C:\Users\Pranet\Downloads\Mini Project\data\raw\hcci\Images\325.png,325.png,.png,4855940,c63422c8157d951661b24981b67777461da9550fbd9580d65c865169e46dbca6,2329,1963,4,8,uint8,png,RGBA,SEM,,Detail,Detail,sample_Q980_9h_AC_Detail,Q980_9h_AC,roi_325,Helios NanoLab_InLens_20000.0kV_3250.0x,"{""raw_metadata"": {""File Name"": 325, ""SEM"": ""Helios NanoLab"", ""Detector"": ""InLens"", ""Gun"": ""FEG"", ""Voltage"": 20000, ""Magnification"": 3250, ""Etching"": ""Vilella"", ""Sample"": ""Q980_9h_AC"", ""Kind"": ""Detail"", ""Pixel Size"": 1.9231e-08, ""Beam Current"": 1.375e-09, ""Dwell Time"": 1e-05, ""Dwell Time cat"": ""high"", ""Chamber Pressure"": 0.000615609, ""Working Distance"": 0.00607581}, ""normalized"": {""microscope"": ""Helios NanoLab"", ""instrument"": ""Helios NanoLab"", ""detector"": ""InLens"", ""accelerating_voltage_kv"": 20000.0, ""magnification"": 3250.0, ""pixel_size_nm"": 1.9231e-08, ""beam_current_na"": 1.375e-09, ""dwell_time_us"": 1e-05, ""working_distance_mm"": 6.0758, ""chamber_pressure_pa"": 0.000615609, ""sample"": ""Q980_9h_AC"", ""sample_state"": ""Detail"", ""etching_agent"": ""Vilella"", ""imaging_mode"": ""SEM"", ""scale"": ""1.9231e-08 nm/pixel"", ""acquisition_date_if_available"": null}}",,,,
hcci,Q980_9h_AC,hcci_326,Images\326.png,C:\Users\Pranet\Downloads\Mini Project\data\raw\hcci\Images\326.png,326.png,.png,5968177,667e58b5f1bb60d6c7bd26063d92019ba127c1f0386c153f583d45361997301d,2329,1963,4,8,uint8,png,RGBA,SEM,,Detail,Detail,sample_Q980_9h_AC_Detail,Q980_9h_AC,roi_326,Helios NanoLab_InLens_20000.0kV_3250.0x,"{""raw_metadata"": {""File Name"": 326, ""SEM"": ""Helios NanoLab"", ""Detector"": ""InLens"", ""Gun"": ""FEG"", ""Voltage"": 20000, ""Magnification"": 3250, ""Etching"": ""Vilella"", ""Sample"": ""Q980_9h_AC"", ""Kind"": ""Detail"", ""Pixel Size"": 1.9231e-08, ""Beam Current"": 1.375e-09, ""Dwell Time"": 5e-07, ""Dwell Time cat"": ""low"", ""Chamber Pressure"": 0.000577795, ""Working Distance"": 0.00607581}, ""normalized"": {""microscope"": ""Helios NanoLab"", ""instrument"": ""Helios NanoLab"", ""detector"": ""InLens"", ""accelerating_voltage_kv"": 20000.0, ""magnification"": 3250.0, ""pixel_size_nm"": 1.9231e-08, ""beam_current_na"": 1.375e-09, ""dwell_time_us"": 5e-07, ""working_distance_mm"": 6.0758, ""chamber_pressure_pa"": 0.000577795, ""sample"": ""Q980_9h_AC"", ""sample_state"": ""Detail"", ""etching_agent"": ""Vilella"", ""imaging_mode"": ""SEM"", ""scale"": ""1.9231e-08 nm/pixel"", ""acquisition_date_if_available"": null}}",,,,
hcci,AsCast,hcci_327,Images\327.png,C:\Users\Pranet\Downloads\Mini Project\data\raw\hcci\Images\327.png,327.png,.png,4467848,e2d53156db47df9825311c71afbb26d0e542bdf010f116a66efc5d0cb3bdd20f,2860,1922,4,8,uint8,png,RGBA,SEM,,Overview,Overview,sample_AsCast_Overview,AsCast,roi_327,Zeiss Gemini_SE_5000.0kV_500.0x,"{""raw_metadata"": {""File Name"": 327, ""SEM"": ""Zeiss Gemini"", ""Detector"": ""SE"", ""Gun"": ""FEG"", ""Voltage"": 5000, ""Magnification"": 500, ""Etching"": ""Vilella"", ""Sample"": ""AsCast"", ""Kind"": ""Overview"", ""Pixel Size"": 7.443e-08, ""Beam Current"": 7.99999999999999e-05, ""Dwell Time"": 1.29329427083333e-05, ""Dwell Time cat"": ""high"", ""Chamber Pressure"": 0.000995999999999999, ""Working Distance"": 0.00607}, ""normalized"": {""microscope"": ""Zeiss Gemini"", ""instrument"": ""Zeiss Gemini"", ""detector"": ""SE"", ""accelerating_voltage_kv"": 5000.0, ""magnification"": 500.0, ""pixel_size_nm"": 7.443e-08, ""beam_current_na"": 7.99999999999999e-05, ""dwell_time_us"": 1.29329427083333e-05, ""working_distance_mm"": 6.07, ""chamber_pressure_pa"": 0.000995999999999999, ""sample"": ""AsCast"", ""sample_state"": ""Overview"", ""etching_agent"": ""Vilella"", ""imaging_mode"": ""SEM"", ""scale"": ""7.443e-08 nm/pixel"", ""acquisition_date_if_available"": null}}",,,,
hcci,AsCast,hcci_328,Images\328.png,C:\Users\Pranet\Downloads\Mini Project\data\raw\hcci\Images\328.png,328.png,.png,5228715,5803f9951cfe1c9ffb521003f2060fb84e8dc3576adfd0d5f1aaabdf4502eed7,2860,1922,4,8,uint8,png,RGBA,SEM,,Overview,Overview,sample_AsCast_Overview,AsCast,roi_328,Zeiss Gemini_SE_5000.0kV_500.0x,"{""raw_metadata"": {""File Name"": 328, ""SEM"": ""Zeiss Gemini"", ""Detector"": ""SE"", ""Gun"": ""FEG"", ""Voltage"": 5000, ""Magnification"": 500, ""Etching"": ""Vilella"", ""Sample"": ""AsCast"", ""Kind"": ""Overview"", ""Pixel Size"": 7.443e-08, ""Beam Current"": 7.99999999999999e-05, ""Dwell Time"": 1.66666666666667e-06, ""Dwell Time cat"": ""low"", ""Chamber Pressure"": 0.000995999999999999, ""Working Distance"": 0.00607}, ""normalized"": {""microscope"": ""Zeiss Gemini"", ""instrument"": ""Zeiss Gemini"", ""detector"": ""SE"", ""accelerating_voltage_kv"": 5000.0, ""magnification"": 500.0, ""pixel_size_nm"": 7.443e-08, ""beam_current_na"": 7.99999999999999e-05, ""dwell_time_us"": 1.66666666666667e-06, ""working_distance_mm"": 6.07, ""chamber_pressure_pa"": 0.000995999999999999, ""sample"": ""AsCast"", ""sample_state"": ""Overview"", ""etching_agent"": ""Vilella"", ""imaging_mode"": ""SEM"", ""scale"": ""7.443e-08 nm/pixel"", ""acquisition_date_if_available"": null}}",,,,
hcci,AsCast,hcci_329,Images\329.png,C:\Users\Pranet\Downloads\Mini Project\data\raw\hcci\Images\329.png,329.png,.png,5236904,958dc23393a92965efcdf209538db645d4d1a3f41fc609ebf283f907ab953ddf,2860,1922,4,8,uint8,png,RGBA,SEM,,Overview,Overview,sample_AsCast_Overview,AsCast,roi_329,Zeiss Gemini_BSE_5000.0kV_500.0x,"{""raw_metadata"": {""File Name"": 329, ""SEM"": ""Zeiss Gemini"", ""Detector"": ""BSE"", ""Gun"": ""FEG"", ""Voltage"": 5000, ""Magnification"": 500, ""Etching"": ""Vilella"", ""Sample"": ""AsCast"", ""Kind"": ""Overview"", ""Pixel Size"": 7.443e-08, ""Beam Current"": 7.99999999999999e-05, ""Dwell Time"": 1.29329427083333e-05, ""Dwell Time cat"": ""high"", ""Chamber Pressure"": 0.000952, ""Working Distance"": 0.00607}, ""normalized"": {""microscope"": ""Zeiss Gemini"", ""instrument"": ""Zeiss Gemini"", ""detector"": ""BSE"", ""accelerating_voltage_kv"": 5000.0, ""magnification"": 500.0, ""pixel_size_nm"": 7.443e-08, ""beam_current_na"": 7.99999999999999e-05, ""dwell_time_us"": 1.29329427083333e-05, ""working_distance_mm"": 6.07, ""chamber_pressure_pa"": 0.000952, ""sample"": ""AsCast"", ""sample_state"": ""Overview"", ""etching_agent"": ""Vilella"", ""imaging_mode"": ""SEM"", ""scale"": ""7.443e-08 nm/pixel"", ""acquisition_date_if_available"": null}}",,,,
hcci,AsCast,hcci_33,Images\33.png,C:\Users\Pranet\Downloads\Mini Project\data\raw\hcci\Images\33.png,33.png,.png,4249733,769256ed88f5a41bf859c9dd0fd177d677f0e694767b0982de1e9c243b7a1db0,2697,1810,4,8,uint8,png,RGBA,SEM,,Detail,Detail,sample_AsCast_Detail,AsCast,roi_33,Helios G4 PFIB CXe_BSE_20000.0kV_5000.0x,"{""raw_metadata"": {""File Name"": 33, ""SEM"": ""Helios G4 PFIB CXe"", ""Detector"": ""BSE"", ""Gun"": ""FEG"", ""Voltage"": 20000, ""Magnification"": 5000, ""Etching"": ""Vilella"", ""Sample"": ""AsCast"", ""Kind"": ""Detail"", ""Pixel Size"": 1.34896e-08, ""Beam Current"": 1.6e-09, ""Dwell Time"": 1e-05, ""Dwell Time cat"": ""high"", ""Chamber Pressure"": 0.000251, ""Working Distance"": 0.00672148}, ""normalized"": {""microscope"": ""Helios G4 PFIB CXe"", ""instrument"": ""Helios G4 PFIB CXe"", ""detector"": ""BSE"", ""accelerating_voltage_kv"": 20000.0, ""magnification"": 5000.0, ""pixel_size_nm"": 1.34896e-08, ""beam_current_na"": 1.6e-09, ""dwell_time_us"": 1e-05, ""working_distance_mm"": 6.7215, ""chamber_pressure_pa"": 0.000251, ""sample"": ""AsCast"", ""sample_state"": ""Detail"", ""etching_agent"": ""Vilella"", ""imaging_mode"": ""SEM"", ""scale"": ""1.34896e-08 nm/pixel"", ""acquisition_date_if_available"": null}}",,,,
hcci,AsCast,hcci_330,Images\330.png,C:\Users\Pranet\Downloads\Mini Project\data\raw\hcci\Images\330.png,330.png,.png,6665210,4a16e4db14f45540e070344345f011194ccfd1cec0db585c42c906df564aa994,2860,1922,4,8,uint8,png,RGBA,SEM,,Overview,Overview,sample_AsCast_Overview,AsCast,roi_330,Zeiss Gemini_BSE_5000.0kV_500.0x,"{""raw_metadata"": {""File Name"": 330, ""SEM"": ""Zeiss Gemini"", ""Detector"": ""BSE"", ""Gun"": ""FEG"", ""Voltage"": 5000, ""Magnification"": 500, ""Etching"": ""Vilella"", ""Sample"": ""AsCast"", ""Kind"": ""Overview"", ""Pixel Size"": 7.443e-08, ""Beam Current"": 7.99999999999999e-05, ""Dwell Time"": 1.66666666666667e-06, ""Dwell Time cat"": ""low"", ""Chamber Pressure"": 0.000952, ""Working Distance"": 0.00607}, ""normalized"": {""microscope"": ""Zeiss Gemini"", ""instrument"": ""Zeiss Gemini"", ""detector"": ""BSE"", ""accelerating_voltage_kv"": 5000.0, ""magnification"": 500.0, ""pixel_size_nm"": 7.443e-08, ""beam_current_na"": 7.99999999999999e-05, ""dwell_time_us"": 1.66666666666667e-06, ""working_distance_mm"": 6.07, ""chamber_pressure_pa"": 0.000952, ""sample"": ""AsCast"", ""sample_state"": ""Overview"", ""etching_agent"": ""Vilella"", ""imaging_mode"": ""SEM"", ""scale"": ""7.443e-08 nm/pixel"", ""acquisition_date_if_available"": null}}",,,,
hcci,AsCast,hcci_331,Images\331.png,C:\Users\Pranet\Downloads\Mini Project\data\raw\hcci\Images\331.png,331.png,.png,4407146,fd56d3e663d987011ac496b3fe34d327c31e6422ffe4cdfb9eb58705d6767fe9,2860,1922,4,8,uint8,png,RGBA,SEM,,Overview,Overview,sample_AsCast_Overview,AsCast,roi_331,Zeiss Gemini_InLens_5000.0kV_500.0x,"{""raw_metadata"": {""File Name"": 331, ""SEM"": ""Zeiss Gemini"", ""Detector"": ""InLens"", ""Gun"": ""FEG"", ""Voltage"": 5000, ""Magnification"": 500, ""Etching"": ""Vilella"", ""Sample"": ""AsCast"", ""Kind"": ""Overview"", ""Pixel Size"": 7.443e-08, ""Beam Current"": 7.99999999999999e-05, ""Dwell Time"": 1.29329427083333e-05, ""Dwell Time cat"": ""high"", ""Chamber Pressure"": 0.000952, ""Working Distance"": 0.00607}, ""normalized"": {""microscope"": ""Zeiss Gemini"", ""instrument"": ""Zeiss Gemini"", ""detector"": ""InLens"", ""accelerating_voltage_kv"": 5000.0, ""magnification"": 500.0, ""pixel_size_nm"": 7.443e-08, ""beam_current_na"": 7.99999999999999e-05, ""dwell_time_us"": 1.29329427083333e-05, ""working_distance_mm"": 6.07, ""chamber_pressure_pa"": 0.000952, ""sample"": ""AsCast"", ""sample_state"": ""Overview"", ""etching_agent"": ""Vilella"", ""imaging_mode"": ""SEM"", ""scale"": ""7.443e-08 nm/pixel"", ""acquisition_date_if_available"": null}}",,,,
hcci,AsCast,hcci_332,Images\332.png,C:\Users\Pranet\Downloads\Mini Project\data\raw\hcci\Images\332.png,332.png,.png,4907068,514681eb5329546ba26e5bb6235221702ab92d40164013441a134fc00e7c491c,2860,1922,4,8,uint8,png,RGBA,SEM,,Overview,Overview,sample_AsCast_Overview,AsCast,roi_332,Zeiss Gemini_InLens_5000.0kV_500.0x,"{""raw_metadata"": {""File Name"": 332, ""SEM"": ""Zeiss Gemini"", ""Detector"": ""InLens"", ""Gun"": ""FEG"", ""Voltage"": 5000, ""Magnification"": 500, ""Etching"": ""Vilella"", ""Sample"": ""AsCast"", ""Kind"": ""Overview"", ""Pixel Size"": 7.443e-08, ""Beam Current"": 7.99999999999999e-05, ""Dwell Time"": 1.66666666666667e-06, ""Dwell Time cat"": ""low"", ""Chamber Pressure"": 0.000952, ""Working Distance"": 0.00607}, ""normalized"": {""microscope"": ""Zeiss Gemini"", ""instrument"": ""Zeiss Gemini"", ""detector"": ""InLens"", ""accelerating_voltage_kv"": 5000.0, ""magnification"": 500.0, ""pixel_size_nm"": 7.443e-08, ""beam_current_na"": 7.99999999999999e-05, ""dwell_time_us"": 1.66666666666667e-06, ""working_distance_mm"": 6.07, ""chamber_pressure_pa"": 0.000952, ""sample"": ""AsCast"", ""sample_state"": ""Overview"", ""etching_agent"": ""Vilella"", ""imaging_mode"": ""SEM"", ""scale"": ""7.443e-08 nm/pixel"", ""acquisition_date_if_available"": null}}",,,,
hcci,AsCast,hcci_333,Images\333.png,C:\Users\Pranet\Downloads\Mini Project\data\raw\hcci\Images\333.png,333.png,.png,4190805,ebda4ede332d9e39957d0f7242e4b8a59e7b1cd1939123d5420749798f3f3a93,2697,1810,4,8,uint8,png,RGBA,SEM,,Detail,Detail,sample_AsCast_Detail,AsCast,roi_333,Zeiss Gemini_SE_5000.0kV_2800.0x,"{""raw_metadata"": {""File Name"": 333, ""SEM"": ""Zeiss Gemini"", ""Detector"": ""SE"", ""Gun"": ""FEG"", ""Voltage"": 5000, ""Magnification"": 2800, ""Etching"": ""Vilella"", ""Sample"": ""AsCast"", ""Kind"": ""Detail"", ""Pixel Size"": 1.329e-08, ""Beam Current"": 7.99999999999999e-05, ""Dwell Time"": 1.29329427083333e-05, ""Dwell Time cat"": ""high"", ""Chamber Pressure"": 0.000930999999999999, ""Working Distance"": 0.00610799999999999}, ""normalized"": {""microscope"": ""Zeiss Gemini"", ""instrument"": ""Zeiss Gemini"", ""detector"": ""SE"", ""accelerating_voltage_kv"": 5000.0, ""magnification"": 2800.0, ""pixel_size_nm"": 1.329e-08, ""beam_current_na"": 7.99999999999999e-05, ""dwell_time_us"": 1.29329427083333e-05, ""working_distance_mm"": 6.108, ""chamber_pressure_pa"": 0.000930999999999999, ""sample"": ""AsCast"", ""sample_state"": ""Detail"", ""etching_agent"": ""Vilella"", ""imaging_mode"": ""SEM"", ""scale"": ""1.329e-08 nm/pixel"", ""acquisition_date_if_available"": null}}",,,,
hcci,AsCast,hcci_334,Images\334.png,C:\Users\Pranet\Downloads\Mini Project\data\raw\hcci\Images\334.png,334.png,.png,5263334,4080b77a2d0c475ff340c360daccc4f82ffe1194e1af9d078a2c78c2da5e6412,2697,1810,4,8,uint8,png,RGBA,SEM,,Detail,Detail,sample_AsCast_Detail,AsCast,roi_334,Zeiss Gemini_SE_5000.0kV_2800.0x,"{""raw_metadata"": {""File Name"": 334, ""SEM"": ""Zeiss Gemini"", ""Detector"": ""SE"", ""Gun"": ""FEG"", ""Voltage"": 5000, ""Magnification"": 2800, ""Etching"": ""Vilella"", ""Sample"": ""AsCast"", ""Kind"": ""Detail"", ""Pixel Size"": 1.329e-08, ""Beam Current"": 7.99999999999999e-05, ""Dwell Time"": 1.66666666666667e-06, ""Dwell Time cat"": ""low"", ""Chamber Pressure"": 0.000930999999999999, ""Working Distance"": 0.00610799999999999}, ""normalized"": {""microscope"": ""Zeiss Gemini"", ""instrument"": ""Zeiss Gemini"", ""detector"": ""SE"", ""accelerating_voltage_kv"": 5000.0, ""magnification"": 2800.0, ""pixel_size_nm"": 1.329e-08, ""beam_current_na"": 7.99999999999999e-05, ""dwell_time_us"": 1.66666666666667e-06, ""working_distance_mm"": 6.108, ""chamber_pressure_pa"": 0.000930999999999999, ""sample"": ""AsCast"", ""sample_state"": ""Detail"", ""etching_agent"": ""Vilella"", ""imaging_mode"": ""SEM"", ""scale"": ""1.329e-08 nm/pixel"", ""acquisition_date_if_available"": null}}",,,,
hcci,AsCast,hcci_335,Images\335.png,C:\Users\Pranet\Downloads\Mini Project\data\raw\hcci\Images\335.png,335.png,.png,5206751,abf2db6838ef8b0a1c96d04fa56d7b4807774ac9b3471a2d90f62fd48c7cfa3f,2697,1810,4,8,uint8,png,RGBA,SEM,,Detail,Detail,sample_AsCast_Detail,AsCast,roi_335,Zeiss Gemini_BSE_5000.0kV_2800.0x,"{""raw_metadata"": {""File Name"": 335, ""SEM"": ""Zeiss Gemini"", ""Detector"": ""BSE"", ""Gun"": ""FEG"", ""Voltage"": 5000, ""Magnification"": 2800, ""Etching"": ""Vilella"", ""Sample"": ""AsCast"", ""Kind"": ""Detail"", ""Pixel Size"": 1.329e-08, ""Beam Current"": 7.99999999999999e-05, ""Dwell Time"": 1.29329427083333e-05, ""Dwell Time cat"": ""high"", ""Chamber Pressure"": 0.000930999999999999, ""Working Distance"": 0.00610799999999999}, ""normalized"": {""microscope"": ""Zeiss Gemini"", ""instrument"": ""Zeiss Gemini"", ""detector"": ""BSE"", ""accelerating_voltage_kv"": 5000.0, ""magnification"": 2800.0, ""pixel_size_nm"": 1.329e-08, ""beam_current_na"": 7.99999999999999e-05, ""dwell_time_us"": 1.29329427083333e-05, ""working_distance_mm"": 6.108, ""chamber_pressure_pa"": 0.000930999999999999, ""sample"": ""AsCast"", ""sample_state"": ""Detail"", ""etching_agent"": ""Vilella"", ""imaging_mode"": ""SEM"", ""scale"": ""1.329e-08 nm/pixel"", ""acquisition_date_if_available"": null}}",,,,
hcci,AsCast,hcci_336,Images\336.png,C:\Users\Pranet\Downloads\Mini Project\data\raw\hcci\Images\336.png,336.png,.png,5971673,82bb594d1b5b5e929ca53349032004f78ebe8818220305a440cb5b475a72d538,2697,1810,4,8,uint8,png,RGBA,SEM,,Detail,Detail,sample_AsCast_Detail,AsCast,roi_336,Zeiss Gemini_BSE_5000.0kV_2800.0x,"{""raw_metadata"": {""File Name"": 336, ""SEM"": ""Zeiss Gemini"", ""Detector"": ""BSE"", ""Gun"": ""FEG"", ""Voltage"": 5000, ""Magnification"": 2800, ""Etching"": ""Vilella"", ""Sample"": ""AsCast"", ""Kind"": ""Detail"", ""Pixel Size"": 1.329e-08, ""Beam Current"": 7.99999999999999e-05, ""Dwell Time"": 1.66666666666667e-06, ""Dwell Time cat"": ""low"", ""Chamber Pressure"": 0.000930999999999999, ""Working Distance"": 0.00610799999999999}, ""normalized"": {""microscope"": ""Zeiss Gemini"", ""instrument"": ""Zeiss Gemini"", ""detector"": ""BSE"", ""accelerating_voltage_kv"": 5000.0, ""magnification"": 2800.0, ""pixel_size_nm"": 1.329e-08, ""beam_current_na"": 7.99999999999999e-05, ""dwell_time_us"": 1.66666666666667e-06, ""working_distance_mm"": 6.108, ""chamber_pressure_pa"": 0.000930999999999999, ""sample"": ""AsCast"", ""sample_state"": ""Detail"", ""etching_agent"": ""Vilella"", ""imaging_mode"": ""SEM"", ""scale"": ""1.329e-08 nm/pixel"", ""acquisition_date_if_available"": null}}",,,,
hcci,AsCast,hcci_337,Images\337.png,C:\Users\Pranet\Downloads\Mini Project\data\raw\hcci\Images\337.png,337.png,.png,4620661,7cfb54724ebd4ad0e58f8aff6c6229b0d2a39657233b6ff455362428b68c3a1c,2697,1810,4,8,uint8,png,RGBA,SEM,,Detail,Detail,sample_AsCast_Detail,AsCast,roi_337,Zeiss Gemini_InLens_5000.0kV_2800.0x,"{""raw_metadata"": {""File Name"": 337, ""SEM"": ""Zeiss Gemini"", ""Detector"": ""InLens"", ""Gun"": ""FEG"", ""Voltage"": 5000, ""Magnification"": 2800, ""Etching"": ""Vilella"", ""Sample"": ""AsCast"", ""Kind"": ""Detail"", ""Pixel Size"": 1.329e-08, ""Beam Current"": 7.99999999999999e-05, ""Dwell Time"": 1.29329427083333e-05, ""Dwell Time cat"": ""high"", ""Chamber Pressure"": 0.000925, ""Working Distance"": 0.00610799999999999}, ""normalized"": {""microscope"": ""Zeiss Gemini"", ""instrument"": ""Zeiss Gemini"", ""detector"": ""InLens"", ""accelerating_voltage_kv"": 5000.0, ""magnification"": 2800.0, ""pixel_size_nm"": 1.329e-08, ""beam_current_na"": 7.99999999999999e-05, ""dwell_time_us"": 1.29329427083333e-05, ""working_distance_mm"": 6.108, ""chamber_pressure_pa"": 0.000925, ""sample"": ""AsCast"", ""sample_state"": ""Detail"", ""etching_agent"": ""Vilella"", ""imaging_mode"": ""SEM"", ""scale"": ""1.329e-08 nm/pixel"", ""acquisition_date_if_available"": null}}",,,,
hcci,AsCast,hcci_338,Images\338.png,C:\Users\Pranet\Downloads\Mini Project\data\raw\hcci\Images\338.png,338.png,.png,5968865,172ea58505c13b43b84b7fa826b15f04207048703058126285cc19aea5220b6d,2697,1810,4,8,uint8,png,RGBA,SEM,,Detail,Detail,sample_AsCast_Detail,AsCast,roi_338,Zeiss Gemini_InLens_5000.0kV_2800.0x,"{""raw_metadata"": {""File Name"": 338, ""SEM"": ""Zeiss Gemini"", ""Detector"": ""InLens"", ""Gun"": ""FEG"", ""Voltage"": 5000, ""Magnification"": 2800, ""Etching"": ""Vilella"", ""Sample"": ""AsCast"", ""Kind"": ""Detail"", ""Pixel Size"": 1.329e-08, ""Beam Current"": 7.99999999999999e-05, ""Dwell Time"": 1.66666666666667e-06, ""Dwell Time cat"": ""low"", ""Chamber Pressure"": 0.000915, ""Working Distance"": 0.00610799999999999}, ""normalized"": {""microscope"": ""Zeiss Gemini"", ""instrument"": ""Zeiss Gemini"", ""detector"": ""InLens"", ""accelerating_voltage_kv"": 5000.0, ""magnification"": 2800.0, ""pixel_size_nm"": 1.329e-08, ""beam_current_na"": 7.99999999999999e-05, ""dwell_time_us"": 1.66666666666667e-06, ""working_distance_mm"": 6.108, ""chamber_pressure_pa"": 0.000915, ""sample"": ""AsCast"", ""sample_state"": ""Detail"", ""etching_agent"": ""Vilella"", ""imaging_mode"": ""SEM"", ""scale"": ""1.329e-08 nm/pixel"", ""acquisition_date_if_available"": null}}",,,,
hcci,AsCast,hcci_34,Images\34.png,C:\Users\Pranet\Downloads\Mini Project\data\raw\hcci\Images\34.png,34.png,.png,6315215,17315838ba56e0b1d880622f5aab6e4a24cabfbcc6e1c5ae09f98664c65de741,2697,1810,4,8,uint8,png,RGBA,SEM,,Detail,Detail,sample_AsCast_Detail,AsCast,roi_34,Helios G4 PFIB CXe_BSE_20000.0kV_5000.0x,"{""raw_metadata"": {""File Name"": 34, ""SEM"": ""Helios G4 PFIB CXe"", ""Detector"": ""BSE"", ""Gun"": ""FEG"", ""Voltage"": 20000, ""Magnification"": 5000, ""Etching"": ""Vilella"", ""Sample"": ""AsCast"", ""Kind"": ""Detail"", ""Pixel Size"": 1.34896e-08, ""Beam Current"": 1.6e-09, ""Dwell Time"": 5e-07, ""Dwell Time cat"": ""low"", ""Chamber Pressure"": 0.000248, ""Working Distance"": 0.00672148}, ""normalized"": {""microscope"": ""Helios G4 PFIB CXe"", ""instrument"": ""Helios G4 PFIB CXe"", ""detector"": ""BSE"", ""accelerating_voltage_kv"": 20000.0, ""magnification"": 5000.0, ""pixel_size_nm"": 1.34896e-08, ""beam_current_na"": 1.6e-09, ""dwell_time_us"": 5e-07, ""working_distance_mm"": 6.7215, ""chamber_pressure_pa"": 0.000248, ""sample"": ""AsCast"", ""sample_state"": ""Detail"", ""etching_agent"": ""Vilella"", ""imaging_mode"": ""SEM"", ""scale"": ""1.34896e-08 nm/pixel"", ""acquisition_date_if_available"": null}}",,,,
hcci,AsCast,hcci_340,Images\340.png,C:\Users\Pranet\Downloads\Mini Project\data\raw\hcci\Images\340.png,340.png,.png,6250796,56baabb3fee262e1419229e94d6e8b06353345b082e3e04c88f3df167af736b9,2860,1922,4,8,uint8,png,RGBA,SEM,,Overview,Overview,sample_AsCast_Overview,AsCast,roi_340,Zeiss Gemini_SE_10000.0kV_500.0x,"{""raw_metadata"": {""File Name"": 340, ""SEM"": ""Zeiss Gemini"", ""Detector"": ""SE"", ""Gun"": ""FEG"", ""Voltage"": 10000, ""Magnification"": 500, ""Etching"": ""Vilella"", ""Sample"": ""AsCast"", ""Kind"": ""Overview"", ""Pixel Size"": 7.443e-08, ""Beam Current"": 7.99999999999999e-05, ""Dwell Time"": 1.66666666666667e-06, ""Dwell Time cat"": ""low"", ""Chamber Pressure"": 0.000850999999999999, ""Working Distance"": 0.00612699999999999}, ""normalized"": {""microscope"": ""Zeiss Gemini"", ""instrument"": ""Zeiss Gemini"", ""detector"": ""SE"", ""accelerating_voltage_kv"": 10000.0, ""magnification"": 500.0, ""pixel_size_nm"": 7.443e-08, ""beam_current_na"": 7.99999999999999e-05, ""dwell_time_us"": 1.66666666666667e-06, ""working_distance_mm"": 6.127, ""chamber_pressure_pa"": 0.000850999999999999, ""sample"": ""AsCast"", ""sample_state"": ""Overview"", ""etching_agent"": ""Vilella"", ""imaging_mode"": ""SEM"", ""scale"": ""7.443e-08 nm/pixel"", ""acquisition_date_if_available"": null}}",,,,
hcci,AsCast,hcci_341,Images\341.png,C:\Users\Pranet\Downloads\Mini Project\data\raw\hcci\Images\341.png,341.png,.png,5105864,7a4b63ad33335ce48b0b2f04d31f2629d868a262302689cc7a1f5140cd31954c,2860,1922,4,8,uint8,png,RGBA,SEM,,Overview,Overview,sample_AsCast_Overview,AsCast,roi_341,Zeiss Gemini_BSE_10000.0kV_500.0x,"{""raw_metadata"": {""File Name"": 341, ""SEM"": ""Zeiss Gemini"", ""Detector"": ""BSE"", ""Gun"": ""FEG"", ""Voltage"": 10000, ""Magnification"": 500, ""Etching"": ""Vilella"", ""Sample"": ""AsCast"", ""Kind"": ""Overview"", ""Pixel Size"": 7.443e-08, ""Beam Current"": 7.99999999999999e-05, ""Dwell Time"": 1.29329427083333e-05, ""Dwell Time cat"": ""high"", ""Chamber Pressure"": 0.000850999999999999, ""Working Distance"": 0.00612699999999999}, ""normalized"": {""microscope"": ""Zeiss Gemini"", ""instrument"": ""Zeiss Gemini"", ""detector"": ""BSE"", ""accelerating_voltage_kv"": 10000.0, ""magnification"": 500.0, ""pixel_size_nm"": 7.443e-08, ""beam_current_na"": 7.99999999999999e-05, ""dwell_time_us"": 1.29329427083333e-05, ""working_distance_mm"": 6.127, ""chamber_pressure_pa"": 0.000850999999999999, ""sample"": ""AsCast"", ""sample_state"": ""Overview"", ""etching_agent"": ""Vilella"", ""imaging_mode"": ""SEM"", ""scale"": ""7.443e-08 nm/pixel"", ""acquisition_date_if_available"": null}}",,,,
hcci,AsCast,hcci_342,Images\342.png,C:\Users\Pranet\Downloads\Mini Project\data\raw\hcci\Images\342.png,342.png,.png,6336389,d5dce64efdca28c09c6946161d2cc895154cf9ae45c639ec5ae935b6711c4636,2860,1922,4,8,uint8,png,RGBA,SEM,,Overview,Overview,sample_AsCast_Overview,AsCast,roi_342,Zeiss Gemini_BSE_10000.0kV_500.0x,"{""raw_metadata"": {""File Name"": 342, ""SEM"": ""Zeiss Gemini"", ""Detector"": ""BSE"", ""Gun"": ""FEG"", ""Voltage"": 10000, ""Magnification"": 500, ""Etching"": ""Vilella"", ""Sample"": ""AsCast"", ""Kind"": ""Overview"", ""Pixel Size"": 7.443e-08, ""Beam Current"": 7.99999999999999e-05, ""Dwell Time"": 1.66666666666667e-06, ""Dwell Time cat"": ""low"", ""Chamber Pressure"": 0.000850999999999999, ""Working Distance"": 0.00612699999999999}, ""normalized"": {""microscope"": ""Zeiss Gemini"", ""instrument"": ""Zeiss Gemini"", ""detector"": ""BSE"", ""accelerating_voltage_kv"": 10000.0, ""magnification"": 500.0, ""pixel_size_nm"": 7.443e-08, ""beam_current_na"": 7.99999999999999e-05, ""dwell_time_us"": 1.66666666666667e-06, ""working_distance_mm"": 6.127, ""chamber_pressure_pa"": 0.000850999999999999, ""sample"": ""AsCast"", ""sample_state"": ""Overview"", ""etching_agent"": ""Vilella"", ""imaging_mode"": ""SEM"", ""scale"": ""7.443e-08 nm/pixel"", ""acquisition_date_if_available"": null}}",,,,
hcci,AsCast,hcci_343,Images\343.png,C:\Users\Pranet\Downloads\Mini Project\data\raw\hcci\Images\343.png,343.png,.png,4808437,4bc5e9c9b65e7ac8179451ffbd0e077710d313478f9b5d863a17ca7c8f7fae99,2860,1922,4,8,uint8,png,RGBA,SEM,,Overview,Overview,sample_AsCast_Overview,AsCast,roi_343,Zeiss Gemini_InLens_10000.0kV_500.0x,"{""raw_metadata"": {""File Name"": 343, ""SEM"": ""Zeiss Gemini"", ""Detector"": ""InLens"", ""Gun"": ""FEG"", ""Voltage"": 10000, ""Magnification"": 500, ""Etching"": ""Vilella"", ""Sample"": ""AsCast"", ""Kind"": ""Overview"", ""Pixel Size"": 7.443e-08, ""Beam Current"": 7.99999999999999e-05, ""Dwell Time"": 1.29329427083333e-05, ""Dwell Time cat"": ""high"", ""Chamber Pressure"": 0.000850999999999999, ""Working Distance"": 0.00612699999999999}, ""normalized"": {""microscope"": ""Zeiss Gemini"", ""instrument"": ""Zeiss Gemini"", ""detector"": ""InLens"", ""accelerating_voltage_kv"": 10000.0, ""magnification"": 500.0, ""pixel_size_nm"": 7.443e-08, ""beam_current_na"": 7.99999999999999e-05, ""dwell_time_us"": 1.29329427083333e-05, ""working_distance_mm"": 6.127, ""chamber_pressure_pa"": 0.000850999999999999, ""sample"": ""AsCast"", ""sample_state"": ""Overview"", ""etching_agent"": ""Vilella"", ""imaging_mode"": ""SEM"", ""scale"": ""7.443e-08 nm/pixel"", ""acquisition_date_if_available"": null}}",,,,
hcci,AsCast,hcci_344,Images\344.png,C:\Users\Pranet\Downloads\Mini Project\data\raw\hcci\Images\344.png,344.png,.png,5785523,0651d1d1821092f847c7abfa158911dba346d84f7e16c1e410fbfaac7a7b39d0,2860,1922,4,8,uint8,png,RGBA,SEM,,Overview,Overview,sample_AsCast_Overview,AsCast,roi_344,Zeiss Gemini_InLens_10000.0kV_500.0x,"{""raw_metadata"": {""File Name"": 344, ""SEM"": ""Zeiss Gemini"", ""Detector"": ""InLens"", ""Gun"": ""FEG"", ""Voltage"": 10000, ""Magnification"": 500, ""Etching"": ""Vilella"", ""Sample"": ""AsCast"", ""Kind"": ""Overview"", ""Pixel Size"": 7.443e-08, ""Beam Current"": 7.99999999999999e-05, ""Dwell Time"": 1.66666666666667e-06, ""Dwell Time cat"": ""low"", ""Chamber Pressure"": 0.000850999999999999, ""Working Distance"": 0.00612699999999999}, ""normalized"": {""microscope"": ""Zeiss Gemini"", ""instrument"": ""Zeiss Gemini"", ""detector"": ""InLens"", ""accelerating_voltage_kv"": 10000.0, ""magnification"": 500.0, ""pixel_size_nm"": 7.443e-08, ""beam_current_na"": 7.99999999999999e-05, ""dwell_time_us"": 1.66666666666667e-06, ""working_distance_mm"": 6.127, ""chamber_pressure_pa"": 0.000850999999999999, ""sample"": ""AsCast"", ""sample_state"": ""Overview"", ""etching_agent"": ""Vilella"", ""imaging_mode"": ""SEM"", ""scale"": ""7.443e-08 nm/pixel"", ""acquisition_date_if_available"": null}}",,,,
hcci,AsCast,hcci_345,Images\345.png,C:\Users\Pranet\Downloads\Mini Project\data\raw\hcci\Images\345.png,345.png,.png,4516499,95f70b2198b52ed833ff3cbfe7786ad00d6b09948a5a1893c38280c589a6bf0b,2697,1810,4,8,uint8,png,RGBA,SEM,,Detail,Detail,sample_AsCast_Detail,AsCast,roi_345,Zeiss Gemini_SE_10000.0kV_2800.0x,"{""raw_metadata"": {""File Name"": 345, ""SEM"": ""Zeiss Gemini"", ""Detector"": ""SE"", ""Gun"": ""FEG"", ""Voltage"": 10000, ""Magnification"": 2800, ""Etching"": ""Vilella"", ""Sample"": ""AsCast"", ""Kind"": ""Detail"", ""Pixel Size"": 1.329e-08, ""Beam Current"": 7.99999999999999e-05, ""Dwell Time"": 1.29329427083333e-05, ""Dwell Time cat"": ""high"", ""Chamber Pressure"": 0.000850999999999999, ""Working Distance"": 0.00615}, ""normalized"": {""microscope"": ""Zeiss Gemini"", ""instrument"": ""Zeiss Gemini"", ""detector"": ""SE"", ""accelerating_voltage_kv"": 10000.0, ""magnification"": 2800.0, ""pixel_size_nm"": 1.329e-08, ""beam_current_na"": 7.99999999999999e-05, ""dwell_time_us"": 1.29329427083333e-05, ""working_distance_mm"": 6.15, ""chamber_pressure_pa"": 0.000850999999999999, ""sample"": ""AsCast"", ""sample_state"": ""Detail"", ""etching_agent"": ""Vilella"", ""imaging_mode"": ""SEM"", ""scale"": ""1.329e-08 nm/pixel"", ""acquisition_date_if_available"": null}}",,,,
hcci,AsCast,hcci_346,Images\346.png,C:\Users\Pranet\Downloads\Mini Project\data\raw\hcci\Images\346.png,346.png,.png,5453826,bfbf4c10f335ad366bbcfbdcfaf853ff6d55dfe0dd5763b5683b17d557119b7c,2697,1810,4,8,uint8,png,RGBA,SEM,,Detail,Detail,sample_AsCast_Detail,AsCast,roi_346,Zeiss Gemini_SE_10000.0kV_2800.0x,"{""raw_metadata"": {""File Name"": 346, ""SEM"": ""Zeiss Gemini"", ""Detector"": ""SE"", ""Gun"": ""FEG"", ""Voltage"": 10000, ""Magnification"": 2800, ""Etching"": ""Vilella"", ""Sample"": ""AsCast"", ""Kind"": ""Detail"", ""Pixel Size"": 1.329e-08, ""Beam Current"": 7.99999999999999e-05, ""Dwell Time"": 1.66666666666667e-06, ""Dwell Time cat"": ""low"", ""Chamber Pressure"": 0.000850999999999999, ""Working Distance"": 0.00615}, ""normalized"": {""microscope"": ""Zeiss Gemini"", ""instrument"": ""Zeiss Gemini"", ""detector"": ""SE"", ""accelerating_voltage_kv"": 10000.0, ""magnification"": 2800.0, ""pixel_size_nm"": 1.329e-08, ""beam_current_na"": 7.99999999999999e-05, ""dwell_time_us"": 1.66666666666667e-06, ""working_distance_mm"": 6.15, ""chamber_pressure_pa"": 0.000850999999999999, ""sample"": ""AsCast"", ""sample_state"": ""Detail"", ""etching_agent"": ""Vilella"", ""imaging_mode"": ""SEM"", ""scale"": ""1.329e-08 nm/pixel"", ""acquisition_date_if_available"": null}}",,,,
hcci,AsCast,hcci_347,Images\347.png,C:\Users\Pranet\Downloads\Mini Project\data\raw\hcci\Images\347.png,347.png,.png,5104999,8f769da7dd631f2c8ee2c6bb97d5cfcb60d867f657fd9a406ef4222c3072853d,2697,1810,4,8,uint8,png,RGBA,SEM,,Detail,Detail,sample_AsCast_Detail,AsCast,roi_347,Zeiss Gemini_BSE_10000.0kV_2800.0x,"{""raw_metadata"": {""File Name"": 347, ""SEM"": ""Zeiss Gemini"", ""Detector"": ""BSE"", ""Gun"": ""FEG"", ""Voltage"": 10000, ""Magnification"": 2800, ""Etching"": ""Vilella"", ""Sample"": ""AsCast"", ""Kind"": ""Detail"", ""Pixel Size"": 1.329e-08, ""Beam Current"": 7.99999999999999e-05, ""Dwell Time"": 1.29329427083333e-05, ""Dwell Time cat"": ""high"", ""Chamber Pressure"": 0.000850999999999999, ""Working Distance"": 0.00615}, ""normalized"": {""microscope"": ""Zeiss Gemini"", ""instrument"": ""Zeiss Gemini"", ""detector"": ""BSE"", ""accelerating_voltage_kv"": 10000.0, ""magnification"": 2800.0, ""pixel_size_nm"": 1.329e-08, ""beam_current_na"": 7.99999999999999e-05, ""dwell_time_us"": 1.29329427083333e-05, ""working_distance_mm"": 6.15, ""chamber_pressure_pa"": 0.000850999999999999, ""sample"": ""AsCast"", ""sample_state"": ""Detail"", ""etching_agent"": ""Vilella"", ""imaging_mode"": ""SEM"", ""scale"": ""1.329e-08 nm/pixel"", ""acquisition_date_if_available"": null}}",,,,
hcci,AsCast,hcci_348,Images\348.png,C:\Users\Pranet\Downloads\Mini Project\data\raw\hcci\Images\348.png,348.png,.png,6406270,0600f35835c58637f86e57aed989a847455ff4863bf6611ea35c6d47a6ded74b,2697,1810,4,8,uint8,png,RGBA,SEM,,Detail,Detail,sample_AsCast_Detail,AsCast,roi_348,Zeiss Gemini_BSE_10000.0kV_2800.0x,"{""raw_metadata"": {""File Name"": 348, ""SEM"": ""Zeiss Gemini"", ""Detector"": ""BSE"", ""Gun"": ""FEG"", ""Voltage"": 10000, ""Magnification"": 2800, ""Etching"": ""Vilella"", ""Sample"": ""AsCast"", ""Kind"": ""Detail"", ""Pixel Size"": 1.329e-08, ""Beam Current"": 7.99999999999999e-05, ""Dwell Time"": 1.66666666666667e-06, ""Dwell Time cat"": ""low"", ""Chamber Pressure"": 0.000850999999999999, ""Working Distance"": 0.00615}, ""normalized"": {""microscope"": ""Zeiss Gemini"", ""instrument"": ""Zeiss Gemini"", ""detector"": ""BSE"", ""accelerating_voltage_kv"": 10000.0, ""magnification"": 2800.0, ""pixel_size_nm"": 1.329e-08, ""beam_current_na"": 7.99999999999999e-05, ""dwell_time_us"": 1.66666666666667e-06, ""working_distance_mm"": 6.15, ""chamber_pressure_pa"": 0.000850999999999999, ""sample"": ""AsCast"", ""sample_state"": ""Detail"", ""etching_agent"": ""Vilella"", ""imaging_mode"": ""SEM"", ""scale"": ""1.329e-08 nm/pixel"", ""acquisition_date_if_available"": null}}",,,,
hcci,AsCast,hcci_349,Images\349.png,C:\Users\Pranet\Downloads\Mini Project\data\raw\hcci\Images\349.png,349.png,.png,5285540,9a50479be91e7a47a232346a537a09b3bcaa5b2ce8b8dc01ce56112f8ca69721,2697,1810,4,8,uint8,png,RGBA,SEM,,Detail,Detail,sample_AsCast_Detail,AsCast,roi_349,Zeiss Gemini_InLens_10000.0kV_2800.0x,"{""raw_metadata"": {""File Name"": 349, ""SEM"": ""Zeiss Gemini"", ""Detector"": ""InLens"", ""Gun"": ""FEG"", ""Voltage"": 10000, ""Magnification"": 2800, ""Etching"": ""Vilella"", ""Sample"": ""AsCast"", ""Kind"": ""Detail"", ""Pixel Size"": 1.329e-08, ""Beam Current"": 7.99999999999999e-05, ""Dwell Time"": 1.29329427083333e-05, ""Dwell Time cat"": ""high"", ""Chamber Pressure"": 0.000850999999999999, ""Working Distance"": 0.00615}, ""normalized"": {""microscope"": ""Zeiss Gemini"", ""instrument"": ""Zeiss Gemini"", ""detector"": ""InLens"", ""accelerating_voltage_kv"": 10000.0, ""magnification"": 2800.0, ""pixel_size_nm"": 1.329e-08, ""beam_current_na"": 7.99999999999999e-05, ""dwell_time_us"": 1.29329427083333e-05, ""working_distance_mm"": 6.15, ""chamber_pressure_pa"": 0.000850999999999999, ""sample"": ""AsCast"", ""sample_state"": ""Detail"", ""etching_agent"": ""Vilella"", ""imaging_mode"": ""SEM"", ""scale"": ""1.329e-08 nm/pixel"", ""acquisition_date_if_available"": null}}",,,,
hcci,AsCast,hcci_35,Images\35.png,C:\Users\Pranet\Downloads\Mini Project\data\raw\hcci\Images\35.png,35.png,.png,4908668,dd68e2885b2021266549715be39766385436ed0bc359194865e8c1208165e99e,2697,1810,4,8,uint8,png,RGBA,SEM,,Detail,Detail,sample_AsCast_Detail,AsCast,roi_35,Helios G4 PFIB CXe_InLens_20000.0kV_5000.0x,"{""raw_metadata"": {""File Name"": 35, ""SEM"": ""Helios G4 PFIB CXe"", ""Detector"": ""InLens"", ""Gun"": ""FEG"", ""Voltage"": 20000, ""Magnification"": 5000, ""Etching"": ""Vilella"", ""Sample"": ""AsCast"", ""Kind"": ""Detail"", ""Pixel Size"": 1.34896e-08, ""Beam Current"": 1.6e-09, ""Dwell Time"": 1e-05, ""Dwell Time cat"": ""high"", ""Chamber Pressure"": 0.000233, ""Working Distance"": 0.00672148}, ""normalized"": {""microscope"": ""Helios G4 PFIB CXe"", ""instrument"": ""Helios G4 PFIB CXe"", ""detector"": ""InLens"", ""accelerating_voltage_kv"": 20000.0, ""magnification"": 5000.0, ""pixel_size_nm"": 1.34896e-08, ""beam_current_na"": 1.6e-09, ""dwell_time_us"": 1e-05, ""working_distance_mm"": 6.7215, ""chamber_pressure_pa"": 0.000233, ""sample"": ""AsCast"", ""sample_state"": ""Detail"", ""etching_agent"": ""Vilella"", ""imaging_mode"": ""SEM"", ""scale"": ""1.34896e-08 nm/pixel"", ""acquisition_date_if_available"": null}}",,,,
hcci,AsCast,hcci_350,Images\350.png,C:\Users\Pranet\Downloads\Mini Project\data\raw\hcci\Images\350.png,350.png,.png,6412978,bba4130feab067b4267f6b6bf0c5159b08ed13d1831fc29769b450773ce46092,2697,1810,4,8,uint8,png,RGBA,SEM,,Detail,Detail,sample_AsCast_Detail,AsCast,roi_350,Zeiss Gemini_InLens_10000.0kV_2800.0x,"{""raw_metadata"": {""File Name"": 350, ""SEM"": ""Zeiss Gemini"", ""Detector"": ""InLens"", ""Gun"": ""FEG"", ""Voltage"": 10000, ""Magnification"": 2800, ""Etching"": ""Vilella"", ""Sample"": ""AsCast"", ""Kind"": ""Detail"", ""Pixel Size"": 1.329e-08, ""Beam Current"": 7.99999999999999e-05, ""Dwell Time"": 1.66666666666667e-06, ""Dwell Time cat"": ""low"", ""Chamber Pressure"": 0.000850999999999999, ""Working Distance"": 0.00615}, ""normalized"": {""microscope"": ""Zeiss Gemini"", ""instrument"": ""Zeiss Gemini"", ""detector"": ""InLens"", ""accelerating_voltage_kv"": 10000.0, ""magnification"": 2800.0, ""pixel_size_nm"": 1.329e-08, ""beam_current_na"": 7.99999999999999e-05, ""dwell_time_us"": 1.66666666666667e-06, ""working_distance_mm"": 6.15, ""chamber_pressure_pa"": 0.000850999999999999, ""sample"": ""AsCast"", ""sample_state"": ""Detail"", ""etching_agent"": ""Vilella"", ""imaging_mode"": ""SEM"", ""scale"": ""1.329e-08 nm/pixel"", ""acquisition_date_if_available"": null}}",,,,
hcci,AsCast,hcci_351,Images\351.png,C:\Users\Pranet\Downloads\Mini Project\data\raw\hcci\Images\351.png,351.png,.png,4458890,9a98715519c0f47d6ca833bf7aac5e99d0722df0d29f35134ca9ef2c5673a916,2860,1922,4,8,uint8,png,RGBA,SEM,,Overview,Overview,sample_AsCast_Overview,AsCast,roi_351,Zeiss Gemini_SE_20000.0kV_500.0x,"{""raw_metadata"": {""File Name"": 351, ""SEM"": ""Zeiss Gemini"", ""Detector"": ""SE"", ""Gun"": ""FEG"", ""Voltage"": 20000, ""Magnification"": 500, ""Etching"": ""Vilella"", ""Sample"": ""AsCast"", ""Kind"": ""Overview"", ""Pixel Size"": 7.443e-08, ""Beam Current"": 7.99999999999999e-05, ""Dwell Time"": 1.29329427083333e-05, ""Dwell Time cat"": ""high"", ""Chamber Pressure"": 0.00087, ""Working Distance"": 0.006176}, ""normalized"": {""microscope"": ""Zeiss Gemini"", ""instrument"": ""Zeiss Gemini"", ""detector"": ""SE"", ""accelerating_voltage_kv"": 20000.0, ""magnification"": 500.0, ""pixel_size_nm"": 7.443e-08, ""beam_current_na"": 7.99999999999999e-05, ""dwell_time_us"": 1.29329427083333e-05, ""working_distance_mm"": 6.176, ""chamber_pressure_pa"": 0.00087, ""sample"": ""AsCast"", ""sample_state"": ""Overview"", ""etching_agent"": ""Vilella"", ""imaging_mode"": ""SEM"", ""scale"": ""7.443e-08 nm/pixel"", ""acquisition_date_if_available"": null}}",,,,
hcci,AsCast,hcci_352,Images\352.png,C:\Users\Pranet\Downloads\Mini Project\data\raw\hcci\Images\352.png,352.png,.png,5274890,91a72952b0d9a71332edf569bb36fbc9655f565047c8dc285c1e20c0396531eb,2860,1922,4,8,uint8,png,RGBA,SEM,,Overview,Overview,sample_AsCast_Overview,AsCast,roi_352,Zeiss Gemini_SE_20000.0kV_500.0x,"{""raw_metadata"": {""File Name"": 352, ""SEM"": ""Zeiss Gemini"", ""Detector"": ""SE"", ""Gun"": ""FEG"", ""Voltage"": 20000, ""Magnification"": 500, ""Etching"": ""Vilella"", ""Sample"": ""AsCast"", ""Kind"": ""Overview"", ""Pixel Size"": 7.443e-08, ""Beam Current"": 7.99999999999999e-05, ""Dwell Time"": 1.66666666666667e-06, ""Dwell Time cat"": ""low"", ""Chamber Pressure"": 0.00087, ""Working Distance"": 0.006176}, ""normalized"": {""microscope"": ""Zeiss Gemini"", ""instrument"": ""Zeiss Gemini"", ""detector"": ""SE"", ""accelerating_voltage_kv"": 20000.0, ""magnification"": 500.0, ""pixel_size_nm"": 7.443e-08, ""beam_current_na"": 7.99999999999999e-05, ""dwell_time_us"": 1.66666666666667e-06, ""working_distance_mm"": 6.176, ""chamber_pressure_pa"": 0.00087, ""sample"": ""AsCast"", ""sample_state"": ""Overview"", ""etching_agent"": ""Vilella"", ""imaging_mode"": ""SEM"", ""scale"": ""7.443e-08 nm/pixel"", ""acquisition_date_if_available"": null}}",,,,
hcci,AsCast,hcci_353,Images\353.png,C:\Users\Pranet\Downloads\Mini Project\data\raw\hcci\Images\353.png,353.png,.png,4853046,ccce7eaef38cf04ebccb3e6329b37725ad4e94caa0ae21632141f0ad2bda7cb8,2860,1922,4,8,uint8,png,RGBA,SEM,,Overview,Overview,sample_AsCast_Overview,AsCast,roi_353,Zeiss Gemini_BSE_20000.0kV_500.0x,"{""raw_metadata"": {""File Name"": 353, ""SEM"": ""Zeiss Gemini"", ""Detector"": ""BSE"", ""Gun"": ""FEG"", ""Voltage"": 20000, ""Magnification"": 500, ""Etching"": ""Vilella"", ""Sample"": ""AsCast"", ""Kind"": ""Overview"", ""Pixel Size"": 7.443e-08, ""Beam Current"": 7.99999999999999e-05, ""Dwell Time"": 1.29329427083333e-05, ""Dwell Time cat"": ""high"", ""Chamber Pressure"": 0.00087, ""Working Distance"": 0.006176}, ""normalized"": {""microscope"": ""Zeiss Gemini"", ""instrument"": ""Zeiss Gemini"", ""detector"": ""BSE"", ""accelerating_voltage_kv"": 20000.0, ""magnification"": 500.0, ""pixel_size_nm"": 7.443e-08, ""beam_current_na"": 7.99999999999999e-05, ""dwell_time_us"": 1.29329427083333e-05, ""working_distance_mm"": 6.176, ""chamber_pressure_pa"": 0.00087, ""sample"": ""AsCast"", ""sample_state"": ""Overview"", ""etching_agent"": ""Vilella"", ""imaging_mode"": ""SEM"", ""scale"": ""7.443e-08 nm/pixel"", ""acquisition_date_if_available"": null}}",,,,
hcci,AsCast,hcci_354,Images\354.png,C:\Users\Pranet\Downloads\Mini Project\data\raw\hcci\Images\354.png,354.png,.png,4529711,2158cf5391e8f4a732efae5dcb4b0e4d131ff274caa100de6b3ba2e03db1c02a,2860,1922,4,8,uint8,png,RGBA,SEM,,Overview,Overview,sample_AsCast_Overview,AsCast,roi_354,Zeiss Gemini_BSE_20000.0kV_500.0x,"{""raw_metadata"": {""File Name"": 354, ""SEM"": ""Zeiss Gemini"", ""Detector"": ""BSE"", ""Gun"": ""FEG"", ""Voltage"": 20000, ""Magnification"": 500, ""Etching"": ""Vilella"", ""Sample"": ""AsCast"", ""Kind"": ""Overview"", ""Pixel Size"": 7.443e-08, ""Beam Current"": 7.99999999999999e-05, ""Dwell Time"": 1.66666666666667e-06, ""Dwell Time cat"": ""low"", ""Chamber Pressure"": 0.00087, ""Working Distance"": 0.006176}, ""normalized"": {""microscope"": ""Zeiss Gemini"", ""instrument"": ""Zeiss Gemini"", ""detector"": ""BSE"", ""accelerating_voltage_kv"": 20000.0, ""magnification"": 500.0, ""pixel_size_nm"": 7.443e-08, ""beam_current_na"": 7.99999999999999e-05, ""dwell_time_us"": 1.66666666666667e-06, ""working_distance_mm"": 6.176, ""chamber_pressure_pa"": 0.00087, ""sample"": ""AsCast"", ""sample_state"": ""Overview"", ""etching_agent"": ""Vilella"", ""imaging_mode"": ""SEM"", ""scale"": ""7.443e-08 nm/pixel"", ""acquisition_date_if_available"": null}}",,,,
hcci,AsCast,hcci_355,Images\355.png,C:\Users\Pranet\Downloads\Mini Project\data\raw\hcci\Images\355.png,355.png,.png,4287712,fcb2465aba557e31fb3c4f36037d58e27a13de8b858422c48730c14bb4f7b508,2860,1922,4,8,uint8,png,RGBA,SEM,,Overview,Overview,sample_AsCast_Overview,AsCast,roi_355,Zeiss Gemini_InLens_20000.0kV_500.0x,"{""raw_metadata"": {""File Name"": 355, ""SEM"": ""Zeiss Gemini"", ""Detector"": ""InLens"", ""Gun"": ""FEG"", ""Voltage"": 20000, ""Magnification"": 500, ""Etching"": ""Vilella"", ""Sample"": ""AsCast"", ""Kind"": ""Overview"", ""Pixel Size"": 7.443e-08, ""Beam Current"": 7.99999999999999e-05, ""Dwell Time"": 1.29329427083333e-05, ""Dwell Time cat"": ""high"", ""Chamber Pressure"": 0.00087, ""Working Distance"": 0.006191}, ""normalized"": {""microscope"": ""Zeiss Gemini"", ""instrument"": ""Zeiss Gemini"", ""detector"": ""InLens"", ""accelerating_voltage_kv"": 20000.0, ""magnification"": 500.0, ""pixel_size_nm"": 7.443e-08, ""beam_current_na"": 7.99999999999999e-05, ""dwell_time_us"": 1.29329427083333e-05, ""working_distance_mm"": 6.191, ""chamber_pressure_pa"": 0.00087, ""sample"": ""AsCast"", ""sample_state"": ""Overview"", ""etching_agent"": ""Vilella"", ""imaging_mode"": ""SEM"", ""scale"": ""7.443e-08 nm/pixel"", ""acquisition_date_if_available"": null}}",,,,
hcci,AsCast,hcci_356,Images\356.png,C:\Users\Pranet\Downloads\Mini Project\data\raw\hcci\Images\356.png,356.png,.png,5052854,80352fb6266cbe8157174d94839283c136f60fdaef1d4d15233249c00697e94d,2860,1922,4,8,uint8,png,RGBA,SEM,,Overview,Overview,sample_AsCast_Overview,AsCast,roi_356,Zeiss Gemini_InLens_20000.0kV_500.0x,"{""raw_metadata"": {""File Name"": 356, ""SEM"": ""Zeiss Gemini"", ""Detector"": ""InLens"", ""Gun"": ""FEG"", ""Voltage"": 20000, ""Magnification"": 500, ""Etching"": ""Vilella"", ""Sample"": ""AsCast"", ""Kind"": ""Overview"", ""Pixel Size"": 7.443e-08, ""Beam Current"": 7.99999999999999e-05, ""Dwell Time"": 1.66666666666667e-06, ""Dwell Time cat"": ""low"", ""Chamber Pressure"": 0.00087, ""Working Distance"": 0.006191}, ""normalized"": {""microscope"": ""Zeiss Gemini"", ""instrument"": ""Zeiss Gemini"", ""detector"": ""InLens"", ""accelerating_voltage_kv"": 20000.0, ""magnification"": 500.0, ""pixel_size_nm"": 7.443e-08, ""beam_current_na"": 7.99999999999999e-05, ""dwell_time_us"": 1.66666666666667e-06, ""working_distance_mm"": 6.191, ""chamber_pressure_pa"": 0.00087, ""sample"": ""AsCast"", ""sample_state"": ""Overview"", ""etching_agent"": ""Vilella"", ""imaging_mode"": ""SEM"", ""scale"": ""7.443e-08 nm/pixel"", ""acquisition_date_if_available"": null}}",,,,
hcci,AsCast,hcci_357,Images\357.png,C:\Users\Pranet\Downloads\Mini Project\data\raw\hcci\Images\357.png,357.png,.png,4587765,1fd55526ab270a14d7772ac6735d17ab363011e711f38d396b5c7492e7f3fa7f,2697,1810,4,8,uint8,png,RGBA,SEM,,Detail,Detail,sample_AsCast_Detail,AsCast,roi_357,Zeiss Gemini_SE_20000.0kV_2800.0x,"{""raw_metadata"": {""File Name"": 357, ""SEM"": ""Zeiss Gemini"", ""Detector"": ""SE"", ""Gun"": ""FEG"", ""Voltage"": 20000, ""Magnification"": 2800, ""Etching"": ""Vilella"", ""Sample"": ""AsCast"", ""Kind"": ""Detail"", ""Pixel Size"": 1.329e-08, ""Beam Current"": 7.99999999999999e-05, ""Dwell Time"": 1.29329427083333e-05, ""Dwell Time cat"": ""high"", ""Chamber Pressure"": 0.00087, ""Working Distance"": 0.006191}, ""normalized"": {""microscope"": ""Zeiss Gemini"", ""instrument"": ""Zeiss Gemini"", ""detector"": ""SE"", ""accelerating_voltage_kv"": 20000.0, ""magnification"": 2800.0, ""pixel_size_nm"": 1.329e-08, ""beam_current_na"": 7.99999999999999e-05, ""dwell_time_us"": 1.29329427083333e-05, ""working_distance_mm"": 6.191, ""chamber_pressure_pa"": 0.00087, ""sample"": ""AsCast"", ""sample_state"": ""Detail"", ""etching_agent"": ""Vilella"", ""imaging_mode"": ""SEM"", ""scale"": ""1.329e-08 nm/pixel"", ""acquisition_date_if_available"": null}}",,,,
hcci,AsCast,hcci_358,Images\358.png,C:\Users\Pranet\Downloads\Mini Project\data\raw\hcci\Images\358.png,358.png,.png,5619295,d7deea2a4b560744cadb7c5ea483d99d7ab25d969fdbaf7ef710d99b1ce2591d,2697,1810,4,8,uint8,png,RGBA,SEM,,Detail,Detail,sample_AsCast_Detail,AsCast,roi_358,Zeiss Gemini_SE_20000.0kV_2800.0x,"{""raw_metadata"": {""File Name"": 358, ""SEM"": ""Zeiss Gemini"", ""Detector"": ""SE"", ""Gun"": ""FEG"", ""Voltage"": 20000, ""Magnification"": 2800, ""Etching"": ""Vilella"", ""Sample"": ""AsCast"", ""Kind"": ""Detail"", ""Pixel Size"": 1.329e-08, ""Beam Current"": 7.99999999999999e-05, ""Dwell Time"": 1.66666666666667e-06, ""Dwell Time cat"": ""low"", ""Chamber Pressure"": 0.00087, ""Working Distance"": 0.006191}, ""normalized"": {""microscope"": ""Zeiss Gemini"", ""instrument"": ""Zeiss Gemini"", ""detector"": ""SE"", ""accelerating_voltage_kv"": 20000.0, ""magnification"": 2800.0, ""pixel_size_nm"": 1.329e-08, ""beam_current_na"": 7.99999999999999e-05, ""dwell_time_us"": 1.66666666666667e-06, ""working_distance_mm"": 6.191, ""chamber_pressure_pa"": 0.00087, ""sample"": ""AsCast"", ""sample_state"": ""Detail"", ""etching_agent"": ""Vilella"", ""imaging_mode"": ""SEM"", ""scale"": ""1.329e-08 nm/pixel"", ""acquisition_date_if_available"": null}}",,,,
hcci,AsCast,hcci_359,Images\359.png,C:\Users\Pranet\Downloads\Mini Project\data\raw\hcci\Images\359.png,359.png,.png,4696112,e9f358be532e8d732391d87b038967b0ebe636f4b42e5ec0312d461afc81fc63,2697,1810,4,8,uint8,png,RGBA,SEM,,Detail,Detail,sample_AsCast_Detail,AsCast,roi_359,Zeiss Gemini_BSE_20000.0kV_2800.0x,"{""raw_metadata"": {""File Name"": 359, ""SEM"": ""Zeiss Gemini"", ""Detector"": ""BSE"", ""Gun"": ""FEG"", ""Voltage"": 20000, ""Magnification"": 2800, ""Etching"": ""Vilella"", ""Sample"": ""AsCast"", ""Kind"": ""Detail"", ""Pixel Size"": 1.329e-08, ""Beam Current"": 7.99999999999999e-05, ""Dwell Time"": 1.29329427083333e-05, ""Dwell Time cat"": ""high"", ""Chamber Pressure"": 0.00087, ""Working Distance"": 0.006191}, ""normalized"": {""microscope"": ""Zeiss Gemini"", ""instrument"": ""Zeiss Gemini"", ""detector"": ""BSE"", ""accelerating_voltage_kv"": 20000.0, ""magnification"": 2800.0, ""pixel_size_nm"": 1.329e-08, ""beam_current_na"": 7.99999999999999e-05, ""dwell_time_us"": 1.29329427083333e-05, ""working_distance_mm"": 6.191, ""chamber_pressure_pa"": 0.00087, ""sample"": ""AsCast"", ""sample_state"": ""Detail"", ""etching_agent"": ""Vilella"", ""imaging_mode"": ""SEM"", ""scale"": ""1.329e-08 nm/pixel"", ""acquisition_date_if_available"": null}}",,,,
hcci,AsCast,hcci_36,Images\36.png,C:\Users\Pranet\Downloads\Mini Project\data\raw\hcci\Images\36.png,36.png,.png,6018220,d8c9b1c1221166e1b430fdad30ad312ddad4358e0889abf7f3e059be34cc6b34,2697,1810,4,8,uint8,png,RGBA,SEM,,Detail,Detail,sample_AsCast_Detail,AsCast,roi_36,Helios G4 PFIB CXe_InLens_20000.0kV_5000.0x,"{""raw_metadata"": {""File Name"": 36, ""SEM"": ""Helios G4 PFIB CXe"", ""Detector"": ""InLens"", ""Gun"": ""FEG"", ""Voltage"": 20000, ""Magnification"": 5000, ""Etching"": ""Vilella"", ""Sample"": ""AsCast"", ""Kind"": ""Detail"", ""Pixel Size"": 1.34896e-08, ""Beam Current"": 1.6e-09, ""Dwell Time"": 5e-07, ""Dwell Time cat"": ""low"", ""Chamber Pressure"": 0.00023, ""Working Distance"": 0.00672148}, ""normalized"": {""microscope"": ""Helios G4 PFIB CXe"", ""instrument"": ""Helios G4 PFIB CXe"", ""detector"": ""InLens"", ""accelerating_voltage_kv"": 20000.0, ""magnification"": 5000.0, ""pixel_size_nm"": 1.34896e-08, ""beam_current_na"": 1.6e-09, ""dwell_time_us"": 5e-07, ""working_distance_mm"": 6.7215, ""chamber_pressure_pa"": 0.00023, ""sample"": ""AsCast"", ""sample_state"": ""Detail"", ""etching_agent"": ""Vilella"", ""imaging_mode"": ""SEM"", ""scale"": ""1.34896e-08 nm/pixel"", ""acquisition_date_if_available"": null}}",,,,
hcci,AsCast,hcci_360,Images\360.png,C:\Users\Pranet\Downloads\Mini Project\data\raw\hcci\Images\360.png,360.png,.png,4357759,adf82a74750e1b193a6abec6a4c8e4607b6807ed50f3a3e7ed1085802e676b17,2697,1810,4,8,uint8,png,RGBA,SEM,,Detail,Detail,sample_AsCast_Detail,AsCast,roi_360,Zeiss Gemini_BSE_20000.0kV_2800.0x,"{""raw_metadata"": {""File Name"": 360, ""SEM"": ""Zeiss Gemini"", ""Detector"": ""BSE"", ""Gun"": ""FEG"", ""Voltage"": 20000, ""Magnification"": 2800, ""Etching"": ""Vilella"", ""Sample"": ""AsCast"", ""Kind"": ""Detail"", ""Pixel Size"": 1.329e-08, ""Beam Current"": 7.99999999999999e-05, ""Dwell Time"": 1.66666666666667e-06, ""Dwell Time cat"": ""low"", ""Chamber Pressure"": 0.00087, ""Working Distance"": 0.006191}, ""normalized"": {""microscope"": ""Zeiss Gemini"", ""instrument"": ""Zeiss Gemini"", ""detector"": ""BSE"", ""accelerating_voltage_kv"": 20000.0, ""magnification"": 2800.0, ""pixel_size_nm"": 1.329e-08, ""beam_current_na"": 7.99999999999999e-05, ""dwell_time_us"": 1.66666666666667e-06, ""working_distance_mm"": 6.191, ""chamber_pressure_pa"": 0.00087, ""sample"": ""AsCast"", ""sample_state"": ""Detail"", ""etching_agent"": ""Vilella"", ""imaging_mode"": ""SEM"", ""scale"": ""1.329e-08 nm/pixel"", ""acquisition_date_if_available"": null}}",,,,
hcci,AsCast,hcci_361,Images\361.png,C:\Users\Pranet\Downloads\Mini Project\data\raw\hcci\Images\361.png,361.png,.png,4219279,b4842a7b6f2ab7f0d3605adb7d68d8d4067e1c9a0f388e4607a8ac3c97949295,2697,1810,4,8,uint8,png,RGBA,SEM,,Detail,Detail,sample_AsCast_Detail,AsCast,roi_361,Zeiss Gemini_InLens_20000.0kV_2800.0x,"{""raw_metadata"": {""File Name"": 361, ""SEM"": ""Zeiss Gemini"", ""Detector"": ""InLens"", ""Gun"": ""FEG"", ""Voltage"": 20000, ""Magnification"": 2800, ""Etching"": ""Vilella"", ""Sample"": ""AsCast"", ""Kind"": ""Detail"", ""Pixel Size"": 1.329e-08, ""Beam Current"": 7.99999999999999e-05, ""Dwell Time"": 1.29329427083333e-05, ""Dwell Time cat"": ""high"", ""Chamber Pressure"": 0.00087, ""Working Distance"": 0.006191}, ""normalized"": {""microscope"": ""Zeiss Gemini"", ""instrument"": ""Zeiss Gemini"", ""detector"": ""InLens"", ""accelerating_voltage_kv"": 20000.0, ""magnification"": 2800.0, ""pixel_size_nm"": 1.329e-08, ""beam_current_na"": 7.99999999999999e-05, ""dwell_time_us"": 1.29329427083333e-05, ""working_distance_mm"": 6.191, ""chamber_pressure_pa"": 0.00087, ""sample"": ""AsCast"", ""sample_state"": ""Detail"", ""etching_agent"": ""Vilella"", ""imaging_mode"": ""SEM"", ""scale"": ""1.329e-08 nm/pixel"", ""acquisition_date_if_available"": null}}",,,,
hcci,AsCast,hcci_362,Images\362.png,C:\Users\Pranet\Downloads\Mini Project\data\raw\hcci\Images\362.png,362.png,.png,5225817,442c80fec64445e806251d0e0a67ddc60b19d17e55cd43d5affd1c87bc935a93,2697,1810,4,8,uint8,png,RGBA,SEM,,Detail,Detail,sample_AsCast_Detail,AsCast,roi_362,Zeiss Gemini_InLens_20000.0kV_2800.0x,"{""raw_metadata"": {""File Name"": 362, ""SEM"": ""Zeiss Gemini"", ""Detector"": ""InLens"", ""Gun"": ""FEG"", ""Voltage"": 20000, ""Magnification"": 2800, ""Etching"": ""Vilella"", ""Sample"": ""AsCast"", ""Kind"": ""Detail"", ""Pixel Size"": 1.329e-08, ""Beam Current"": 7.99999999999999e-05, ""Dwell Time"": 1.66666666666667e-06, ""Dwell Time cat"": ""low"", ""Chamber Pressure"": 0.00087, ""Working Distance"": 0.006191}, ""normalized"": {""microscope"": ""Zeiss Gemini"", ""instrument"": ""Zeiss Gemini"", ""detector"": ""InLens"", ""accelerating_voltage_kv"": 20000.0, ""magnification"": 2800.0, ""pixel_size_nm"": 1.329e-08, ""beam_current_na"": 7.99999999999999e-05, ""dwell_time_us"": 1.66666666666667e-06, ""working_distance_mm"": 6.191, ""chamber_pressure_pa"": 0.00087, ""sample"": ""AsCast"", ""sample_state"": ""Detail"", ""etching_agent"": ""Vilella"", ""imaging_mode"": ""SEM"", ""scale"": ""1.329e-08 nm/pixel"", ""acquisition_date_if_available"": null}}",,,,
hcci,Q980_0h_WC,hcci_363,Images\363.png,C:\Users\Pranet\Downloads\Mini Project\data\raw\hcci\Images\363.png,363.png,.png,4790987,26872c97c1a4c0e5672eea94a4ecae8104521f75cb8debe7c0fda77be041c34b,2749,1983,4,8,uint8,png,RGBA,SEM,,Overview,Overview,sample_Q980_0h_WC_Overview,Q980_0h_WC,roi_363,Zeiss Gemini_SE_5000.0kV_500.0x,"{""raw_metadata"": {""File Name"": 363, ""SEM"": ""Zeiss Gemini"", ""Detector"": ""SE"", ""Gun"": ""FEG"", ""Voltage"": 5000, ""Magnification"": 500, ""Etching"": ""Vilella"", ""Sample"": ""Q980_0h_WC"", ""Kind"": ""Overview"", ""Pixel Size"": 7.443e-08, ""Beam Current"": 7.99999999999999e-05, ""Dwell Time"": 1.29329427083333e-05, ""Dwell Time cat"": ""high"", ""Chamber Pressure"": 0.00127, ""Working Distance"": 0.005968}, ""normalized"": {""microscope"": ""Zeiss Gemini"", ""instrument"": ""Zeiss Gemini"", ""detector"": ""SE"", ""accelerating_voltage_kv"": 5000.0, ""magnification"": 500.0, ""pixel_size_nm"": 7.443e-08, ""beam_current_na"": 7.99999999999999e-05, ""dwell_time_us"": 1.29329427083333e-05, ""working_distance_mm"": 5.968, ""chamber_pressure_pa"": 0.00127, ""sample"": ""Q980_0h_WC"", ""sample_state"": ""Overview"", ""etching_agent"": ""Vilella"", ""imaging_mode"": ""SEM"", ""scale"": ""7.443e-08 nm/pixel"", ""acquisition_date_if_available"": null}}",,,,
hcci,Q980_0h_WC,hcci_364,Images\364.png,C:\Users\Pranet\Downloads\Mini Project\data\raw\hcci\Images\364.png,364.png,.png,5578777,c53975afa2bc268cddb7eba51dde9c00e02de72f6d0aa851de2325058f6cc7da,2749,1983,4,8,uint8,png,RGBA,SEM,,Overview,Overview,sample_Q980_0h_WC_Overview,Q980_0h_WC,roi_364,Zeiss Gemini_SE_5000.0kV_500.0x,"{""raw_metadata"": {""File Name"": 364, ""SEM"": ""Zeiss Gemini"", ""Detector"": ""SE"", ""Gun"": ""FEG"", ""Voltage"": 5000, ""Magnification"": 500, ""Etching"": ""Vilella"", ""Sample"": ""Q980_0h_WC"", ""Kind"": ""Overview"", ""Pixel Size"": 7.443e-08, ""Beam Current"": 7.99999999999999e-05, ""Dwell Time"": 1.66666666666667e-06, ""Dwell Time cat"": ""low"", ""Chamber Pressure"": 0.00125, ""Working Distance"": 0.005968}, ""normalized"": {""microscope"": ""Zeiss Gemini"", ""instrument"": ""Zeiss Gemini"", ""detector"": ""SE"", ""accelerating_voltage_kv"": 5000.0, ""magnification"": 500.0, ""pixel_size_nm"": 7.443e-08, ""beam_current_na"": 7.99999999999999e-05, ""dwell_time_us"": 1.66666666666667e-06, ""working_distance_mm"": 5.968, ""chamber_pressure_pa"": 0.00125, ""sample"": ""Q980_0h_WC"", ""sample_state"": ""Overview"", ""etching_agent"": ""Vilella"", ""imaging_mode"": ""SEM"", ""scale"": ""7.443e-08 nm/pixel"", ""acquisition_date_if_available"": null}}",,,,
hcci,Q980_0h_WC,hcci_365,Images\365.png,C:\Users\Pranet\Downloads\Mini Project\data\raw\hcci\Images\365.png,365.png,.png,6351943,6f4a046a737ed220be1577c23787814a5f2126d12ec5cf4fec9586b0de67327f,2749,1983,4,8,uint8,png,RGBA,SEM,,Overview,Overview,sample_Q980_0h_WC_Overview,Q980_0h_WC,roi_365,Zeiss Gemini_BSE_5000.0kV_500.0x,"{""raw_metadata"": {""File Name"": 365, ""SEM"": ""Zeiss Gemini"", ""Detector"": ""BSE"", ""Gun"": ""FEG"", ""Voltage"": 5000, ""Magnification"": 500, ""Etching"": ""Vilella"", ""Sample"": ""Q980_0h_WC"", ""Kind"": ""Overview"", ""Pixel Size"": 7.443e-08, ""Beam Current"": 7.99999999999999e-05, ""Dwell Time"": 1.29329427083333e-05, ""Dwell Time cat"": ""high"", ""Chamber Pressure"": 0.00117, ""Working Distance"": 0.005968}, ""normalized"": {""microscope"": ""Zeiss Gemini"", ""instrument"": ""Zeiss Gemini"", ""detector"": ""BSE"", ""accelerating_voltage_kv"": 5000.0, ""magnification"": 500.0, ""pixel_size_nm"": 7.443e-08, ""beam_current_na"": 7.99999999999999e-05, ""dwell_time_us"": 1.29329427083333e-05, ""working_distance_mm"": 5.968, ""chamber_pressure_pa"": 0.00117, ""sample"": ""Q980_0h_WC"", ""sample_state"": ""Overview"", ""etching_agent"": ""Vilella"", ""imaging_mode"": ""SEM"", ""scale"": ""7.443e-08 nm/pixel"", ""acquisition_date_if_available"": null}}",,,,
hcci,Q980_0h_WC,hcci_366,Images\366.png,C:\Users\Pranet\Downloads\Mini Project\data\raw\hcci\Images\366.png,366.png,.png,6612662,e68196793d2f97b1ba5aad4b46c77bcb14e72988c2a0e617af1ce1ff1e87a2f3,2749,1983,4,8,uint8,png,RGBA,SEM,,Overview,Overview,sample_Q980_0h_WC_Overview,Q980_0h_WC,roi_366,Zeiss Gemini_BSE_5000.0kV_500.0x,"{""raw_metadata"": {""File Name"": 366, ""SEM"": ""Zeiss Gemini"", ""Detector"": ""BSE"", ""Gun"": ""FEG"", ""Voltage"": 5000, ""Magnification"": 500, ""Etching"": ""Vilella"", ""Sample"": ""Q980_0h_WC"", ""Kind"": ""Overview"", ""Pixel Size"": 7.443e-08, ""Beam Current"": 7.99999999999999e-05, ""Dwell Time"": 1.66666666666667e-06, ""Dwell Time cat"": ""low"", ""Chamber Pressure"": 0.00117, ""Working Distance"": 0.005968}, ""normalized"": {""microscope"": ""Zeiss Gemini"", ""instrument"": ""Zeiss Gemini"", ""detector"": ""BSE"", ""accelerating_voltage_kv"": 5000.0, ""magnification"": 500.0, ""pixel_size_nm"": 7.443e-08, ""beam_current_na"": 7.99999999999999e-05, ""dwell_time_us"": 1.66666666666667e-06, ""working_distance_mm"": 5.968, ""chamber_pressure_pa"": 0.00117, ""sample"": ""Q980_0h_WC"", ""sample_state"": ""Overview"", ""etching_agent"": ""Vilella"", ""imaging_mode"": ""SEM"", ""scale"": ""7.443e-08 nm/pixel"", ""acquisition_date_if_available"": null}}",,,,
hcci,Q980_0h_WC,hcci_367,Images\367.png,C:\Users\Pranet\Downloads\Mini Project\data\raw\hcci\Images\367.png,367.png,.png,5436655,cf00a46abb46b114bf0fdfbde009f01d0c073687adbf484bfa842b5a6d7b9317,2749,1983,4,8,uint8,png,RGBA,SEM,,Overview,Overview,sample_Q980_0h_WC_Overview,Q980_0h_WC,roi_367,Zeiss Gemini_InLens_5000.0kV_500.0x,"{""raw_metadata"": {""File Name"": 367, ""SEM"": ""Zeiss Gemini"", ""Detector"": ""InLens"", ""Gun"": ""FEG"", ""Voltage"": 5000, ""Magnification"": 500, ""Etching"": ""Vilella"", ""Sample"": ""Q980_0h_WC"", ""Kind"": ""Overview"", ""Pixel Size"": 7.443e-08, ""Beam Current"": 7.99999999999999e-05, ""Dwell Time"": 1.29329427083333e-05, ""Dwell Time cat"": ""high"", ""Chamber Pressure"": 0.00111999999999999, ""Working Distance"": 0.005968}, ""normalized"": {""microscope"": ""Zeiss Gemini"", ""instrument"": ""Zeiss Gemini"", ""detector"": ""InLens"", ""accelerating_voltage_kv"": 5000.0, ""magnification"": 500.0, ""pixel_size_nm"": 7.443e-08, ""beam_current_na"": 7.99999999999999e-05, ""dwell_time_us"": 1.29329427083333e-05, ""working_distance_mm"": 5.968, ""chamber_pressure_pa"": 0.00111999999999999, ""sample"": ""Q980_0h_WC"", ""sample_state"": ""Overview"", ""etching_agent"": ""Vilella"", ""imaging_mode"": ""SEM"", ""scale"": ""7.443e-08 nm/pixel"", ""acquisition_date_if_available"": null}}",,,,
hcci,Q980_0h_WC,hcci_368,Images\368.png,C:\Users\Pranet\Downloads\Mini Project\data\raw\hcci\Images\368.png,368.png,.png,6031506,4f0ab7ac5fb820e2f7c4630ce95f117a7f342c15aebef281509c4ecc0b2a2501,2749,1983,4,8,uint8,png,RGBA,SEM,,Overview,Overview,sample_Q980_0h_WC_Overview,Q980_0h_WC,roi_368,Zeiss Gemini_InLens_5000.0kV_500.0x,"{""raw_metadata"": {""File Name"": 368, ""SEM"": ""Zeiss Gemini"", ""Detector"": ""InLens"", ""Gun"": ""FEG"", ""Voltage"": 5000, ""Magnification"": 500, ""Etching"": ""Vilella"", ""Sample"": ""Q980_0h_WC"", ""Kind"": ""Overview"", ""Pixel Size"": 7.443e-08, ""Beam Current"": 7.99999999999999e-05, ""Dwell Time"": 1.66666666666667e-06, ""Dwell Time cat"": ""low"", ""Chamber Pressure"": 0.00111, ""Working Distance"": 0.005968}, ""normalized"": {""microscope"": ""Zeiss Gemini"", ""instrument"": ""Zeiss Gemini"", ""detector"": ""InLens"", ""accelerating_voltage_kv"": 5000.0, ""magnification"": 500.0, ""pixel_size_nm"": 7.443e-08, ""beam_current_na"": 7.99999999999999e-05, ""dwell_time_us"": 1.66666666666667e-06, ""working_distance_mm"": 5.968, ""chamber_pressure_pa"": 0.00111, ""sample"": ""Q980_0h_WC"", ""sample_state"": ""Overview"", ""etching_agent"": ""Vilella"", ""imaging_mode"": ""SEM"", ""scale"": ""7.443e-08 nm/pixel"", ""acquisition_date_if_available"": null}}",,,,
hcci,Q980_0h_WC,hcci_369,Images\369.png,C:\Users\Pranet\Downloads\Mini Project\data\raw\hcci\Images\369.png,369.png,.png,4624268,360f3e767134a189d56bed5ecd5208bb072cb0fa7d92705b492d946955b7906e,2651,1896,4,8,uint8,png,RGBA,SEM,,Detail,Detail,sample_Q980_0h_WC_Detail,Q980_0h_WC,roi_369,Zeiss Gemini_SE_5000.0kV_2800.0x,"{""raw_metadata"": {""File Name"": 369, ""SEM"": ""Zeiss Gemini"", ""Detector"": ""SE"", ""Gun"": ""FEG"", ""Voltage"": 5000, ""Magnification"": 2800, ""Etching"": ""Vilella"", ""Sample"": ""Q980_0h_WC"", ""Kind"": ""Detail"", ""Pixel Size"": 1.329e-08, ""Beam Current"": 7.99999999999999e-05, ""Dwell Time"": 1.29329427083333e-05, ""Dwell Time cat"": ""high"", ""Chamber Pressure"": 0.00109, ""Working Distance"": 0.005968}, ""normalized"": {""microscope"": ""Zeiss Gemini"", ""instrument"": ""Zeiss Gemini"", ""detector"": ""SE"", ""accelerating_voltage_kv"": 5000.0, ""magnification"": 2800.0, ""pixel_size_nm"": 1.329e-08, ""beam_current_na"": 7.99999999999999e-05, ""dwell_time_us"": 1.29329427083333e-05, ""working_distance_mm"": 5.968, ""chamber_pressure_pa"": 0.00109, ""sample"": ""Q980_0h_WC"", ""sample_state"": ""Detail"", ""etching_agent"": ""Vilella"", ""imaging_mode"": ""SEM"", ""scale"": ""1.329e-08 nm/pixel"", ""acquisition_date_if_available"": null}}",,,,
hcci,Q980_0h_WC,hcci_37,Images\37.png,C:\Users\Pranet\Downloads\Mini Project\data\raw\hcci\Images\37.png,37.png,.png,7026962,b8f33f77aa8a0e18d8d762fb3364596a6d30a85a22a52d2241ff89930b7d74f3,2749,1983,4,8,uint8,png,RGBA,SEM,,Overview,Overview,sample_Q980_0h_WC_Overview,Q980_0h_WC,roi_37,Helios G4 PFIB CXe_SE_5000.0kV_1000.0x,"{""raw_metadata"": {""File Name"": 37, ""SEM"": ""Helios G4 PFIB CXe"", ""Detector"": ""SE"", ""Gun"": ""FEG"", ""Voltage"": 5000, ""Magnification"": 1000, ""Etching"": ""Vilella"", ""Sample"": ""Q980_0h_WC"", ""Kind"": ""Overview"", ""Pixel Size"": 6.74479e-08, ""Beam Current"": 1.6e-09, ""Dwell Time"": 1e-05, ""Dwell Time cat"": ""high"", ""Chamber Pressure"": 0.000142, ""Working Distance"": 0.00599175}, ""normalized"": {""microscope"": ""Helios G4 PFIB CXe"", ""instrument"": ""Helios G4 PFIB CXe"", ""detector"": ""SE"", ""accelerating_voltage_kv"": 5000.0, ""magnification"": 1000.0, ""pixel_size_nm"": 6.74479e-08, ""beam_current_na"": 1.6e-09, ""dwell_time_us"": 1e-05, ""working_distance_mm"": 5.9917, ""chamber_pressure_pa"": 0.000142, ""sample"": ""Q980_0h_WC"", ""sample_state"": ""Overview"", ""etching_agent"": ""Vilella"", ""imaging_mode"": ""SEM"", ""scale"": ""6.74479e-08 nm/pixel"", ""acquisition_date_if_available"": null}}",,,,
hcci,Q980_0h_WC,hcci_370,Images\370.png,C:\Users\Pranet\Downloads\Mini Project\data\raw\hcci\Images\370.png,370.png,.png,5586708,86cc04edc20243e694f3b8b11bb97eb7304ea27c0683cf996dcf26729c3f504a,2651,1896,4,8,uint8,png,RGBA,SEM,,Detail,Detail,sample_Q980_0h_WC_Detail,Q980_0h_WC,roi_370,Zeiss Gemini_SE_5000.0kV_2800.0x,"{""raw_metadata"": {""File Name"": 370, ""SEM"": ""Zeiss Gemini"", ""Detector"": ""SE"", ""Gun"": ""FEG"", ""Voltage"": 5000, ""Magnification"": 2800, ""Etching"": ""Vilella"", ""Sample"": ""Q980_0h_WC"", ""Kind"": ""Detail"", ""Pixel Size"": 1.329e-08, ""Beam Current"": 7.99999999999999e-05, ""Dwell Time"": 1.66666666666667e-06, ""Dwell Time cat"": ""low"", ""Chamber Pressure"": 0.00109, ""Working Distance"": 0.005968}, ""normalized"": {""microscope"": ""Zeiss Gemini"", ""instrument"": ""Zeiss Gemini"", ""detector"": ""SE"", ""accelerating_voltage_kv"": 5000.0, ""magnification"": 2800.0, ""pixel_size_nm"": 1.329e-08, ""beam_current_na"": 7.99999999999999e-05, ""dwell_time_us"": 1.66666666666667e-06, ""working_distance_mm"": 5.968, ""chamber_pressure_pa"": 0.00109, ""sample"": ""Q980_0h_WC"", ""sample_state"": ""Detail"", ""etching_agent"": ""Vilella"", ""imaging_mode"": ""SEM"", ""scale"": ""1.329e-08 nm/pixel"", ""acquisition_date_if_available"": null}}",,,,
hcci,Q980_0h_WC,hcci_371,Images\371.png,C:\Users\Pranet\Downloads\Mini Project\data\raw\hcci\Images\371.png,371.png,.png,5891234,e4f18e292547d528b9c06b7c5a69274468a596a9a052cdc5da74764135a51d05,2651,1896,4,8,uint8,png,RGBA,SEM,,Detail,Detail,sample_Q980_0h_WC_Detail,Q980_0h_WC,roi_371,Zeiss Gemini_BSE_5000.0kV_2800.0x,"{""raw_metadata"": {""File Name"": 371, ""SEM"": ""Zeiss Gemini"", ""Detector"": ""BSE"", ""Gun"": ""FEG"", ""Voltage"": 5000, ""Magnification"": 2800, ""Etching"": ""Vilella"", ""Sample"": ""Q980_0h_WC"", ""Kind"": ""Detail"", ""Pixel Size"": 1.329e-08, ""Beam Current"": 7.99999999999999e-05, ""Dwell Time"": 1.29329427083333e-05, ""Dwell Time cat"": ""high"", ""Chamber Pressure"": 0.00105999999999999, ""Working Distance"": 0.005968}, ""normalized"": {""microscope"": ""Zeiss Gemini"", ""instrument"": ""Zeiss Gemini"", ""detector"": ""BSE"", ""accelerating_voltage_kv"": 5000.0, ""magnification"": 2800.0, ""pixel_size_nm"": 1.329e-08, ""beam_current_na"": 7.99999999999999e-05, ""dwell_time_us"": 1.29329427083333e-05, ""working_distance_mm"": 5.968, ""chamber_pressure_pa"": 0.00105999999999999, ""sample"": ""Q980_0h_WC"", ""sample_state"": ""Detail"", ""etching_agent"": ""Vilella"", ""imaging_mode"": ""SEM"", ""scale"": ""1.329e-08 nm/pixel"", ""acquisition_date_if_available"": null}}",,,,
hcci,Q980_0h_WC,hcci_372,Images\372.png,C:\Users\Pranet\Downloads\Mini Project\data\raw\hcci\Images\372.png,372.png,.png,6789983,9440406e143ecedf769dc984abcb165fadbba5e3db16564b96752feed12b0b01,2651,1896,4,8,uint8,png,RGBA,SEM,,Detail,Detail,sample_Q980_0h_WC_Detail,Q980_0h_WC,roi_372,Zeiss Gemini_BSE_5000.0kV_2800.0x,"{""raw_metadata"": {""File Name"": 372, ""SEM"": ""Zeiss Gemini"", ""Detector"": ""BSE"", ""Gun"": ""FEG"", ""Voltage"": 5000, ""Magnification"": 2800, ""Etching"": ""Vilella"", ""Sample"": ""Q980_0h_WC"", ""Kind"": ""Detail"", ""Pixel Size"": 1.329e-08, ""Beam Current"": 7.99999999999999e-05, ""Dwell Time"": 1.66666666666667e-06, ""Dwell Time cat"": ""low"", ""Chamber Pressure"": 0.00105999999999999, ""Working Distance"": 0.005968}, ""normalized"": {""microscope"": ""Zeiss Gemini"", ""instrument"": ""Zeiss Gemini"", ""detector"": ""BSE"", ""accelerating_voltage_kv"": 5000.0, ""magnification"": 2800.0, ""pixel_size_nm"": 1.329e-08, ""beam_current_na"": 7.99999999999999e-05, ""dwell_time_us"": 1.66666666666667e-06, ""working_distance_mm"": 5.968, ""chamber_pressure_pa"": 0.00105999999999999, ""sample"": ""Q980_0h_WC"", ""sample_state"": ""Detail"", ""etching_agent"": ""Vilella"", ""imaging_mode"": ""SEM"", ""scale"": ""1.329e-08 nm/pixel"", ""acquisition_date_if_available"": null}}",,,,
hcci,Q980_0h_WC,hcci_373,Images\373.png,C:\Users\Pranet\Downloads\Mini Project\data\raw\hcci\Images\373.png,373.png,.png,4558220,a7dffb5e2ef2fa087317b664efd4b46a939c29d12bb950fcf2dfff3ee76525e9,2651,1896,4,8,uint8,png,RGBA,SEM,,Detail,Detail,sample_Q980_0h_WC_Detail,Q980_0h_WC,roi_373,Zeiss Gemini_InLens_5000.0kV_2800.0x,"{""raw_metadata"": {""File Name"": 373, ""SEM"": ""Zeiss Gemini"", ""Detector"": ""InLens"", ""Gun"": ""FEG"", ""Voltage"": 5000, ""Magnification"": 2800, ""Etching"": ""Vilella"", ""Sample"": ""Q980_0h_WC"", ""Kind"": ""Detail"", ""Pixel Size"": 1.329e-08, ""Beam Current"": 7.99999999999999e-05, ""Dwell Time"": 1.29329427083333e-05, ""Dwell Time cat"": ""high"", ""Chamber Pressure"": 0.00103999999999999, ""Working Distance"": 0.005968}, ""normalized"": {""microscope"": ""Zeiss Gemini"", ""instrument"": ""Zeiss Gemini"", ""detector"": ""InLens"", ""accelerating_voltage_kv"": 5000.0, ""magnification"": 2800.0, ""pixel_size_nm"": 1.329e-08, ""beam_current_na"": 7.99999999999999e-05, ""dwell_time_us"": 1.29329427083333e-05, ""working_distance_mm"": 5.968, ""chamber_pressure_pa"": 0.00103999999999999, ""sample"": ""Q980_0h_WC"", ""sample_state"": ""Detail"", ""etching_agent"": ""Vilella"", ""imaging_mode"": ""SEM"", ""scale"": ""1.329e-08 nm/pixel"", ""acquisition_date_if_available"": null}}",,,,
hcci,Q980_0h_WC,hcci_374,Images\374.png,C:\Users\Pranet\Downloads\Mini Project\data\raw\hcci\Images\374.png,374.png,.png,5626005,f3b245e9ad79f7c57eeed39b5b0a6cb0e58447131d2f783de08d0198e464f9f0,2651,1896,4,8,uint8,png,RGBA,SEM,,Detail,Detail,sample_Q980_0h_WC_Detail,Q980_0h_WC,roi_374,Zeiss Gemini_InLens_5000.0kV_2800.0x,"{""raw_metadata"": {""File Name"": 374, ""SEM"": ""Zeiss Gemini"", ""Detector"": ""InLens"", ""Gun"": ""FEG"", ""Voltage"": 5000, ""Magnification"": 2800, ""Etching"": ""Vilella"", ""Sample"": ""Q980_0h_WC"", ""Kind"": ""Detail"", ""Pixel Size"": 1.329e-08, ""Beam Current"": 7.99999999999999e-05, ""Dwell Time"": 1.66666666666667e-06, ""Dwell Time cat"": ""low"", ""Chamber Pressure"": 0.00103999999999999, ""Working Distance"": 0.005968}, ""normalized"": {""microscope"": ""Zeiss Gemini"", ""instrument"": ""Zeiss Gemini"", ""detector"": ""InLens"", ""accelerating_voltage_kv"": 5000.0, ""magnification"": 2800.0, ""pixel_size_nm"": 1.329e-08, ""beam_current_na"": 7.99999999999999e-05, ""dwell_time_us"": 1.66666666666667e-06, ""working_distance_mm"": 5.968, ""chamber_pressure_pa"": 0.00103999999999999, ""sample"": ""Q980_0h_WC"", ""sample_state"": ""Detail"", ""etching_agent"": ""Vilella"", ""imaging_mode"": ""SEM"", ""scale"": ""1.329e-08 nm/pixel"", ""acquisition_date_if_available"": null}}",,,,
hcci,Q980_0h_WC,hcci_375,Images\375.png,C:\Users\Pranet\Downloads\Mini Project\data\raw\hcci\Images\375.png,375.png,.png,5452817,398e79e56f7ac096e287ab4d676f1ec7e1113584cc830d024370cffd9be6abff,2749,1983,4,8,uint8,png,RGBA,SEM,,Overview,Overview,sample_Q980_0h_WC_Overview,Q980_0h_WC,roi_375,Zeiss Gemini_SE_10000.0kV_500.0x,"{""raw_metadata"": {""File Name"": 375, ""SEM"": ""Zeiss Gemini"", ""Detector"": ""SE"", ""Gun"": ""FEG"", ""Voltage"": 10000, ""Magnification"": 500, ""Etching"": ""Vilella"", ""Sample"": ""Q980_0h_WC"", ""Kind"": ""Overview"", ""Pixel Size"": 7.443e-08, ""Beam Current"": 7.99999999999999e-05, ""Dwell Time"": 1.29329427083333e-05, ""Dwell Time cat"": ""high"", ""Chamber Pressure"": 0.001, ""Working Distance"": 0.005972}, ""normalized"": {""microscope"": ""Zeiss Gemini"", ""instrument"": ""Zeiss Gemini"", ""detector"": ""SE"", ""accelerating_voltage_kv"": 10000.0, ""magnification"": 500.0, ""pixel_size_nm"": 7.443e-08, ""beam_current_na"": 7.99999999999999e-05, ""dwell_time_us"": 1.29329427083333e-05, ""working_distance_mm"": 5.972, ""chamber_pressure_pa"": 0.001, ""sample"": ""Q980_0h_WC"", ""sample_state"": ""Overview"", ""etching_agent"": ""Vilella"", ""imaging_mode"": ""SEM"", ""scale"": ""7.443e-08 nm/pixel"", ""acquisition_date_if_available"": null}}",,,,
hcci,Q980_0h_WC,hcci_376,Images\376.png,C:\Users\Pranet\Downloads\Mini Project\data\raw\hcci\Images\376.png,376.png,.png,6514632,994df2ac544ac668a5704f4d2db90c216d0efc9eecc3e2b15beadf86e034564e,2749,1983,4,8,uint8,png,RGBA,SEM,,Overview,Overview,sample_Q980_0h_WC_Overview,Q980_0h_WC,roi_376,Zeiss Gemini_SE_10000.0kV_500.0x,"{""raw_metadata"": {""File Name"": 376, ""SEM"": ""Zeiss Gemini"", ""Detector"": ""SE"", ""Gun"": ""FEG"", ""Voltage"": 10000, ""Magnification"": 500, ""Etching"": ""Vilella"", ""Sample"": ""Q980_0h_WC"", ""Kind"": ""Overview"", ""Pixel Size"": 7.443e-08, ""Beam Current"": 7.99999999999999e-05, ""Dwell Time"": 1.66666666666667e-06, ""Dwell Time cat"": ""low"", ""Chamber Pressure"": 0.000995999999999999, ""Working Distance"": 0.005972}, ""normalized"": {""microscope"": ""Zeiss Gemini"", ""instrument"": ""Zeiss Gemini"", ""detector"": ""SE"", ""accelerating_voltage_kv"": 10000.0, ""magnification"": 500.0, ""pixel_size_nm"": 7.443e-08, ""beam_current_na"": 7.99999999999999e-05, ""dwell_time_us"": 1.66666666666667e-06, ""working_distance_mm"": 5.972, ""chamber_pressure_pa"": 0.000995999999999999, ""sample"": ""Q980_0h_WC"", ""sample_state"": ""Overview"", ""etching_agent"": ""Vilella"", ""imaging_mode"": ""SEM"", ""scale"": ""7.443e-08 nm/pixel"", ""acquisition_date_if_available"": null}}",,,,
hcci,Q980_0h_WC,hcci_377,Images\377.png,C:\Users\Pranet\Downloads\Mini Project\data\raw\hcci\Images\377.png,377.png,.png,6459996,bf8106a9745edd8aab0807dca97e268cac7c30359a7662c0686e94492f7256ea,2749,1983,4,8,uint8,png,RGBA,SEM,,Overview,Overview,sample_Q980_0h_WC_Overview,Q980_0h_WC,roi_377,Zeiss Gemini_BSE_10000.0kV_500.0x,"{""raw_metadata"": {""File Name"": 377, ""SEM"": ""Zeiss Gemini"", ""Detector"": ""BSE"", ""Gun"": ""FEG"", ""Voltage"": 10000, ""Magnification"": 500, ""Etching"": ""Vilella"", ""Sample"": ""Q980_0h_WC"", ""Kind"": ""Overview"", ""Pixel Size"": 7.443e-08, ""Beam Current"": 7.99999999999999e-05, ""Dwell Time"": 1.29329427083333e-05, ""Dwell Time cat"": ""high"", ""Chamber Pressure"": 0.000995999999999999, ""Working Distance"": 0.005972}, ""normalized"": {""microscope"": ""Zeiss Gemini"", ""instrument"": ""Zeiss Gemini"", ""detector"": ""BSE"", ""accelerating_voltage_kv"": 10000.0, ""magnification"": 500.0, ""pixel_size_nm"": 7.443e-08, ""beam_current_na"": 7.99999999999999e-05, ""dwell_time_us"": 1.29329427083333e-05, ""working_distance_mm"": 5.972, ""chamber_pressure_pa"": 0.000995999999999999, ""sample"": ""Q980_0h_WC"", ""sample_state"": ""Overview"", ""etching_agent"": ""Vilella"", ""imaging_mode"": ""SEM"", ""scale"": ""7.443e-08 nm/pixel"", ""acquisition_date_if_available"": null}}",,,,
hcci,Q980_0h_WC,hcci_378,Images\378.png,C:\Users\Pranet\Downloads\Mini Project\data\raw\hcci\Images\378.png,378.png,.png,6457695,b1e54279dff51c899582b7c19d869c8b5a52c1c78096d94d0974777ace55ba1c,2749,1983,4,8,uint8,png,RGBA,SEM,,Overview,Overview,sample_Q980_0h_WC_Overview,Q980_0h_WC,roi_378,Zeiss Gemini_BSE_10000.0kV_500.0x,"{""raw_metadata"": {""File Name"": 378, ""SEM"": ""Zeiss Gemini"", ""Detector"": ""BSE"", ""Gun"": ""FEG"", ""Voltage"": 10000, ""Magnification"": 500, ""Etching"": ""Vilella"", ""Sample"": ""Q980_0h_WC"", ""Kind"": ""Overview"", ""Pixel Size"": 7.443e-08, ""Beam Current"": 7.99999999999999e-05, ""Dwell Time"": 1.66666666666667e-06, ""Dwell Time cat"": ""low"", ""Chamber Pressure"": 0.000995999999999999, ""Working Distance"": 0.005972}, ""normalized"": {""microscope"": ""Zeiss Gemini"", ""instrument"": ""Zeiss Gemini"", ""detector"": ""BSE"", ""accelerating_voltage_kv"": 10000.0, ""magnification"": 500.0, ""pixel_size_nm"": 7.443e-08, ""beam_current_na"": 7.99999999999999e-05, ""dwell_time_us"": 1.66666666666667e-06, ""working_distance_mm"": 5.972, ""chamber_pressure_pa"": 0.000995999999999999, ""sample"": ""Q980_0h_WC"", ""sample_state"": ""Overview"", ""etching_agent"": ""Vilella"", ""imaging_mode"": ""SEM"", ""scale"": ""7.443e-08 nm/pixel"", ""acquisition_date_if_available"": null}}",,,,
hcci,Q980_0h_WC,hcci_379,Images\379.png,C:\Users\Pranet\Downloads\Mini Project\data\raw\hcci\Images\379.png,379.png,.png,4718919,ae9fc6826512484038b23ac120a6144124149f1c95970082aa663f130017ba1d,2749,1983,4,8,uint8,png,RGBA,SEM,,Overview,Overview,sample_Q980_0h_WC_Overview,Q980_0h_WC,roi_379,Zeiss Gemini_InLens_10000.0kV_500.0x,"{""raw_metadata"": {""File Name"": 379, ""SEM"": ""Zeiss Gemini"", ""Detector"": ""InLens"", ""Gun"": ""FEG"", ""Voltage"": 10000, ""Magnification"": 500, ""Etching"": ""Vilella"", ""Sample"": ""Q980_0h_WC"", ""Kind"": ""Overview"", ""Pixel Size"": 7.443e-08, ""Beam Current"": 7.99999999999999e-05, ""Dwell Time"": 1.29329427083333e-05, ""Dwell Time cat"": ""high"", ""Chamber Pressure"": 0.000973, ""Working Distance"": 0.005972}, ""normalized"": {""microscope"": ""Zeiss Gemini"", ""instrument"": ""Zeiss Gemini"", ""detector"": ""InLens"", ""accelerating_voltage_kv"": 10000.0, ""magnification"": 500.0, ""pixel_size_nm"": 7.443e-08, ""beam_current_na"": 7.99999999999999e-05, ""dwell_time_us"": 1.29329427083333e-05, ""working_distance_mm"": 5.972, ""chamber_pressure_pa"": 0.000973, ""sample"": ""Q980_0h_WC"", ""sample_state"": ""Overview"", ""etching_agent"": ""Vilella"", ""imaging_mode"": ""SEM"", ""scale"": ""7.443e-08 nm/pixel"", ""acquisition_date_if_available"": null}}",,,,
hcci,Q980_0h_WC,hcci_38,Images\38.png,C:\Users\Pranet\Downloads\Mini Project\data\raw\hcci\Images\38.png,38.png,.png,7010159,1e8da802d334befaa7c26bbb841455ae8ba27ce9622fd45f0ec3ed43aa151134,2749,1983,4,8,uint8,png,RGBA,SEM,,Overview,Overview,sample_Q980_0h_WC_Overview,Q980_0h_WC,roi_38,Helios G4 PFIB CXe_SE_5000.0kV_1000.0x,"{""raw_metadata"": {""File Name"": 38, ""SEM"": ""Helios G4 PFIB CXe"", ""Detector"": ""SE"", ""Gun"": ""FEG"", ""Voltage"": 5000, ""Magnification"": 1000, ""Etching"": ""Vilella"", ""Sample"": ""Q980_0h_WC"", ""Kind"": ""Overview"", ""Pixel Size"": 6.74479e-08, ""Beam Current"": 1.6e-09, ""Dwell Time"": 5e-07, ""Dwell Time cat"": ""low"", ""Chamber Pressure"": 0.00014, ""Working Distance"": 0.00623346}, ""normalized"": {""microscope"": ""Helios G4 PFIB CXe"", ""instrument"": ""Helios G4 PFIB CXe"", ""detector"": ""SE"", ""accelerating_voltage_kv"": 5000.0, ""magnification"": 1000.0, ""pixel_size_nm"": 6.74479e-08, ""beam_current_na"": 1.6e-09, ""dwell_time_us"": 5e-07, ""working_distance_mm"": 6.2335, ""chamber_pressure_pa"": 0.00014, ""sample"": ""Q980_0h_WC"", ""sample_state"": ""Overview"", ""etching_agent"": ""Vilella"", ""imaging_mode"": ""SEM"", ""scale"": ""6.74479e-08 nm/pixel"", ""acquisition_date_if_available"": null}}",,,,
hcci,Q980_0h_WC,hcci_380,Images\380.png,C:\Users\Pranet\Downloads\Mini Project\data\raw\hcci\Images\380.png,380.png,.png,5639010,b8fc9aa841413b35e9325600d11d44d75f12de2de57409ce090fca34e7c66f0e,2749,1983,4,8,uint8,png,RGBA,SEM,,Overview,Overview,sample_Q980_0h_WC_Overview,Q980_0h_WC,roi_380,Zeiss Gemini_InLens_10000.0kV_500.0x,"{""raw_metadata"": {""File Name"": 380, ""SEM"": ""Zeiss Gemini"", ""Detector"": ""InLens"", ""Gun"": ""FEG"", ""Voltage"": 10000, ""Magnification"": 500, ""Etching"": ""Vilella"", ""Sample"": ""Q980_0h_WC"", ""Kind"": ""Overview"", ""Pixel Size"": 7.443e-08, ""Beam Current"": 7.99999999999999e-05, ""Dwell Time"": 1.66666666666667e-06, ""Dwell Time cat"": ""low"", ""Chamber Pressure"": 0.000973, ""Working Distance"": 0.005972}, ""normalized"": {""microscope"": ""Zeiss Gemini"", ""instrument"": ""Zeiss Gemini"", ""detector"": ""InLens"", ""accelerating_voltage_kv"": 10000.0, ""magnification"": 500.0, ""pixel_size_nm"": 7.443e-08, ""beam_current_na"": 7.99999999999999e-05, ""dwell_time_us"": 1.66666666666667e-06, ""working_distance_mm"": 5.972, ""chamber_pressure_pa"": 0.000973, ""sample"": ""Q980_0h_WC"", ""sample_state"": ""Overview"", ""etching_agent"": ""Vilella"", ""imaging_mode"": ""SEM"", ""scale"": ""7.443e-08 nm/pixel"", ""acquisition_date_if_available"": null}}",,,,
hcci,Q980_0h_WC,hcci_381,Images\381.png,C:\Users\Pranet\Downloads\Mini Project\data\raw\hcci\Images\381.png,381.png,.png,4862007,667aac8094913894c33be57c147274d2151452843c4729103b550b5dfae35ce2,2651,1896,4,8,uint8,png,RGBA,SEM,,Detail,Detail,sample_Q980_0h_WC_Detail,Q980_0h_WC,roi_381,Zeiss Gemini_SE_10000.0kV_2800.0x,"{""raw_metadata"": {""File Name"": 381, ""SEM"": ""Zeiss Gemini"", ""Detector"": ""SE"", ""Gun"": ""FEG"", ""Voltage"": 10000, ""Magnification"": 2800, ""Etching"": ""Vilella"", ""Sample"": ""Q980_0h_WC"", ""Kind"": ""Detail"", ""Pixel Size"": 1.329e-08, ""Beam Current"": 7.99999999999999e-05, ""Dwell Time"": 1.29329427083333e-05, ""Dwell Time cat"": ""high"", ""Chamber Pressure"": 0.000952, ""Working Distance"": 0.005972}, ""normalized"": {""microscope"": ""Zeiss Gemini"", ""instrument"": ""Zeiss Gemini"", ""detector"": ""SE"", ""accelerating_voltage_kv"": 10000.0, ""magnification"": 2800.0, ""pixel_size_nm"": 1.329e-08, ""beam_current_na"": 7.99999999999999e-05, ""dwell_time_us"": 1.29329427083333e-05, ""working_distance_mm"": 5.972, ""chamber_pressure_pa"": 0.000952, ""sample"": ""Q980_0h_WC"", ""sample_state"": ""Detail"", ""etching_agent"": ""Vilella"", ""imaging_mode"": ""SEM"", ""scale"": ""1.329e-08 nm/pixel"", ""acquisition_date_if_available"": null}}",,,,
hcci,Q980_0h_WC,hcci_382,Images\382.png,C:\Users\Pranet\Downloads\Mini Project\data\raw\hcci\Images\382.png,382.png,.png,5867603,4044943ba13436df01b33bb584a0108fe29eecbefc80e72d033c6e274cdf84b4,2651,1896,4,8,uint8,png,RGBA,SEM,,Detail,Detail,sample_Q980_0h_WC_Detail,Q980_0h_WC,roi_382,Zeiss Gemini_SE_10000.0kV_2800.0x,"{""raw_metadata"": {""File Name"": 382, ""SEM"": ""Zeiss Gemini"", ""Detector"": ""SE"", ""Gun"": ""FEG"", ""Voltage"": 10000, ""Magnification"": 2800, ""Etching"": ""Vilella"", ""Sample"": ""Q980_0h_WC"", ""Kind"": ""Detail"", ""Pixel Size"": 1.329e-08, ""Beam Current"": 7.99999999999999e-05, ""Dwell Time"": 1.66666666666667e-06, ""Dwell Time cat"": ""low"", ""Chamber Pressure"": 0.000952, ""Working Distance"": 0.005972}, ""normalized"": {""microscope"": ""Zeiss Gemini"", ""instrument"": ""Zeiss Gemini"", ""detector"": ""SE"", ""accelerating_voltage_kv"": 10000.0, ""magnification"": 2800.0, ""pixel_size_nm"": 1.329e-08, ""beam_current_na"": 7.99999999999999e-05, ""dwell_time_us"": 1.66666666666667e-06, ""working_distance_mm"": 5.972, ""chamber_pressure_pa"": 0.000952, ""sample"": ""Q980_0h_WC"", ""sample_state"": ""Detail"", ""etching_agent"": ""Vilella"", ""imaging_mode"": ""SEM"", ""scale"": ""1.329e-08 nm/pixel"", ""acquisition_date_if_available"": null}}",,,,
hcci,Q980_0h_WC,hcci_383,Images\383.png,C:\Users\Pranet\Downloads\Mini Project\data\raw\hcci\Images\383.png,383.png,.png,5868499,c260d97006c9677c3051fc39fe16d3f1cbaec65d123a0ccbb2d28767c30109e7,2651,1896,4,8,uint8,png,RGBA,SEM,,Detail,Detail,sample_Q980_0h_WC_Detail,Q980_0h_WC,roi_383,Zeiss Gemini_BSE_10000.0kV_2800.0x,"{""raw_metadata"": {""File Name"": 383, ""SEM"": ""Zeiss Gemini"", ""Detector"": ""BSE"", ""Gun"": ""FEG"", ""Voltage"": 10000, ""Magnification"": 2800, ""Etching"": ""Vilella"", ""Sample"": ""Q980_0h_WC"", ""Kind"": ""Detail"", ""Pixel Size"": 1.329e-08, ""Beam Current"": 7.99999999999999e-05, ""Dwell Time"": 1.29329427083333e-05, ""Dwell Time cat"": ""high"", ""Chamber Pressure"": 0.000952, ""Working Distance"": 0.005972}, ""normalized"": {""microscope"": ""Zeiss Gemini"", ""instrument"": ""Zeiss Gemini"", ""detector"": ""BSE"", ""accelerating_voltage_kv"": 10000.0, ""magnification"": 2800.0, ""pixel_size_nm"": 1.329e-08, ""beam_current_na"": 7.99999999999999e-05, ""dwell_time_us"": 1.29329427083333e-05, ""working_distance_mm"": 5.972, ""chamber_pressure_pa"": 0.000952, ""sample"": ""Q980_0h_WC"", ""sample_state"": ""Detail"", ""etching_agent"": ""Vilella"", ""imaging_mode"": ""SEM"", ""scale"": ""1.329e-08 nm/pixel"", ""acquisition_date_if_available"": null}}",,,,
hcci,Q980_0h_WC,hcci_384,Images\384.png,C:\Users\Pranet\Downloads\Mini Project\data\raw\hcci\Images\384.png,384.png,.png,6769998,14c26efafabc1c718b156fac45b34cf75962c999688bc335c650f47c31595cb7,2651,1896,4,8,uint8,png,RGBA,SEM,,Detail,Detail,sample_Q980_0h_WC_Detail,Q980_0h_WC,roi_384,Zeiss Gemini_BSE_10000.0kV_2800.0x,"{""raw_metadata"": {""File Name"": 384, ""SEM"": ""Zeiss Gemini"", ""Detector"": ""BSE"", ""Gun"": ""FEG"", ""Voltage"": 10000, ""Magnification"": 2800, ""Etching"": ""Vilella"", ""Sample"": ""Q980_0h_WC"", ""Kind"": ""Detail"", ""Pixel Size"": 1.329e-08, ""Beam Current"": 7.99999999999999e-05, ""Dwell Time"": 1.66666666666667e-06, ""Dwell Time cat"": ""low"", ""Chamber Pressure"": 0.000952, ""Working Distance"": 0.005972}, ""normalized"": {""microscope"": ""Zeiss Gemini"", ""instrument"": ""Zeiss Gemini"", ""detector"": ""BSE"", ""accelerating_voltage_kv"": 10000.0, ""magnification"": 2800.0, ""pixel_size_nm"": 1.329e-08, ""beam_current_na"": 7.99999999999999e-05, ""dwell_time_us"": 1.66666666666667e-06, ""working_distance_mm"": 5.972, ""chamber_pressure_pa"": 0.000952, ""sample"": ""Q980_0h_WC"", ""sample_state"": ""Detail"", ""etching_agent"": ""Vilella"", ""imaging_mode"": ""SEM"", ""scale"": ""1.329e-08 nm/pixel"", ""acquisition_date_if_available"": null}}",,,,
hcci,Q980_0h_WC,hcci_385,Images\385.png,C:\Users\Pranet\Downloads\Mini Project\data\raw\hcci\Images\385.png,385.png,.png,5609152,4e5d2eb5c6dc4dd0ef773ef8cba230cbd6bf7b7ae0ca822610499a575a5fcd2b,2651,1896,4,8,uint8,png,RGBA,SEM,,Detail,Detail,sample_Q980_0h_WC_Detail,Q980_0h_WC,roi_385,Zeiss Gemini_InLens_10000.0kV_2800.0x,"{""raw_metadata"": {""File Name"": 385, ""SEM"": ""Zeiss Gemini"", ""Detector"": ""InLens"", ""Gun"": ""FEG"", ""Voltage"": 10000, ""Magnification"": 2800, ""Etching"": ""Vilella"", ""Sample"": ""Q980_0h_WC"", ""Kind"": ""Detail"", ""Pixel Size"": 1.329e-08, ""Beam Current"": 7.99999999999999e-05, ""Dwell Time"": 1.29329427083333e-05, ""Dwell Time cat"": ""high"", ""Chamber Pressure"": 0.000935999999999999, ""Working Distance"": 0.005972}, ""normalized"": {""microscope"": ""Zeiss Gemini"", ""instrument"": ""Zeiss Gemini"", ""detector"": ""InLens"", ""accelerating_voltage_kv"": 10000.0, ""magnification"": 2800.0, ""pixel_size_nm"": 1.329e-08, ""beam_current_na"": 7.99999999999999e-05, ""dwell_time_us"": 1.29329427083333e-05, ""working_distance_mm"": 5.972, ""chamber_pressure_pa"": 0.000935999999999999, ""sample"": ""Q980_0h_WC"", ""sample_state"": ""Detail"", ""etching_agent"": ""Vilella"", ""imaging_mode"": ""SEM"", ""scale"": ""1.329e-08 nm/pixel"", ""acquisition_date_if_available"": null}}",,,,
hcci,Q980_0h_WC,hcci_386,Images\386.png,C:\Users\Pranet\Downloads\Mini Project\data\raw\hcci\Images\386.png,386.png,.png,6582371,90cf6c2cbfb40d519e6199175296840ab44cc653993373a2120b8a3d6de5b451,2651,1896,4,8,uint8,png,RGBA,SEM,,Detail,Detail,sample_Q980_0h_WC_Detail,Q980_0h_WC,roi_386,Zeiss Gemini_InLens_10000.0kV_2800.0x,"{""raw_metadata"": {""File Name"": 386, ""SEM"": ""Zeiss Gemini"", ""Detector"": ""InLens"", ""Gun"": ""FEG"", ""Voltage"": 10000, ""Magnification"": 2800, ""Etching"": ""Vilella"", ""Sample"": ""Q980_0h_WC"", ""Kind"": ""Detail"", ""Pixel Size"": 1.329e-08, ""Beam Current"": 7.99999999999999e-05, ""Dwell Time"": 1.66666666666667e-06, ""Dwell Time cat"": ""low"", ""Chamber Pressure"": 0.000930999999999999, ""Working Distance"": 0.005972}, ""normalized"": {""microscope"": ""Zeiss Gemini"", ""instrument"": ""Zeiss Gemini"", ""detector"": ""InLens"", ""accelerating_voltage_kv"": 10000.0, ""magnification"": 2800.0, ""pixel_size_nm"": 1.329e-08, ""beam_current_na"": 7.99999999999999e-05, ""dwell_time_us"": 1.66666666666667e-06, ""working_distance_mm"": 5.972, ""chamber_pressure_pa"": 0.000930999999999999, ""sample"": ""Q980_0h_WC"", ""sample_state"": ""Detail"", ""etching_agent"": ""Vilella"", ""imaging_mode"": ""SEM"", ""scale"": ""1.329e-08 nm/pixel"", ""acquisition_date_if_available"": null}}",,,,
hcci,Q980_0h_WC,hcci_387,Images\387.png,C:\Users\Pranet\Downloads\Mini Project\data\raw\hcci\Images\387.png,387.png,.png,5281996,0879906e8e06fad465cddd456a4a97b5475bbdc7a1948acbe70d208d5a3cf5ed,2749,1983,4,8,uint8,png,RGBA,SEM,,Overview,Overview,sample_Q980_0h_WC_Overview,Q980_0h_WC,roi_387,Zeiss Gemini_SE_20000.0kV_500.0x,"{""raw_metadata"": {""File Name"": 387, ""SEM"": ""Zeiss Gemini"", ""Detector"": ""SE"", ""Gun"": ""FEG"", ""Voltage"": 20000, ""Magnification"": 500, ""Etching"": ""Vilella"", ""Sample"": ""Q980_0h_WC"", ""Kind"": ""Overview"", ""Pixel Size"": 7.443e-08, ""Beam Current"": 7.99999999999999e-05, ""Dwell Time"": 1.29329427083333e-05, ""Dwell Time cat"": ""high"", ""Chamber Pressure"": 0.000925, ""Working Distance"": 0.00602799999999999}, ""normalized"": {""microscope"": ""Zeiss Gemini"", ""instrument"": ""Zeiss Gemini"", ""detector"": ""SE"", ""accelerating_voltage_kv"": 20000.0, ""magnification"": 500.0, ""pixel_size_nm"": 7.443e-08, ""beam_current_na"": 7.99999999999999e-05, ""dwell_time_us"": 1.29329427083333e-05, ""working_distance_mm"": 6.028, ""chamber_pressure_pa"": 0.000925, ""sample"": ""Q980_0h_WC"", ""sample_state"": ""Overview"", ""etching_agent"": ""Vilella"", ""imaging_mode"": ""SEM"", ""scale"": ""7.443e-08 nm/pixel"", ""acquisition_date_if_available"": null}}",,,,
hcci,Q980_0h_WC,hcci_388,Images\388.png,C:\Users\Pranet\Downloads\Mini Project\data\raw\hcci\Images\388.png,388.png,.png,5995452,7a17d31a69d55fda19098bbc978b1fa8d770010209d2063105c3eed9323013e1,2749,1983,4,8,uint8,png,RGBA,SEM,,Overview,Overview,sample_Q980_0h_WC_Overview,Q980_0h_WC,roi_388,Zeiss Gemini_SE_20000.0kV_500.0x,"{""raw_metadata"": {""File Name"": 388, ""SEM"": ""Zeiss Gemini"", ""Detector"": ""SE"", ""Gun"": ""FEG"", ""Voltage"": 20000, ""Magnification"": 500, ""Etching"": ""Vilella"", ""Sample"": ""Q980_0h_WC"", ""Kind"": ""Overview"", ""Pixel Size"": 7.443e-08, ""Beam Current"": 7.99999999999999e-05, ""Dwell Time"": 1.66666666666667e-06, ""Dwell Time cat"": ""low"", ""Chamber Pressure"": 0.000930999999999999, ""Working Distance"": 0.00602799999999999}, ""normalized"": {""microscope"": ""Zeiss Gemini"", ""instrument"": ""Zeiss Gemini"", ""detector"": ""SE"", ""accelerating_voltage_kv"": 20000.0, ""magnification"": 500.0, ""pixel_size_nm"": 7.443e-08, ""beam_current_na"": 7.99999999999999e-05, ""dwell_time_us"": 1.66666666666667e-06, ""working_distance_mm"": 6.028, ""chamber_pressure_pa"": 0.000930999999999999, ""sample"": ""Q980_0h_WC"", ""sample_state"": ""Overview"", ""etching_agent"": ""Vilella"", ""imaging_mode"": ""SEM"", ""scale"": ""7.443e-08 nm/pixel"", ""acquisition_date_if_available"": null}}",,,,
hcci,Q980_0h_WC,hcci_389,Images\389.png,C:\Users\Pranet\Downloads\Mini Project\data\raw\hcci\Images\389.png,389.png,.png,6053718,525f284b605bf93f6cce253c630e298d2374dae34f63d7852f8d891de0583879,2749,1983,4,8,uint8,png,RGBA,SEM,,Overview,Overview,sample_Q980_0h_WC_Overview,Q980_0h_WC,roi_389,Zeiss Gemini_BSE_20000.0kV_500.0x,"{""raw_metadata"": {""File Name"": 389, ""SEM"": ""Zeiss Gemini"", ""Detector"": ""BSE"", ""Gun"": ""FEG"", ""Voltage"": 20000, ""Magnification"": 500, ""Etching"": ""Vilella"", ""Sample"": ""Q980_0h_WC"", ""Kind"": ""Overview"", ""Pixel Size"": 7.443e-08, ""Beam Current"": 7.99999999999999e-05, ""Dwell Time"": 1.29329427083333e-05, ""Dwell Time cat"": ""high"", ""Chamber Pressure"": 0.00091, ""Working Distance"": 0.00603699999999999}, ""normalized"": {""microscope"": ""Zeiss Gemini"", ""instrument"": ""Zeiss Gemini"", ""detector"": ""BSE"", ""accelerating_voltage_kv"": 20000.0, ""magnification"": 500.0, ""pixel_size_nm"": 7.443e-08, ""beam_current_na"": 7.99999999999999e-05, ""dwell_time_us"": 1.29329427083333e-05, ""working_distance_mm"": 6.037, ""chamber_pressure_pa"": 0.00091, ""sample"": ""Q980_0h_WC"", ""sample_state"": ""Overview"", ""etching_agent"": ""Vilella"", ""imaging_mode"": ""SEM"", ""scale"": ""7.443e-08 nm/pixel"", ""acquisition_date_if_available"": null}}",,,,
hcci,Q980_0h_WC,hcci_39,Images\39.png,C:\Users\Pranet\Downloads\Mini Project\data\raw\hcci\Images\39.png,39.png,.png,6326469,52ddad2cad3ffaa45b5b1ef01904690ce9734e70126451b1f6e67da587a3dbac,2749,1983,4,8,uint8,png,RGBA,SEM,,Overview,Overview,sample_Q980_0h_WC_Overview,Q980_0h_WC,roi_39,Helios G4 PFIB CXe_BSE_5000.0kV_1000.0x,"{""raw_metadata"": {""File Name"": 39, ""SEM"": ""Helios G4 PFIB CXe"", ""Detector"": ""BSE"", ""Gun"": ""FEG"", ""Voltage"": 5000, ""Magnification"": 1000, ""Etching"": ""Vilella"", ""Sample"": ""Q980_0h_WC"", ""Kind"": ""Overview"", ""Pixel Size"": 6.74479e-08, ""Beam Current"": 1.6e-09, ""Dwell Time"": 1e-05, ""Dwell Time cat"": ""high"", ""Chamber Pressure"": 0.000154, ""Working Distance"": 0.00623346}, ""normalized"": {""microscope"": ""Helios G4 PFIB CXe"", ""instrument"": ""Helios G4 PFIB CXe"", ""detector"": ""BSE"", ""accelerating_voltage_kv"": 5000.0, ""magnification"": 1000.0, ""pixel_size_nm"": 6.74479e-08, ""beam_current_na"": 1.6e-09, ""dwell_time_us"": 1e-05, ""working_distance_mm"": 6.2335, ""chamber_pressure_pa"": 0.000154, ""sample"": ""Q980_0h_WC"", ""sample_state"": ""Overview"", ""etching_agent"": ""Vilella"", ""imaging_mode"": ""SEM"", ""scale"": ""6.74479e-08 nm/pixel"", ""acquisition_date_if_available"": null}}",,,,
hcci,Q980_0h_WC,hcci_390,Images\390.png,C:\Users\Pranet\Downloads\Mini Project\data\raw\hcci\Images\390.png,390.png,.png,5242644,401eb0ec9ef677bac699b4cfffd6c85e9d9c479d416de07c9b9732210d590ad9,2749,1983,4,8,uint8,png,RGBA,SEM,,Overview,Overview,sample_Q980_0h_WC_Overview,Q980_0h_WC,roi_390,Zeiss Gemini_BSE_20000.0kV_500.0x,"{""raw_metadata"": {""File Name"": 390, ""SEM"": ""Zeiss Gemini"", ""Detector"": ""BSE"", ""Gun"": ""FEG"", ""Voltage"": 20000, ""Magnification"": 500, ""Etching"": ""Vilella"", ""Sample"": ""Q980_0h_WC"", ""Kind"": ""Overview"", ""Pixel Size"": 7.443e-08, ""Beam Current"": 7.99999999999999e-05, ""Dwell Time"": 1.66666666666667e-06, ""Dwell Time cat"": ""low"", ""Chamber Pressure"": 0.00091, ""Working Distance"": 0.00603699999999999}, ""normalized"": {""microscope"": ""Zeiss Gemini"", ""instrument"": ""Zeiss Gemini"", ""detector"": ""BSE"", ""accelerating_voltage_kv"": 20000.0, ""magnification"": 500.0, ""pixel_size_nm"": 7.443e-08, ""beam_current_na"": 7.99999999999999e-05, ""dwell_time_us"": 1.66666666666667e-06, ""working_distance_mm"": 6.037, ""chamber_pressure_pa"": 0.00091, ""sample"": ""Q980_0h_WC"", ""sample_state"": ""Overview"", ""etching_agent"": ""Vilella"", ""imaging_mode"": ""SEM"", ""scale"": ""7.443e-08 nm/pixel"", ""acquisition_date_if_available"": null}}",,,,
hcci,Q980_0h_WC,hcci_391,Images\391.png,C:\Users\Pranet\Downloads\Mini Project\data\raw\hcci\Images\391.png,391.png,.png,4992224,dbe892ab99501c6bc40a4c222b93ace406b832f4f8c5ce3c302fbf71b12508fd,2749,1983,4,8,uint8,png,RGBA,SEM,,Overview,Overview,sample_Q980_0h_WC_Overview,Q980_0h_WC,roi_391,Zeiss Gemini_InLens_20000.0kV_500.0x,"{""raw_metadata"": {""File Name"": 391, ""SEM"": ""Zeiss Gemini"", ""Detector"": ""InLens"", ""Gun"": ""FEG"", ""Voltage"": 20000, ""Magnification"": 500, ""Etching"": ""Vilella"", ""Sample"": ""Q980_0h_WC"", ""Kind"": ""Overview"", ""Pixel Size"": 7.443e-08, ""Beam Current"": 7.99999999999999e-05, ""Dwell Time"": 1.29329427083333e-05, ""Dwell Time cat"": ""high"", ""Chamber Pressure"": 0.00091, ""Working Distance"": 0.00603699999999999}, ""normalized"": {""microscope"": ""Zeiss Gemini"", ""instrument"": ""Zeiss Gemini"", ""detector"": ""InLens"", ""accelerating_voltage_kv"": 20000.0, ""magnification"": 500.0, ""pixel_size_nm"": 7.443e-08, ""beam_current_na"": 7.99999999999999e-05, ""dwell_time_us"": 1.29329427083333e-05, ""working_distance_mm"": 6.037, ""chamber_pressure_pa"": 0.00091, ""sample"": ""Q980_0h_WC"", ""sample_state"": ""Overview"", ""etching_agent"": ""Vilella"", ""imaging_mode"": ""SEM"", ""scale"": ""7.443e-08 nm/pixel"", ""acquisition_date_if_available"": null}}",,,,
hcci,Q980_0h_WC,hcci_392,Images\392.png,C:\Users\Pranet\Downloads\Mini Project\data\raw\hcci\Images\392.png,392.png,.png,5741009,c1fd4467ca8da5a952ea4c206d1bde7026c17bdb296cc8e5b5c44b25839d5335,2749,1983,4,8,uint8,png,RGBA,SEM,,Overview,Overview,sample_Q980_0h_WC_Overview,Q980_0h_WC,roi_392,Zeiss Gemini_InLens_20000.0kV_500.0x,"{""raw_metadata"": {""File Name"": 392, ""SEM"": ""Zeiss Gemini"", ""Detector"": ""InLens"", ""Gun"": ""FEG"", ""Voltage"": 20000, ""Magnification"": 500, ""Etching"": ""Vilella"", ""Sample"": ""Q980_0h_WC"", ""Kind"": ""Overview"", ""Pixel Size"": 7.443e-08, ""Beam Current"": 7.99999999999999e-05, ""Dwell Time"": 1.66666666666667e-06, ""Dwell Time cat"": ""low"", ""Chamber Pressure"": 0.00091, ""Working Distance"": 0.00603699999999999}, ""normalized"": {""microscope"": ""Zeiss Gemini"", ""instrument"": ""Zeiss Gemini"", ""detector"": ""InLens"", ""accelerating_voltage_kv"": 20000.0, ""magnification"": 500.0, ""pixel_size_nm"": 7.443e-08, ""beam_current_na"": 7.99999999999999e-05, ""dwell_time_us"": 1.66666666666667e-06, ""working_distance_mm"": 6.037, ""chamber_pressure_pa"": 0.00091, ""sample"": ""Q980_0h_WC"", ""sample_state"": ""Overview"", ""etching_agent"": ""Vilella"", ""imaging_mode"": ""SEM"", ""scale"": ""7.443e-08 nm/pixel"", ""acquisition_date_if_available"": null}}",,,,
hcci,Q980_0h_WC,hcci_393,Images\393.png,C:\Users\Pranet\Downloads\Mini Project\data\raw\hcci\Images\393.png,393.png,.png,4492493,15051db1b49b7a93e2f1eebb81c8346356152f27e17c505d3d657ec21d7c451c,2651,1896,4,8,uint8,png,RGBA,SEM,,Detail,Detail,sample_Q980_0h_WC_Detail,Q980_0h_WC,roi_393,Zeiss Gemini_SE_20000.0kV_2800.0x,"{""raw_metadata"": {""File Name"": 393, ""SEM"": ""Zeiss Gemini"", ""Detector"": ""SE"", ""Gun"": ""FEG"", ""Voltage"": 20000, ""Magnification"": 2800, ""Etching"": ""Vilella"", ""Sample"": ""Q980_0h_WC"", ""Kind"": ""Detail"", ""Pixel Size"": 1.329e-08, ""Beam Current"": 7.99999999999999e-05, ""Dwell Time"": 1.29329427083333e-05, ""Dwell Time cat"": ""high"", ""Chamber Pressure"": 0.00091, ""Working Distance"": 0.00603699999999999}, ""normalized"": {""microscope"": ""Zeiss Gemini"", ""instrument"": ""Zeiss Gemini"", ""detector"": ""SE"", ""accelerating_voltage_kv"": 20000.0, ""magnification"": 2800.0, ""pixel_size_nm"": 1.329e-08, ""beam_current_na"": 7.99999999999999e-05, ""dwell_time_us"": 1.29329427083333e-05, ""working_distance_mm"": 6.037, ""chamber_pressure_pa"": 0.00091, ""sample"": ""Q980_0h_WC"", ""sample_state"": ""Detail"", ""etching_agent"": ""Vilella"", ""imaging_mode"": ""SEM"", ""scale"": ""1.329e-08 nm/pixel"", ""acquisition_date_if_available"": null}}",,,,
hcci,Q980_0h_WC,hcci_394,Images\394.png,C:\Users\Pranet\Downloads\Mini Project\data\raw\hcci\Images\394.png,394.png,.png,5477272,0fb68a78106b1364b414e6de0cd453867d4341b149cca50d54a294155bb83f5b,2651,1896,4,8,uint8,png,RGBA,SEM,,Detail,Detail,sample_Q980_0h_WC_Detail,Q980_0h_WC,roi_394,Zeiss Gemini_SE_20000.0kV_2800.0x,"{""raw_metadata"": {""File Name"": 394, ""SEM"": ""Zeiss Gemini"", ""Detector"": ""SE"", ""Gun"": ""FEG"", ""Voltage"": 20000, ""Magnification"": 2800, ""Etching"": ""Vilella"", ""Sample"": ""Q980_0h_WC"", ""Kind"": ""Detail"", ""Pixel Size"": 1.329e-08, ""Beam Current"": 7.99999999999999e-05, ""Dwell Time"": 1.66666666666667e-06, ""Dwell Time cat"": ""low"", ""Chamber Pressure"": 0.000904999999999999, ""Working Distance"": 0.00603699999999999}, ""normalized"": {""microscope"": ""Zeiss Gemini"", ""instrument"": ""Zeiss Gemini"", ""detector"": ""SE"", ""accelerating_voltage_kv"": 20000.0, ""magnification"": 2800.0, ""pixel_size_nm"": 1.329e-08, ""beam_current_na"": 7.99999999999999e-05, ""dwell_time_us"": 1.66666666666667e-06, ""working_distance_mm"": 6.037, ""chamber_pressure_pa"": 0.000904999999999999, ""sample"": ""Q980_0h_WC"", ""sample_state"": ""Detail"", ""etching_agent"": ""Vilella"", ""imaging_mode"": ""SEM"", ""scale"": ""1.329e-08 nm/pixel"", ""acquisition_date_if_available"": null}}",,,,
hcci,Q980_0h_WC,hcci_395,Images\395.png,C:\Users\Pranet\Downloads\Mini Project\data\raw\hcci\Images\395.png,395.png,.png,5446048,4b0f2add225968b4bf26db657e4993283e1b29732776c8a44fb8bcf4a48d36e1,2651,1896,4,8,uint8,png,RGBA,SEM,,Detail,Detail,sample_Q980_0h_WC_Detail,Q980_0h_WC,roi_395,Zeiss Gemini_BSE_20000.0kV_2800.0x,"{""raw_metadata"": {""File Name"": 395, ""SEM"": ""Zeiss Gemini"", ""Detector"": ""BSE"", ""Gun"": ""FEG"", ""Voltage"": 20000, ""Magnification"": 2800, ""Etching"": ""Vilella"", ""Sample"": ""Q980_0h_WC"", ""Kind"": ""Detail"", ""Pixel Size"": 1.329e-08, ""Beam Current"": 7.99999999999999e-05, ""Dwell Time"": 1.29329427083333e-05, ""Dwell Time cat"": ""high"", ""Chamber Pressure"": 0.000904999999999999, ""Working Distance"": 0.00603699999999999}, ""normalized"": {""microscope"": ""Zeiss Gemini"", ""instrument"": ""Zeiss Gemini"", ""detector"": ""BSE"", ""accelerating_voltage_kv"": 20000.0, ""magnification"": 2800.0, ""pixel_size_nm"": 1.329e-08, ""beam_current_na"": 7.99999999999999e-05, ""dwell_time_us"": 1.29329427083333e-05, ""working_distance_mm"": 6.037, ""chamber_pressure_pa"": 0.000904999999999999, ""sample"": ""Q980_0h_WC"", ""sample_state"": ""Detail"", ""etching_agent"": ""Vilella"", ""imaging_mode"": ""SEM"", ""scale"": ""1.329e-08 nm/pixel"", ""acquisition_date_if_available"": null}}",,,,
hcci,Q980_0h_WC,hcci_396,Images\396.png,C:\Users\Pranet\Downloads\Mini Project\data\raw\hcci\Images\396.png,396.png,.png,5515830,a0566224082f4aaca52872c6647d71090f7f3eb400317b61d6f9e6d6ae562dda,2651,1896,4,8,uint8,png,RGBA,SEM,,Detail,Detail,sample_Q980_0h_WC_Detail,Q980_0h_WC,roi_396,Zeiss Gemini_BSE_20000.0kV_2800.0x,"{""raw_metadata"": {""File Name"": 396, ""SEM"": ""Zeiss Gemini"", ""Detector"": ""BSE"", ""Gun"": ""FEG"", ""Voltage"": 20000, ""Magnification"": 2800, ""Etching"": ""Vilella"", ""Sample"": ""Q980_0h_WC"", ""Kind"": ""Detail"", ""Pixel Size"": 1.329e-08, ""Beam Current"": 7.99999999999999e-05, ""Dwell Time"": 1.66666666666667e-06, ""Dwell Time cat"": ""low"", ""Chamber Pressure"": 0.00091, ""Working Distance"": 0.00603699999999999}, ""normalized"": {""microscope"": ""Zeiss Gemini"", ""instrument"": ""Zeiss Gemini"", ""detector"": ""BSE"", ""accelerating_voltage_kv"": 20000.0, ""magnification"": 2800.0, ""pixel_size_nm"": 1.329e-08, ""beam_current_na"": 7.99999999999999e-05, ""dwell_time_us"": 1.66666666666667e-06, ""working_distance_mm"": 6.037, ""chamber_pressure_pa"": 0.00091, ""sample"": ""Q980_0h_WC"", ""sample_state"": ""Detail"", ""etching_agent"": ""Vilella"", ""imaging_mode"": ""SEM"", ""scale"": ""1.329e-08 nm/pixel"", ""acquisition_date_if_available"": null}}",,,,
hcci,Q980_0h_WC,hcci_397,Images\397.png,C:\Users\Pranet\Downloads\Mini Project\data\raw\hcci\Images\397.png,397.png,.png,4441748,54fcfa71b94f205076c7b5dd4b499055e1135ece293983d6a48a5e40a54268ea,2651,1896,4,8,uint8,png,RGBA,SEM,,Detail,Detail,sample_Q980_0h_WC_Detail,Q980_0h_WC,roi_397,Zeiss Gemini_InLens_20000.0kV_2800.0x,"{""raw_metadata"": {""File Name"": 397, ""SEM"": ""Zeiss Gemini"", ""Detector"": ""InLens"", ""Gun"": ""FEG"", ""Voltage"": 20000, ""Magnification"": 2800, ""Etching"": ""Vilella"", ""Sample"": ""Q980_0h_WC"", ""Kind"": ""Detail"", ""Pixel Size"": 1.329e-08, ""Beam Current"": 7.99999999999999e-05, ""Dwell Time"": 1.29329427083333e-05, ""Dwell Time cat"": ""high"", ""Chamber Pressure"": 0.000889999999999999, ""Working Distance"": 0.00603699999999999}, ""normalized"": {""microscope"": ""Zeiss Gemini"", ""instrument"": ""Zeiss Gemini"", ""detector"": ""InLens"", ""accelerating_voltage_kv"": 20000.0, ""magnification"": 2800.0, ""pixel_size_nm"": 1.329e-08, ""beam_current_na"": 7.99999999999999e-05, ""dwell_time_us"": 1.29329427083333e-05, ""working_distance_mm"": 6.037, ""chamber_pressure_pa"": 0.000889999999999999, ""sample"": ""Q980_0h_WC"", ""sample_state"": ""Detail"", ""etching_agent"": ""Vilella"", ""imaging_mode"": ""SEM"", ""scale"": ""1.329e-08 nm/pixel"", ""acquisition_date_if_available"": null}}",,,,
hcci,Q980_0h_WC,hcci_398,Images\398.png,C:\Users\Pranet\Downloads\Mini Project\data\raw\hcci\Images\398.png,398.png,.png,5483213,03a18cd9ae0cd1ab0142f254c546438d02f31b06f0d3faaea2bc93739a871a56,2651,1896,4,8,uint8,png,RGBA,SEM,,Detail,Detail,sample_Q980_0h_WC_Detail,Q980_0h_WC,roi_398,Zeiss Gemini_InLens_20000.0kV_2800.0x,"{""raw_metadata"": {""File Name"": 398, ""SEM"": ""Zeiss Gemini"", ""Detector"": ""InLens"", ""Gun"": ""FEG"", ""Voltage"": 20000, ""Magnification"": 2800, ""Etching"": ""Vilella"", ""Sample"": ""Q980_0h_WC"", ""Kind"": ""Detail"", ""Pixel Size"": 1.329e-08, ""Beam Current"": 7.99999999999999e-05, ""Dwell Time"": 1.66666666666667e-06, ""Dwell Time cat"": ""low"", ""Chamber Pressure"": 0.000889999999999999, ""Working Distance"": 0.00603699999999999}, ""normalized"": {""microscope"": ""Zeiss Gemini"", ""instrument"": ""Zeiss Gemini"", ""detector"": ""InLens"", ""accelerating_voltage_kv"": 20000.0, ""magnification"": 2800.0, ""pixel_size_nm"": 1.329e-08, ""beam_current_na"": 7.99999999999999e-05, ""dwell_time_us"": 1.66666666666667e-06, ""working_distance_mm"": 6.037, ""chamber_pressure_pa"": 0.000889999999999999, ""sample"": ""Q980_0h_WC"", ""sample_state"": ""Detail"", ""etching_agent"": ""Vilella"", ""imaging_mode"": ""SEM"", ""scale"": ""1.329e-08 nm/pixel"", ""acquisition_date_if_available"": null}}",,,,
hcci,Q980_9h_AC,hcci_399,Images\399.png,C:\Users\Pranet\Downloads\Mini Project\data\raw\hcci\Images\399.png,399.png,.png,5330001,ca66c2a2914806533799d596dcceda3b397a5753b7c8f8ff50e9851e37bc0950,2764,2019,4,8,uint8,png,RGBA,SEM,,Overview,Overview,sample_Q980_9h_AC_Overview,Q980_9h_AC,roi_399,Zeiss Gemini_SE_5000.0kV_500.0x,"{""raw_metadata"": {""File Name"": 399, ""SEM"": ""Zeiss Gemini"", ""Detector"": ""SE"", ""Gun"": ""FEG"", ""Voltage"": 5000, ""Magnification"": 500, ""Etching"": ""Vilella"", ""Sample"": ""Q980_9h_AC"", ""Kind"": ""Overview"", ""Pixel Size"": 7.443e-08, ""Beam Current"": 7.99999999999999e-05, ""Dwell Time"": 1.29329427083333e-05, ""Dwell Time cat"": ""high"", ""Chamber Pressure"": 0.00120999999999999, ""Working Distance"": 0.00604}, ""normalized"": {""microscope"": ""Zeiss Gemini"", ""instrument"": ""Zeiss Gemini"", ""detector"": ""SE"", ""accelerating_voltage_kv"": 5000.0, ""magnification"": 500.0, ""pixel_size_nm"": 7.443e-08, ""beam_current_na"": 7.99999999999999e-05, ""dwell_time_us"": 1.29329427083333e-05, ""working_distance_mm"": 6.04, ""chamber_pressure_pa"": 0.00120999999999999, ""sample"": ""Q980_9h_AC"", ""sample_state"": ""Overview"", ""etching_agent"": ""Vilella"", ""imaging_mode"": ""SEM"", ""scale"": ""7.443e-08 nm/pixel"", ""acquisition_date_if_available"": null}}",,,,
hcci,AsCast,hcci_4,Images\4.png,C:\Users\Pranet\Downloads\Mini Project\data\raw\hcci\Images\4.png,4.png,.png,6407868,b28dc16b5c289e4c8b82670738b9fdd605642476ece88328ae6e41473d67c01c,2860,1922,4,8,uint8,png,RGBA,SEM,,Overview,Overview,sample_AsCast_Overview,AsCast,roi_4,Helios G4 PFIB CXe_BSE_5000.0kV_1000.0x,"{""raw_metadata"": {""File Name"": 4, ""SEM"": ""Helios G4 PFIB CXe"", ""Detector"": ""BSE"", ""Gun"": ""FEG"", ""Voltage"": 5000, ""Magnification"": 1000, ""Etching"": ""Vilella"", ""Sample"": ""AsCast"", ""Kind"": ""Overview"", ""Pixel Size"": 6.74479e-08, ""Beam Current"": 1.6e-09, ""Dwell Time"": 5e-07, ""Dwell Time cat"": ""low"", ""Chamber Pressure"": 0.000828, ""Working Distance"": 0.00680048}, ""normalized"": {""microscope"": ""Helios G4 PFIB CXe"", ""instrument"": ""Helios G4 PFIB CXe"", ""detector"": ""BSE"", ""accelerating_voltage_kv"": 5000.0, ""magnification"": 1000.0, ""pixel_size_nm"": 6.74479e-08, ""beam_current_na"": 1.6e-09, ""dwell_time_us"": 5e-07, ""working_distance_mm"": 6.8005, ""chamber_pressure_pa"": 0.000828, ""sample"": ""AsCast"", ""sample_state"": ""Overview"", ""etching_agent"": ""Vilella"", ""imaging_mode"": ""SEM"", ""scale"": ""6.74479e-08 nm/pixel"", ""acquisition_date_if_available"": null}}",,,,
hcci,Q980_0h_WC,hcci_40,Images\40.png,C:\Users\Pranet\Downloads\Mini Project\data\raw\hcci\Images\40.png,40.png,.png,6684755,22095e3e7b7207049ef16818a32cbf11b7c90d4430646442c3eee2f43b906873,2749,1983,4,8,uint8,png,RGBA,SEM,,Overview,Overview,sample_Q980_0h_WC_Overview,Q980_0h_WC,roi_40,Helios G4 PFIB CXe_BSE_5000.0kV_1000.0x,"{""raw_metadata"": {""File Name"": 40, ""SEM"": ""Helios G4 PFIB CXe"", ""Detector"": ""BSE"", ""Gun"": ""FEG"", ""Voltage"": 5000, ""Magnification"": 1000, ""Etching"": ""Vilella"", ""Sample"": ""Q980_0h_WC"", ""Kind"": ""Overview"", ""Pixel Size"": 6.74479e-08, ""Beam Current"": 1.6e-09, ""Dwell Time"": 5e-07, ""Dwell Time cat"": ""low"", ""Chamber Pressure"": 0.00015, ""Working Distance"": 0.00623346}, ""normalized"": {""microscope"": ""Helios G4 PFIB CXe"", ""instrument"": ""Helios G4 PFIB CXe"", ""detector"": ""BSE"", ""accelerating_voltage_kv"": 5000.0, ""magnification"": 1000.0, ""pixel_size_nm"": 6.74479e-08, ""beam_current_na"": 1.6e-09, ""dwell_time_us"": 5e-07, ""working_distance_mm"": 6.2335, ""chamber_pressure_pa"": 0.00015, ""sample"": ""Q980_0h_WC"", ""sample_state"": ""Overview"", ""etching_agent"": ""Vilella"", ""imaging_mode"": ""SEM"", ""scale"": ""6.74479e-08 nm/pixel"", ""acquisition_date_if_available"": null}}",,,,
hcci,Q980_9h_AC,hcci_400,Images\400.png,C:\Users\Pranet\Downloads\Mini Project\data\raw\hcci\Images\400.png,400.png,.png,5923799,6054ae1704841e2286ac291008c4ac6637b9b2d59033d2da9039e0ff6adec4eb,2764,2019,4,8,uint8,png,RGBA,SEM,,Overview,Overview,sample_Q980_9h_AC_Overview,Q980_9h_AC,roi_400,Zeiss Gemini_SE_5000.0kV_500.0x,"{""raw_metadata"": {""File Name"": 400, ""SEM"": ""Zeiss Gemini"", ""Detector"": ""SE"", ""Gun"": ""FEG"", ""Voltage"": 5000, ""Magnification"": 500, ""Etching"": ""Vilella"", ""Sample"": ""Q980_9h_AC"", ""Kind"": ""Overview"", ""Pixel Size"": 7.443e-08, ""Beam Current"": 7.99999999999999e-05, ""Dwell Time"": 1.66666666666667e-06, ""Dwell Time cat"": ""low"", ""Chamber Pressure"": 0.00119, ""Working Distance"": 0.00604}, ""normalized"": {""microscope"": ""Zeiss Gemini"", ""instrument"": ""Zeiss Gemini"", ""detector"": ""SE"", ""accelerating_voltage_kv"": 5000.0, ""magnification"": 500.0, ""pixel_size_nm"": 7.443e-08, ""beam_current_na"": 7.99999999999999e-05, ""dwell_time_us"": 1.66666666666667e-06, ""working_distance_mm"": 6.04, ""chamber_pressure_pa"": 0.00119, ""sample"": ""Q980_9h_AC"", ""sample_state"": ""Overview"", ""etching_agent"": ""Vilella"", ""imaging_mode"": ""SEM"", ""scale"": ""7.443e-08 nm/pixel"", ""acquisition_date_if_available"": null}}",,,,
hcci,Q980_9h_AC,hcci_401,Images\401.png,C:\Users\Pranet\Downloads\Mini Project\data\raw\hcci\Images\401.png,401.png,.png,4186992,717efde0ea4c06032f155c620c719a4655adecb465a47b0f0b3a5d7494028c19,2764,2019,4,8,uint8,png,RGBA,SEM,,Overview,Overview,sample_Q980_9h_AC_Overview,Q980_9h_AC,roi_401,Zeiss Gemini_BSE_5000.0kV_500.0x,"{""raw_metadata"": {""File Name"": 401, ""SEM"": ""Zeiss Gemini"", ""Detector"": ""BSE"", ""Gun"": ""FEG"", ""Voltage"": 5000, ""Magnification"": 500, ""Etching"": ""Vilella"", ""Sample"": ""Q980_9h_AC"", ""Kind"": ""Overview"", ""Pixel Size"": 7.443e-08, ""Beam Current"": 7.99999999999999e-05, ""Dwell Time"": 1.29329427083333e-05, ""Dwell Time cat"": ""high"", ""Chamber Pressure"": 0.00109, ""Working Distance"": 0.00604}, ""normalized"": {""microscope"": ""Zeiss Gemini"", ""instrument"": ""Zeiss Gemini"", ""detector"": ""BSE"", ""accelerating_voltage_kv"": 5000.0, ""magnification"": 500.0, ""pixel_size_nm"": 7.443e-08, ""beam_current_na"": 7.99999999999999e-05, ""dwell_time_us"": 1.29329427083333e-05, ""working_distance_mm"": 6.04, ""chamber_pressure_pa"": 0.00109, ""sample"": ""Q980_9h_AC"", ""sample_state"": ""Overview"", ""etching_agent"": ""Vilella"", ""imaging_mode"": ""SEM"", ""scale"": ""7.443e-08 nm/pixel"", ""acquisition_date_if_available"": null}}",,,,
hcci,Q980_9h_AC,hcci_402,Images\402.png,C:\Users\Pranet\Downloads\Mini Project\data\raw\hcci\Images\402.png,402.png,.png,7246451,045c056067b9f7d96c601ceb29d60b20cf748b0dae0a382d50622f92c10ad94f,2764,2019,4,8,uint8,png,RGBA,SEM,,Overview,Overview,sample_Q980_9h_AC_Overview,Q980_9h_AC,roi_402,Zeiss Gemini_BSE_5000.0kV_500.0x,"{""raw_metadata"": {""File Name"": 402, ""SEM"": ""Zeiss Gemini"", ""Detector"": ""BSE"", ""Gun"": ""FEG"", ""Voltage"": 5000, ""Magnification"": 500, ""Etching"": ""Vilella"", ""Sample"": ""Q980_9h_AC"", ""Kind"": ""Overview"", ""Pixel Size"": 7.443e-08, ""Beam Current"": 7.99999999999999e-05, ""Dwell Time"": 1.66666666666667e-06, ""Dwell Time cat"": ""low"", ""Chamber Pressure"": 0.00109, ""Working Distance"": 0.00604}, ""normalized"": {""microscope"": ""Zeiss Gemini"", ""instrument"": ""Zeiss Gemini"", ""detector"": ""BSE"", ""accelerating_voltage_kv"": 5000.0, ""magnification"": 500.0, ""pixel_size_nm"": 7.443e-08, ""beam_current_na"": 7.99999999999999e-05, ""dwell_time_us"": 1.66666666666667e-06, ""working_distance_mm"": 6.04, ""chamber_pressure_pa"": 0.00109, ""sample"": ""Q980_9h_AC"", ""sample_state"": ""Overview"", ""etching_agent"": ""Vilella"", ""imaging_mode"": ""SEM"", ""scale"": ""7.443e-08 nm/pixel"", ""acquisition_date_if_available"": null}}",,,,
hcci,Q980_9h_AC,hcci_403,Images\403.png,C:\Users\Pranet\Downloads\Mini Project\data\raw\hcci\Images\403.png,403.png,.png,4892062,48a25b4ee5e400af35673675a7b96c62fb9d65bf483a4f3f765ecc9ec3dacae2,2764,2019,4,8,uint8,png,RGBA,SEM,,Overview,Overview,sample_Q980_9h_AC_Overview,Q980_9h_AC,roi_403,Zeiss Gemini_InLens_5000.0kV_500.0x,"{""raw_metadata"": {""File Name"": 403, ""SEM"": ""Zeiss Gemini"", ""Detector"": ""InLens"", ""Gun"": ""FEG"", ""Voltage"": 5000, ""Magnification"": 500, ""Etching"": ""Vilella"", ""Sample"": ""Q980_9h_AC"", ""Kind"": ""Overview"", ""Pixel Size"": 7.443e-08, ""Beam Current"": 7.99999999999999e-05, ""Dwell Time"": 1.29329427083333e-05, ""Dwell Time cat"": ""high"", ""Chamber Pressure"": 0.00105999999999999, ""Working Distance"": 0.00604}, ""normalized"": {""microscope"": ""Zeiss Gemini"", ""instrument"": ""Zeiss Gemini"", ""detector"": ""InLens"", ""accelerating_voltage_kv"": 5000.0, ""magnification"": 500.0, ""pixel_size_nm"": 7.443e-08, ""beam_current_na"": 7.99999999999999e-05, ""dwell_time_us"": 1.29329427083333e-05, ""working_distance_mm"": 6.04, ""chamber_pressure_pa"": 0.00105999999999999, ""sample"": ""Q980_9h_AC"", ""sample_state"": ""Overview"", ""etching_agent"": ""Vilella"", ""imaging_mode"": ""SEM"", ""scale"": ""7.443e-08 nm/pixel"", ""acquisition_date_if_available"": null}}",,,,
hcci,Q980_9h_AC,hcci_404,Images\404.png,C:\Users\Pranet\Downloads\Mini Project\data\raw\hcci\Images\404.png,404.png,.png,5439557,4f4a62a7905ad856ab44948cb6bda0f725a267fdef6c82b402a7c7dcb22bc7ba,2764,2019,4,8,uint8,png,RGBA,SEM,,Overview,Overview,sample_Q980_9h_AC_Overview,Q980_9h_AC,roi_404,Zeiss Gemini_InLens_5000.0kV_500.0x,"{""raw_metadata"": {""File Name"": 404, ""SEM"": ""Zeiss Gemini"", ""Detector"": ""InLens"", ""Gun"": ""FEG"", ""Voltage"": 5000, ""Magnification"": 500, ""Etching"": ""Vilella"", ""Sample"": ""Q980_9h_AC"", ""Kind"": ""Overview"", ""Pixel Size"": 7.443e-08, ""Beam Current"": 7.99999999999999e-05, ""Dwell Time"": 1.66666666666667e-06, ""Dwell Time cat"": ""low"", ""Chamber Pressure"": 0.00105999999999999, ""Working Distance"": 0.00604}, ""normalized"": {""microscope"": ""Zeiss Gemini"", ""instrument"": ""Zeiss Gemini"", ""detector"": ""InLens"", ""accelerating_voltage_kv"": 5000.0, ""magnification"": 500.0, ""pixel_size_nm"": 7.443e-08, ""beam_current_na"": 7.99999999999999e-05, ""dwell_time_us"": 1.66666666666667e-06, ""working_distance_mm"": 6.04, ""chamber_pressure_pa"": 0.00105999999999999, ""sample"": ""Q980_9h_AC"", ""sample_state"": ""Overview"", ""etching_agent"": ""Vilella"", ""imaging_mode"": ""SEM"", ""scale"": ""7.443e-08 nm/pixel"", ""acquisition_date_if_available"": null}}",,,,
hcci,Q980_9h_AC,hcci_405,Images\405.png,C:\Users\Pranet\Downloads\Mini Project\data\raw\hcci\Images\405.png,405.png,.png,3804920,dddd7a63137e18bf25737264e69d71def0712aa51a750ecabd05a2cb030abe9d,2329,1963,4,8,uint8,png,RGBA,SEM,,Detail,Detail,sample_Q980_9h_AC_Detail,Q980_9h_AC,roi_405,Zeiss Gemini_SE_5000.0kV_2800.0x,"{""raw_metadata"": {""File Name"": 405, ""SEM"": ""Zeiss Gemini"", ""Detector"": ""SE"", ""Gun"": ""FEG"", ""Voltage"": 5000, ""Magnification"": 2800, ""Etching"": ""Vilella"", ""Sample"": ""Q980_9h_AC"", ""Kind"": ""Detail"", ""Pixel Size"": 1.329e-08, ""Beam Current"": 7.99999999999999e-05, ""Dwell Time"": 1.29329427083333e-05, ""Dwell Time cat"": ""high"", ""Chamber Pressure"": 0.00102, ""Working Distance"": 0.006045}, ""normalized"": {""microscope"": ""Zeiss Gemini"", ""instrument"": ""Zeiss Gemini"", ""detector"": ""SE"", ""accelerating_voltage_kv"": 5000.0, ""magnification"": 2800.0, ""pixel_size_nm"": 1.329e-08, ""beam_current_na"": 7.99999999999999e-05, ""dwell_time_us"": 1.29329427083333e-05, ""working_distance_mm"": 6.045, ""chamber_pressure_pa"": 0.00102, ""sample"": ""Q980_9h_AC"", ""sample_state"": ""Detail"", ""etching_agent"": ""Vilella"", ""imaging_mode"": ""SEM"", ""scale"": ""1.329e-08 nm/pixel"", ""acquisition_date_if_available"": null}}",,,,
hcci,Q980_9h_AC,hcci_406,Images\406.png,C:\Users\Pranet\Downloads\Mini Project\data\raw\hcci\Images\406.png,406.png,.png,4676533,3dcedd22c7fd78e7cd0e5cbe552788d2a0ec2e7f814e077968635654ffa01896,2329,1963,4,8,uint8,png,RGBA,SEM,,Detail,Detail,sample_Q980_9h_AC_Detail,Q980_9h_AC,roi_406,Zeiss Gemini_SE_5000.0kV_2800.0x,"{""raw_metadata"": {""File Name"": 406, ""SEM"": ""Zeiss Gemini"", ""Detector"": ""SE"", ""Gun"": ""FEG"", ""Voltage"": 5000, ""Magnification"": 2800, ""Etching"": ""Vilella"", ""Sample"": ""Q980_9h_AC"", ""Kind"": ""Detail"", ""Pixel Size"": 1.329e-08, ""Beam Current"": 7.99999999999999e-05, ""Dwell Time"": 1.66666666666667e-06, ""Dwell Time cat"": ""low"", ""Chamber Pressure"": 0.00101, ""Working Distance"": 0.006045}, ""normalized"": {""microscope"": ""Zeiss Gemini"", ""instrument"": ""Zeiss Gemini"", ""detector"": ""SE"", ""accelerating_voltage_kv"": 5000.0, ""magnification"": 2800.0, ""pixel_size_nm"": 1.329e-08, ""beam_current_na"": 7.99999999999999e-05, ""dwell_time_us"": 1.66666666666667e-06, ""working_distance_mm"": 6.045, ""chamber_pressure_pa"": 0.00101, ""sample"": ""Q980_9h_AC"", ""sample_state"": ""Detail"", ""etching_agent"": ""Vilella"", ""imaging_mode"": ""SEM"", ""scale"": ""1.329e-08 nm/pixel"", ""acquisition_date_if_available"": null}}",,,,
hcci,Q980_9h_AC,hcci_407,Images\407.png,C:\Users\Pranet\Downloads\Mini Project\data\raw\hcci\Images\407.png,407.png,.png,5376917,a64ae573b991b3bf88c98680b20a67aaa54c76e3cf038b90e2eaf9c2541dce5e,2329,1963,4,8,uint8,png,RGBA,SEM,,Detail,Detail,sample_Q980_9h_AC_Detail,Q980_9h_AC,roi_407,Zeiss Gemini_BSE_5000.0kV_2800.0x,"{""raw_metadata"": {""File Name"": 407, ""SEM"": ""Zeiss Gemini"", ""Detector"": ""BSE"", ""Gun"": ""FEG"", ""Voltage"": 5000, ""Magnification"": 2800, ""Etching"": ""Vilella"", ""Sample"": ""Q980_9h_AC"", ""Kind"": ""Detail"", ""Pixel Size"": 1.329e-08, ""Beam Current"": 7.99999999999999e-05, ""Dwell Time"": 1.29329427083333e-05, ""Dwell Time cat"": ""high"", ""Chamber Pressure"": 0.000995999999999999, ""Working Distance"": 0.006045}, ""normalized"": {""microscope"": ""Zeiss Gemini"", ""instrument"": ""Zeiss Gemini"", ""detector"": ""BSE"", ""accelerating_voltage_kv"": 5000.0, ""magnification"": 2800.0, ""pixel_size_nm"": 1.329e-08, ""beam_current_na"": 7.99999999999999e-05, ""dwell_time_us"": 1.29329427083333e-05, ""working_distance_mm"": 6.045, ""chamber_pressure_pa"": 0.000995999999999999, ""sample"": ""Q980_9h_AC"", ""sample_state"": ""Detail"", ""etching_agent"": ""Vilella"", ""imaging_mode"": ""SEM"", ""scale"": ""1.329e-08 nm/pixel"", ""acquisition_date_if_available"": null}}",,,,
hcci,Q980_9h_AC,hcci_408,Images\408.png,C:\Users\Pranet\Downloads\Mini Project\data\raw\hcci\Images\408.png,408.png,.png,6105690,e4f588954d9812a5ddb382d0702bf9681d2358a9a19f737ddd7e70bfd62cb75a,2329,1963,4,8,uint8,png,RGBA,SEM,,Detail,Detail,sample_Q980_9h_AC_Detail,Q980_9h_AC,roi_408,Zeiss Gemini_BSE_5000.0kV_2800.0x,"{""raw_metadata"": {""File Name"": 408, ""SEM"": ""Zeiss Gemini"", ""Detector"": ""BSE"", ""Gun"": ""FEG"", ""Voltage"": 5000, ""Magnification"": 2800, ""Etching"": ""Vilella"", ""Sample"": ""Q980_9h_AC"", ""Kind"": ""Detail"", ""Pixel Size"": 1.329e-08, ""Beam Current"": 7.99999999999999e-05, ""Dwell Time"": 1.66666666666667e-06, ""Dwell Time cat"": ""low"", ""Chamber Pressure"": 0.000973, ""Working Distance"": 0.006045}, ""normalized"": {""microscope"": ""Zeiss Gemini"", ""instrument"": ""Zeiss Gemini"", ""detector"": ""BSE"", ""accelerating_voltage_kv"": 5000.0, ""magnification"": 2800.0, ""pixel_size_nm"": 1.329e-08, ""beam_current_na"": 7.99999999999999e-05, ""dwell_time_us"": 1.66666666666667e-06, ""working_distance_mm"": 6.045, ""chamber_pressure_pa"": 0.000973, ""sample"": ""Q980_9h_AC"", ""sample_state"": ""Detail"", ""etching_agent"": ""Vilella"", ""imaging_mode"": ""SEM"", ""scale"": ""1.329e-08 nm/pixel"", ""acquisition_date_if_available"": null}}",,,,
hcci,Q980_9h_AC,hcci_409,Images\409.png,C:\Users\Pranet\Downloads\Mini Project\data\raw\hcci\Images\409.png,409.png,.png,3631841,cb991e145027ecb64fb123c0ae2da666e5af6fb4dee5bbfa923c9d39371a5812,2329,1963,4,8,uint8,png,RGBA,SEM,,Detail,Detail,sample_Q980_9h_AC_Detail,Q980_9h_AC,roi_409,Zeiss Gemini_InLens_5000.0kV_2800.0x,"{""raw_metadata"": {""File Name"": 409, ""SEM"": ""Zeiss Gemini"", ""Detector"": ""InLens"", ""Gun"": ""FEG"", ""Voltage"": 5000, ""Magnification"": 2800, ""Etching"": ""Vilella"", ""Sample"": ""Q980_9h_AC"", ""Kind"": ""Detail"", ""Pixel Size"": 1.329e-08, ""Beam Current"": 7.99999999999999e-05, ""Dwell Time"": 1.29329427083333e-05, ""Dwell Time cat"": ""high"", ""Chamber Pressure"": 0.000973, ""Working Distance"": 0.006045}, ""normalized"": {""microscope"": ""Zeiss Gemini"", ""instrument"": ""Zeiss Gemini"", ""detector"": ""InLens"", ""accelerating_voltage_kv"": 5000.0, ""magnification"": 2800.0, ""pixel_size_nm"": 1.329e-08, ""beam_current_na"": 7.99999999999999e-05, ""dwell_time_us"": 1.29329427083333e-05, ""working_distance_mm"": 6.045, ""chamber_pressure_pa"": 0.000973, ""sample"": ""Q980_9h_AC"", ""sample_state"": ""Detail"", ""etching_agent"": ""Vilella"", ""imaging_mode"": ""SEM"", ""scale"": ""1.329e-08 nm/pixel"", ""acquisition_date_if_available"": null}}",,,,
hcci,Q980_0h_WC,hcci_41,Images\41.png,C:\Users\Pranet\Downloads\Mini Project\data\raw\hcci\Images\41.png,41.png,.png,6024012,5ec14befae1cf7a2a28f4a9d8857fd40f87b6ef8222b2ec65492154ed2c7d15f,2749,1983,4,8,uint8,png,RGBA,SEM,,Overview,Overview,sample_Q980_0h_WC_Overview,Q980_0h_WC,roi_41,Helios G4 PFIB CXe_InLens_5000.0kV_1000.0x,"{""raw_metadata"": {""File Name"": 41, ""SEM"": ""Helios G4 PFIB CXe"", ""Detector"": ""InLens"", ""Gun"": ""FEG"", ""Voltage"": 5000, ""Magnification"": 1000, ""Etching"": ""Vilella"", ""Sample"": ""Q980_0h_WC"", ""Kind"": ""Overview"", ""Pixel Size"": 6.74479e-08, ""Beam Current"": 1.6e-09, ""Dwell Time"": 1e-05, ""Dwell Time cat"": ""high"", ""Chamber Pressure"": 0.00014, ""Working Distance"": 0.00623346}, ""normalized"": {""microscope"": ""Helios G4 PFIB CXe"", ""instrument"": ""Helios G4 PFIB CXe"", ""detector"": ""InLens"", ""accelerating_voltage_kv"": 5000.0, ""magnification"": 1000.0, ""pixel_size_nm"": 6.74479e-08, ""beam_current_na"": 1.6e-09, ""dwell_time_us"": 1e-05, ""working_distance_mm"": 6.2335, ""chamber_pressure_pa"": 0.00014, ""sample"": ""Q980_0h_WC"", ""sample_state"": ""Overview"", ""etching_agent"": ""Vilella"", ""imaging_mode"": ""SEM"", ""scale"": ""6.74479e-08 nm/pixel"", ""acquisition_date_if_available"": null}}",,,,
hcci,Q980_9h_AC,hcci_410,Images\410.png,C:\Users\Pranet\Downloads\Mini Project\data\raw\hcci\Images\410.png,410.png,.png,2918649,23be9eb7ed33443d41ac4817b8d69a8fc8a0f1253a7a44e731a3e988e17e2fde,2329,1963,4,8,uint8,png,RGBA,SEM,,Detail,Detail,sample_Q980_9h_AC_Detail,Q980_9h_AC,roi_410,Zeiss Gemini_InLens_5000.0kV_2800.0x,"{""raw_metadata"": {""File Name"": 410, ""SEM"": ""Zeiss Gemini"", ""Detector"": ""InLens"", ""Gun"": ""FEG"", ""Voltage"": 5000, ""Magnification"": 2800, ""Etching"": ""Vilella"", ""Sample"": ""Q980_9h_AC"", ""Kind"": ""Detail"", ""Pixel Size"": 1.329e-08, ""Beam Current"": 7.99999999999999e-05, ""Dwell Time"": 1.66666666666667e-06, ""Dwell Time cat"": ""low"", ""Chamber Pressure"": 0.000973, ""Working Distance"": 0.006045}, ""normalized"": {""microscope"": ""Zeiss Gemini"", ""instrument"": ""Zeiss Gemini"", ""detector"": ""InLens"", ""accelerating_voltage_kv"": 5000.0, ""magnification"": 2800.0, ""pixel_size_nm"": 1.329e-08, ""beam_current_na"": 7.99999999999999e-05, ""dwell_time_us"": 1.66666666666667e-06, ""working_distance_mm"": 6.045, ""chamber_pressure_pa"": 0.000973, ""sample"": ""Q980_9h_AC"", ""sample_state"": ""Detail"", ""etching_agent"": ""Vilella"", ""imaging_mode"": ""SEM"", ""scale"": ""1.329e-08 nm/pixel"", ""acquisition_date_if_available"": null}}",,,,
hcci,Q980_9h_AC,hcci_411,Images\411.png,C:\Users\Pranet\Downloads\Mini Project\data\raw\hcci\Images\411.png,411.png,.png,5461428,848416a17351cb385a7ce6560b2fd3f3ae058f2acf54824cf5cc82d19ce92505,2764,2019,4,8,uint8,png,RGBA,SEM,,Overview,Overview,sample_Q980_9h_AC_Overview,Q980_9h_AC,roi_411,Zeiss Gemini_SE_10000.0kV_500.0x,"{""raw_metadata"": {""File Name"": 411, ""SEM"": ""Zeiss Gemini"", ""Detector"": ""SE"", ""Gun"": ""FEG"", ""Voltage"": 10000, ""Magnification"": 500, ""Etching"": ""Vilella"", ""Sample"": ""Q980_9h_AC"", ""Kind"": ""Overview"", ""Pixel Size"": 7.443e-08, ""Beam Current"": 7.99999999999999e-05, ""Dwell Time"": 1.29329427083333e-05, ""Dwell Time cat"": ""high"", ""Chamber Pressure"": 0.000930999999999999, ""Working Distance"": 0.006053}, ""normalized"": {""microscope"": ""Zeiss Gemini"", ""instrument"": ""Zeiss Gemini"", ""detector"": ""SE"", ""accelerating_voltage_kv"": 10000.0, ""magnification"": 500.0, ""pixel_size_nm"": 7.443e-08, ""beam_current_na"": 7.99999999999999e-05, ""dwell_time_us"": 1.29329427083333e-05, ""working_distance_mm"": 6.053, ""chamber_pressure_pa"": 0.000930999999999999, ""sample"": ""Q980_9h_AC"", ""sample_state"": ""Overview"", ""etching_agent"": ""Vilella"", ""imaging_mode"": ""SEM"", ""scale"": ""7.443e-08 nm/pixel"", ""acquisition_date_if_available"": null}}",,,,
hcci,Q980_9h_AC,hcci_412,Images\412.png,C:\Users\Pranet\Downloads\Mini Project\data\raw\hcci\Images\412.png,412.png,.png,6750869,eaf53529483e9a00d424354f3541fe4e604187789842fa9557c451230f7b361c,2764,2019,4,8,uint8,png,RGBA,SEM,,Overview,Overview,sample_Q980_9h_AC_Overview,Q980_9h_AC,roi_412,Zeiss Gemini_SE_10000.0kV_500.0x,"{""raw_metadata"": {""File Name"": 412, ""SEM"": ""Zeiss Gemini"", ""Detector"": ""SE"", ""Gun"": ""FEG"", ""Voltage"": 10000, ""Magnification"": 500, ""Etching"": ""Vilella"", ""Sample"": ""Q980_9h_AC"", ""Kind"": ""Overview"", ""Pixel Size"": 7.443e-08, ""Beam Current"": 7.99999999999999e-05, ""Dwell Time"": 1.66666666666667e-06, ""Dwell Time cat"": ""low"", ""Chamber Pressure"": 0.000930999999999999, ""Working Distance"": 0.006053}, ""normalized"": {""microscope"": ""Zeiss Gemini"", ""instrument"": ""Zeiss Gemini"", ""detector"": ""SE"", ""accelerating_voltage_kv"": 10000.0, ""magnification"": 500.0, ""pixel_size_nm"": 7.443e-08, ""beam_current_na"": 7.99999999999999e-05, ""dwell_time_us"": 1.66666666666667e-06, ""working_distance_mm"": 6.053, ""chamber_pressure_pa"": 0.000930999999999999, ""sample"": ""Q980_9h_AC"", ""sample_state"": ""Overview"", ""etching_agent"": ""Vilella"", ""imaging_mode"": ""SEM"", ""scale"": ""7.443e-08 nm/pixel"", ""acquisition_date_if_available"": null}}",,,,
hcci,Q980_9h_AC,hcci_413,Images\413.png,C:\Users\Pranet\Downloads\Mini Project\data\raw\hcci\Images\413.png,413.png,.png,5367432,a5d144eeb5787ef22c5292707ef8fe211830ea981c2e096b30af5dd493908d5d,2764,2019,4,8,uint8,png,RGBA,SEM,,Overview,Overview,sample_Q980_9h_AC_Overview,Q980_9h_AC,roi_413,Zeiss Gemini_BSE_10000.0kV_500.0x,"{""raw_metadata"": {""File Name"": 413, ""SEM"": ""Zeiss Gemini"", ""Detector"": ""BSE"", ""Gun"": ""FEG"", ""Voltage"": 10000, ""Magnification"": 500, ""Etching"": ""Vilella"", ""Sample"": ""Q980_9h_AC"", ""Kind"": ""Overview"", ""Pixel Size"": 7.443e-08, ""Beam Current"": 7.99999999999999e-05, ""Dwell Time"": 1.29329427083333e-05, ""Dwell Time cat"": ""high"", ""Chamber Pressure"": 0.000930999999999999, ""Working Distance"": 0.006053}, ""normalized"": {""microscope"": ""Zeiss Gemini"", ""instrument"": ""Zeiss Gemini"", ""detector"": ""BSE"", ""accelerating_voltage_kv"": 10000.0, ""magnification"": 500.0, ""pixel_size_nm"": 7.443e-08, ""beam_current_na"": 7.99999999999999e-05, ""dwell_time_us"": 1.29329427083333e-05, ""working_distance_mm"": 6.053, ""chamber_pressure_pa"": 0.000930999999999999, ""sample"": ""Q980_9h_AC"", ""sample_state"": ""Overview"", ""etching_agent"": ""Vilella"", ""imaging_mode"": ""SEM"", ""scale"": ""7.443e-08 nm/pixel"", ""acquisition_date_if_available"": null}}",,,,
hcci,Q980_9h_AC,hcci_414,Images\414.png,C:\Users\Pranet\Downloads\Mini Project\data\raw\hcci\Images\414.png,414.png,.png,7180357,39d49fcf49a3071458e93d30b1d1275fc632c2b5c750f7e1a6940fc328dd2592,2764,2019,4,8,uint8,png,RGBA,SEM,,Overview,Overview,sample_Q980_9h_AC_Overview,Q980_9h_AC,roi_414,Zeiss Gemini_BSE_10000.0kV_500.0x,"{""raw_metadata"": {""File Name"": 414, ""SEM"": ""Zeiss Gemini"", ""Detector"": ""BSE"", ""Gun"": ""FEG"", ""Voltage"": 10000, ""Magnification"": 500, ""Etching"": ""Vilella"", ""Sample"": ""Q980_9h_AC"", ""Kind"": ""Overview"", ""Pixel Size"": 7.443e-08, ""Beam Current"": 7.99999999999999e-05, ""Dwell Time"": 1.66666666666667e-06, ""Dwell Time cat"": ""low"", ""Chamber Pressure"": 0.000930999999999999, ""Working Distance"": 0.006053}, ""normalized"": {""microscope"": ""Zeiss Gemini"", ""instrument"": ""Zeiss Gemini"", ""detector"": ""BSE"", ""accelerating_voltage_kv"": 10000.0, ""magnification"": 500.0, ""pixel_size_nm"": 7.443e-08, ""beam_current_na"": 7.99999999999999e-05, ""dwell_time_us"": 1.66666666666667e-06, ""working_distance_mm"": 6.053, ""chamber_pressure_pa"": 0.000930999999999999, ""sample"": ""Q980_9h_AC"", ""sample_state"": ""Overview"", ""etching_agent"": ""Vilella"", ""imaging_mode"": ""SEM"", ""scale"": ""7.443e-08 nm/pixel"", ""acquisition_date_if_available"": null}}",,,,
hcci,Q980_9h_AC,hcci_415,Images\415.png,C:\Users\Pranet\Downloads\Mini Project\data\raw\hcci\Images\415.png,415.png,.png,5256821,115c14f39b8369b3b06db19c6c8509c02ae8433a281db6f4cb89e439521a8d40,2764,2019,4,8,uint8,png,RGBA,SEM,,Overview,Overview,sample_Q980_9h_AC_Overview,Q980_9h_AC,roi_415,Zeiss Gemini_InLens_10000.0kV_500.0x,"{""raw_metadata"": {""File Name"": 415, ""SEM"": ""Zeiss Gemini"", ""Detector"": ""InLens"", ""Gun"": ""FEG"", ""Voltage"": 10000, ""Magnification"": 500, ""Etching"": ""Vilella"", ""Sample"": ""Q980_9h_AC"", ""Kind"": ""Overview"", ""Pixel Size"": 7.443e-08, ""Beam Current"": 7.99999999999999e-05, ""Dwell Time"": 1.29329427083333e-05, ""Dwell Time cat"": ""high"", ""Chamber Pressure"": 0.000915, ""Working Distance"": 0.006053}, ""normalized"": {""microscope"": ""Zeiss Gemini"", ""instrument"": ""Zeiss Gemini"", ""detector"": ""InLens"", ""accelerating_voltage_kv"": 10000.0, ""magnification"": 500.0, ""pixel_size_nm"": 7.443e-08, ""beam_current_na"": 7.99999999999999e-05, ""dwell_time_us"": 1.29329427083333e-05, ""working_distance_mm"": 6.053, ""chamber_pressure_pa"": 0.000915, ""sample"": ""Q980_9h_AC"", ""sample_state"": ""Overview"", ""etching_agent"": ""Vilella"", ""imaging_mode"": ""SEM"", ""scale"": ""7.443e-08 nm/pixel"", ""acquisition_date_if_available"": null}}",,,,
hcci,Q980_9h_AC,hcci_416,Images\416.png,C:\Users\Pranet\Downloads\Mini Project\data\raw\hcci\Images\416.png,416.png,.png,6433589,d79bffb448ca08b5febaaf050c4f4b19846cdba033c7147399be7624150a3f74,2764,2019,4,8,uint8,png,RGBA,SEM,,Overview,Overview,sample_Q980_9h_AC_Overview,Q980_9h_AC,roi_416,Zeiss Gemini_InLens_10000.0kV_500.0x,"{""raw_metadata"": {""File Name"": 416, ""SEM"": ""Zeiss Gemini"", ""Detector"": ""InLens"", ""Gun"": ""FEG"", ""Voltage"": 10000, ""Magnification"": 500, ""Etching"": ""Vilella"", ""Sample"": ""Q980_9h_AC"", ""Kind"": ""Overview"", ""Pixel Size"": 7.443e-08, ""Beam Current"": 7.99999999999999e-05, ""Dwell Time"": 1.66666666666667e-06, ""Dwell Time cat"": ""low"", ""Chamber Pressure"": 0.00091, ""Working Distance"": 0.006053}, ""normalized"": {""microscope"": ""Zeiss Gemini"", ""instrument"": ""Zeiss Gemini"", ""detector"": ""InLens"", ""accelerating_voltage_kv"": 10000.0, ""magnification"": 500.0, ""pixel_size_nm"": 7.443e-08, ""beam_current_na"": 7.99999999999999e-05, ""dwell_time_us"": 1.66666666666667e-06, ""working_distance_mm"": 6.053, ""chamber_pressure_pa"": 0.00091, ""sample"": ""Q980_9h_AC"", ""sample_state"": ""Overview"", ""etching_agent"": ""Vilella"", ""imaging_mode"": ""SEM"", ""scale"": ""7.443e-08 nm/pixel"", ""acquisition_date_if_available"": null}}",,,,
hcci,Q980_9h_AC,hcci_417,Images\417.png,C:\Users\Pranet\Downloads\Mini Project\data\raw\hcci\Images\417.png,417.png,.png,4661915,e406e2ca0191c9687f003f124e11c9d5755ea91aa559a28038546ed237d8a62a,2329,1963,4,8,uint8,png,RGBA,SEM,,Detail,Detail,sample_Q980_9h_AC_Detail,Q980_9h_AC,roi_417,Zeiss Gemini_SE_10000.0kV_2800.0x,"{""raw_metadata"": {""File Name"": 417, ""SEM"": ""Zeiss Gemini"", ""Detector"": ""SE"", ""Gun"": ""FEG"", ""Voltage"": 10000, ""Magnification"": 2800, ""Etching"": ""Vilella"", ""Sample"": ""Q980_9h_AC"", ""Kind"": ""Detail"", ""Pixel Size"": 1.329e-08, ""Beam Current"": 7.99999999999999e-05, ""Dwell Time"": 1.29329427083333e-05, ""Dwell Time cat"": ""high"", ""Chamber Pressure"": 0.00133, ""Working Distance"": 0.006017}, ""normalized"": {""microscope"": ""Zeiss Gemini"", ""instrument"": ""Zeiss Gemini"", ""detector"": ""SE"", ""accelerating_voltage_kv"": 10000.0, ""magnification"": 2800.0, ""pixel_size_nm"": 1.329e-08, ""beam_current_na"": 7.99999999999999e-05, ""dwell_time_us"": 1.29329427083333e-05, ""working_distance_mm"": 6.017, ""chamber_pressure_pa"": 0.00133, ""sample"": ""Q980_9h_AC"", ""sample_state"": ""Detail"", ""etching_agent"": ""Vilella"", ""imaging_mode"": ""SEM"", ""scale"": ""1.329e-08 nm/pixel"", ""acquisition_date_if_available"": null}}",,,,
hcci,Q980_9h_AC,hcci_418,Images\418.png,C:\Users\Pranet\Downloads\Mini Project\data\raw\hcci\Images\418.png,418.png,.png,5616108,ab91f5b001e89ecdfb16f5ece6c45f9d88172ea210dcf969448669b8070f7c78,2329,1963,4,8,uint8,png,RGBA,SEM,,Detail,Detail,sample_Q980_9h_AC_Detail,Q980_9h_AC,roi_418,Zeiss Gemini_SE_10000.0kV_2800.0x,"{""raw_metadata"": {""File Name"": 418, ""SEM"": ""Zeiss Gemini"", ""Detector"": ""SE"", ""Gun"": ""FEG"", ""Voltage"": 10000, ""Magnification"": 2800, ""Etching"": ""Vilella"", ""Sample"": ""Q980_9h_AC"", ""Kind"": ""Detail"", ""Pixel Size"": 1.329e-08, ""Beam Current"": 7.99999999999999e-05, ""Dwell Time"": 1.66666666666667e-06, ""Dwell Time cat"": ""low"", ""Chamber Pressure"": 0.00133, ""Working Distance"": 0.006017}, ""normalized"": {""microscope"": ""Zeiss Gemini"", ""instrument"": ""Zeiss Gemini"", ""detector"": ""SE"", ""accelerating_voltage_kv"": 10000.0, ""magnification"": 2800.0, ""pixel_size_nm"": 1.329e-08, ""beam_current_na"": 7.99999999999999e-05, ""dwell_time_us"": 1.66666666666667e-06, ""working_distance_mm"": 6.017, ""chamber_pressure_pa"": 0.00133, ""sample"": ""Q980_9h_AC"", ""sample_state"": ""Detail"", ""etching_agent"": ""Vilella"", ""imaging_mode"": ""SEM"", ""scale"": ""1.329e-08 nm/pixel"", ""acquisition_date_if_available"": null}}",,,,
hcci,Q980_9h_AC,hcci_419,Images\419.png,C:\Users\Pranet\Downloads\Mini Project\data\raw\hcci\Images\419.png,419.png,.png,4894320,650cc80e98beb7fe03165aaeff942296edcdab6e44cc95b5033a58516b5dcb3e,2329,1963,4,8,uint8,png,RGBA,SEM,,Detail,Detail,sample_Q980_9h_AC_Detail,Q980_9h_AC,roi_419,Zeiss Gemini_BSE_10000.0kV_2800.0x,"{""raw_metadata"": {""File Name"": 419, ""SEM"": ""Zeiss Gemini"", ""Detector"": ""BSE"", ""Gun"": ""FEG"", ""Voltage"": 10000, ""Magnification"": 2800, ""Etching"": ""Vilella"", ""Sample"": ""Q980_9h_AC"", ""Kind"": ""Detail"", ""Pixel Size"": 1.329e-08, ""Beam Current"": 7.99999999999999e-05, ""Dwell Time"": 1.29329427083333e-05, ""Dwell Time cat"": ""high"", ""Chamber Pressure"": 0.00121999999999999, ""Working Distance"": 0.006017}, ""normalized"": {""microscope"": ""Zeiss Gemini"", ""instrument"": ""Zeiss Gemini"", ""detector"": ""BSE"", ""accelerating_voltage_kv"": 10000.0, ""magnification"": 2800.0, ""pixel_size_nm"": 1.329e-08, ""beam_current_na"": 7.99999999999999e-05, ""dwell_time_us"": 1.29329427083333e-05, ""working_distance_mm"": 6.017, ""chamber_pressure_pa"": 0.00121999999999999, ""sample"": ""Q980_9h_AC"", ""sample_state"": ""Detail"", ""etching_agent"": ""Vilella"", ""imaging_mode"": ""SEM"", ""scale"": ""1.329e-08 nm/pixel"", ""acquisition_date_if_available"": null}}",,,,
hcci,Q980_0h_WC,hcci_42,Images\42.png,C:\Users\Pranet\Downloads\Mini Project\data\raw\hcci\Images\42.png,42.png,.png,6670255,1ebec68f4fa3877145b383d43b65ab5c4b59b339b83dd9db7545e85780fbc6b0,2749,1983,4,8,uint8,png,RGBA,SEM,,Overview,Overview,sample_Q980_0h_WC_Overview,Q980_0h_WC,roi_42,Helios G4 PFIB CXe_InLens_5000.0kV_1000.0x,"{""raw_metadata"": {""File Name"": 42, ""SEM"": ""Helios G4 PFIB CXe"", ""Detector"": ""InLens"", ""Gun"": ""FEG"", ""Voltage"": 5000, ""Magnification"": 1000, ""Etching"": ""Vilella"", ""Sample"": ""Q980_0h_WC"", ""Kind"": ""Overview"", ""Pixel Size"": 6.74479e-08, ""Beam Current"": 1.6e-09, ""Dwell Time"": 5e-07, ""Dwell Time cat"": ""low"", ""Chamber Pressure"": 0.000138, ""Working Distance"": 0.00623346}, ""normalized"": {""microscope"": ""Helios G4 PFIB CXe"", ""instrument"": ""Helios G4 PFIB CXe"", ""detector"": ""InLens"", ""accelerating_voltage_kv"": 5000.0, ""magnification"": 1000.0, ""pixel_size_nm"": 6.74479e-08, ""beam_current_na"": 1.6e-09, ""dwell_time_us"": 5e-07, ""working_distance_mm"": 6.2335, ""chamber_pressure_pa"": 0.000138, ""sample"": ""Q980_0h_WC"", ""sample_state"": ""Overview"", ""etching_agent"": ""Vilella"", ""imaging_mode"": ""SEM"", ""scale"": ""6.74479e-08 nm/pixel"", ""acquisition_date_if_available"": null}}",,,,
hcci,Q980_9h_AC,hcci_420,Images\420.png,C:\Users\Pranet\Downloads\Mini Project\data\raw\hcci\Images\420.png,420.png,.png,6209720,6d94369d366832b3d1b7b645ab26d3fd14d9ae7d06c88c3298c28fe76b2b82a2,2329,1963,4,8,uint8,png,RGBA,SEM,,Detail,Detail,sample_Q980_9h_AC_Detail,Q980_9h_AC,roi_420,Zeiss Gemini_BSE_10000.0kV_2800.0x,"{""raw_metadata"": {""File Name"": 420, ""SEM"": ""Zeiss Gemini"", ""Detector"": ""BSE"", ""Gun"": ""FEG"", ""Voltage"": 10000, ""Magnification"": 2800, ""Etching"": ""Vilella"", ""Sample"": ""Q980_9h_AC"", ""Kind"": ""Detail"", ""Pixel Size"": 1.329e-08, ""Beam Current"": 7.99999999999999e-05, ""Dwell Time"": 1.66666666666667e-06, ""Dwell Time cat"": ""low"", ""Chamber Pressure"": 0.00121999999999999, ""Working Distance"": 0.006017}, ""normalized"": {""microscope"": ""Zeiss Gemini"", ""instrument"": ""Zeiss Gemini"", ""detector"": ""BSE"", ""accelerating_voltage_kv"": 10000.0, ""magnification"": 2800.0, ""pixel_size_nm"": 1.329e-08, ""beam_current_na"": 7.99999999999999e-05, ""dwell_time_us"": 1.66666666666667e-06, ""working_distance_mm"": 6.017, ""chamber_pressure_pa"": 0.00121999999999999, ""sample"": ""Q980_9h_AC"", ""sample_state"": ""Detail"", ""etching_agent"": ""Vilella"", ""imaging_mode"": ""SEM"", ""scale"": ""1.329e-08 nm/pixel"", ""acquisition_date_if_available"": null}}",,,,
hcci,Q980_9h_AC,hcci_421,Images\421.png,C:\Users\Pranet\Downloads\Mini Project\data\raw\hcci\Images\421.png,421.png,.png,5154451,7aa43c51eff4e03723dbe2390b29aa16b9d7ea56b5b44f32a5e65de9ce61fe82,2329,1963,4,8,uint8,png,RGBA,SEM,,Detail,Detail,sample_Q980_9h_AC_Detail,Q980_9h_AC,roi_421,Zeiss Gemini_InLens_10000.0kV_2800.0x,"{""raw_metadata"": {""File Name"": 421, ""SEM"": ""Zeiss Gemini"", ""Detector"": ""InLens"", ""Gun"": ""FEG"", ""Voltage"": 10000, ""Magnification"": 2800, ""Etching"": ""Vilella"", ""Sample"": ""Q980_9h_AC"", ""Kind"": ""Detail"", ""Pixel Size"": 1.343e-08, ""Beam Current"": 7.99999999999999e-05, ""Dwell Time"": 1.29329427083333e-05, ""Dwell Time cat"": ""high"", ""Chamber Pressure"": 0.00113999999999999, ""Working Distance"": 0.006017}, ""normalized"": {""microscope"": ""Zeiss Gemini"", ""instrument"": ""Zeiss Gemini"", ""detector"": ""InLens"", ""accelerating_voltage_kv"": 10000.0, ""magnification"": 2800.0, ""pixel_size_nm"": 1.343e-08, ""beam_current_na"": 7.99999999999999e-05, ""dwell_time_us"": 1.29329427083333e-05, ""working_distance_mm"": 6.017, ""chamber_pressure_pa"": 0.00113999999999999, ""sample"": ""Q980_9h_AC"", ""sample_state"": ""Detail"", ""etching_agent"": ""Vilella"", ""imaging_mode"": ""SEM"", ""scale"": ""1.343e-08 nm/pixel"", ""acquisition_date_if_available"": null}}",,,,
hcci,Q980_9h_AC,hcci_422,Images\422.png,C:\Users\Pranet\Downloads\Mini Project\data\raw\hcci\Images\422.png,422.png,.png,3853450,e4379340d3e8a3614298ddbf7931b9b33dc817990d60484c6ca46a42315d3aee,2329,1963,4,8,uint8,png,RGBA,SEM,,Detail,Detail,sample_Q980_9h_AC_Detail,Q980_9h_AC,roi_422,Zeiss Gemini_InLens_10000.0kV_2800.0x,"{""raw_metadata"": {""File Name"": 422, ""SEM"": ""Zeiss Gemini"", ""Detector"": ""InLens"", ""Gun"": ""FEG"", ""Voltage"": 10000, ""Magnification"": 2800, ""Etching"": ""Vilella"", ""Sample"": ""Q980_9h_AC"", ""Kind"": ""Detail"", ""Pixel Size"": 1.343e-08, ""Beam Current"": 7.99999999999999e-05, ""Dwell Time"": 1.66666666666667e-06, ""Dwell Time cat"": ""low"", ""Chamber Pressure"": 0.00113999999999999, ""Working Distance"": 0.006017}, ""normalized"": {""microscope"": ""Zeiss Gemini"", ""instrument"": ""Zeiss Gemini"", ""detector"": ""InLens"", ""accelerating_voltage_kv"": 10000.0, ""magnification"": 2800.0, ""pixel_size_nm"": 1.343e-08, ""beam_current_na"": 7.99999999999999e-05, ""dwell_time_us"": 1.66666666666667e-06, ""working_distance_mm"": 6.017, ""chamber_pressure_pa"": 0.00113999999999999, ""sample"": ""Q980_9h_AC"", ""sample_state"": ""Detail"", ""etching_agent"": ""Vilella"", ""imaging_mode"": ""SEM"", ""scale"": ""1.343e-08 nm/pixel"", ""acquisition_date_if_available"": null}}",,,,
hcci,Q980_9h_AC,hcci_423,Images\423.png,C:\Users\Pranet\Downloads\Mini Project\data\raw\hcci\Images\423.png,423.png,.png,4927581,3204704e354d88e6b97f0fad3014305a9d815c67876baf8e0f1bc87e520ccfe5,2764,2019,4,8,uint8,png,RGBA,SEM,,Overview,Overview,sample_Q980_9h_AC_Overview,Q980_9h_AC,roi_423,Zeiss Gemini_SE_20000.0kV_500.0x,"{""raw_metadata"": {""File Name"": 423, ""SEM"": ""Zeiss Gemini"", ""Detector"": ""SE"", ""Gun"": ""FEG"", ""Voltage"": 20000, ""Magnification"": 500, ""Etching"": ""Vilella"", ""Sample"": ""Q980_9h_AC"", ""Kind"": ""Overview"", ""Pixel Size"": 7.443e-08, ""Beam Current"": 7.99999999999999e-05, ""Dwell Time"": 1.29329427083333e-05, ""Dwell Time cat"": ""high"", ""Chamber Pressure"": 0.00091, ""Working Distance"": 0.006086}, ""normalized"": {""microscope"": ""Zeiss Gemini"", ""instrument"": ""Zeiss Gemini"", ""detector"": ""SE"", ""accelerating_voltage_kv"": 20000.0, ""magnification"": 500.0, ""pixel_size_nm"": 7.443e-08, ""beam_current_na"": 7.99999999999999e-05, ""dwell_time_us"": 1.29329427083333e-05, ""working_distance_mm"": 6.086, ""chamber_pressure_pa"": 0.00091, ""sample"": ""Q980_9h_AC"", ""sample_state"": ""Overview"", ""etching_agent"": ""Vilella"", ""imaging_mode"": ""SEM"", ""scale"": ""7.443e-08 nm/pixel"", ""acquisition_date_if_available"": null}}",,,,
hcci,Q980_9h_AC,hcci_424,Images\424.png,C:\Users\Pranet\Downloads\Mini Project\data\raw\hcci\Images\424.png,424.png,.png,5939133,e04cdd9a6df6433ac2bda9439241e08b96e31ad308419aa5fae7f25cb4827968,2764,2019,4,8,uint8,png,RGBA,SEM,,Overview,Overview,sample_Q980_9h_AC_Overview,Q980_9h_AC,roi_424,Zeiss Gemini_SE_20000.0kV_500.0x,"{""raw_metadata"": {""File Name"": 424, ""SEM"": ""Zeiss Gemini"", ""Detector"": ""SE"", ""Gun"": ""FEG"", ""Voltage"": 20000, ""Magnification"": 500, ""Etching"": ""Vilella"", ""Sample"": ""Q980_9h_AC"", ""Kind"": ""Overview"", ""Pixel Size"": 7.443e-08, ""Beam Current"": 7.99999999999999e-05, ""Dwell Time"": 1.66666666666667e-06, ""Dwell Time cat"": ""low"", ""Chamber Pressure"": 0.00091, ""Working Distance"": 0.006086}, ""normalized"": {""microscope"": ""Zeiss Gemini"", ""instrument"": ""Zeiss Gemini"", ""detector"": ""SE"", ""accelerating_voltage_kv"": 20000.0, ""magnification"": 500.0, ""pixel_size_nm"": 7.443e-08, ""beam_current_na"": 7.99999999999999e-05, ""dwell_time_us"": 1.66666666666667e-06, ""working_distance_mm"": 6.086, ""chamber_pressure_pa"": 0.00091, ""sample"": ""Q980_9h_AC"", ""sample_state"": ""Overview"", ""etching_agent"": ""Vilella"", ""imaging_mode"": ""SEM"", ""scale"": ""7.443e-08 nm/pixel"", ""acquisition_date_if_available"": null}}",,,,
hcci,Q980_9h_AC,hcci_425,Images\425.png,C:\Users\Pranet\Downloads\Mini Project\data\raw\hcci\Images\425.png,425.png,.png,5956866,26b861ae2da418ef2a2ce6bfe07ee67926901089963e7c09a6ce2e310946901a,2764,2019,4,8,uint8,png,RGBA,SEM,,Overview,Overview,sample_Q980_9h_AC_Overview,Q980_9h_AC,roi_425,Zeiss Gemini_BSE_20000.0kV_500.0x,"{""raw_metadata"": {""File Name"": 425, ""SEM"": ""Zeiss Gemini"", ""Detector"": ""BSE"", ""Gun"": ""FEG"", ""Voltage"": 20000, ""Magnification"": 500, ""Etching"": ""Vilella"", ""Sample"": ""Q980_9h_AC"", ""Kind"": ""Overview"", ""Pixel Size"": 7.443e-08, ""Beam Current"": 7.99999999999999e-05, ""Dwell Time"": 1.29329427083333e-05, ""Dwell Time cat"": ""high"", ""Chamber Pressure"": 0.00091, ""Working Distance"": 0.006086}, ""normalized"": {""microscope"": ""Zeiss Gemini"", ""instrument"": ""Zeiss Gemini"", ""detector"": ""BSE"", ""accelerating_voltage_kv"": 20000.0, ""magnification"": 500.0, ""pixel_size_nm"": 7.443e-08, ""beam_current_na"": 7.99999999999999e-05, ""dwell_time_us"": 1.29329427083333e-05, ""working_distance_mm"": 6.086, ""chamber_pressure_pa"": 0.00091, ""sample"": ""Q980_9h_AC"", ""sample_state"": ""Overview"", ""etching_agent"": ""Vilella"", ""imaging_mode"": ""SEM"", ""scale"": ""7.443e-08 nm/pixel"", ""acquisition_date_if_available"": null}}",,,,
hcci,Q980_9h_AC,hcci_426,Images\426.png,C:\Users\Pranet\Downloads\Mini Project\data\raw\hcci\Images\426.png,426.png,.png,5892636,e2a21f196a0ac4346091207eb34f59a1bf60a7c4f44a5fe4e800fc6a5da663f9,2764,2019,4,8,uint8,png,RGBA,SEM,,Overview,Overview,sample_Q980_9h_AC_Overview,Q980_9h_AC,roi_426,Zeiss Gemini_BSE_20000.0kV_500.0x,"{""raw_metadata"": {""File Name"": 426, ""SEM"": ""Zeiss Gemini"", ""Detector"": ""BSE"", ""Gun"": ""FEG"", ""Voltage"": 20000, ""Magnification"": 500, ""Etching"": ""Vilella"", ""Sample"": ""Q980_9h_AC"", ""Kind"": ""Overview"", ""Pixel Size"": 7.443e-08, ""Beam Current"": 7.99999999999999e-05, ""Dwell Time"": 1.66666666666667e-06, ""Dwell Time cat"": ""low"", ""Chamber Pressure"": 0.00091, ""Working Distance"": 0.006086}, ""normalized"": {""microscope"": ""Zeiss Gemini"", ""instrument"": ""Zeiss Gemini"", ""detector"": ""BSE"", ""accelerating_voltage_kv"": 20000.0, ""magnification"": 500.0, ""pixel_size_nm"": 7.443e-08, ""beam_current_na"": 7.99999999999999e-05, ""dwell_time_us"": 1.66666666666667e-06, ""working_distance_mm"": 6.086, ""chamber_pressure_pa"": 0.00091, ""sample"": ""Q980_9h_AC"", ""sample_state"": ""Overview"", ""etching_agent"": ""Vilella"", ""imaging_mode"": ""SEM"", ""scale"": ""7.443e-08 nm/pixel"", ""acquisition_date_if_available"": null}}",,,,
hcci,Q980_9h_AC,hcci_427,Images\427.png,C:\Users\Pranet\Downloads\Mini Project\data\raw\hcci\Images\427.png,427.png,.png,4746048,da1282a50fbd7d6fdebfecfe352c2fa678438bdcf0d51055b4fe49f1c47c4e9d,2764,2019,4,8,uint8,png,RGBA,SEM,,Overview,Overview,sample_Q980_9h_AC_Overview,Q980_9h_AC,roi_427,Zeiss Gemini_InLens_20000.0kV_500.0x,"{""raw_metadata"": {""File Name"": 427, ""SEM"": ""Zeiss Gemini"", ""Detector"": ""InLens"", ""Gun"": ""FEG"", ""Voltage"": 20000, ""Magnification"": 500, ""Etching"": ""Vilella"", ""Sample"": ""Q980_9h_AC"", ""Kind"": ""Overview"", ""Pixel Size"": 7.443e-08, ""Beam Current"": 7.99999999999999e-05, ""Dwell Time"": 1.29329427083333e-05, ""Dwell Time cat"": ""high"", ""Chamber Pressure"": 0.000894999999999999, ""Working Distance"": 0.006086}, ""normalized"": {""microscope"": ""Zeiss Gemini"", ""instrument"": ""Zeiss Gemini"", ""detector"": ""InLens"", ""accelerating_voltage_kv"": 20000.0, ""magnification"": 500.0, ""pixel_size_nm"": 7.443e-08, ""beam_current_na"": 7.99999999999999e-05, ""dwell_time_us"": 1.29329427083333e-05, ""working_distance_mm"": 6.086, ""chamber_pressure_pa"": 0.000894999999999999, ""sample"": ""Q980_9h_AC"", ""sample_state"": ""Overview"", ""etching_agent"": ""Vilella"", ""imaging_mode"": ""SEM"", ""scale"": ""7.443e-08 nm/pixel"", ""acquisition_date_if_available"": null}}",,,,
hcci,Q980_9h_AC,hcci_428,Images\428.png,C:\Users\Pranet\Downloads\Mini Project\data\raw\hcci\Images\428.png,428.png,.png,4989622,b182dc9acb90d24afb3a09b4489e55b048948c285f012f5de7681b36fbdfca5f,2764,2019,4,8,uint8,png,RGBA,SEM,,Overview,Overview,sample_Q980_9h_AC_Overview,Q980_9h_AC,roi_428,Zeiss Gemini_InLens_20000.0kV_500.0x,"{""raw_metadata"": {""File Name"": 428, ""SEM"": ""Zeiss Gemini"", ""Detector"": ""InLens"", ""Gun"": ""FEG"", ""Voltage"": 20000, ""Magnification"": 500, ""Etching"": ""Vilella"", ""Sample"": ""Q980_9h_AC"", ""Kind"": ""Overview"", ""Pixel Size"": 7.443e-08, ""Beam Current"": 7.99999999999999e-05, ""Dwell Time"": 1.66666666666667e-06, ""Dwell Time cat"": ""low"", ""Chamber Pressure"": 0.000899999999999999, ""Working Distance"": 0.006086}, ""normalized"": {""microscope"": ""Zeiss Gemini"", ""instrument"": ""Zeiss Gemini"", ""detector"": ""InLens"", ""accelerating_voltage_kv"": 20000.0, ""magnification"": 500.0, ""pixel_size_nm"": 7.443e-08, ""beam_current_na"": 7.99999999999999e-05, ""dwell_time_us"": 1.66666666666667e-06, ""working_distance_mm"": 6.086, ""chamber_pressure_pa"": 0.000899999999999999, ""sample"": ""Q980_9h_AC"", ""sample_state"": ""Overview"", ""etching_agent"": ""Vilella"", ""imaging_mode"": ""SEM"", ""scale"": ""7.443e-08 nm/pixel"", ""acquisition_date_if_available"": null}}",,,,
hcci,Q980_9h_AC,hcci_429,Images\429.png,C:\Users\Pranet\Downloads\Mini Project\data\raw\hcci\Images\429.png,429.png,.png,4266669,6183d9e6d17ea470c8dd45894d2c0ae8c91966fa7d224a7c53a25288ad0dda24,2329,1963,4,8,uint8,png,RGBA,SEM,,Detail,Detail,sample_Q980_9h_AC_Detail,Q980_9h_AC,roi_429,Zeiss Gemini_SE_20000.0kV_2800.0x,"{""raw_metadata"": {""File Name"": 429, ""SEM"": ""Zeiss Gemini"", ""Detector"": ""SE"", ""Gun"": ""FEG"", ""Voltage"": 20000, ""Magnification"": 2800, ""Etching"": ""Vilella"", ""Sample"": ""Q980_9h_AC"", ""Kind"": ""Detail"", ""Pixel Size"": 1.329e-08, ""Beam Current"": 7.99999999999999e-05, ""Dwell Time"": 1.29329427083333e-05, ""Dwell Time cat"": ""high"", ""Chamber Pressure"": 0.000889999999999999, ""Working Distance"": 0.006086}, ""normalized"": {""microscope"": ""Zeiss Gemini"", ""instrument"": ""Zeiss Gemini"", ""detector"": ""SE"", ""accelerating_voltage_kv"": 20000.0, ""magnification"": 2800.0, ""pixel_size_nm"": 1.329e-08, ""beam_current_na"": 7.99999999999999e-05, ""dwell_time_us"": 1.29329427083333e-05, ""working_distance_mm"": 6.086, ""chamber_pressure_pa"": 0.000889999999999999, ""sample"": ""Q980_9h_AC"", ""sample_state"": ""Detail"", ""etching_agent"": ""Vilella"", ""imaging_mode"": ""SEM"", ""scale"": ""1.329e-08 nm/pixel"", ""acquisition_date_if_available"": null}}",,,,
hcci,Q980_0h_WC,hcci_43,Images\43.png,C:\Users\Pranet\Downloads\Mini Project\data\raw\hcci\Images\43.png,43.png,.png,5272989,4df6e43349fe6663bb207400f4c6b5c5eb2b8572c78c9a87dc523000b20f3ff1,2651,1896,4,8,uint8,png,RGBA,SEM,,Detail,Detail,sample_Q980_0h_WC_Detail,Q980_0h_WC,roi_43,Helios G4 PFIB CXe_SE_5000.0kV_5000.0x,"{""raw_metadata"": {""File Name"": 43, ""SEM"": ""Helios G4 PFIB CXe"", ""Detector"": ""SE"", ""Gun"": ""FEG"", ""Voltage"": 5000, ""Magnification"": 5000, ""Etching"": ""Vilella"", ""Sample"": ""Q980_0h_WC"", ""Kind"": ""Detail"", ""Pixel Size"": 1.34896e-08, ""Beam Current"": 1.6e-09, ""Dwell Time"": 1e-05, ""Dwell Time cat"": ""high"", ""Chamber Pressure"": 0.000136, ""Working Distance"": 0.00621825}, ""normalized"": {""microscope"": ""Helios G4 PFIB CXe"", ""instrument"": ""Helios G4 PFIB CXe"", ""detector"": ""SE"", ""accelerating_voltage_kv"": 5000.0, ""magnification"": 5000.0, ""pixel_size_nm"": 1.34896e-08, ""beam_current_na"": 1.6e-09, ""dwell_time_us"": 1e-05, ""working_distance_mm"": 6.2182, ""chamber_pressure_pa"": 0.000136, ""sample"": ""Q980_0h_WC"", ""sample_state"": ""Detail"", ""etching_agent"": ""Vilella"", ""imaging_mode"": ""SEM"", ""scale"": ""1.34896e-08 nm/pixel"", ""acquisition_date_if_available"": null}}",,,,
hcci,Q980_9h_AC,hcci_430,Images\430.png,C:\Users\Pranet\Downloads\Mini Project\data\raw\hcci\Images\430.png,430.png,.png,5186475,13387a821e532b250b4cc301b7be0ac439b4709a512d0793cefb8e9a85bb69dc,2329,1963,4,8,uint8,png,RGBA,SEM,,Detail,Detail,sample_Q980_9h_AC_Detail,Q980_9h_AC,roi_430,Zeiss Gemini_SE_20000.0kV_2800.0x,"{""raw_metadata"": {""File Name"": 430, ""SEM"": ""Zeiss Gemini"", ""Detector"": ""SE"", ""Gun"": ""FEG"", ""Voltage"": 20000, ""Magnification"": 2800, ""Etching"": ""Vilella"", ""Sample"": ""Q980_9h_AC"", ""Kind"": ""Detail"", ""Pixel Size"": 1.329e-08, ""Beam Current"": 7.99999999999999e-05, ""Dwell Time"": 1.66666666666667e-06, ""Dwell Time cat"": ""low"", ""Chamber Pressure"": 0.000889999999999999, ""Working Distance"": 0.006086}, ""normalized"": {""microscope"": ""Zeiss Gemini"", ""instrument"": ""Zeiss Gemini"", ""detector"": ""SE"", ""accelerating_voltage_kv"": 20000.0, ""magnification"": 2800.0, ""pixel_size_nm"": 1.329e-08, ""beam_current_na"": 7.99999999999999e-05, ""dwell_time_us"": 1.66666666666667e-06, ""working_distance_mm"": 6.086, ""chamber_pressure_pa"": 0.000889999999999999, ""sample"": ""Q980_9h_AC"", ""sample_state"": ""Detail"", ""etching_agent"": ""Vilella"", ""imaging_mode"": ""SEM"", ""scale"": ""1.329e-08 nm/pixel"", ""acquisition_date_if_available"": null}}",,,,
hcci,Q980_9h_AC,hcci_431,Images\431.png,C:\Users\Pranet\Downloads\Mini Project\data\raw\hcci\Images\431.png,431.png,.png,5436364,f14bd2dfcae57c0c3bdd2962c42ed70b7d0a727758a05fa9893414f7bda9f2db,2329,1963,4,8,uint8,png,RGBA,SEM,,Detail,Detail,sample_Q980_9h_AC_Detail,Q980_9h_AC,roi_431,Zeiss Gemini_BSE_20000.0kV_2800.0x,"{""raw_metadata"": {""File Name"": 431, ""SEM"": ""Zeiss Gemini"", ""Detector"": ""BSE"", ""Gun"": ""FEG"", ""Voltage"": 20000, ""Magnification"": 2800, ""Etching"": ""Vilella"", ""Sample"": ""Q980_9h_AC"", ""Kind"": ""Detail"", ""Pixel Size"": 1.329e-08, ""Beam Current"": 7.99999999999999e-05, ""Dwell Time"": 1.29329427083333e-05, ""Dwell Time cat"": ""high"", ""Chamber Pressure"": 0.000889999999999999, ""Working Distance"": 0.006086}, ""normalized"": {""microscope"": ""Zeiss Gemini"", ""instrument"": ""Zeiss Gemini"", ""detector"": ""BSE"", ""accelerating_voltage_kv"": 20000.0, ""magnification"": 2800.0, ""pixel_size_nm"": 1.329e-08, ""beam_current_na"": 7.99999999999999e-05, ""dwell_time_us"": 1.29329427083333e-05, ""working_distance_mm"": 6.086, ""chamber_pressure_pa"": 0.000889999999999999, ""sample"": ""Q980_9h_AC"", ""sample_state"": ""Detail"", ""etching_agent"": ""Vilella"", ""imaging_mode"": ""SEM"", ""scale"": ""1.329e-08 nm/pixel"", ""acquisition_date_if_available"": null}}",,,,
hcci,Q980_9h_AC,hcci_432,Images\432.png,C:\Users\Pranet\Downloads\Mini Project\data\raw\hcci\Images\432.png,432.png,.png,3768354,b5e49dcc7a0b9c1ada85a451870911e00dca8b938e96569593d343e7dd860955,2329,1963,4,8,uint8,png,RGBA,SEM,,Detail,Detail,sample_Q980_9h_AC_Detail,Q980_9h_AC,roi_432,Zeiss Gemini_BSE_20000.0kV_2800.0x,"{""raw_metadata"": {""File Name"": 432, ""SEM"": ""Zeiss Gemini"", ""Detector"": ""BSE"", ""Gun"": ""FEG"", ""Voltage"": 20000, ""Magnification"": 2800, ""Etching"": ""Vilella"", ""Sample"": ""Q980_9h_AC"", ""Kind"": ""Detail"", ""Pixel Size"": 1.329e-08, ""Beam Current"": 7.99999999999999e-05, ""Dwell Time"": 1.66666666666667e-06, ""Dwell Time cat"": ""low"", ""Chamber Pressure"": 0.000889999999999999, ""Working Distance"": 0.006086}, ""normalized"": {""microscope"": ""Zeiss Gemini"", ""instrument"": ""Zeiss Gemini"", ""detector"": ""BSE"", ""accelerating_voltage_kv"": 20000.0, ""magnification"": 2800.0, ""pixel_size_nm"": 1.329e-08, ""beam_current_na"": 7.99999999999999e-05, ""dwell_time_us"": 1.66666666666667e-06, ""working_distance_mm"": 6.086, ""chamber_pressure_pa"": 0.000889999999999999, ""sample"": ""Q980_9h_AC"", ""sample_state"": ""Detail"", ""etching_agent"": ""Vilella"", ""imaging_mode"": ""SEM"", ""scale"": ""1.329e-08 nm/pixel"", ""acquisition_date_if_available"": null}}",,,,
hcci,Q980_9h_AC,hcci_433,Images\433.png,C:\Users\Pranet\Downloads\Mini Project\data\raw\hcci\Images\433.png,433.png,.png,3666205,5fc4b441e8ff369f512ee1a30ac639759fb384622c405f4bc7a8fdac9a3d06c3,2329,1963,4,8,uint8,png,RGBA,SEM,,Detail,Detail,sample_Q980_9h_AC_Detail,Q980_9h_AC,roi_433,Zeiss Gemini_InLens_20000.0kV_2800.0x,"{""raw_metadata"": {""File Name"": 433, ""SEM"": ""Zeiss Gemini"", ""Detector"": ""InLens"", ""Gun"": ""FEG"", ""Voltage"": 20000, ""Magnification"": 2800, ""Etching"": ""Vilella"", ""Sample"": ""Q980_9h_AC"", ""Kind"": ""Detail"", ""Pixel Size"": 1.329e-08, ""Beam Current"": 7.99999999999999e-05, ""Dwell Time"": 1.29329427083333e-05, ""Dwell Time cat"": ""high"", ""Chamber Pressure"": 0.000889999999999999, ""Working Distance"": 0.00608699999999999}, ""normalized"": {""microscope"": ""Zeiss Gemini"", ""instrument"": ""Zeiss Gemini"", ""detector"": ""InLens"", ""accelerating_voltage_kv"": 20000.0, ""magnification"": 2800.0, ""pixel_size_nm"": 1.329e-08, ""beam_current_na"": 7.99999999999999e-05, ""dwell_time_us"": 1.29329427083333e-05, ""working_distance_mm"": 6.087, ""chamber_pressure_pa"": 0.000889999999999999, ""sample"": ""Q980_9h_AC"", ""sample_state"": ""Detail"", ""etching_agent"": ""Vilella"", ""imaging_mode"": ""SEM"", ""scale"": ""1.329e-08 nm/pixel"", ""acquisition_date_if_available"": null}}",,,,
hcci,Q980_9h_AC,hcci_434,Images\434.png,C:\Users\Pranet\Downloads\Mini Project\data\raw\hcci\Images\434.png,434.png,.png,4626400,6d910c9741fe515724de2c9bca40aaf5c369110c7b86fbea70af8f0d232cc20f,2329,1963,4,8,uint8,png,RGBA,SEM,,Detail,Detail,sample_Q980_9h_AC_Detail,Q980_9h_AC,roi_434,Zeiss Gemini_InLens_20000.0kV_2800.0x,"{""raw_metadata"": {""File Name"": 434, ""SEM"": ""Zeiss Gemini"", ""Detector"": ""InLens"", ""Gun"": ""FEG"", ""Voltage"": 20000, ""Magnification"": 2800, ""Etching"": ""Vilella"", ""Sample"": ""Q980_9h_AC"", ""Kind"": ""Detail"", ""Pixel Size"": 1.329e-08, ""Beam Current"": 7.99999999999999e-05, ""Dwell Time"": 1.66666666666667e-06, ""Dwell Time cat"": ""low"", ""Chamber Pressure"": 0.000889999999999999, ""Working Distance"": 0.00608699999999999}, ""normalized"": {""microscope"": ""Zeiss Gemini"", ""instrument"": ""Zeiss Gemini"", ""detector"": ""InLens"", ""accelerating_voltage_kv"": 20000.0, ""magnification"": 2800.0, ""pixel_size_nm"": 1.329e-08, ""beam_current_na"": 7.99999999999999e-05, ""dwell_time_us"": 1.66666666666667e-06, ""working_distance_mm"": 6.087, ""chamber_pressure_pa"": 0.000889999999999999, ""sample"": ""Q980_9h_AC"", ""sample_state"": ""Detail"", ""etching_agent"": ""Vilella"", ""imaging_mode"": ""SEM"", ""scale"": ""1.329e-08 nm/pixel"", ""acquisition_date_if_available"": null}}",,,,
hcci,AsCast,hcci_435,Images\435.png,C:\Users\Pranet\Downloads\Mini Project\data\raw\hcci\Images\435.png,435.png,.png,5877947,1494641792ceb0da42ee8bad5a818e04bf9531e833fa882d76b9b59af24e46f9,2889,1974,4,8,uint8,png,RGBA,SEM,,Overview,Overview,sample_AsCast_Overview,AsCast,roi_435,Helios G4 PFIB CXe_SE_5000.0kV_1000.0x,"{""raw_metadata"": {""File Name"": 435, ""SEM"": ""Helios G4 PFIB CXe"", ""Detector"": ""SE"", ""Gun"": ""FEG"", ""Voltage"": 5000, ""Magnification"": 1000, ""Etching"": ""Nital"", ""Sample"": ""AsCast"", ""Kind"": ""Overview"", ""Pixel Size"": 6.74479e-08, ""Beam Current"": 1.6e-09, ""Dwell Time"": 1e-05, ""Dwell Time cat"": ""high"", ""Chamber Pressure"": 0.00241, ""Working Distance"": 0.00511042}, ""normalized"": {""microscope"": ""Helios G4 PFIB CXe"", ""instrument"": ""Helios G4 PFIB CXe"", ""detector"": ""SE"", ""accelerating_voltage_kv"": 5000.0, ""magnification"": 1000.0, ""pixel_size_nm"": 6.74479e-08, ""beam_current_na"": 1.6e-09, ""dwell_time_us"": 1e-05, ""working_distance_mm"": 5.1104, ""chamber_pressure_pa"": 0.00241, ""sample"": ""AsCast"", ""sample_state"": ""Overview"", ""etching_agent"": ""Nital"", ""imaging_mode"": ""SEM"", ""scale"": ""6.74479e-08 nm/pixel"", ""acquisition_date_if_available"": null}}",,,,
hcci,AsCast,hcci_436,Images\436.png,C:\Users\Pranet\Downloads\Mini Project\data\raw\hcci\Images\436.png,436.png,.png,7008496,1b1eb3a0629b4ef872401c9a03e3bbd502dbd7adfed296ee003a06267ac5fb57,2889,1974,4,8,uint8,png,RGBA,SEM,,Overview,Overview,sample_AsCast_Overview,AsCast,roi_436,Helios G4 PFIB CXe_SE_5000.0kV_1000.0x,"{""raw_metadata"": {""File Name"": 436, ""SEM"": ""Helios G4 PFIB CXe"", ""Detector"": ""SE"", ""Gun"": ""FEG"", ""Voltage"": 5000, ""Magnification"": 1000, ""Etching"": ""Nital"", ""Sample"": ""AsCast"", ""Kind"": ""Overview"", ""Pixel Size"": 6.74479e-08, ""Beam Current"": 1.6e-09, ""Dwell Time"": 5e-07, ""Dwell Time cat"": ""low"", ""Chamber Pressure"": 0.00229, ""Working Distance"": 0.00511042}, ""normalized"": {""microscope"": ""Helios G4 PFIB CXe"", ""instrument"": ""Helios G4 PFIB CXe"", ""detector"": ""SE"", ""accelerating_voltage_kv"": 5000.0, ""magnification"": 1000.0, ""pixel_size_nm"": 6.74479e-08, ""beam_current_na"": 1.6e-09, ""dwell_time_us"": 5e-07, ""working_distance_mm"": 5.1104, ""chamber_pressure_pa"": 0.00229, ""sample"": ""AsCast"", ""sample_state"": ""Overview"", ""etching_agent"": ""Nital"", ""imaging_mode"": ""SEM"", ""scale"": ""6.74479e-08 nm/pixel"", ""acquisition_date_if_available"": null}}",,,,
hcci,AsCast,hcci_437,Images\437.png,C:\Users\Pranet\Downloads\Mini Project\data\raw\hcci\Images\437.png,437.png,.png,5213385,2753958d7462fde0736e7e4f7564d34d1c63f63d2696056e925247ece5f214bd,2889,1974,4,8,uint8,png,RGBA,SEM,,Overview,Overview,sample_AsCast_Overview,AsCast,roi_437,Helios G4 PFIB CXe_BSE_5000.0kV_1000.0x,"{""raw_metadata"": {""File Name"": 437, ""SEM"": ""Helios G4 PFIB CXe"", ""Detector"": ""BSE"", ""Gun"": ""FEG"", ""Voltage"": 5000, ""Magnification"": 1000, ""Etching"": ""Nital"", ""Sample"": ""AsCast"", ""Kind"": ""Overview"", ""Pixel Size"": 6.74479e-08, ""Beam Current"": 1.6e-09, ""Dwell Time"": 1e-05, ""Dwell Time cat"": ""high"", ""Chamber Pressure"": 0.00191, ""Working Distance"": 0.00650015}, ""normalized"": {""microscope"": ""Helios G4 PFIB CXe"", ""instrument"": ""Helios G4 PFIB CXe"", ""detector"": ""BSE"", ""accelerating_voltage_kv"": 5000.0, ""magnification"": 1000.0, ""pixel_size_nm"": 6.74479e-08, ""beam_current_na"": 1.6e-09, ""dwell_time_us"": 1e-05, ""working_distance_mm"": 6.5001, ""chamber_pressure_pa"": 0.00191, ""sample"": ""AsCast"", ""sample_state"": ""Overview"", ""etching_agent"": ""Nital"", ""imaging_mode"": ""SEM"", ""scale"": ""6.74479e-08 nm/pixel"", ""acquisition_date_if_available"": null}}",,,,
hcci,AsCast,hcci_438,Images\438.png,C:\Users\Pranet\Downloads\Mini Project\data\raw\hcci\Images\438.png,438.png,.png,7598693,8bd8979fe3fdd751685d30247ed59874ff6d5138dc21cf5ea5b667c9527bc085,2889,1974,4,8,uint8,png,RGBA,SEM,,Overview,Overview,sample_AsCast_Overview,AsCast,roi_438,Helios G4 PFIB CXe_BSE_5000.0kV_1000.0x,"{""raw_metadata"": {""File Name"": 438, ""SEM"": ""Helios G4 PFIB CXe"", ""Detector"": ""BSE"", ""Gun"": ""FEG"", ""Voltage"": 5000, ""Magnification"": 1000, ""Etching"": ""Nital"", ""Sample"": ""AsCast"", ""Kind"": ""Overview"", ""Pixel Size"": 6.74479e-08, ""Beam Current"": 1.6e-09, ""Dwell Time"": 5e-07, ""Dwell Time cat"": ""low"", ""Chamber Pressure"": 0.00187, ""Working Distance"": 0.00650015}, ""normalized"": {""microscope"": ""Helios G4 PFIB CXe"", ""instrument"": ""Helios G4 PFIB CXe"", ""detector"": ""BSE"", ""accelerating_voltage_kv"": 5000.0, ""magnification"": 1000.0, ""pixel_size_nm"": 6.74479e-08, ""beam_current_na"": 1.6e-09, ""dwell_time_us"": 5e-07, ""working_distance_mm"": 6.5001, ""chamber_pressure_pa"": 0.00187, ""sample"": ""AsCast"", ""sample_state"": ""Overview"", ""etching_agent"": ""Nital"", ""imaging_mode"": ""SEM"", ""scale"": ""6.74479e-08 nm/pixel"", ""acquisition_date_if_available"": null}}",,,,
hcci,AsCast,hcci_439,Images\439.png,C:\Users\Pranet\Downloads\Mini Project\data\raw\hcci\Images\439.png,439.png,.png,5282333,27e6e100497432d9a5b11a855b93e14fd91ff4667f3cd860316e98dffae447ef,2889,1974,4,8,uint8,png,RGBA,SEM,,Overview,Overview,sample_AsCast_Overview,AsCast,roi_439,Helios G4 PFIB CXe_InLens_5000.0kV_1000.0x,"{""raw_metadata"": {""File Name"": 439, ""SEM"": ""Helios G4 PFIB CXe"", ""Detector"": ""InLens"", ""Gun"": ""FEG"", ""Voltage"": 5000, ""Magnification"": 1000, ""Etching"": ""Nital"", ""Sample"": ""AsCast"", ""Kind"": ""Overview"", ""Pixel Size"": 6.74479e-08, ""Beam Current"": 1.6e-09, ""Dwell Time"": 1e-05, ""Dwell Time cat"": ""high"", ""Chamber Pressure"": 0.00147, ""Working Distance"": 0.00658628}, ""normalized"": {""microscope"": ""Helios G4 PFIB CXe"", ""instrument"": ""Helios G4 PFIB CXe"", ""detector"": ""InLens"", ""accelerating_voltage_kv"": 5000.0, ""magnification"": 1000.0, ""pixel_size_nm"": 6.74479e-08, ""beam_current_na"": 1.6e-09, ""dwell_time_us"": 1e-05, ""working_distance_mm"": 6.5863, ""chamber_pressure_pa"": 0.00147, ""sample"": ""AsCast"", ""sample_state"": ""Overview"", ""etching_agent"": ""Nital"", ""imaging_mode"": ""SEM"", ""scale"": ""6.74479e-08 nm/pixel"", ""acquisition_date_if_available"": null}}",,,,
hcci,Q980_0h_WC,hcci_44,Images\44.png,C:\Users\Pranet\Downloads\Mini Project\data\raw\hcci\Images\44.png,44.png,.png,6223105,8e8a093366db3ae5cfdb9a2bcc1d2426799043e259950b6f11488805073b04dd,2651,1896,4,8,uint8,png,RGBA,SEM,,Detail,Detail,sample_Q980_0h_WC_Detail,Q980_0h_WC,roi_44,Helios G4 PFIB CXe_SE_5000.0kV_5000.0x,"{""raw_metadata"": {""File Name"": 44, ""SEM"": ""Helios G4 PFIB CXe"", ""Detector"": ""SE"", ""Gun"": ""FEG"", ""Voltage"": 5000, ""Magnification"": 5000, ""Etching"": ""Vilella"", ""Sample"": ""Q980_0h_WC"", ""Kind"": ""Detail"", ""Pixel Size"": 1.34896e-08, ""Beam Current"": 1.6e-09, ""Dwell Time"": 5e-07, ""Dwell Time cat"": ""low"", ""Chamber Pressure"": 0.000136, ""Working Distance"": 0.00621825}, ""normalized"": {""microscope"": ""Helios G4 PFIB CXe"", ""instrument"": ""Helios G4 PFIB CXe"", ""detector"": ""SE"", ""accelerating_voltage_kv"": 5000.0, ""magnification"": 5000.0, ""pixel_size_nm"": 1.34896e-08, ""beam_current_na"": 1.6e-09, ""dwell_time_us"": 5e-07, ""working_distance_mm"": 6.2182, ""chamber_pressure_pa"": 0.000136, ""sample"": ""Q980_0h_WC"", ""sample_state"": ""Detail"", ""etching_agent"": ""Vilella"", ""imaging_mode"": ""SEM"", ""scale"": ""1.34896e-08 nm/pixel"", ""acquisition_date_if_available"": null}}",,,,
hcci,AsCast,hcci_440,Images\440.png,C:\Users\Pranet\Downloads\Mini Project\data\raw\hcci\Images\440.png,440.png,.png,7278904,2b09e3a61951c0fac492c25d8a328caf3ea0b3d75e6a27135e7ca32eb1cce99b,2889,1974,4,8,uint8,png,RGBA,SEM,,Overview,Overview,sample_AsCast_Overview,AsCast,roi_440,Helios G4 PFIB CXe_InLens_5000.0kV_1000.0x,"{""raw_metadata"": {""File Name"": 440, ""SEM"": ""Helios G4 PFIB CXe"", ""Detector"": ""InLens"", ""Gun"": ""FEG"", ""Voltage"": 5000, ""Magnification"": 1000, ""Etching"": ""Nital"", ""Sample"": ""AsCast"", ""Kind"": ""Overview"", ""Pixel Size"": 6.74479e-08, ""Beam Current"": 1.6e-09, ""Dwell Time"": 5e-07, ""Dwell Time cat"": ""low"", ""Chamber Pressure"": 0.00145, ""Working Distance"": 0.00658628}, ""normalized"": {""microscope"": ""Helios G4 PFIB CXe"", ""instrument"": ""Helios G4 PFIB CXe"", ""detector"": ""InLens"", ""accelerating_voltage_kv"": 5000.0, ""magnification"": 1000.0, ""pixel_size_nm"": 6.74479e-08, ""beam_current_na"": 1.6e-09, ""dwell_time_us"": 5e-07, ""working_distance_mm"": 6.5863, ""chamber_pressure_pa"": 0.00145, ""sample"": ""AsCast"", ""sample_state"": ""Overview"", ""etching_agent"": ""Nital"", ""imaging_mode"": ""SEM"", ""scale"": ""6.74479e-08 nm/pixel"", ""acquisition_date_if_available"": null}}",,,,
hcci,AsCast,hcci_441,Images\441.png,C:\Users\Pranet\Downloads\Mini Project\data\raw\hcci\Images\441.png,441.png,.png,4252058,ad20570d3b86c52a440508d3f7d8b529e9482f02c904e0d31c4be645a8fc4d0f,2515,1920,4,8,uint8,png,RGBA,SEM,,Detail,Detail,sample_AsCast_Detail,AsCast,roi_441,Helios G4 PFIB CXe_SE_5000.0kV_5000.0x,"{""raw_metadata"": {""File Name"": 441, ""SEM"": ""Helios G4 PFIB CXe"", ""Detector"": ""SE"", ""Gun"": ""FEG"", ""Voltage"": 5000, ""Magnification"": 5000, ""Etching"": ""Nital"", ""Sample"": ""AsCast"", ""Kind"": ""Detail"", ""Pixel Size"": 1.34896e-08, ""Beam Current"": 1.6e-09, ""Dwell Time"": 1e-05, ""Dwell Time cat"": ""high"", ""Chamber Pressure"": 0.00133, ""Working Distance"": 0.00658304}, ""normalized"": {""microscope"": ""Helios G4 PFIB CXe"", ""instrument"": ""Helios G4 PFIB CXe"", ""detector"": ""SE"", ""accelerating_voltage_kv"": 5000.0, ""magnification"": 5000.0, ""pixel_size_nm"": 1.34896e-08, ""beam_current_na"": 1.6e-09, ""dwell_time_us"": 1e-05, ""working_distance_mm"": 6.583, ""chamber_pressure_pa"": 0.00133, ""sample"": ""AsCast"", ""sample_state"": ""Detail"", ""etching_agent"": ""Nital"", ""imaging_mode"": ""SEM"", ""scale"": ""1.34896e-08 nm/pixel"", ""acquisition_date_if_available"": null}}",,,,
hcci,AsCast,hcci_442,Images\442.png,C:\Users\Pranet\Downloads\Mini Project\data\raw\hcci\Images\442.png,442.png,.png,5857893,f64f9212da4a1c87975000cdb764b33da6e57c309e011c41cce7e028e63c2e53,2515,1920,4,8,uint8,png,RGBA,SEM,,Detail,Detail,sample_AsCast_Detail,AsCast,roi_442,Helios G4 PFIB CXe_SE_5000.0kV_5000.0x,"{""raw_metadata"": {""File Name"": 442, ""SEM"": ""Helios G4 PFIB CXe"", ""Detector"": ""SE"", ""Gun"": ""FEG"", ""Voltage"": 5000, ""Magnification"": 5000, ""Etching"": ""Nital"", ""Sample"": ""AsCast"", ""Kind"": ""Detail"", ""Pixel Size"": 1.34896e-08, ""Beam Current"": 1.6e-09, ""Dwell Time"": 5e-07, ""Dwell Time cat"": ""low"", ""Chamber Pressure"": 0.00131, ""Working Distance"": 0.00658304}, ""normalized"": {""microscope"": ""Helios G4 PFIB CXe"", ""instrument"": ""Helios G4 PFIB CXe"", ""detector"": ""SE"", ""accelerating_voltage_kv"": 5000.0, ""magnification"": 5000.0, ""pixel_size_nm"": 1.34896e-08, ""beam_current_na"": 1.6e-09, ""dwell_time_us"": 5e-07, ""working_distance_mm"": 6.583, ""chamber_pressure_pa"": 0.00131, ""sample"": ""AsCast"", ""sample_state"": ""Detail"", ""etching_agent"": ""Nital"", ""imaging_mode"": ""SEM"", ""scale"": ""1.34896e-08 nm/pixel"", ""acquisition_date_if_available"": null}}",,,,
hcci,AsCast,hcci_443,Images\443.png,C:\Users\Pranet\Downloads\Mini Project\data\raw\hcci\Images\443.png,443.png,.png,4181052,13b4198c99a795ab6b8796c61d2988b2a4b1cb8dd89ce7aacabce83ccc03f265,2515,1920,4,8,uint8,png,RGBA,SEM,,Detail,Detail,sample_AsCast_Detail,AsCast,roi_443,Helios G4 PFIB CXe_ABS_5000.0kV_5000.0x,"{""raw_metadata"": {""File Name"": 443, ""SEM"": ""Helios G4 PFIB CXe"", ""Detector"": ""ABS"", ""Gun"": ""FEG"", ""Voltage"": 5000, ""Magnification"": 5000, ""Etching"": ""Nital"", ""Sample"": ""AsCast"", ""Kind"": ""Detail"", ""Pixel Size"": 1.34896e-08, ""Beam Current"": 1.6e-09, ""Dwell Time"": 1e-05, ""Dwell Time cat"": ""high"", ""Chamber Pressure"": 0.00109, ""Working Distance"": 0.00658304}, ""normalized"": {""microscope"": ""Helios G4 PFIB CXe"", ""instrument"": ""Helios G4 PFIB CXe"", ""detector"": ""ABS"", ""accelerating_voltage_kv"": 5000.0, ""magnification"": 5000.0, ""pixel_size_nm"": 1.34896e-08, ""beam_current_na"": 1.6e-09, ""dwell_time_us"": 1e-05, ""working_distance_mm"": 6.583, ""chamber_pressure_pa"": 0.00109, ""sample"": ""AsCast"", ""sample_state"": ""Detail"", ""etching_agent"": ""Nital"", ""imaging_mode"": ""SEM"", ""scale"": ""1.34896e-08 nm/pixel"", ""acquisition_date_if_available"": null}}",,,,
hcci,AsCast,hcci_444,Images\444.png,C:\Users\Pranet\Downloads\Mini Project\data\raw\hcci\Images\444.png,444.png,.png,5573466,a6af1f1a6df3abae502dd1d421780a2b7bc3cdc0aaea39a853f33d85e6a54c97,2515,1920,4,8,uint8,png,RGBA,SEM,,Detail,Detail,sample_AsCast_Detail,AsCast,roi_444,Helios G4 PFIB CXe_ABS_5000.0kV_5000.0x,"{""raw_metadata"": {""File Name"": 444, ""SEM"": ""Helios G4 PFIB CXe"", ""Detector"": ""ABS"", ""Gun"": ""FEG"", ""Voltage"": 5000, ""Magnification"": 5000, ""Etching"": ""Nital"", ""Sample"": ""AsCast"", ""Kind"": ""Detail"", ""Pixel Size"": 1.34896e-08, ""Beam Current"": 1.6e-09, ""Dwell Time"": 5e-07, ""Dwell Time cat"": ""low"", ""Chamber Pressure"": 0.00107, ""Working Distance"": 0.00658304}, ""normalized"": {""microscope"": ""Helios G4 PFIB CXe"", ""instrument"": ""Helios G4 PFIB CXe"", ""detector"": ""ABS"", ""accelerating_voltage_kv"": 5000.0, ""magnification"": 5000.0, ""pixel_size_nm"": 1.34896e-08, ""beam_current_na"": 1.6e-09, ""dwell_time_us"": 5e-07, ""working_distance_mm"": 6.583, ""chamber_pressure_pa"": 0.00107, ""sample"": ""AsCast"", ""sample_state"": ""Detail"", ""etching_agent"": ""Nital"", ""imaging_mode"": ""SEM"", ""scale"": ""1.34896e-08 nm/pixel"", ""acquisition_date_if_available"": null}}",,,,
hcci,AsCast,hcci_445,Images\445.png,C:\Users\Pranet\Downloads\Mini Project\data\raw\hcci\Images\445.png,445.png,.png,4334226,0ca2440556181a872b8d4564db5b7a6647610b23c81e6d66dd06e0b3d66ddc2c,2515,1920,4,8,uint8,png,RGBA,SEM,,Detail,Detail,sample_AsCast_Detail,AsCast,roi_445,Helios G4 PFIB CXe_InLens_5000.0kV_5000.0x,"{""raw_metadata"": {""File Name"": 445, ""SEM"": ""Helios G4 PFIB CXe"", ""Detector"": ""InLens"", ""Gun"": ""FEG"", ""Voltage"": 5000, ""Magnification"": 5000, ""Etching"": ""Nital"", ""Sample"": ""AsCast"", ""Kind"": ""Detail"", ""Pixel Size"": 1.34896e-08, ""Beam Current"": 1.6e-09, ""Dwell Time"": 1e-05, ""Dwell Time cat"": ""high"", ""Chamber Pressure"": 0.000969, ""Working Distance"": 0.00658304}, ""normalized"": {""microscope"": ""Helios G4 PFIB CXe"", ""instrument"": ""Helios G4 PFIB CXe"", ""detector"": ""InLens"", ""accelerating_voltage_kv"": 5000.0, ""magnification"": 5000.0, ""pixel_size_nm"": 1.34896e-08, ""beam_current_na"": 1.6e-09, ""dwell_time_us"": 1e-05, ""working_distance_mm"": 6.583, ""chamber_pressure_pa"": 0.000969, ""sample"": ""AsCast"", ""sample_state"": ""Detail"", ""etching_agent"": ""Nital"", ""imaging_mode"": ""SEM"", ""scale"": ""1.34896e-08 nm/pixel"", ""acquisition_date_if_available"": null}}",,,,
hcci,AsCast,hcci_446,Images\446.png,C:\Users\Pranet\Downloads\Mini Project\data\raw\hcci\Images\446.png,446.png,.png,5817341,d632f1f15ac2054b239549ff98239db6c000d45ebfa25bcd7b7e5605d2b75317,2515,1920,4,8,uint8,png,RGBA,SEM,,Detail,Detail,sample_AsCast_Detail,AsCast,roi_446,Helios G4 PFIB CXe_InLens_5000.0kV_5000.0x,"{""raw_metadata"": {""File Name"": 446, ""SEM"": ""Helios G4 PFIB CXe"", ""Detector"": ""InLens"", ""Gun"": ""FEG"", ""Voltage"": 5000, ""Magnification"": 5000, ""Etching"": ""Nital"", ""Sample"": ""AsCast"", ""Kind"": ""Detail"", ""Pixel Size"": 1.34896e-08, ""Beam Current"": 1.6e-09, ""Dwell Time"": 5e-07, ""Dwell Time cat"": ""low"", ""Chamber Pressure"": 0.000949, ""Working Distance"": 0.00658304}, ""normalized"": {""microscope"": ""Helios G4 PFIB CXe"", ""instrument"": ""Helios G4 PFIB CXe"", ""detector"": ""InLens"", ""accelerating_voltage_kv"": 5000.0, ""magnification"": 5000.0, ""pixel_size_nm"": 1.34896e-08, ""beam_current_na"": 1.6e-09, ""dwell_time_us"": 5e-07, ""working_distance_mm"": 6.583, ""chamber_pressure_pa"": 0.000949, ""sample"": ""AsCast"", ""sample_state"": ""Detail"", ""etching_agent"": ""Nital"", ""imaging_mode"": ""SEM"", ""scale"": ""1.34896e-08 nm/pixel"", ""acquisition_date_if_available"": null}}",,,,
hcci,AsCast,hcci_447,Images\447.png,C:\Users\Pranet\Downloads\Mini Project\data\raw\hcci\Images\447.png,447.png,.png,6280370,9bdff25fb22ddd1319a02c06304990f364022d83f392c4b432f1a5b44b0efea7,2889,1974,4,8,uint8,png,RGBA,SEM,,Overview,Overview,sample_AsCast_Overview,AsCast,roi_447,Helios G4 PFIB CXe_SE_10000.0kV_1000.0x,"{""raw_metadata"": {""File Name"": 447, ""SEM"": ""Helios G4 PFIB CXe"", ""Detector"": ""SE"", ""Gun"": ""FEG"", ""Voltage"": 10000, ""Magnification"": 1000, ""Etching"": ""Nital"", ""Sample"": ""AsCast"", ""Kind"": ""Overview"", ""Pixel Size"": 6.74479e-08, ""Beam Current"": 1.6e-09, ""Dwell Time"": 1e-05, ""Dwell Time cat"": ""high"", ""Chamber Pressure"": 0.000881, ""Working Distance"": 0.00654854}, ""normalized"": {""microscope"": ""Helios G4 PFIB CXe"", ""instrument"": ""Helios G4 PFIB CXe"", ""detector"": ""SE"", ""accelerating_voltage_kv"": 10000.0, ""magnification"": 1000.0, ""pixel_size_nm"": 6.74479e-08, ""beam_current_na"": 1.6e-09, ""dwell_time_us"": 1e-05, ""working_distance_mm"": 6.5485, ""chamber_pressure_pa"": 0.000881, ""sample"": ""AsCast"", ""sample_state"": ""Overview"", ""etching_agent"": ""Nital"", ""imaging_mode"": ""SEM"", ""scale"": ""6.74479e-08 nm/pixel"", ""acquisition_date_if_available"": null}}",,,,
hcci,AsCast,hcci_448,Images\448.png,C:\Users\Pranet\Downloads\Mini Project\data\raw\hcci\Images\448.png,448.png,.png,7349192,2d42e5d49a0ef05eb8544612a633c144c07835a1813aef171e0b850170294387,2889,1974,4,8,uint8,png,RGBA,SEM,,Overview,Overview,sample_AsCast_Overview,AsCast,roi_448,Helios G4 PFIB CXe_SE_10000.0kV_1000.0x,"{""raw_metadata"": {""File Name"": 448, ""SEM"": ""Helios G4 PFIB CXe"", ""Detector"": ""SE"", ""Gun"": ""FEG"", ""Voltage"": 10000, ""Magnification"": 1000, ""Etching"": ""Nital"", ""Sample"": ""AsCast"", ""Kind"": ""Overview"", ""Pixel Size"": 6.74479e-08, ""Beam Current"": 1.6e-09, ""Dwell Time"": 5e-07, ""Dwell Time cat"": ""low"", ""Chamber Pressure"": 0.000881, ""Working Distance"": 0.00654854}, ""normalized"": {""microscope"": ""Helios G4 PFIB CXe"", ""instrument"": ""Helios G4 PFIB CXe"", ""detector"": ""SE"", ""accelerating_voltage_kv"": 10000.0, ""magnification"": 1000.0, ""pixel_size_nm"": 6.74479e-08, ""beam_current_na"": 1.6e-09, ""dwell_time_us"": 5e-07, ""working_distance_mm"": 6.5485, ""chamber_pressure_pa"": 0.000881, ""sample"": ""AsCast"", ""sample_state"": ""Overview"", ""etching_agent"": ""Nital"", ""imaging_mode"": ""SEM"", ""scale"": ""6.74479e-08 nm/pixel"", ""acquisition_date_if_available"": null}}",,,,
hcci,AsCast,hcci_449,Images\449.png,C:\Users\Pranet\Downloads\Mini Project\data\raw\hcci\Images\449.png,449.png,.png,6204652,b03e0b93363f553def6ca1e46bec8b72fa64b737acdacb66529adda4ae31c8e7,2889,1974,4,8,uint8,png,RGBA,SEM,,Overview,Overview,sample_AsCast_Overview,AsCast,roi_449,Helios G4 PFIB CXe_BSE_10000.0kV_1000.0x,"{""raw_metadata"": {""File Name"": 449, ""SEM"": ""Helios G4 PFIB CXe"", ""Detector"": ""BSE"", ""Gun"": ""FEG"", ""Voltage"": 10000, ""Magnification"": 1000, ""Etching"": ""Nital"", ""Sample"": ""AsCast"", ""Kind"": ""Overview"", ""Pixel Size"": 6.74479e-08, ""Beam Current"": 1.6e-09, ""Dwell Time"": 1e-05, ""Dwell Time cat"": ""high"", ""Chamber Pressure"": 0.000858, ""Working Distance"": 0.00654854}, ""normalized"": {""microscope"": ""Helios G4 PFIB CXe"", ""instrument"": ""Helios G4 PFIB CXe"", ""detector"": ""BSE"", ""accelerating_voltage_kv"": 10000.0, ""magnification"": 1000.0, ""pixel_size_nm"": 6.74479e-08, ""beam_current_na"": 1.6e-09, ""dwell_time_us"": 1e-05, ""working_distance_mm"": 6.5485, ""chamber_pressure_pa"": 0.000858, ""sample"": ""AsCast"", ""sample_state"": ""Overview"", ""etching_agent"": ""Nital"", ""imaging_mode"": ""SEM"", ""scale"": ""6.74479e-08 nm/pixel"", ""acquisition_date_if_available"": null}}",,,,
hcci,Q980_0h_WC,hcci_45,Images\45.png,C:\Users\Pranet\Downloads\Mini Project\data\raw\hcci\Images\45.png,45.png,.png,4952264,4e2ed360278f0cf6f9e81a61706a5ace7c05cff61315f3695729cd25fb47148a,2651,1896,4,8,uint8,png,RGBA,SEM,,Detail,Detail,sample_Q980_0h_WC_Detail,Q980_0h_WC,roi_45,Helios G4 PFIB CXe_BSE_5000.0kV_5000.0x,"{""raw_metadata"": {""File Name"": 45, ""SEM"": ""Helios G4 PFIB CXe"", ""Detector"": ""BSE"", ""Gun"": ""FEG"", ""Voltage"": 5000, ""Magnification"": 5000, ""Etching"": ""Vilella"", ""Sample"": ""Q980_0h_WC"", ""Kind"": ""Detail"", ""Pixel Size"": 1.34896e-08, ""Beam Current"": 1.6e-09, ""Dwell Time"": 1e-05, ""Dwell Time cat"": ""high"", ""Chamber Pressure"": 0.000149, ""Working Distance"": 0.00621825}, ""normalized"": {""microscope"": ""Helios G4 PFIB CXe"", ""instrument"": ""Helios G4 PFIB CXe"", ""detector"": ""BSE"", ""accelerating_voltage_kv"": 5000.0, ""magnification"": 5000.0, ""pixel_size_nm"": 1.34896e-08, ""beam_current_na"": 1.6e-09, ""dwell_time_us"": 1e-05, ""working_distance_mm"": 6.2182, ""chamber_pressure_pa"": 0.000149, ""sample"": ""Q980_0h_WC"", ""sample_state"": ""Detail"", ""etching_agent"": ""Vilella"", ""imaging_mode"": ""SEM"", ""scale"": ""1.34896e-08 nm/pixel"", ""acquisition_date_if_available"": null}}",,,,
hcci,AsCast,hcci_450,Images\450.png,C:\Users\Pranet\Downloads\Mini Project\data\raw\hcci\Images\450.png,450.png,.png,7381910,8c7c80b0f76d5a35476e0be3c51ec0cedcce866ae01351d0233203220e25e959,2889,1974,4,8,uint8,png,RGBA,SEM,,Overview,Overview,sample_AsCast_Overview,AsCast,roi_450,Helios G4 PFIB CXe_BSE_10000.0kV_1000.0x,"{""raw_metadata"": {""File Name"": 450, ""SEM"": ""Helios G4 PFIB CXe"", ""Detector"": ""BSE"", ""Gun"": ""FEG"", ""Voltage"": 10000, ""Magnification"": 1000, ""Etching"": ""Nital"", ""Sample"": ""AsCast"", ""Kind"": ""Overview"", ""Pixel Size"": 6.74479e-08, ""Beam Current"": 1.6e-09, ""Dwell Time"": 5e-07, ""Dwell Time cat"": ""low"", ""Chamber Pressure"": 0.00084, ""Working Distance"": 0.00654854}, ""normalized"": {""microscope"": ""Helios G4 PFIB CXe"", ""instrument"": ""Helios G4 PFIB CXe"", ""detector"": ""BSE"", ""accelerating_voltage_kv"": 10000.0, ""magnification"": 1000.0, ""pixel_size_nm"": 6.74479e-08, ""beam_current_na"": 1.6e-09, ""dwell_time_us"": 5e-07, ""working_distance_mm"": 6.5485, ""chamber_pressure_pa"": 0.00084, ""sample"": ""AsCast"", ""sample_state"": ""Overview"", ""etching_agent"": ""Nital"", ""imaging_mode"": ""SEM"", ""scale"": ""6.74479e-08 nm/pixel"", ""acquisition_date_if_available"": null}}",,,,
hcci,AsCast,hcci_451,Images\451.png,C:\Users\Pranet\Downloads\Mini Project\data\raw\hcci\Images\451.png,451.png,.png,6017177,194d2c83459e686ccc46f58a0955d01a5126fff70f0b03f200665658174eaadf,2889,1974,4,8,uint8,png,RGBA,SEM,,Overview,Overview,sample_AsCast_Overview,AsCast,roi_451,Helios G4 PFIB CXe_InLens_10000.0kV_1000.0x,"{""raw_metadata"": {""File Name"": 451, ""SEM"": ""Helios G4 PFIB CXe"", ""Detector"": ""InLens"", ""Gun"": ""FEG"", ""Voltage"": 10000, ""Magnification"": 1000, ""Etching"": ""Nital"", ""Sample"": ""AsCast"", ""Kind"": ""Overview"", ""Pixel Size"": 6.74479e-08, ""Beam Current"": 1.6e-09, ""Dwell Time"": 1e-05, ""Dwell Time cat"": ""high"", ""Chamber Pressure"": 0.000769, ""Working Distance"": 0.00654854}, ""normalized"": {""microscope"": ""Helios G4 PFIB CXe"", ""instrument"": ""Helios G4 PFIB CXe"", ""detector"": ""InLens"", ""accelerating_voltage_kv"": 10000.0, ""magnification"": 1000.0, ""pixel_size_nm"": 6.74479e-08, ""beam_current_na"": 1.6e-09, ""dwell_time_us"": 1e-05, ""working_distance_mm"": 6.5485, ""chamber_pressure_pa"": 0.000769, ""sample"": ""AsCast"", ""sample_state"": ""Overview"", ""etching_agent"": ""Nital"", ""imaging_mode"": ""SEM"", ""scale"": ""6.74479e-08 nm/pixel"", ""acquisition_date_if_available"": null}}",,,,
hcci,AsCast,hcci_452,Images\452.png,C:\Users\Pranet\Downloads\Mini Project\data\raw\hcci\Images\452.png,452.png,.png,7447808,0ce53c51fe15dc89602789077ab5b96a77073906c38238f815bcc1bc09042fc0,2889,1974,4,8,uint8,png,RGBA,SEM,,Overview,Overview,sample_AsCast_Overview,AsCast,roi_452,Helios G4 PFIB CXe_InLens_10000.0kV_1000.0x,"{""raw_metadata"": {""File Name"": 452, ""SEM"": ""Helios G4 PFIB CXe"", ""Detector"": ""InLens"", ""Gun"": ""FEG"", ""Voltage"": 10000, ""Magnification"": 1000, ""Etching"": ""Nital"", ""Sample"": ""AsCast"", ""Kind"": ""Overview"", ""Pixel Size"": 6.74479e-08, ""Beam Current"": 1.6e-09, ""Dwell Time"": 5e-07, ""Dwell Time cat"": ""low"", ""Chamber Pressure"": 0.000759, ""Working Distance"": 0.00654854}, ""normalized"": {""microscope"": ""Helios G4 PFIB CXe"", ""instrument"": ""Helios G4 PFIB CXe"", ""detector"": ""InLens"", ""accelerating_voltage_kv"": 10000.0, ""magnification"": 1000.0, ""pixel_size_nm"": 6.74479e-08, ""beam_current_na"": 1.6e-09, ""dwell_time_us"": 5e-07, ""working_distance_mm"": 6.5485, ""chamber_pressure_pa"": 0.000759, ""sample"": ""AsCast"", ""sample_state"": ""Overview"", ""etching_agent"": ""Nital"", ""imaging_mode"": ""SEM"", ""scale"": ""6.74479e-08 nm/pixel"", ""acquisition_date_if_available"": null}}",,,,
hcci,AsCast,hcci_453,Images\453.png,C:\Users\Pranet\Downloads\Mini Project\data\raw\hcci\Images\453.png,453.png,.png,4608706,aee021e47dc57967dd0e999e4e7e329fc2d7243c86e8415de00a4f258e0e1b5d,2515,1920,4,8,uint8,png,RGBA,SEM,,Detail,Detail,sample_AsCast_Detail,AsCast,roi_453,Helios G4 PFIB CXe_SE_10000.0kV_5000.0x,"{""raw_metadata"": {""File Name"": 453, ""SEM"": ""Helios G4 PFIB CXe"", ""Detector"": ""SE"", ""Gun"": ""FEG"", ""Voltage"": 10000, ""Magnification"": 5000, ""Etching"": ""Nital"", ""Sample"": ""AsCast"", ""Kind"": ""Detail"", ""Pixel Size"": 1.34896e-08, ""Beam Current"": 1.6e-09, ""Dwell Time"": 1e-05, ""Dwell Time cat"": ""high"", ""Chamber Pressure"": 0.000711, ""Working Distance"": 0.00653955}, ""normalized"": {""microscope"": ""Helios G4 PFIB CXe"", ""instrument"": ""Helios G4 PFIB CXe"", ""detector"": ""SE"", ""accelerating_voltage_kv"": 10000.0, ""magnification"": 5000.0, ""pixel_size_nm"": 1.34896e-08, ""beam_current_na"": 1.6e-09, ""dwell_time_us"": 1e-05, ""working_distance_mm"": 6.5396, ""chamber_pressure_pa"": 0.000711, ""sample"": ""AsCast"", ""sample_state"": ""Detail"", ""etching_agent"": ""Nital"", ""imaging_mode"": ""SEM"", ""scale"": ""1.34896e-08 nm/pixel"", ""acquisition_date_if_available"": null}}",,,,
hcci,AsCast,hcci_454,Images\454.png,C:\Users\Pranet\Downloads\Mini Project\data\raw\hcci\Images\454.png,454.png,.png,6087957,6d7675248518e8f3d366d5ff719e5fc9c798f97a1bd72a4cf7788e2ffdc85f47,2515,1920,4,8,uint8,png,RGBA,SEM,,Detail,Detail,sample_AsCast_Detail,AsCast,roi_454,Helios G4 PFIB CXe_SE_10000.0kV_5000.0x,"{""raw_metadata"": {""File Name"": 454, ""SEM"": ""Helios G4 PFIB CXe"", ""Detector"": ""SE"", ""Gun"": ""FEG"", ""Voltage"": 10000, ""Magnification"": 5000, ""Etching"": ""Nital"", ""Sample"": ""AsCast"", ""Kind"": ""Detail"", ""Pixel Size"": 1.34896e-08, ""Beam Current"": 1.6e-09, ""Dwell Time"": 5e-07, ""Dwell Time cat"": ""low"", ""Chamber Pressure"": 0.000703, ""Working Distance"": 0.00653955}, ""normalized"": {""microscope"": ""Helios G4 PFIB CXe"", ""instrument"": ""Helios G4 PFIB CXe"", ""detector"": ""SE"", ""accelerating_voltage_kv"": 10000.0, ""magnification"": 5000.0, ""pixel_size_nm"": 1.34896e-08, ""beam_current_na"": 1.6e-09, ""dwell_time_us"": 5e-07, ""working_distance_mm"": 6.5396, ""chamber_pressure_pa"": 0.000703, ""sample"": ""AsCast"", ""sample_state"": ""Detail"", ""etching_agent"": ""Nital"", ""imaging_mode"": ""SEM"", ""scale"": ""1.34896e-08 nm/pixel"", ""acquisition_date_if_available"": null}}",,,,
hcci,AsCast,hcci_455,Images\455.png,C:\Users\Pranet\Downloads\Mini Project\data\raw\hcci\Images\455.png,455.png,.png,4521947,bf142ef2151c6e15eb9e7e88e63cfa061da77b5bc1c60ea4d9d6d730526eb18e,2515,1920,4,8,uint8,png,RGBA,SEM,,Detail,Detail,sample_AsCast_Detail,AsCast,roi_455,Helios G4 PFIB CXe_BSE_10000.0kV_5000.0x,"{""raw_metadata"": {""File Name"": 455, ""SEM"": ""Helios G4 PFIB CXe"", ""Detector"": ""BSE"", ""Gun"": ""FEG"", ""Voltage"": 10000, ""Magnification"": 5000, ""Etching"": ""Nital"", ""Sample"": ""AsCast"", ""Kind"": ""Detail"", ""Pixel Size"": 1.34896e-08, ""Beam Current"": 1.6e-09, ""Dwell Time"": 1e-05, ""Dwell Time cat"": ""high"", ""Chamber Pressure"": 0.000693, ""Working Distance"": 0.00653955}, ""normalized"": {""microscope"": ""Helios G4 PFIB CXe"", ""instrument"": ""Helios G4 PFIB CXe"", ""detector"": ""BSE"", ""accelerating_voltage_kv"": 10000.0, ""magnification"": 5000.0, ""pixel_size_nm"": 1.34896e-08, ""beam_current_na"": 1.6e-09, ""dwell_time_us"": 1e-05, ""working_distance_mm"": 6.5396, ""chamber_pressure_pa"": 0.000693, ""sample"": ""AsCast"", ""sample_state"": ""Detail"", ""etching_agent"": ""Nital"", ""imaging_mode"": ""SEM"", ""scale"": ""1.34896e-08 nm/pixel"", ""acquisition_date_if_available"": null}}",,,,
hcci,AsCast,hcci_456,Images\456.png,C:\Users\Pranet\Downloads\Mini Project\data\raw\hcci\Images\456.png,456.png,.png,5460592,48447d0c81a3bc660226ef762eb02c5994246d0a2b65d56f8df0af53f198abce,2515,1920,4,8,uint8,png,RGBA,SEM,,Detail,Detail,sample_AsCast_Detail,AsCast,roi_456,Helios G4 PFIB CXe_BSE_10000.0kV_5000.0x,"{""raw_metadata"": {""File Name"": 456, ""SEM"": ""Helios G4 PFIB CXe"", ""Detector"": ""BSE"", ""Gun"": ""FEG"", ""Voltage"": 10000, ""Magnification"": 5000, ""Etching"": ""Nital"", ""Sample"": ""AsCast"", ""Kind"": ""Detail"", ""Pixel Size"": 1.34896e-08, ""Beam Current"": 1.6e-09, ""Dwell Time"": 5e-07, ""Dwell Time cat"": ""low"", ""Chamber Pressure"": 0.000686, ""Working Distance"": 0.00653955}, ""normalized"": {""microscope"": ""Helios G4 PFIB CXe"", ""instrument"": ""Helios G4 PFIB CXe"", ""detector"": ""BSE"", ""accelerating_voltage_kv"": 10000.0, ""magnification"": 5000.0, ""pixel_size_nm"": 1.34896e-08, ""beam_current_na"": 1.6e-09, ""dwell_time_us"": 5e-07, ""working_distance_mm"": 6.5396, ""chamber_pressure_pa"": 0.000686, ""sample"": ""AsCast"", ""sample_state"": ""Detail"", ""etching_agent"": ""Nital"", ""imaging_mode"": ""SEM"", ""scale"": ""1.34896e-08 nm/pixel"", ""acquisition_date_if_available"": null}}",,,,
hcci,AsCast,hcci_457,Images\457.png,C:\Users\Pranet\Downloads\Mini Project\data\raw\hcci\Images\457.png,457.png,.png,4677430,e6e5e4050183df1f54784e6d3cb98b81f8e9e82cc25de73e99efd4873df76312,2515,1920,4,8,uint8,png,RGBA,SEM,,Detail,Detail,sample_AsCast_Detail,AsCast,roi_457,Helios G4 PFIB CXe_InLens_10000.0kV_5000.0x,"{""raw_metadata"": {""File Name"": 457, ""SEM"": ""Helios G4 PFIB CXe"", ""Detector"": ""InLens"", ""Gun"": ""FEG"", ""Voltage"": 10000, ""Magnification"": 5000, ""Etching"": ""Nital"", ""Sample"": ""AsCast"", ""Kind"": ""Detail"", ""Pixel Size"": 1.34896e-08, ""Beam Current"": 1.6e-09, ""Dwell Time"": 1e-05, ""Dwell Time cat"": ""high"", ""Chamber Pressure"": 0.000644, ""Working Distance"": 0.00653955}, ""normalized"": {""microscope"": ""Helios G4 PFIB CXe"", ""instrument"": ""Helios G4 PFIB CXe"", ""detector"": ""InLens"", ""accelerating_voltage_kv"": 10000.0, ""magnification"": 5000.0, ""pixel_size_nm"": 1.34896e-08, ""beam_current_na"": 1.6e-09, ""dwell_time_us"": 1e-05, ""working_distance_mm"": 6.5396, ""chamber_pressure_pa"": 0.000644, ""sample"": ""AsCast"", ""sample_state"": ""Detail"", ""etching_agent"": ""Nital"", ""imaging_mode"": ""SEM"", ""scale"": ""1.34896e-08 nm/pixel"", ""acquisition_date_if_available"": null}}",,,,
hcci,AsCast,hcci_458,Images\458.png,C:\Users\Pranet\Downloads\Mini Project\data\raw\hcci\Images\458.png,458.png,.png,6124546,803e7ace263fe373597c25b534d9285bb32bfc715d5d4e4f243fc6bc434e6cb3,2515,1920,4,8,uint8,png,RGBA,SEM,,Detail,Detail,sample_AsCast_Detail,AsCast,roi_458,Helios G4 PFIB CXe_InLens_10000.0kV_5000.0x,"{""raw_metadata"": {""File Name"": 458, ""SEM"": ""Helios G4 PFIB CXe"", ""Detector"": ""InLens"", ""Gun"": ""FEG"", ""Voltage"": 10000, ""Magnification"": 5000, ""Etching"": ""Nital"", ""Sample"": ""AsCast"", ""Kind"": ""Detail"", ""Pixel Size"": 1.34896e-08, ""Beam Current"": 1.6e-09, ""Dwell Time"": 5e-07, ""Dwell Time cat"": ""low"", ""Chamber Pressure"": 0.000644, ""Working Distance"": 0.00653955}, ""normalized"": {""microscope"": ""Helios G4 PFIB CXe"", ""instrument"": ""Helios G4 PFIB CXe"", ""detector"": ""InLens"", ""accelerating_voltage_kv"": 10000.0, ""magnification"": 5000.0, ""pixel_size_nm"": 1.34896e-08, ""beam_current_na"": 1.6e-09, ""dwell_time_us"": 5e-07, ""working_distance_mm"": 6.5396, ""chamber_pressure_pa"": 0.000644, ""sample"": ""AsCast"", ""sample_state"": ""Detail"", ""etching_agent"": ""Nital"", ""imaging_mode"": ""SEM"", ""scale"": ""1.34896e-08 nm/pixel"", ""acquisition_date_if_available"": null}}",,,,
hcci,AsCast,hcci_459,Images\459.png,C:\Users\Pranet\Downloads\Mini Project\data\raw\hcci\Images\459.png,459.png,.png,6138793,1bb234264f805026e65fbd86cd0f3d948d8f7d61023c16ca4043d7d3d9e54e56,2889,1974,4,8,uint8,png,RGBA,SEM,,Overview,Overview,sample_AsCast_Overview,AsCast,roi_459,Helios G4 PFIB CXe_SE_20000.0kV_1000.0x,"{""raw_metadata"": {""File Name"": 459, ""SEM"": ""Helios G4 PFIB CXe"", ""Detector"": ""SE"", ""Gun"": ""FEG"", ""Voltage"": 20000, ""Magnification"": 1000, ""Etching"": ""Nital"", ""Sample"": ""AsCast"", ""Kind"": ""Overview"", ""Pixel Size"": 6.74479e-08, ""Beam Current"": 1.6e-09, ""Dwell Time"": 1e-05, ""Dwell Time cat"": ""high"", ""Chamber Pressure"": 0.000601, ""Working Distance"": 0.0065281}, ""normalized"": {""microscope"": ""Helios G4 PFIB CXe"", ""instrument"": ""Helios G4 PFIB CXe"", ""detector"": ""SE"", ""accelerating_voltage_kv"": 20000.0, ""magnification"": 1000.0, ""pixel_size_nm"": 6.74479e-08, ""beam_current_na"": 1.6e-09, ""dwell_time_us"": 1e-05, ""working_distance_mm"": 6.5281, ""chamber_pressure_pa"": 0.000601, ""sample"": ""AsCast"", ""sample_state"": ""Overview"", ""etching_agent"": ""Nital"", ""imaging_mode"": ""SEM"", ""scale"": ""6.74479e-08 nm/pixel"", ""acquisition_date_if_available"": null}}",,,,
hcci,Q980_0h_WC,hcci_46,Images\46.png,C:\Users\Pranet\Downloads\Mini Project\data\raw\hcci\Images\46.png,46.png,.png,5941305,bb515dd3f68ff27ba629525653ae91b3bfb171a1a46a8050c8f779d34f080251,2651,1896,4,8,uint8,png,RGBA,SEM,,Detail,Detail,sample_Q980_0h_WC_Detail,Q980_0h_WC,roi_46,Helios G4 PFIB CXe_BSE_5000.0kV_5000.0x,"{""raw_metadata"": {""File Name"": 46, ""SEM"": ""Helios G4 PFIB CXe"", ""Detector"": ""BSE"", ""Gun"": ""FEG"", ""Voltage"": 5000, ""Magnification"": 5000, ""Etching"": ""Vilella"", ""Sample"": ""Q980_0h_WC"", ""Kind"": ""Detail"", ""Pixel Size"": 1.34896e-08, ""Beam Current"": 1.6e-09, ""Dwell Time"": 5e-07, ""Dwell Time cat"": ""low"", ""Chamber Pressure"": 0.000147, ""Working Distance"": 0.00621825}, ""normalized"": {""microscope"": ""Helios G4 PFIB CXe"", ""instrument"": ""Helios G4 PFIB CXe"", ""detector"": ""BSE"", ""accelerating_voltage_kv"": 5000.0, ""magnification"": 5000.0, ""pixel_size_nm"": 1.34896e-08, ""beam_current_na"": 1.6e-09, ""dwell_time_us"": 5e-07, ""working_distance_mm"": 6.2182, ""chamber_pressure_pa"": 0.000147, ""sample"": ""Q980_0h_WC"", ""sample_state"": ""Detail"", ""etching_agent"": ""Vilella"", ""imaging_mode"": ""SEM"", ""scale"": ""1.34896e-08 nm/pixel"", ""acquisition_date_if_available"": null}}",,,,
hcci,AsCast,hcci_460,Images\460.png,C:\Users\Pranet\Downloads\Mini Project\data\raw\hcci\Images\460.png,460.png,.png,7744657,bf996ceb763be2b481787935ad069b0b7c535108c3ce5c1616608d11f1820f83,2889,1974,4,8,uint8,png,RGBA,SEM,,Overview,Overview,sample_AsCast_Overview,AsCast,roi_460,Helios G4 PFIB CXe_SE_20000.0kV_1000.0x,"{""raw_metadata"": {""File Name"": 460, ""SEM"": ""Helios G4 PFIB CXe"", ""Detector"": ""SE"", ""Gun"": ""FEG"", ""Voltage"": 20000, ""Magnification"": 1000, ""Etching"": ""Nital"", ""Sample"": ""AsCast"", ""Kind"": ""Overview"", ""Pixel Size"": 6.74479e-08, ""Beam Current"": 1.6e-09, ""Dwell Time"": 5e-07, ""Dwell Time cat"": ""low"", ""Chamber Pressure"": 0.000594, ""Working Distance"": 0.0065281}, ""normalized"": {""microscope"": ""Helios G4 PFIB CXe"", ""instrument"": ""Helios G4 PFIB CXe"", ""detector"": ""SE"", ""accelerating_voltage_kv"": 20000.0, ""magnification"": 1000.0, ""pixel_size_nm"": 6.74479e-08, ""beam_current_na"": 1.6e-09, ""dwell_time_us"": 5e-07, ""working_distance_mm"": 6.5281, ""chamber_pressure_pa"": 0.000594, ""sample"": ""AsCast"", ""sample_state"": ""Overview"", ""etching_agent"": ""Nital"", ""imaging_mode"": ""SEM"", ""scale"": ""6.74479e-08 nm/pixel"", ""acquisition_date_if_available"": null}}",,,,
hcci,AsCast,hcci_461,Images\461.png,C:\Users\Pranet\Downloads\Mini Project\data\raw\hcci\Images\461.png,461.png,.png,5681337,d96710581caa483c226c4f6b0cc393b05ffa119db75902c6e1f7e6049a86f2d5,2889,1974,4,8,uint8,png,RGBA,SEM,,Overview,Overview,sample_AsCast_Overview,AsCast,roi_461,Helios G4 PFIB CXe_BSE_20000.0kV_1000.0x,"{""raw_metadata"": {""File Name"": 461, ""SEM"": ""Helios G4 PFIB CXe"", ""Detector"": ""BSE"", ""Gun"": ""FEG"", ""Voltage"": 20000, ""Magnification"": 1000, ""Etching"": ""Nital"", ""Sample"": ""AsCast"", ""Kind"": ""Overview"", ""Pixel Size"": 6.74479e-08, ""Beam Current"": 1.6e-09, ""Dwell Time"": 1e-05, ""Dwell Time cat"": ""high"", ""Chamber Pressure"": 0.000598, ""Working Distance"": 0.0065281}, ""normalized"": {""microscope"": ""Helios G4 PFIB CXe"", ""instrument"": ""Helios G4 PFIB CXe"", ""detector"": ""BSE"", ""accelerating_voltage_kv"": 20000.0, ""magnification"": 1000.0, ""pixel_size_nm"": 6.74479e-08, ""beam_current_na"": 1.6e-09, ""dwell_time_us"": 1e-05, ""working_distance_mm"": 6.5281, ""chamber_pressure_pa"": 0.000598, ""sample"": ""AsCast"", ""sample_state"": ""Overview"", ""etching_agent"": ""Nital"", ""imaging_mode"": ""SEM"", ""scale"": ""6.74479e-08 nm/pixel"", ""acquisition_date_if_available"": null}}",,,,
hcci,AsCast,hcci_462,Images\462.png,C:\Users\Pranet\Downloads\Mini Project\data\raw\hcci\Images\462.png,462.png,.png,7420094,9d109fdd711cb71bfe41ba85112912deb6825abd7e837b68ff372f31bb02af7b,2889,1974,4,8,uint8,png,RGBA,SEM,,Overview,Overview,sample_AsCast_Overview,AsCast,roi_462,Helios G4 PFIB CXe_BSE_20000.0kV_1000.0x,"{""raw_metadata"": {""File Name"": 462, ""SEM"": ""Helios G4 PFIB CXe"", ""Detector"": ""BSE"", ""Gun"": ""FEG"", ""Voltage"": 20000, ""Magnification"": 1000, ""Etching"": ""Nital"", ""Sample"": ""AsCast"", ""Kind"": ""Overview"", ""Pixel Size"": 6.74479e-08, ""Beam Current"": 1.6e-09, ""Dwell Time"": 5e-07, ""Dwell Time cat"": ""low"", ""Chamber Pressure"": 0.000592, ""Working Distance"": 0.0065281}, ""normalized"": {""microscope"": ""Helios G4 PFIB CXe"", ""instrument"": ""Helios G4 PFIB CXe"", ""detector"": ""BSE"", ""accelerating_voltage_kv"": 20000.0, ""magnification"": 1000.0, ""pixel_size_nm"": 6.74479e-08, ""beam_current_na"": 1.6e-09, ""dwell_time_us"": 5e-07, ""working_distance_mm"": 6.5281, ""chamber_pressure_pa"": 0.000592, ""sample"": ""AsCast"", ""sample_state"": ""Overview"", ""etching_agent"": ""Nital"", ""imaging_mode"": ""SEM"", ""scale"": ""6.74479e-08 nm/pixel"", ""acquisition_date_if_available"": null}}",,,,
hcci,AsCast,hcci_463,Images\463.png,C:\Users\Pranet\Downloads\Mini Project\data\raw\hcci\Images\463.png,463.png,.png,6323333,decbaaca2ebc1aa96db42d300b0150d0abc2293a6edffa3eb39a1b890b465ff4,2889,1974,4,8,uint8,png,RGBA,SEM,,Overview,Overview,sample_AsCast_Overview,AsCast,roi_463,Helios G4 PFIB CXe_InLens_20000.0kV_1000.0x,"{""raw_metadata"": {""File Name"": 463, ""SEM"": ""Helios G4 PFIB CXe"", ""Detector"": ""InLens"", ""Gun"": ""FEG"", ""Voltage"": 20000, ""Magnification"": 1000, ""Etching"": ""Nital"", ""Sample"": ""AsCast"", ""Kind"": ""Overview"", ""Pixel Size"": 6.74479e-08, ""Beam Current"": 1.6e-09, ""Dwell Time"": 1e-05, ""Dwell Time cat"": ""high"", ""Chamber Pressure"": 0.000568, ""Working Distance"": 0.0065281}, ""normalized"": {""microscope"": ""Helios G4 PFIB CXe"", ""instrument"": ""Helios G4 PFIB CXe"", ""detector"": ""InLens"", ""accelerating_voltage_kv"": 20000.0, ""magnification"": 1000.0, ""pixel_size_nm"": 6.74479e-08, ""beam_current_na"": 1.6e-09, ""dwell_time_us"": 1e-05, ""working_distance_mm"": 6.5281, ""chamber_pressure_pa"": 0.000568, ""sample"": ""AsCast"", ""sample_state"": ""Overview"", ""etching_agent"": ""Nital"", ""imaging_mode"": ""SEM"", ""scale"": ""6.74479e-08 nm/pixel"", ""acquisition_date_if_available"": null}}",,,,
hcci,AsCast,hcci_464,Images\464.png,C:\Users\Pranet\Downloads\Mini Project\data\raw\hcci\Images\464.png,464.png,.png,8085159,b70c860377c820a9bd191a7f20507d937a498fcdb2ed13083f15cf2e8b73ddcc,2889,1974,4,8,uint8,png,RGBA,SEM,,Overview,Overview,sample_AsCast_Overview,AsCast,roi_464,Helios G4 PFIB CXe_InLens_20000.0kV_1000.0x,"{""raw_metadata"": {""File Name"": 464, ""SEM"": ""Helios G4 PFIB CXe"", ""Detector"": ""InLens"", ""Gun"": ""FEG"", ""Voltage"": 20000, ""Magnification"": 1000, ""Etching"": ""Nital"", ""Sample"": ""AsCast"", ""Kind"": ""Overview"", ""Pixel Size"": 6.74479e-08, ""Beam Current"": 1.6e-09, ""Dwell Time"": 5e-07, ""Dwell Time cat"": ""low"", ""Chamber Pressure"": 0.000562, ""Working Distance"": 0.0065281}, ""normalized"": {""microscope"": ""Helios G4 PFIB CXe"", ""instrument"": ""Helios G4 PFIB CXe"", ""detector"": ""InLens"", ""accelerating_voltage_kv"": 20000.0, ""magnification"": 1000.0, ""pixel_size_nm"": 6.74479e-08, ""beam_current_na"": 1.6e-09, ""dwell_time_us"": 5e-07, ""working_distance_mm"": 6.5281, ""chamber_pressure_pa"": 0.000562, ""sample"": ""AsCast"", ""sample_state"": ""Overview"", ""etching_agent"": ""Nital"", ""imaging_mode"": ""SEM"", ""scale"": ""6.74479e-08 nm/pixel"", ""acquisition_date_if_available"": null}}",,,,
hcci,AsCast,hcci_465,Images\465.png,C:\Users\Pranet\Downloads\Mini Project\data\raw\hcci\Images\465.png,465.png,.png,4427689,cafa6bce4afb86e9ee87798033825c84067b37fe1cbcb78a13ec111b54111729,2515,1920,4,8,uint8,png,RGBA,SEM,,Detail,Detail,sample_AsCast_Detail,AsCast,roi_465,Helios G4 PFIB CXe_SE_20000.0kV_5000.0x,"{""raw_metadata"": {""File Name"": 465, ""SEM"": ""Helios G4 PFIB CXe"", ""Detector"": ""SE"", ""Gun"": ""FEG"", ""Voltage"": 20000, ""Magnification"": 5000, ""Etching"": ""Nital"", ""Sample"": ""AsCast"", ""Kind"": ""Detail"", ""Pixel Size"": 1.34896e-08, ""Beam Current"": 1.6e-09, ""Dwell Time"": 1e-05, ""Dwell Time cat"": ""high"", ""Chamber Pressure"": 0.000316, ""Working Distance"": 0.00653901}, ""normalized"": {""microscope"": ""Helios G4 PFIB CXe"", ""instrument"": ""Helios G4 PFIB CXe"", ""detector"": ""SE"", ""accelerating_voltage_kv"": 20000.0, ""magnification"": 5000.0, ""pixel_size_nm"": 1.34896e-08, ""beam_current_na"": 1.6e-09, ""dwell_time_us"": 1e-05, ""working_distance_mm"": 6.539, ""chamber_pressure_pa"": 0.000316, ""sample"": ""AsCast"", ""sample_state"": ""Detail"", ""etching_agent"": ""Nital"", ""imaging_mode"": ""SEM"", ""scale"": ""1.34896e-08 nm/pixel"", ""acquisition_date_if_available"": null}}",,,,
hcci,AsCast,hcci_466,Images\466.png,C:\Users\Pranet\Downloads\Mini Project\data\raw\hcci\Images\466.png,466.png,.png,6451528,09b041f8ea8f5824c90ba459e754869f034e03b9a2c8f665658ab9ca58e136e0,2515,1920,4,8,uint8,png,RGBA,SEM,,Detail,Detail,sample_AsCast_Detail,AsCast,roi_466,Helios G4 PFIB CXe_SE_20000.0kV_5000.0x,"{""raw_metadata"": {""File Name"": 466, ""SEM"": ""Helios G4 PFIB CXe"", ""Detector"": ""SE"", ""Gun"": ""FEG"", ""Voltage"": 20000, ""Magnification"": 5000, ""Etching"": ""Nital"", ""Sample"": ""AsCast"", ""Kind"": ""Detail"", ""Pixel Size"": 1.34896e-08, ""Beam Current"": 1.6e-09, ""Dwell Time"": 5e-07, ""Dwell Time cat"": ""low"", ""Chamber Pressure"": 0.000312, ""Working Distance"": 0.00653901}, ""normalized"": {""microscope"": ""Helios G4 PFIB CXe"", ""instrument"": ""Helios G4 PFIB CXe"", ""detector"": ""SE"", ""accelerating_voltage_kv"": 20000.0, ""magnification"": 5000.0, ""pixel_size_nm"": 1.34896e-08, ""beam_current_na"": 1.6e-09, ""dwell_time_us"": 5e-07, ""working_distance_mm"": 6.539, ""chamber_pressure_pa"": 0.000312, ""sample"": ""AsCast"", ""sample_state"": ""Detail"", ""etching_agent"": ""Nital"", ""imaging_mode"": ""SEM"", ""scale"": ""1.34896e-08 nm/pixel"", ""acquisition_date_if_available"": null}}",,,,
hcci,AsCast,hcci_467,Images\467.png,C:\Users\Pranet\Downloads\Mini Project\data\raw\hcci\Images\467.png,467.png,.png,3608168,ef10bb711448241e2535a8532979f6fdef6e1f452d86818026bbeda41f6729ff,2515,1920,4,8,uint8,png,RGBA,SEM,,Detail,Detail,sample_AsCast_Detail,AsCast,roi_467,Helios G4 PFIB CXe_BSE_20000.0kV_5000.0x,"{""raw_metadata"": {""File Name"": 467, ""SEM"": ""Helios G4 PFIB CXe"", ""Detector"": ""BSE"", ""Gun"": ""FEG"", ""Voltage"": 20000, ""Magnification"": 5000, ""Etching"": ""Nital"", ""Sample"": ""AsCast"", ""Kind"": ""Detail"", ""Pixel Size"": 1.34896e-08, ""Beam Current"": 1.6e-09, ""Dwell Time"": 1e-05, ""Dwell Time cat"": ""high"", ""Chamber Pressure"": 0.000325, ""Working Distance"": 0.00653901}, ""normalized"": {""microscope"": ""Helios G4 PFIB CXe"", ""instrument"": ""Helios G4 PFIB CXe"", ""detector"": ""BSE"", ""accelerating_voltage_kv"": 20000.0, ""magnification"": 5000.0, ""pixel_size_nm"": 1.34896e-08, ""beam_current_na"": 1.6e-09, ""dwell_time_us"": 1e-05, ""working_distance_mm"": 6.539, ""chamber_pressure_pa"": 0.000325, ""sample"": ""AsCast"", ""sample_state"": ""Detail"", ""etching_agent"": ""Nital"", ""imaging_mode"": ""SEM"", ""scale"": ""1.34896e-08 nm/pixel"", ""acquisition_date_if_available"": null}}",,,,
hcci,AsCast,hcci_468,Images\468.png,C:\Users\Pranet\Downloads\Mini Project\data\raw\hcci\Images\468.png,468.png,.png,4885354,fb1db3a3013ca900e04be1ce86eb333da982d21fbfbfa33428fa3b89b789453d,2515,1920,4,8,uint8,png,RGBA,SEM,,Detail,Detail,sample_AsCast_Detail,AsCast,roi_468,Helios G4 PFIB CXe_BSE_20000.0kV_5000.0x,"{""raw_metadata"": {""File Name"": 468, ""SEM"": ""Helios G4 PFIB CXe"", ""Detector"": ""BSE"", ""Gun"": ""FEG"", ""Voltage"": 20000, ""Magnification"": 5000, ""Etching"": ""Nital"", ""Sample"": ""AsCast"", ""Kind"": ""Detail"", ""Pixel Size"": 1.34896e-08, ""Beam Current"": 1.6e-09, ""Dwell Time"": 5e-07, ""Dwell Time cat"": ""low"", ""Chamber Pressure"": 0.000321, ""Working Distance"": 0.00653901}, ""normalized"": {""microscope"": ""Helios G4 PFIB CXe"", ""instrument"": ""Helios G4 PFIB CXe"", ""detector"": ""BSE"", ""accelerating_voltage_kv"": 20000.0, ""magnification"": 5000.0, ""pixel_size_nm"": 1.34896e-08, ""beam_current_na"": 1.6e-09, ""dwell_time_us"": 5e-07, ""working_distance_mm"": 6.539, ""chamber_pressure_pa"": 0.000321, ""sample"": ""AsCast"", ""sample_state"": ""Detail"", ""etching_agent"": ""Nital"", ""imaging_mode"": ""SEM"", ""scale"": ""1.34896e-08 nm/pixel"", ""acquisition_date_if_available"": null}}",,,,
hcci,AsCast,hcci_469,Images\469.png,C:\Users\Pranet\Downloads\Mini Project\data\raw\hcci\Images\469.png,469.png,.png,4665457,d4be8a58436439f9641840cef1d6c7f153d6ec3fd3b43c61da0e409a7c3ff5fc,2515,1920,4,8,uint8,png,RGBA,SEM,,Detail,Detail,sample_AsCast_Detail,AsCast,roi_469,Helios G4 PFIB CXe_InLens_20000.0kV_5000.0x,"{""raw_metadata"": {""File Name"": 469, ""SEM"": ""Helios G4 PFIB CXe"", ""Detector"": ""InLens"", ""Gun"": ""FEG"", ""Voltage"": 20000, ""Magnification"": 5000, ""Etching"": ""Nital"", ""Sample"": ""AsCast"", ""Kind"": ""Detail"", ""Pixel Size"": 1.34896e-08, ""Beam Current"": 1.6e-09, ""Dwell Time"": 1e-05, ""Dwell Time cat"": ""high"", ""Chamber Pressure"": 0.000301, ""Working Distance"": 0.00653901}, ""normalized"": {""microscope"": ""Helios G4 PFIB CXe"", ""instrument"": ""Helios G4 PFIB CXe"", ""detector"": ""InLens"", ""accelerating_voltage_kv"": 20000.0, ""magnification"": 5000.0, ""pixel_size_nm"": 1.34896e-08, ""beam_current_na"": 1.6e-09, ""dwell_time_us"": 1e-05, ""working_distance_mm"": 6.539, ""chamber_pressure_pa"": 0.000301, ""sample"": ""AsCast"", ""sample_state"": ""Detail"", ""etching_agent"": ""Nital"", ""imaging_mode"": ""SEM"", ""scale"": ""1.34896e-08 nm/pixel"", ""acquisition_date_if_available"": null}}",,,,
hcci,Q980_0h_WC,hcci_47,Images\47.png,C:\Users\Pranet\Downloads\Mini Project\data\raw\hcci\Images\47.png,47.png,.png,4835485,e0707ee3bd4f957be14fd2d9b65d8958fcc28908bea700961a74381cc8630e04,2651,1896,4,8,uint8,png,RGBA,SEM,,Detail,Detail,sample_Q980_0h_WC_Detail,Q980_0h_WC,roi_47,Helios G4 PFIB CXe_InLens_5000.0kV_5000.0x,"{""raw_metadata"": {""File Name"": 47, ""SEM"": ""Helios G4 PFIB CXe"", ""Detector"": ""InLens"", ""Gun"": ""FEG"", ""Voltage"": 5000, ""Magnification"": 5000, ""Etching"": ""Vilella"", ""Sample"": ""Q980_0h_WC"", ""Kind"": ""Detail"", ""Pixel Size"": 1.34896e-08, ""Beam Current"": 1.6e-09, ""Dwell Time"": 1e-05, ""Dwell Time cat"": ""high"", ""Chamber Pressure"": 0.000135, ""Working Distance"": 0.00624736}, ""normalized"": {""microscope"": ""Helios G4 PFIB CXe"", ""instrument"": ""Helios G4 PFIB CXe"", ""detector"": ""InLens"", ""accelerating_voltage_kv"": 5000.0, ""magnification"": 5000.0, ""pixel_size_nm"": 1.34896e-08, ""beam_current_na"": 1.6e-09, ""dwell_time_us"": 1e-05, ""working_distance_mm"": 6.2474, ""chamber_pressure_pa"": 0.000135, ""sample"": ""Q980_0h_WC"", ""sample_state"": ""Detail"", ""etching_agent"": ""Vilella"", ""imaging_mode"": ""SEM"", ""scale"": ""1.34896e-08 nm/pixel"", ""acquisition_date_if_available"": null}}",,,,
hcci,AsCast,hcci_470,Images\470.png,C:\Users\Pranet\Downloads\Mini Project\data\raw\hcci\Images\470.png,470.png,.png,6271345,dd9ee6512e78846b3d25ea27ef335fa7b248db6a24fc9881d427492f431bf35c,2515,1920,4,8,uint8,png,RGBA,SEM,,Detail,Detail,sample_AsCast_Detail,AsCast,roi_470,Helios G4 PFIB CXe_InLens_20000.0kV_5000.0x,"{""raw_metadata"": {""File Name"": 470, ""SEM"": ""Helios G4 PFIB CXe"", ""Detector"": ""InLens"", ""Gun"": ""FEG"", ""Voltage"": 20000, ""Magnification"": 5000, ""Etching"": ""Nital"", ""Sample"": ""AsCast"", ""Kind"": ""Detail"", ""Pixel Size"": 1.34896e-08, ""Beam Current"": 1.6e-09, ""Dwell Time"": 5e-07, ""Dwell Time cat"": ""low"", ""Chamber Pressure"": 0.000301, ""Working Distance"": 0.00653901}, ""normalized"": {""microscope"": ""Helios G4 PFIB CXe"", ""instrument"": ""Helios G4 PFIB CXe"", ""detector"": ""InLens"", ""accelerating_voltage_kv"": 20000.0, ""magnification"": 5000.0, ""pixel_size_nm"": 1.34896e-08, ""beam_current_na"": 1.6e-09, ""dwell_time_us"": 5e-07, ""working_distance_mm"": 6.539, ""chamber_pressure_pa"": 0.000301, ""sample"": ""AsCast"", ""sample_state"": ""Detail"", ""etching_agent"": ""Nital"", ""imaging_mode"": ""SEM"", ""scale"": ""1.34896e-08 nm/pixel"", ""acquisition_date_if_available"": null}}",,,,
hcci,Q980_0h_WC,hcci_471,Images\471.png,C:\Users\Pranet\Downloads\Mini Project\data\raw\hcci\Images\471.png,471.png,.png,6375978,25f2ecf608a27148e51f5837d9553a59fc1dda738e029b11f4cf834b52cd82e0,2679,1983,4,8,uint8,png,RGBA,SEM,,Overview,Overview,sample_Q980_0h_WC_Overview,Q980_0h_WC,roi_471,Helios G4 PFIB CXe_SE_5000.0kV_1000.0x,"{""raw_metadata"": {""File Name"": 471, ""SEM"": ""Helios G4 PFIB CXe"", ""Detector"": ""SE"", ""Gun"": ""FEG"", ""Voltage"": 5000, ""Magnification"": 1000, ""Etching"": ""Nital"", ""Sample"": ""Q980_0h_WC"", ""Kind"": ""Overview"", ""Pixel Size"": 6.74479e-08, ""Beam Current"": 1.6e-09, ""Dwell Time"": 1e-05, ""Dwell Time cat"": ""high"", ""Chamber Pressure"": 0.000344, ""Working Distance"": 0.00670712}, ""normalized"": {""microscope"": ""Helios G4 PFIB CXe"", ""instrument"": ""Helios G4 PFIB CXe"", ""detector"": ""SE"", ""accelerating_voltage_kv"": 5000.0, ""magnification"": 1000.0, ""pixel_size_nm"": 6.74479e-08, ""beam_current_na"": 1.6e-09, ""dwell_time_us"": 1e-05, ""working_distance_mm"": 6.7071, ""chamber_pressure_pa"": 0.000344, ""sample"": ""Q980_0h_WC"", ""sample_state"": ""Overview"", ""etching_agent"": ""Nital"", ""imaging_mode"": ""SEM"", ""scale"": ""6.74479e-08 nm/pixel"", ""acquisition_date_if_available"": null}}",,,,
hcci,Q980_0h_WC,hcci_472,Images\472.png,C:\Users\Pranet\Downloads\Mini Project\data\raw\hcci\Images\472.png,472.png,.png,7038123,3aac3060b8acc9453d7d3caa1502c4b06f84fafa513c298e976a652d1ccd7e41,2679,1983,4,8,uint8,png,RGBA,SEM,,Overview,Overview,sample_Q980_0h_WC_Overview,Q980_0h_WC,roi_472,Helios G4 PFIB CXe_SE_5000.0kV_1000.0x,"{""raw_metadata"": {""File Name"": 472, ""SEM"": ""Helios G4 PFIB CXe"", ""Detector"": ""SE"", ""Gun"": ""FEG"", ""Voltage"": 5000, ""Magnification"": 1000, ""Etching"": ""Nital"", ""Sample"": ""Q980_0h_WC"", ""Kind"": ""Overview"", ""Pixel Size"": 6.74479e-08, ""Beam Current"": 1.6e-09, ""Dwell Time"": 5e-07, ""Dwell Time cat"": ""low"", ""Chamber Pressure"": 0.00034, ""Working Distance"": 0.00670712}, ""normalized"": {""microscope"": ""Helios G4 PFIB CXe"", ""instrument"": ""Helios G4 PFIB CXe"", ""detector"": ""SE"", ""accelerating_voltage_kv"": 5000.0, ""magnification"": 1000.0, ""pixel_size_nm"": 6.74479e-08, ""beam_current_na"": 1.6e-09, ""dwell_time_us"": 5e-07, ""working_distance_mm"": 6.7071, ""chamber_pressure_pa"": 0.00034, ""sample"": ""Q980_0h_WC"", ""sample_state"": ""Overview"", ""etching_agent"": ""Nital"", ""imaging_mode"": ""SEM"", ""scale"": ""6.74479e-08 nm/pixel"", ""acquisition_date_if_available"": null}}",,,,
hcci,Q980_0h_WC,hcci_473,Images\473.png,C:\Users\Pranet\Downloads\Mini Project\data\raw\hcci\Images\473.png,473.png,.png,4991828,b6aa0a508c902b441588f3ad1bcf7e0f2cd116c3ff28398b45890f7bf246b7a3,2679,1983,4,8,uint8,png,RGBA,SEM,,Overview,Overview,sample_Q980_0h_WC_Overview,Q980_0h_WC,roi_473,Helios G4 PFIB CXe_BSE_5000.0kV_1000.0x,"{""raw_metadata"": {""File Name"": 473, ""SEM"": ""Helios G4 PFIB CXe"", ""Detector"": ""BSE"", ""Gun"": ""FEG"", ""Voltage"": 5000, ""Magnification"": 1000, ""Etching"": ""Nital"", ""Sample"": ""Q980_0h_WC"", ""Kind"": ""Overview"", ""Pixel Size"": 6.74479e-08, ""Beam Current"": 1.6e-09, ""Dwell Time"": 1e-05, ""Dwell Time cat"": ""high"", ""Chamber Pressure"": 0.000265, ""Working Distance"": 0.00668829}, ""normalized"": {""microscope"": ""Helios G4 PFIB CXe"", ""instrument"": ""Helios G4 PFIB CXe"", ""detector"": ""BSE"", ""accelerating_voltage_kv"": 5000.0, ""magnification"": 1000.0, ""pixel_size_nm"": 6.74479e-08, ""beam_current_na"": 1.6e-09, ""dwell_time_us"": 1e-05, ""working_distance_mm"": 6.6883, ""chamber_pressure_pa"": 0.000265, ""sample"": ""Q980_0h_WC"", ""sample_state"": ""Overview"", ""etching_agent"": ""Nital"", ""imaging_mode"": ""SEM"", ""scale"": ""6.74479e-08 nm/pixel"", ""acquisition_date_if_available"": null}}",,,,
hcci,Q980_0h_WC,hcci_474,Images\474.png,C:\Users\Pranet\Downloads\Mini Project\data\raw\hcci\Images\474.png,474.png,.png,6238524,2afe07ccdfed3b470b8fb340a2d4a33b4e825adab375d6e36c0f6a45e26df11d,2679,1983,4,8,uint8,png,RGBA,SEM,,Overview,Overview,sample_Q980_0h_WC_Overview,Q980_0h_WC,roi_474,Helios G4 PFIB CXe_BSE_5000.0kV_1000.0x,"{""raw_metadata"": {""File Name"": 474, ""SEM"": ""Helios G4 PFIB CXe"", ""Detector"": ""BSE"", ""Gun"": ""FEG"", ""Voltage"": 5000, ""Magnification"": 1000, ""Etching"": ""Nital"", ""Sample"": ""Q980_0h_WC"", ""Kind"": ""Overview"", ""Pixel Size"": 6.74479e-08, ""Beam Current"": 1.6e-09, ""Dwell Time"": 5e-07, ""Dwell Time cat"": ""low"", ""Chamber Pressure"": 0.000262, ""Working Distance"": 0.00668829}, ""normalized"": {""microscope"": ""Helios G4 PFIB CXe"", ""instrument"": ""Helios G4 PFIB CXe"", ""detector"": ""BSE"", ""accelerating_voltage_kv"": 5000.0, ""magnification"": 1000.0, ""pixel_size_nm"": 6.74479e-08, ""beam_current_na"": 1.6e-09, ""dwell_time_us"": 5e-07, ""working_distance_mm"": 6.6883, ""chamber_pressure_pa"": 0.000262, ""sample"": ""Q980_0h_WC"", ""sample_state"": ""Overview"", ""etching_agent"": ""Nital"", ""imaging_mode"": ""SEM"", ""scale"": ""6.74479e-08 nm/pixel"", ""acquisition_date_if_available"": null}}",,,,
hcci,Q980_0h_WC,hcci_475,Images\475.png,C:\Users\Pranet\Downloads\Mini Project\data\raw\hcci\Images\475.png,475.png,.png,6140612,e611f3f3d8b4e54f152b9d4b6eca44923e87ee8e68a0bfb7f05bb2b6e60d3bf6,2679,1983,4,8,uint8,png,RGBA,SEM,,Overview,Overview,sample_Q980_0h_WC_Overview,Q980_0h_WC,roi_475,Helios G4 PFIB CXe_InLens_5000.0kV_1000.0x,"{""raw_metadata"": {""File Name"": 475, ""SEM"": ""Helios G4 PFIB CXe"", ""Detector"": ""InLens"", ""Gun"": ""FEG"", ""Voltage"": 5000, ""Magnification"": 1000, ""Etching"": ""Nital"", ""Sample"": ""Q980_0h_WC"", ""Kind"": ""Overview"", ""Pixel Size"": 6.74479e-08, ""Beam Current"": 1.6e-09, ""Dwell Time"": 1e-05, ""Dwell Time cat"": ""high"", ""Chamber Pressure"": 0.000244, ""Working Distance"": 0.00668829}, ""normalized"": {""microscope"": ""Helios G4 PFIB CXe"", ""instrument"": ""Helios G4 PFIB CXe"", ""detector"": ""InLens"", ""accelerating_voltage_kv"": 5000.0, ""magnification"": 1000.0, ""pixel_size_nm"": 6.74479e-08, ""beam_current_na"": 1.6e-09, ""dwell_time_us"": 1e-05, ""working_distance_mm"": 6.6883, ""chamber_pressure_pa"": 0.000244, ""sample"": ""Q980_0h_WC"", ""sample_state"": ""Overview"", ""etching_agent"": ""Nital"", ""imaging_mode"": ""SEM"", ""scale"": ""6.74479e-08 nm/pixel"", ""acquisition_date_if_available"": null}}",,,,
hcci,Q980_0h_WC,hcci_476,Images\476.png,C:\Users\Pranet\Downloads\Mini Project\data\raw\hcci\Images\476.png,476.png,.png,7207068,5d14ea76195e6dfbb1a2e8adfc004ffd3d7214d52c9e929ad4e9030c232efa5e,2679,1983,4,8,uint8,png,RGBA,SEM,,Overview,Overview,sample_Q980_0h_WC_Overview,Q980_0h_WC,roi_476,Helios G4 PFIB CXe_InLens_5000.0kV_1000.0x,"{""raw_metadata"": {""File Name"": 476, ""SEM"": ""Helios G4 PFIB CXe"", ""Detector"": ""InLens"", ""Gun"": ""FEG"", ""Voltage"": 5000, ""Magnification"": 1000, ""Etching"": ""Nital"", ""Sample"": ""Q980_0h_WC"", ""Kind"": ""Overview"", ""Pixel Size"": 6.74479e-08, ""Beam Current"": 1.6e-09, ""Dwell Time"": 5e-07, ""Dwell Time cat"": ""low"", ""Chamber Pressure"": 0.000241, ""Working Distance"": 0.00668829}, ""normalized"": {""microscope"": ""Helios G4 PFIB CXe"", ""instrument"": ""Helios G4 PFIB CXe"", ""detector"": ""InLens"", ""accelerating_voltage_kv"": 5000.0, ""magnification"": 1000.0, ""pixel_size_nm"": 6.74479e-08, ""beam_current_na"": 1.6e-09, ""dwell_time_us"": 5e-07, ""working_distance_mm"": 6.6883, ""chamber_pressure_pa"": 0.000241, ""sample"": ""Q980_0h_WC"", ""sample_state"": ""Overview"", ""etching_agent"": ""Nital"", ""imaging_mode"": ""SEM"", ""scale"": ""6.74479e-08 nm/pixel"", ""acquisition_date_if_available"": null}}",,,,
hcci,Q980_0h_WC,hcci_477,Images\477.png,C:\Users\Pranet\Downloads\Mini Project\data\raw\hcci\Images\477.png,477.png,.png,4402928,c83930ff81356321a720893ecf3f9fe6fb185790970d5083ce945c619cbf5d5e,2476,1762,4,8,uint8,png,RGBA,SEM,,Detail,Detail,sample_Q980_0h_WC_Detail,Q980_0h_WC,roi_477,Helios G4 PFIB CXe_SE_5000.0kV_5000.0x,"{""raw_metadata"": {""File Name"": 477, ""SEM"": ""Helios G4 PFIB CXe"", ""Detector"": ""SE"", ""Gun"": ""FEG"", ""Voltage"": 5000, ""Magnification"": 5000, ""Etching"": ""Nital"", ""Sample"": ""Q980_0h_WC"", ""Kind"": ""Detail"", ""Pixel Size"": 1.34896e-08, ""Beam Current"": 1.6e-09, ""Dwell Time"": 1e-05, ""Dwell Time cat"": ""high"", ""Chamber Pressure"": 0.000238, ""Working Distance"": 0.00668829}, ""normalized"": {""microscope"": ""Helios G4 PFIB CXe"", ""instrument"": ""Helios G4 PFIB CXe"", ""detector"": ""SE"", ""accelerating_voltage_kv"": 5000.0, ""magnification"": 5000.0, ""pixel_size_nm"": 1.34896e-08, ""beam_current_na"": 1.6e-09, ""dwell_time_us"": 1e-05, ""working_distance_mm"": 6.6883, ""chamber_pressure_pa"": 0.000238, ""sample"": ""Q980_0h_WC"", ""sample_state"": ""Detail"", ""etching_agent"": ""Nital"", ""imaging_mode"": ""SEM"", ""scale"": ""1.34896e-08 nm/pixel"", ""acquisition_date_if_available"": null}}",,,,
hcci,Q980_0h_WC,hcci_478,Images\478.png,C:\Users\Pranet\Downloads\Mini Project\data\raw\hcci\Images\478.png,478.png,.png,5347588,10fb0d11c9f6965d7b489bd13e3112dade26382055f5f513fbcca4dc740c460e,2476,1762,4,8,uint8,png,RGBA,SEM,,Detail,Detail,sample_Q980_0h_WC_Detail,Q980_0h_WC,roi_478,Helios G4 PFIB CXe_SE_5000.0kV_5000.0x,"{""raw_metadata"": {""File Name"": 478, ""SEM"": ""Helios G4 PFIB CXe"", ""Detector"": ""SE"", ""Gun"": ""FEG"", ""Voltage"": 5000, ""Magnification"": 5000, ""Etching"": ""Nital"", ""Sample"": ""Q980_0h_WC"", ""Kind"": ""Detail"", ""Pixel Size"": 1.34896e-08, ""Beam Current"": 1.6e-09, ""Dwell Time"": 5e-07, ""Dwell Time cat"": ""low"", ""Chamber Pressure"": 0.000235, ""Working Distance"": 0.00668829}, ""normalized"": {""microscope"": ""Helios G4 PFIB CXe"", ""instrument"": ""Helios G4 PFIB CXe"", ""detector"": ""SE"", ""accelerating_voltage_kv"": 5000.0, ""magnification"": 5000.0, ""pixel_size_nm"": 1.34896e-08, ""beam_current_na"": 1.6e-09, ""dwell_time_us"": 5e-07, ""working_distance_mm"": 6.6883, ""chamber_pressure_pa"": 0.000235, ""sample"": ""Q980_0h_WC"", ""sample_state"": ""Detail"", ""etching_agent"": ""Nital"", ""imaging_mode"": ""SEM"", ""scale"": ""1.34896e-08 nm/pixel"", ""acquisition_date_if_available"": null}}",,,,
hcci,Q980_0h_WC,hcci_479,Images\479.png,C:\Users\Pranet\Downloads\Mini Project\data\raw\hcci\Images\479.png,479.png,.png,4556833,5fcb32cd112992b4a2c8baff8721f6984aed3aebdbe9389088cbf38910d69c39,2476,1762,4,8,uint8,png,RGBA,SEM,,Detail,Detail,sample_Q980_0h_WC_Detail,Q980_0h_WC,roi_479,Helios G4 PFIB CXe_BSE_5000.0kV_5000.0x,"{""raw_metadata"": {""File Name"": 479, ""SEM"": ""Helios G4 PFIB CXe"", ""Detector"": ""BSE"", ""Gun"": ""FEG"", ""Voltage"": 5000, ""Magnification"": 5000, ""Etching"": ""Nital"", ""Sample"": ""Q980_0h_WC"", ""Kind"": ""Detail"", ""Pixel Size"": 1.34896e-08, ""Beam Current"": 1.6e-09, ""Dwell Time"": 1e-05, ""Dwell Time cat"": ""high"", ""Chamber Pressure"": 0.000249, ""Working Distance"": 0.00668829}, ""normalized"": {""microscope"": ""Helios G4 PFIB CXe"", ""instrument"": ""Helios G4 PFIB CXe"", ""detector"": ""BSE"", ""accelerating_voltage_kv"": 5000.0, ""magnification"": 5000.0, ""pixel_size_nm"": 1.34896e-08, ""beam_current_na"": 1.6e-09, ""dwell_time_us"": 1e-05, ""working_distance_mm"": 6.6883, ""chamber_pressure_pa"": 0.000249, ""sample"": ""Q980_0h_WC"", ""sample_state"": ""Detail"", ""etching_agent"": ""Nital"", ""imaging_mode"": ""SEM"", ""scale"": ""1.34896e-08 nm/pixel"", ""acquisition_date_if_available"": null}}",,,,
hcci,Q980_0h_WC,hcci_48,Images\48.png,C:\Users\Pranet\Downloads\Mini Project\data\raw\hcci\Images\48.png,48.png,.png,5778434,755e6faaf46ac0584c32db969d416870e4d39a1665578dd4567fe25e1ed6a32d,2651,1896,4,8,uint8,png,RGBA,SEM,,Detail,Detail,sample_Q980_0h_WC_Detail,Q980_0h_WC,roi_48,Helios G4 PFIB CXe_InLens_5000.0kV_5000.0x,"{""raw_metadata"": {""File Name"": 48, ""SEM"": ""Helios G4 PFIB CXe"", ""Detector"": ""InLens"", ""Gun"": ""FEG"", ""Voltage"": 5000, ""Magnification"": 5000, ""Etching"": ""Vilella"", ""Sample"": ""Q980_0h_WC"", ""Kind"": ""Detail"", ""Pixel Size"": 1.34896e-08, ""Beam Current"": 1.6e-09, ""Dwell Time"": 5e-07, ""Dwell Time cat"": ""low"", ""Chamber Pressure"": 0.000135, ""Working Distance"": 0.00624736}, ""normalized"": {""microscope"": ""Helios G4 PFIB CXe"", ""instrument"": ""Helios G4 PFIB CXe"", ""detector"": ""InLens"", ""accelerating_voltage_kv"": 5000.0, ""magnification"": 5000.0, ""pixel_size_nm"": 1.34896e-08, ""beam_current_na"": 1.6e-09, ""dwell_time_us"": 5e-07, ""working_distance_mm"": 6.2474, ""chamber_pressure_pa"": 0.000135, ""sample"": ""Q980_0h_WC"", ""sample_state"": ""Detail"", ""etching_agent"": ""Vilella"", ""imaging_mode"": ""SEM"", ""scale"": ""1.34896e-08 nm/pixel"", ""acquisition_date_if_available"": null}}",,,,
hcci,Q980_0h_WC,hcci_480,Images\480.png,C:\Users\Pranet\Downloads\Mini Project\data\raw\hcci\Images\480.png,480.png,.png,6273869,c95a864a996751451274f4de17bbfd37c35e68dfa17b9e19d49baaf89d93a9b3,2476,1762,4,8,uint8,png,RGBA,SEM,,Detail,Detail,sample_Q980_0h_WC_Detail,Q980_0h_WC,roi_480,Helios G4 PFIB CXe_BSE_5000.0kV_5000.0x,"{""raw_metadata"": {""File Name"": 480, ""SEM"": ""Helios G4 PFIB CXe"", ""Detector"": ""BSE"", ""Gun"": ""FEG"", ""Voltage"": 5000, ""Magnification"": 5000, ""Etching"": ""Nital"", ""Sample"": ""Q980_0h_WC"", ""Kind"": ""Detail"", ""Pixel Size"": 1.34896e-08, ""Beam Current"": 1.6e-09, ""Dwell Time"": 5e-07, ""Dwell Time cat"": ""low"", ""Chamber Pressure"": 0.000246, ""Working Distance"": 0.00668829}, ""normalized"": {""microscope"": ""Helios G4 PFIB CXe"", ""instrument"": ""Helios G4 PFIB CXe"", ""detector"": ""BSE"", ""accelerating_voltage_kv"": 5000.0, ""magnification"": 5000.0, ""pixel_size_nm"": 1.34896e-08, ""beam_current_na"": 1.6e-09, ""dwell_time_us"": 5e-07, ""working_distance_mm"": 6.6883, ""chamber_pressure_pa"": 0.000246, ""sample"": ""Q980_0h_WC"", ""sample_state"": ""Detail"", ""etching_agent"": ""Nital"", ""imaging_mode"": ""SEM"", ""scale"": ""1.34896e-08 nm/pixel"", ""acquisition_date_if_available"": null}}",,,,
hcci,Q980_0h_WC,hcci_481,Images\481.png,C:\Users\Pranet\Downloads\Mini Project\data\raw\hcci\Images\481.png,481.png,.png,4385291,e894335b29eb285f0af1ce97a6b10a2690e1ce05f7d335af8ea4c54ce7b7ee94,2476,1762,4,8,uint8,png,RGBA,SEM,,Detail,Detail,sample_Q980_0h_WC_Detail,Q980_0h_WC,roi_481,Helios G4 PFIB CXe_InLens_5000.0kV_5000.0x,"{""raw_metadata"": {""File Name"": 481, ""SEM"": ""Helios G4 PFIB CXe"", ""Detector"": ""InLens"", ""Gun"": ""FEG"", ""Voltage"": 5000, ""Magnification"": 5000, ""Etching"": ""Nital"", ""Sample"": ""Q980_0h_WC"", ""Kind"": ""Detail"", ""Pixel Size"": 1.34896e-08, ""Beam Current"": 1.6e-09, ""Dwell Time"": 1e-05, ""Dwell Time cat"": ""high"", ""Chamber Pressure"": 0.000234, ""Working Distance"": 0.00668829}, ""normalized"": {""microscope"": ""Helios G4 PFIB CXe"", ""instrument"": ""Helios G4 PFIB CXe"", ""detector"": ""InLens"", ""accelerating_voltage_kv"": 5000.0, ""magnification"": 5000.0, ""pixel_size_nm"": 1.34896e-08, ""beam_current_na"": 1.6e-09, ""dwell_time_us"": 1e-05, ""working_distance_mm"": 6.6883, ""chamber_pressure_pa"": 0.000234, ""sample"": ""Q980_0h_WC"", ""sample_state"": ""Detail"", ""etching_agent"": ""Nital"", ""imaging_mode"": ""SEM"", ""scale"": ""1.34896e-08 nm/pixel"", ""acquisition_date_if_available"": null}}",,,,
hcci,Q980_0h_WC,hcci_482,Images\482.png,C:\Users\Pranet\Downloads\Mini Project\data\raw\hcci\Images\482.png,482.png,.png,5738445,00299c5ac64b9a78d3da1ae9b80d669b728ed707d31b075466a4aac79fd2d771,2476,1762,4,8,uint8,png,RGBA,SEM,,Detail,Detail,sample_Q980_0h_WC_Detail,Q980_0h_WC,roi_482,Helios G4 PFIB CXe_InLens_5000.0kV_5000.0x,"{""raw_metadata"": {""File Name"": 482, ""SEM"": ""Helios G4 PFIB CXe"", ""Detector"": ""InLens"", ""Gun"": ""FEG"", ""Voltage"": 5000, ""Magnification"": 5000, ""Etching"": ""Nital"", ""Sample"": ""Q980_0h_WC"", ""Kind"": ""Detail"", ""Pixel Size"": 1.34896e-08, ""Beam Current"": 1.6e-09, ""Dwell Time"": 5e-07, ""Dwell Time cat"": ""low"", ""Chamber Pressure"": 0.000234, ""Working Distance"": 0.00668829}, ""normalized"": {""microscope"": ""Helios G4 PFIB CXe"", ""instrument"": ""Helios G4 PFIB CXe"", ""detector"": ""InLens"", ""accelerating_voltage_kv"": 5000.0, ""magnification"": 5000.0, ""pixel_size_nm"": 1.34896e-08, ""beam_current_na"": 1.6e-09, ""dwell_time_us"": 5e-07, ""working_distance_mm"": 6.6883, ""chamber_pressure_pa"": 0.000234, ""sample"": ""Q980_0h_WC"", ""sample_state"": ""Detail"", ""etching_agent"": ""Nital"", ""imaging_mode"": ""SEM"", ""scale"": ""1.34896e-08 nm/pixel"", ""acquisition_date_if_available"": null}}",,,,
hcci,Q980_0h_WC,hcci_483,Images\483.png,C:\Users\Pranet\Downloads\Mini Project\data\raw\hcci\Images\483.png,483.png,.png,6466008,ee5e160cdde2fe4d5cee9c6c4ca7d950d72cf910918df86401aafc1df194b99c,2679,1983,4,8,uint8,png,RGBA,SEM,,Overview,Overview,sample_Q980_0h_WC_Overview,Q980_0h_WC,roi_483,Helios G4 PFIB CXe_SE_10000.0kV_1000.0x,"{""raw_metadata"": {""File Name"": 483, ""SEM"": ""Helios G4 PFIB CXe"", ""Detector"": ""SE"", ""Gun"": ""FEG"", ""Voltage"": 10000, ""Magnification"": 1000, ""Etching"": ""Nital"", ""Sample"": ""Q980_0h_WC"", ""Kind"": ""Overview"", ""Pixel Size"": 6.74479e-08, ""Beam Current"": 1.6e-09, ""Dwell Time"": 1e-05, ""Dwell Time cat"": ""high"", ""Chamber Pressure"": 0.000223, ""Working Distance"": 0.00665615}, ""normalized"": {""microscope"": ""Helios G4 PFIB CXe"", ""instrument"": ""Helios G4 PFIB CXe"", ""detector"": ""SE"", ""accelerating_voltage_kv"": 10000.0, ""magnification"": 1000.0, ""pixel_size_nm"": 6.74479e-08, ""beam_current_na"": 1.6e-09, ""dwell_time_us"": 1e-05, ""working_distance_mm"": 6.6561, ""chamber_pressure_pa"": 0.000223, ""sample"": ""Q980_0h_WC"", ""sample_state"": ""Overview"", ""etching_agent"": ""Nital"", ""imaging_mode"": ""SEM"", ""scale"": ""6.74479e-08 nm/pixel"", ""acquisition_date_if_available"": null}}",,,,
hcci,Q980_0h_WC,hcci_484,Images\484.png,C:\Users\Pranet\Downloads\Mini Project\data\raw\hcci\Images\484.png,484.png,.png,7425111,840666f0a6b778490372dcaee269517de97b5507b67a5ae3a28430a7b308067b,2679,1983,4,8,uint8,png,RGBA,SEM,,Overview,Overview,sample_Q980_0h_WC_Overview,Q980_0h_WC,roi_484,Helios G4 PFIB CXe_SE_10000.0kV_1000.0x,"{""raw_metadata"": {""File Name"": 484, ""SEM"": ""Helios G4 PFIB CXe"", ""Detector"": ""SE"", ""Gun"": ""FEG"", ""Voltage"": 10000, ""Magnification"": 1000, ""Etching"": ""Nital"", ""Sample"": ""Q980_0h_WC"", ""Kind"": ""Overview"", ""Pixel Size"": 6.74479e-08, ""Beam Current"": 1.6e-09, ""Dwell Time"": 5e-07, ""Dwell Time cat"": ""low"", ""Chamber Pressure"": 0.00022, ""Working Distance"": 0.00665615}, ""normalized"": {""microscope"": ""Helios G4 PFIB CXe"", ""instrument"": ""Helios G4 PFIB CXe"", ""detector"": ""SE"", ""accelerating_voltage_kv"": 10000.0, ""magnification"": 1000.0, ""pixel_size_nm"": 6.74479e-08, ""beam_current_na"": 1.6e-09, ""dwell_time_us"": 5e-07, ""working_distance_mm"": 6.6561, ""chamber_pressure_pa"": 0.00022, ""sample"": ""Q980_0h_WC"", ""sample_state"": ""Overview"", ""etching_agent"": ""Nital"", ""imaging_mode"": ""SEM"", ""scale"": ""6.74479e-08 nm/pixel"", ""acquisition_date_if_available"": null}}",,,,
hcci,Q980_0h_WC,hcci_485,Images\485.png,C:\Users\Pranet\Downloads\Mini Project\data\raw\hcci\Images\485.png,485.png,.png,5922607,df47684b9a0019618ea006ec9ca93cec04b40726eec59dbf34cb5e2b9ee0d503,2679,1983,4,8,uint8,png,RGBA,SEM,,Overview,Overview,sample_Q980_0h_WC_Overview,Q980_0h_WC,roi_485,Helios G4 PFIB CXe_BSE_10000.0kV_1000.0x,"{""raw_metadata"": {""File Name"": 485, ""SEM"": ""Helios G4 PFIB CXe"", ""Detector"": ""BSE"", ""Gun"": ""FEG"", ""Voltage"": 10000, ""Magnification"": 1000, ""Etching"": ""Nital"", ""Sample"": ""Q980_0h_WC"", ""Kind"": ""Overview"", ""Pixel Size"": 6.74479e-08, ""Beam Current"": 1.6e-09, ""Dwell Time"": 1e-05, ""Dwell Time cat"": ""high"", ""Chamber Pressure"": 0.000234, ""Working Distance"": 0.00665615}, ""normalized"": {""microscope"": ""Helios G4 PFIB CXe"", ""instrument"": ""Helios G4 PFIB CXe"", ""detector"": ""BSE"", ""accelerating_voltage_kv"": 10000.0, ""magnification"": 1000.0, ""pixel_size_nm"": 6.74479e-08, ""beam_current_na"": 1.6e-09, ""dwell_time_us"": 1e-05, ""working_distance_mm"": 6.6561, ""chamber_pressure_pa"": 0.000234, ""sample"": ""Q980_0h_WC"", ""sample_state"": ""Overview"", ""etching_agent"": ""Nital"", ""imaging_mode"": ""SEM"", ""scale"": ""6.74479e-08 nm/pixel"", ""acquisition_date_if_available"": null}}",,,,
hcci,Q980_0h_WC,hcci_486,Images\486.png,C:\Users\Pranet\Downloads\Mini Project\data\raw\hcci\Images\486.png,486.png,.png,5349467,cfc52a31d2d977ca3b62855f65801970a0110e291795aa84669fd3b979436e49,2679,1983,4,8,uint8,png,RGBA,SEM,,Overview,Overview,sample_Q980_0h_WC_Overview,Q980_0h_WC,roi_486,Helios G4 PFIB CXe_BSE_10000.0kV_1000.0x,"{""raw_metadata"": {""File Name"": 486, ""SEM"": ""Helios G4 PFIB CXe"", ""Detector"": ""BSE"", ""Gun"": ""FEG"", ""Voltage"": 10000, ""Magnification"": 1000, ""Etching"": ""Nital"", ""Sample"": ""Q980_0h_WC"", ""Kind"": ""Overview"", ""Pixel Size"": 6.74479e-08, ""Beam Current"": 1.6e-09, ""Dwell Time"": 5e-07, ""Dwell Time cat"": ""low"", ""Chamber Pressure"": 0.000231, ""Working Distance"": 0.00665615}, ""normalized"": {""microscope"": ""Helios G4 PFIB CXe"", ""instrument"": ""Helios G4 PFIB CXe"", ""detector"": ""BSE"", ""accelerating_voltage_kv"": 10000.0, ""magnification"": 1000.0, ""pixel_size_nm"": 6.74479e-08, ""beam_current_na"": 1.6e-09, ""dwell_time_us"": 5e-07, ""working_distance_mm"": 6.6561, ""chamber_pressure_pa"": 0.000231, ""sample"": ""Q980_0h_WC"", ""sample_state"": ""Overview"", ""etching_agent"": ""Nital"", ""imaging_mode"": ""SEM"", ""scale"": ""6.74479e-08 nm/pixel"", ""acquisition_date_if_available"": null}}",,,,
hcci,Q980_0h_WC,hcci_487,Images\487.png,C:\Users\Pranet\Downloads\Mini Project\data\raw\hcci\Images\487.png,487.png,.png,6319223,cfffbb8f1a68b17b525d2c22310f863a374b251b57199ed05c65abf643218724,2679,1983,4,8,uint8,png,RGBA,SEM,,Overview,Overview,sample_Q980_0h_WC_Overview,Q980_0h_WC,roi_487,Helios G4 PFIB CXe_InLens_10000.0kV_1000.0x,"{""raw_metadata"": {""File Name"": 487, ""SEM"": ""Helios G4 PFIB CXe"", ""Detector"": ""InLens"", ""Gun"": ""FEG"", ""Voltage"": 10000, ""Magnification"": 1000, ""Etching"": ""Nital"", ""Sample"": ""Q980_0h_WC"", ""Kind"": ""Overview"", ""Pixel Size"": 6.74479e-08, ""Beam Current"": 1.6e-09, ""Dwell Time"": 1e-05, ""Dwell Time cat"": ""high"", ""Chamber Pressure"": 0.000219, ""Working Distance"": 0.00665615}, ""normalized"": {""microscope"": ""Helios G4 PFIB CXe"", ""instrument"": ""Helios G4 PFIB CXe"", ""detector"": ""InLens"", ""accelerating_voltage_kv"": 10000.0, ""magnification"": 1000.0, ""pixel_size_nm"": 6.74479e-08, ""beam_current_na"": 1.6e-09, ""dwell_time_us"": 1e-05, ""working_distance_mm"": 6.6561, ""chamber_pressure_pa"": 0.000219, ""sample"": ""Q980_0h_WC"", ""sample_state"": ""Overview"", ""etching_agent"": ""Nital"", ""imaging_mode"": ""SEM"", ""scale"": ""6.74479e-08 nm/pixel"", ""acquisition_date_if_available"": null}}",,,,
hcci,Q980_0h_WC,hcci_488,Images\488.png,C:\Users\Pranet\Downloads\Mini Project\data\raw\hcci\Images\488.png,488.png,.png,7625892,4b572993ffbe2d5b379fcb6c7f4a2b6d4669bc5e2ca358b4ce999a9d7d57c1c5,2679,1983,4,8,uint8,png,RGBA,SEM,,Overview,Overview,sample_Q980_0h_WC_Overview,Q980_0h_WC,roi_488,Helios G4 PFIB CXe_InLens_10000.0kV_1000.0x,"{""raw_metadata"": {""File Name"": 488, ""SEM"": ""Helios G4 PFIB CXe"", ""Detector"": ""InLens"", ""Gun"": ""FEG"", ""Voltage"": 10000, ""Magnification"": 1000, ""Etching"": ""Nital"", ""Sample"": ""Q980_0h_WC"", ""Kind"": ""Overview"", ""Pixel Size"": 6.74479e-08, ""Beam Current"": 1.6e-09, ""Dwell Time"": 5e-07, ""Dwell Time cat"": ""low"", ""Chamber Pressure"": 0.000216, ""Working Distance"": 0.00665615}, ""normalized"": {""microscope"": ""Helios G4 PFIB CXe"", ""instrument"": ""Helios G4 PFIB CXe"", ""detector"": ""InLens"", ""accelerating_voltage_kv"": 10000.0, ""magnification"": 1000.0, ""pixel_size_nm"": 6.74479e-08, ""beam_current_na"": 1.6e-09, ""dwell_time_us"": 5e-07, ""working_distance_mm"": 6.6561, ""chamber_pressure_pa"": 0.000216, ""sample"": ""Q980_0h_WC"", ""sample_state"": ""Overview"", ""etching_agent"": ""Nital"", ""imaging_mode"": ""SEM"", ""scale"": ""6.74479e-08 nm/pixel"", ""acquisition_date_if_available"": null}}",,,,
hcci,Q980_0h_WC,hcci_489,Images\489.png,C:\Users\Pranet\Downloads\Mini Project\data\raw\hcci\Images\489.png,489.png,.png,4550297,63c35e4eaf258c076dc5891729b4656405af5fb634a3f772895da2debbb61c58,2476,1762,4,8,uint8,png,RGBA,SEM,,Detail,Detail,sample_Q980_0h_WC_Detail,Q980_0h_WC,roi_489,Helios G4 PFIB CXe_SE_10000.0kV_5000.0x,"{""raw_metadata"": {""File Name"": 489, ""SEM"": ""Helios G4 PFIB CXe"", ""Detector"": ""SE"", ""Gun"": ""FEG"", ""Voltage"": 10000, ""Magnification"": 5000, ""Etching"": ""Nital"", ""Sample"": ""Q980_0h_WC"", ""Kind"": ""Detail"", ""Pixel Size"": 1.34896e-08, ""Beam Current"": 1.6e-09, ""Dwell Time"": 1e-05, ""Dwell Time cat"": ""high"", ""Chamber Pressure"": 0.000212, ""Working Distance"": 0.00665615}, ""normalized"": {""microscope"": ""Helios G4 PFIB CXe"", ""instrument"": ""Helios G4 PFIB CXe"", ""detector"": ""SE"", ""accelerating_voltage_kv"": 10000.0, ""magnification"": 5000.0, ""pixel_size_nm"": 1.34896e-08, ""beam_current_na"": 1.6e-09, ""dwell_time_us"": 1e-05, ""working_distance_mm"": 6.6561, ""chamber_pressure_pa"": 0.000212, ""sample"": ""Q980_0h_WC"", ""sample_state"": ""Detail"", ""etching_agent"": ""Nital"", ""imaging_mode"": ""SEM"", ""scale"": ""1.34896e-08 nm/pixel"", ""acquisition_date_if_available"": null}}",,,,
hcci,Q980_0h_WC,hcci_49,Images\49.png,C:\Users\Pranet\Downloads\Mini Project\data\raw\hcci\Images\49.png,49.png,.png,6174431,ae7dc1670b6065cf10e1651bebc2063dccd81614ba9d2f1e7b2ff55ba005f8b7,2749,1983,4,8,uint8,png,RGBA,SEM,,Overview,Overview,sample_Q980_0h_WC_Overview,Q980_0h_WC,roi_49,Helios G4 PFIB CXe_SE_10000.0kV_1000.0x,"{""raw_metadata"": {""File Name"": 49, ""SEM"": ""Helios G4 PFIB CXe"", ""Detector"": ""SE"", ""Gun"": ""FEG"", ""Voltage"": 10000, ""Magnification"": 1000, ""Etching"": ""Vilella"", ""Sample"": ""Q980_0h_WC"", ""Kind"": ""Overview"", ""Pixel Size"": 6.74479e-08, ""Beam Current"": 1.6e-09, ""Dwell Time"": 1e-05, ""Dwell Time cat"": ""high"", ""Chamber Pressure"": 0.00013, ""Working Distance"": 0.00619751}, ""normalized"": {""microscope"": ""Helios G4 PFIB CXe"", ""instrument"": ""Helios G4 PFIB CXe"", ""detector"": ""SE"", ""accelerating_voltage_kv"": 10000.0, ""magnification"": 1000.0, ""pixel_size_nm"": 6.74479e-08, ""beam_current_na"": 1.6e-09, ""dwell_time_us"": 1e-05, ""working_distance_mm"": 6.1975, ""chamber_pressure_pa"": 0.00013, ""sample"": ""Q980_0h_WC"", ""sample_state"": ""Overview"", ""etching_agent"": ""Vilella"", ""imaging_mode"": ""SEM"", ""scale"": ""6.74479e-08 nm/pixel"", ""acquisition_date_if_available"": null}}",,,,
hcci,Q980_0h_WC,hcci_490,Images\490.png,C:\Users\Pranet\Downloads\Mini Project\data\raw\hcci\Images\490.png,490.png,.png,5713247,36d93b77c0bb70b3b1d62c0e235650e6b5f43583a6d8c34e366a4cf7dd73f511,2476,1762,4,8,uint8,png,RGBA,SEM,,Detail,Detail,sample_Q980_0h_WC_Detail,Q980_0h_WC,roi_490,Helios G4 PFIB CXe_SE_10000.0kV_5000.0x,"{""raw_metadata"": {""File Name"": 490, ""SEM"": ""Helios G4 PFIB CXe"", ""Detector"": ""SE"", ""Gun"": ""FEG"", ""Voltage"": 10000, ""Magnification"": 5000, ""Etching"": ""Nital"", ""Sample"": ""Q980_0h_WC"", ""Kind"": ""Detail"", ""Pixel Size"": 1.34896e-08, ""Beam Current"": 1.6e-09, ""Dwell Time"": 5e-07, ""Dwell Time cat"": ""low"", ""Chamber Pressure"": 0.000212, ""Working Distance"": 0.00665615}, ""normalized"": {""microscope"": ""Helios G4 PFIB CXe"", ""instrument"": ""Helios G4 PFIB CXe"", ""detector"": ""SE"", ""accelerating_voltage_kv"": 10000.0, ""magnification"": 5000.0, ""pixel_size_nm"": 1.34896e-08, ""beam_current_na"": 1.6e-09, ""dwell_time_us"": 5e-07, ""working_distance_mm"": 6.6561, ""chamber_pressure_pa"": 0.000212, ""sample"": ""Q980_0h_WC"", ""sample_state"": ""Detail"", ""etching_agent"": ""Nital"", ""imaging_mode"": ""SEM"", ""scale"": ""1.34896e-08 nm/pixel"", ""acquisition_date_if_available"": null}}",,,,
hcci,Q980_0h_WC,hcci_491,Images\491.png,C:\Users\Pranet\Downloads\Mini Project\data\raw\hcci\Images\491.png,491.png,.png,4487942,b52365482023f3a0262b163af6d180b8cfeed8303e98eec18da5ab78999cfcc0,2476,1762,4,8,uint8,png,RGBA,SEM,,Detail,Detail,sample_Q980_0h_WC_Detail,Q980_0h_WC,roi_491,Helios G4 PFIB CXe_BSE_10000.0kV_5000.0x,"{""raw_metadata"": {""File Name"": 491, ""SEM"": ""Helios G4 PFIB CXe"", ""Detector"": ""BSE"", ""Gun"": ""FEG"", ""Voltage"": 10000, ""Magnification"": 5000, ""Etching"": ""Nital"", ""Sample"": ""Q980_0h_WC"", ""Kind"": ""Detail"", ""Pixel Size"": 1.34896e-08, ""Beam Current"": 1.6e-09, ""Dwell Time"": 1e-05, ""Dwell Time cat"": ""high"", ""Chamber Pressure"": 0.000229, ""Working Distance"": 0.00665615}, ""normalized"": {""microscope"": ""Helios G4 PFIB CXe"", ""instrument"": ""Helios G4 PFIB CXe"", ""detector"": ""BSE"", ""accelerating_voltage_kv"": 10000.0, ""magnification"": 5000.0, ""pixel_size_nm"": 1.34896e-08, ""beam_current_na"": 1.6e-09, ""dwell_time_us"": 1e-05, ""working_distance_mm"": 6.6561, ""chamber_pressure_pa"": 0.000229, ""sample"": ""Q980_0h_WC"", ""sample_state"": ""Detail"", ""etching_agent"": ""Nital"", ""imaging_mode"": ""SEM"", ""scale"": ""1.34896e-08 nm/pixel"", ""acquisition_date_if_available"": null}}",,,,
hcci,Q980_0h_WC,hcci_492,Images\492.png,C:\Users\Pranet\Downloads\Mini Project\data\raw\hcci\Images\492.png,492.png,.png,5652535,f2b3cf85fe155423f90aed1b1b92ac223e405cd64089cf56e402c7aa2bf2b9b9,2476,1762,4,8,uint8,png,RGBA,SEM,,Detail,Detail,sample_Q980_0h_WC_Detail,Q980_0h_WC,roi_492,Helios G4 PFIB CXe_BSE_10000.0kV_5000.0x,"{""raw_metadata"": {""File Name"": 492, ""SEM"": ""Helios G4 PFIB CXe"", ""Detector"": ""BSE"", ""Gun"": ""FEG"", ""Voltage"": 10000, ""Magnification"": 5000, ""Etching"": ""Nital"", ""Sample"": ""Q980_0h_WC"", ""Kind"": ""Detail"", ""Pixel Size"": 1.34896e-08, ""Beam Current"": 1.6e-09, ""Dwell Time"": 5e-07, ""Dwell Time cat"": ""low"", ""Chamber Pressure"": 0.000226, ""Working Distance"": 0.00665615}, ""normalized"": {""microscope"": ""Helios G4 PFIB CXe"", ""instrument"": ""Helios G4 PFIB CXe"", ""detector"": ""BSE"", ""accelerating_voltage_kv"": 10000.0, ""magnification"": 5000.0, ""pixel_size_nm"": 1.34896e-08, ""beam_current_na"": 1.6e-09, ""dwell_time_us"": 5e-07, ""working_distance_mm"": 6.6561, ""chamber_pressure_pa"": 0.000226, ""sample"": ""Q980_0h_WC"", ""sample_state"": ""Detail"", ""etching_agent"": ""Nital"", ""imaging_mode"": ""SEM"", ""scale"": ""1.34896e-08 nm/pixel"", ""acquisition_date_if_available"": null}}",,,,
hcci,Q980_0h_WC,hcci_493,Images\493.png,C:\Users\Pranet\Downloads\Mini Project\data\raw\hcci\Images\493.png,493.png,.png,4668048,2a97a152627b4db007eed6ec60c0b38b47782243d75f4000b9b3288426a2c961,2476,1762,4,8,uint8,png,RGBA,SEM,,Detail,Detail,sample_Q980_0h_WC_Detail,Q980_0h_WC,roi_493,Helios G4 PFIB CXe_InLens_10000.0kV_5000.0x,"{""raw_metadata"": {""File Name"": 493, ""SEM"": ""Helios G4 PFIB CXe"", ""Detector"": ""InLens"", ""Gun"": ""FEG"", ""Voltage"": 10000, ""Magnification"": 5000, ""Etching"": ""Nital"", ""Sample"": ""Q980_0h_WC"", ""Kind"": ""Detail"", ""Pixel Size"": 1.34896e-08, ""Beam Current"": 1.6e-09, ""Dwell Time"": 1e-05, ""Dwell Time cat"": ""high"", ""Chamber Pressure"": 0.000211, ""Working Distance"": 0.00665615}, ""normalized"": {""microscope"": ""Helios G4 PFIB CXe"", ""instrument"": ""Helios G4 PFIB CXe"", ""detector"": ""InLens"", ""accelerating_voltage_kv"": 10000.0, ""magnification"": 5000.0, ""pixel_size_nm"": 1.34896e-08, ""beam_current_na"": 1.6e-09, ""dwell_time_us"": 1e-05, ""working_distance_mm"": 6.6561, ""chamber_pressure_pa"": 0.000211, ""sample"": ""Q980_0h_WC"", ""sample_state"": ""Detail"", ""etching_agent"": ""Nital"", ""imaging_mode"": ""SEM"", ""scale"": ""1.34896e-08 nm/pixel"", ""acquisition_date_if_available"": null}}",,,,
hcci,Q980_0h_WC,hcci_494,Images\494.png,C:\Users\Pranet\Downloads\Mini Project\data\raw\hcci\Images\494.png,494.png,.png,6111105,f0749a126cd254033a808eb5829e83f64d40e3339f908cea870aec77142ce5cc,2476,1762,4,8,uint8,png,RGBA,SEM,,Detail,Detail,sample_Q980_0h_WC_Detail,Q980_0h_WC,roi_494,Helios G4 PFIB CXe_InLens_10000.0kV_5000.0x,"{""raw_metadata"": {""File Name"": 494, ""SEM"": ""Helios G4 PFIB CXe"", ""Detector"": ""InLens"", ""Gun"": ""FEG"", ""Voltage"": 10000, ""Magnification"": 5000, ""Etching"": ""Nital"", ""Sample"": ""Q980_0h_WC"", ""Kind"": ""Detail"", ""Pixel Size"": 1.34896e-08, ""Beam Current"": 1.6e-09, ""Dwell Time"": 5e-07, ""Dwell Time cat"": ""low"", ""Chamber Pressure"": 0.000211, ""Working Distance"": 0.00665615}, ""normalized"": {""microscope"": ""Helios G4 PFIB CXe"", ""instrument"": ""Helios G4 PFIB CXe"", ""detector"": ""InLens"", ""accelerating_voltage_kv"": 10000.0, ""magnification"": 5000.0, ""pixel_size_nm"": 1.34896e-08, ""beam_current_na"": 1.6e-09, ""dwell_time_us"": 5e-07, ""working_distance_mm"": 6.6561, ""chamber_pressure_pa"": 0.000211, ""sample"": ""Q980_0h_WC"", ""sample_state"": ""Detail"", ""etching_agent"": ""Nital"", ""imaging_mode"": ""SEM"", ""scale"": ""1.34896e-08 nm/pixel"", ""acquisition_date_if_available"": null}}",,,,
hcci,Q980_0h_WC,hcci_495,Images\495.png,C:\Users\Pranet\Downloads\Mini Project\data\raw\hcci\Images\495.png,495.png,.png,6487472,fb99fb4c4c854c7e26405fd530067fd5e89b25ad827c06efce73be9a25892c7f,2679,1983,4,8,uint8,png,RGBA,SEM,,Overview,Overview,sample_Q980_0h_WC_Overview,Q980_0h_WC,roi_495,Helios G4 PFIB CXe_SE_20000.0kV_1000.0x,"{""raw_metadata"": {""File Name"": 495, ""SEM"": ""Helios G4 PFIB CXe"", ""Detector"": ""SE"", ""Gun"": ""FEG"", ""Voltage"": 20000, ""Magnification"": 1000, ""Etching"": ""Nital"", ""Sample"": ""Q980_0h_WC"", ""Kind"": ""Overview"", ""Pixel Size"": 6.74479e-08, ""Beam Current"": 1.6e-09, ""Dwell Time"": 1e-05, ""Dwell Time cat"": ""high"", ""Chamber Pressure"": 0.000205, ""Working Distance"": 0.00664917}, ""normalized"": {""microscope"": ""Helios G4 PFIB CXe"", ""instrument"": ""Helios G4 PFIB CXe"", ""detector"": ""SE"", ""accelerating_voltage_kv"": 20000.0, ""magnification"": 1000.0, ""pixel_size_nm"": 6.74479e-08, ""beam_current_na"": 1.6e-09, ""dwell_time_us"": 1e-05, ""working_distance_mm"": 6.6492, ""chamber_pressure_pa"": 0.000205, ""sample"": ""Q980_0h_WC"", ""sample_state"": ""Overview"", ""etching_agent"": ""Nital"", ""imaging_mode"": ""SEM"", ""scale"": ""6.74479e-08 nm/pixel"", ""acquisition_date_if_available"": null}}",,,,
hcci,Q980_0h_WC,hcci_496,Images\496.png,C:\Users\Pranet\Downloads\Mini Project\data\raw\hcci\Images\496.png,496.png,.png,7682438,21c8bc75b8132aea23904bfcbcaad55e3b2a9b24cb4085385037c06fabc0aca2,2679,1983,4,8,uint8,png,RGBA,SEM,,Overview,Overview,sample_Q980_0h_WC_Overview,Q980_0h_WC,roi_496,Helios G4 PFIB CXe_SE_20000.0kV_1000.0x,"{""raw_metadata"": {""File Name"": 496, ""SEM"": ""Helios G4 PFIB CXe"", ""Detector"": ""SE"", ""Gun"": ""FEG"", ""Voltage"": 20000, ""Magnification"": 1000, ""Etching"": ""Nital"", ""Sample"": ""Q980_0h_WC"", ""Kind"": ""Overview"", ""Pixel Size"": 6.74479e-08, ""Beam Current"": 1.6e-09, ""Dwell Time"": 5e-07, ""Dwell Time cat"": ""low"", ""Chamber Pressure"": 0.000205, ""Working Distance"": 0.00664917}, ""normalized"": {""microscope"": ""Helios G4 PFIB CXe"", ""instrument"": ""Helios G4 PFIB CXe"", ""detector"": ""SE"", ""accelerating_voltage_kv"": 20000.0, ""magnification"": 1000.0, ""pixel_size_nm"": 6.74479e-08, ""beam_current_na"": 1.6e-09, ""dwell_time_us"": 5e-07, ""working_distance_mm"": 6.6492, ""chamber_pressure_pa"": 0.000205, ""sample"": ""Q980_0h_WC"", ""sample_state"": ""Overview"", ""etching_agent"": ""Nital"", ""imaging_mode"": ""SEM"", ""scale"": ""6.74479e-08 nm/pixel"", ""acquisition_date_if_available"": null}}",,,,
hcci,Q980_0h_WC,hcci_497,Images\497.png,C:\Users\Pranet\Downloads\Mini Project\data\raw\hcci\Images\497.png,497.png,.png,5474501,1683c966c73a0f09837993160ceb048d6f6155bdb4c4f9ab05714b9878ec20b4,2679,1983,4,8,uint8,png,RGBA,SEM,,Overview,Overview,sample_Q980_0h_WC_Overview,Q980_0h_WC,roi_497,Helios G4 PFIB CXe_BSE_20000.0kV_1000.0x,"{""raw_metadata"": {""File Name"": 497, ""SEM"": ""Helios G4 PFIB CXe"", ""Detector"": ""BSE"", ""Gun"": ""FEG"", ""Voltage"": 20000, ""Magnification"": 1000, ""Etching"": ""Nital"", ""Sample"": ""Q980_0h_WC"", ""Kind"": ""Overview"", ""Pixel Size"": 6.74479e-08, ""Beam Current"": 1.6e-09, ""Dwell Time"": 1e-05, ""Dwell Time cat"": ""high"", ""Chamber Pressure"": 0.000221, ""Working Distance"": 0.00664917}, ""normalized"": {""microscope"": ""Helios G4 PFIB CXe"", ""instrument"": ""Helios G4 PFIB CXe"", ""detector"": ""BSE"", ""accelerating_voltage_kv"": 20000.0, ""magnification"": 1000.0, ""pixel_size_nm"": 6.74479e-08, ""beam_current_na"": 1.6e-09, ""dwell_time_us"": 1e-05, ""working_distance_mm"": 6.6492, ""chamber_pressure_pa"": 0.000221, ""sample"": ""Q980_0h_WC"", ""sample_state"": ""Overview"", ""etching_agent"": ""Nital"", ""imaging_mode"": ""SEM"", ""scale"": ""6.74479e-08 nm/pixel"", ""acquisition_date_if_available"": null}}",,,,
hcci,Q980_0h_WC,hcci_498,Images\498.png,C:\Users\Pranet\Downloads\Mini Project\data\raw\hcci\Images\498.png,498.png,.png,5908409,a4c0f1609a12228fedecc84802f55ac588fa3ff16cdd5286160540c9ae2bdc4d,2679,1983,4,8,uint8,png,RGBA,SEM,,Overview,Overview,sample_Q980_0h_WC_Overview,Q980_0h_WC,roi_498,Helios G4 PFIB CXe_BSE_20000.0kV_1000.0x,"{""raw_metadata"": {""File Name"": 498, ""SEM"": ""Helios G4 PFIB CXe"", ""Detector"": ""BSE"", ""Gun"": ""FEG"", ""Voltage"": 20000, ""Magnification"": 1000, ""Etching"": ""Nital"", ""Sample"": ""Q980_0h_WC"", ""Kind"": ""Overview"", ""Pixel Size"": 6.74479e-08, ""Beam Current"": 1.6e-09, ""Dwell Time"": 5e-07, ""Dwell Time cat"": ""low"", ""Chamber Pressure"": 0.000215, ""Working Distance"": 0.00664917}, ""normalized"": {""microscope"": ""Helios G4 PFIB CXe"", ""instrument"": ""Helios G4 PFIB CXe"", ""detector"": ""BSE"", ""accelerating_voltage_kv"": 20000.0, ""magnification"": 1000.0, ""pixel_size_nm"": 6.74479e-08, ""beam_current_na"": 1.6e-09, ""dwell_time_us"": 5e-07, ""working_distance_mm"": 6.6492, ""chamber_pressure_pa"": 0.000215, ""sample"": ""Q980_0h_WC"", ""sample_state"": ""Overview"", ""etching_agent"": ""Nital"", ""imaging_mode"": ""SEM"", ""scale"": ""6.74479e-08 nm/pixel"", ""acquisition_date_if_available"": null}}",,,,
hcci,Q980_0h_WC,hcci_499,Images\499.png,C:\Users\Pranet\Downloads\Mini Project\data\raw\hcci\Images\499.png,499.png,.png,6288301,3e0c0c34b7f6aac03175db10d8fec47e2abbf2df0f77a2367a46fc54c881aeb7,2679,1983,4,8,uint8,png,RGBA,SEM,,Overview,Overview,sample_Q980_0h_WC_Overview,Q980_0h_WC,roi_499,Helios G4 PFIB CXe_InLens_20000.0kV_1000.0x,"{""raw_metadata"": {""File Name"": 499, ""SEM"": ""Helios G4 PFIB CXe"", ""Detector"": ""InLens"", ""Gun"": ""FEG"", ""Voltage"": 20000, ""Magnification"": 1000, ""Etching"": ""Nital"", ""Sample"": ""Q980_0h_WC"", ""Kind"": ""Overview"", ""Pixel Size"": 6.74479e-08, ""Beam Current"": 1.6e-09, ""Dwell Time"": 1e-05, ""Dwell Time cat"": ""high"", ""Chamber Pressure"": 0.000203, ""Working Distance"": 0.00664917}, ""normalized"": {""microscope"": ""Helios G4 PFIB CXe"", ""instrument"": ""Helios G4 PFIB CXe"", ""detector"": ""InLens"", ""accelerating_voltage_kv"": 20000.0, ""magnification"": 1000.0, ""pixel_size_nm"": 6.74479e-08, ""beam_current_na"": 1.6e-09, ""dwell_time_us"": 1e-05, ""working_distance_mm"": 6.6492, ""chamber_pressure_pa"": 0.000203, ""sample"": ""Q980_0h_WC"", ""sample_state"": ""Overview"", ""etching_agent"": ""Nital"", ""imaging_mode"": ""SEM"", ""scale"": ""6.74479e-08 nm/pixel"", ""acquisition_date_if_available"": null}}",,,,
hcci,AsCast,hcci_5,Images\5.png,C:\Users\Pranet\Downloads\Mini Project\data\raw\hcci\Images\5.png,5.png,.png,5303974,11fe1da2083a8152f1f974591d9031076981fc402ae6848f284d0eaac3f1b400,2860,1922,4,8,uint8,png,RGBA,SEM,,Overview,Overview,sample_AsCast_Overview,AsCast,roi_5,Helios G4 PFIB CXe_InLens_5000.0kV_1000.0x,"{""raw_metadata"": {""File Name"": 5, ""SEM"": ""Helios G4 PFIB CXe"", ""Detector"": ""InLens"", ""Gun"": ""FEG"", ""Voltage"": 5000, ""Magnification"": 1000, ""Etching"": ""Vilella"", ""Sample"": ""AsCast"", ""Kind"": ""Overview"", ""Pixel Size"": 6.74479e-08, ""Beam Current"": 1.6e-09, ""Dwell Time"": 1e-05, ""Dwell Time cat"": ""high"", ""Chamber Pressure"": 0.000703, ""Working Distance"": 0.00683318}, ""normalized"": {""microscope"": ""Helios G4 PFIB CXe"", ""instrument"": ""Helios G4 PFIB CXe"", ""detector"": ""InLens"", ""accelerating_voltage_kv"": 5000.0, ""magnification"": 1000.0, ""pixel_size_nm"": 6.74479e-08, ""beam_current_na"": 1.6e-09, ""dwell_time_us"": 1e-05, ""working_distance_mm"": 6.8332, ""chamber_pressure_pa"": 0.000703, ""sample"": ""AsCast"", ""sample_state"": ""Overview"", ""etching_agent"": ""Vilella"", ""imaging_mode"": ""SEM"", ""scale"": ""6.74479e-08 nm/pixel"", ""acquisition_date_if_available"": null}}",,,,
hcci,Q980_0h_WC,hcci_50,Images\50.png,C:\Users\Pranet\Downloads\Mini Project\data\raw\hcci\Images\50.png,50.png,.png,6742428,6c363a033f2cd0d8ee36b2cbc7dd11b0906ac31f11b0f14f7d94d0595dec340e,2749,1983,4,8,uint8,png,RGBA,SEM,,Overview,Overview,sample_Q980_0h_WC_Overview,Q980_0h_WC,roi_50,Helios G4 PFIB CXe_SE_10000.0kV_1000.0x,"{""raw_metadata"": {""File Name"": 50, ""SEM"": ""Helios G4 PFIB CXe"", ""Detector"": ""SE"", ""Gun"": ""FEG"", ""Voltage"": 10000, ""Magnification"": 1000, ""Etching"": ""Vilella"", ""Sample"": ""Q980_0h_WC"", ""Kind"": ""Overview"", ""Pixel Size"": 6.74479e-08, ""Beam Current"": 1.6e-09, ""Dwell Time"": 5e-07, ""Dwell Time cat"": ""low"", ""Chamber Pressure"": 0.00013, ""Working Distance"": 0.00619751}, ""normalized"": {""microscope"": ""Helios G4 PFIB CXe"", ""instrument"": ""Helios G4 PFIB CXe"", ""detector"": ""SE"", ""accelerating_voltage_kv"": 10000.0, ""magnification"": 1000.0, ""pixel_size_nm"": 6.74479e-08, ""beam_current_na"": 1.6e-09, ""dwell_time_us"": 5e-07, ""working_distance_mm"": 6.1975, ""chamber_pressure_pa"": 0.00013, ""sample"": ""Q980_0h_WC"", ""sample_state"": ""Overview"", ""etching_agent"": ""Vilella"", ""imaging_mode"": ""SEM"", ""scale"": ""6.74479e-08 nm/pixel"", ""acquisition_date_if_available"": null}}",,,,
hcci,Q980_0h_WC,hcci_500,Images\500.png,C:\Users\Pranet\Downloads\Mini Project\data\raw\hcci\Images\500.png,500.png,.png,7815851,78bc2dd56661d8628db40a82dc01501f5e74e193343397fde19042cae40ffed6,2679,1983,4,8,uint8,png,RGBA,SEM,,Overview,Overview,sample_Q980_0h_WC_Overview,Q980_0h_WC,roi_500,Helios G4 PFIB CXe_InLens_20000.0kV_1000.0x,"{""raw_metadata"": {""File Name"": 500, ""SEM"": ""Helios G4 PFIB CXe"", ""Detector"": ""InLens"", ""Gun"": ""FEG"", ""Voltage"": 20000, ""Magnification"": 1000, ""Etching"": ""Nital"", ""Sample"": ""Q980_0h_WC"", ""Kind"": ""Overview"", ""Pixel Size"": 6.74479e-08, ""Beam Current"": 1.6e-09, ""Dwell Time"": 5e-07, ""Dwell Time cat"": ""low"", ""Chamber Pressure"": 0.000203, ""Working Distance"": 0.00664917}, ""normalized"": {""microscope"": ""Helios G4 PFIB CXe"", ""instrument"": ""Helios G4 PFIB CXe"", ""detector"": ""InLens"", ""accelerating_voltage_kv"": 20000.0, ""magnification"": 1000.0, ""pixel_size_nm"": 6.74479e-08, ""beam_current_na"": 1.6e-09, ""dwell_time_us"": 5e-07, ""working_distance_mm"": 6.6492, ""chamber_pressure_pa"": 0.000203, ""sample"": ""Q980_0h_WC"", ""sample_state"": ""Overview"", ""etching_agent"": ""Nital"", ""imaging_mode"": ""SEM"", ""scale"": ""6.74479e-08 nm/pixel"", ""acquisition_date_if_available"": null}}",,,,
hcci,Q980_0h_WC,hcci_501,Images\501.png,C:\Users\Pranet\Downloads\Mini Project\data\raw\hcci\Images\501.png,501.png,.png,4875748,672246aaf666c7da2a4b721d00fdebaa38340d1e19863762ffeb3dca2e3af11e,2476,1762,4,8,uint8,png,RGBA,SEM,,Detail,Detail,sample_Q980_0h_WC_Detail,Q980_0h_WC,roi_501,Helios G4 PFIB CXe_SE_20000.0kV_5000.0x,"{""raw_metadata"": {""File Name"": 501, ""SEM"": ""Helios G4 PFIB CXe"", ""Detector"": ""SE"", ""Gun"": ""FEG"", ""Voltage"": 20000, ""Magnification"": 5000, ""Etching"": ""Nital"", ""Sample"": ""Q980_0h_WC"", ""Kind"": ""Detail"", ""Pixel Size"": 1.34896e-08, ""Beam Current"": 1.6e-09, ""Dwell Time"": 1e-05, ""Dwell Time cat"": ""high"", ""Chamber Pressure"": 0.000196, ""Working Distance"": 0.00664917}, ""normalized"": {""microscope"": ""Helios G4 PFIB CXe"", ""instrument"": ""Helios G4 PFIB CXe"", ""detector"": ""SE"", ""accelerating_voltage_kv"": 20000.0, ""magnification"": 5000.0, ""pixel_size_nm"": 1.34896e-08, ""beam_current_na"": 1.6e-09, ""dwell_time_us"": 1e-05, ""working_distance_mm"": 6.6492, ""chamber_pressure_pa"": 0.000196, ""sample"": ""Q980_0h_WC"", ""sample_state"": ""Detail"", ""etching_agent"": ""Nital"", ""imaging_mode"": ""SEM"", ""scale"": ""1.34896e-08 nm/pixel"", ""acquisition_date_if_available"": null}}",,,,
hcci,Q980_0h_WC,hcci_502,Images\502.png,C:\Users\Pranet\Downloads\Mini Project\data\raw\hcci\Images\502.png,502.png,.png,6219076,e893085ab2ab2a4af1e1bb3ea79591e7c38291379de138aeeed661b175976231,2476,1762,4,8,uint8,png,RGBA,SEM,,Detail,Detail,sample_Q980_0h_WC_Detail,Q980_0h_WC,roi_502,Helios G4 PFIB CXe_SE_20000.0kV_5000.0x,"{""raw_metadata"": {""File Name"": 502, ""SEM"": ""Helios G4 PFIB CXe"", ""Detector"": ""SE"", ""Gun"": ""FEG"", ""Voltage"": 20000, ""Magnification"": 5000, ""Etching"": ""Nital"", ""Sample"": ""Q980_0h_WC"", ""Kind"": ""Detail"", ""Pixel Size"": 1.34896e-08, ""Beam Current"": 1.6e-09, ""Dwell Time"": 5e-07, ""Dwell Time cat"": ""low"", ""Chamber Pressure"": 0.000196, ""Working Distance"": 0.00664917}, ""normalized"": {""microscope"": ""Helios G4 PFIB CXe"", ""instrument"": ""Helios G4 PFIB CXe"", ""detector"": ""SE"", ""accelerating_voltage_kv"": 20000.0, ""magnification"": 5000.0, ""pixel_size_nm"": 1.34896e-08, ""beam_current_na"": 1.6e-09, ""dwell_time_us"": 5e-07, ""working_distance_mm"": 6.6492, ""chamber_pressure_pa"": 0.000196, ""sample"": ""Q980_0h_WC"", ""sample_state"": ""Detail"", ""etching_agent"": ""Nital"", ""imaging_mode"": ""SEM"", ""scale"": ""1.34896e-08 nm/pixel"", ""acquisition_date_if_available"": null}}",,,,
hcci,Q980_0h_WC,hcci_503,Images\503.png,C:\Users\Pranet\Downloads\Mini Project\data\raw\hcci\Images\503.png,503.png,.png,4516914,29bf9fa1a113aa0b7fae9001c48afa80d69f7af2eeca2ea076f63d57d95108e4,2476,1762,4,8,uint8,png,RGBA,SEM,,Detail,Detail,sample_Q980_0h_WC_Detail,Q980_0h_WC,roi_503,Helios G4 PFIB CXe_BSE_20000.0kV_5000.0x,"{""raw_metadata"": {""File Name"": 503, ""SEM"": ""Helios G4 PFIB CXe"", ""Detector"": ""BSE"", ""Gun"": ""FEG"", ""Voltage"": 20000, ""Magnification"": 5000, ""Etching"": ""Nital"", ""Sample"": ""Q980_0h_WC"", ""Kind"": ""Detail"", ""Pixel Size"": 1.34896e-08, ""Beam Current"": 1.6e-09, ""Dwell Time"": 1e-05, ""Dwell Time cat"": ""high"", ""Chamber Pressure"": 0.000215, ""Working Distance"": 0.00664917}, ""normalized"": {""microscope"": ""Helios G4 PFIB CXe"", ""instrument"": ""Helios G4 PFIB CXe"", ""detector"": ""BSE"", ""accelerating_voltage_kv"": 20000.0, ""magnification"": 5000.0, ""pixel_size_nm"": 1.34896e-08, ""beam_current_na"": 1.6e-09, ""dwell_time_us"": 1e-05, ""working_distance_mm"": 6.6492, ""chamber_pressure_pa"": 0.000215, ""sample"": ""Q980_0h_WC"", ""sample_state"": ""Detail"", ""etching_agent"": ""Nital"", ""imaging_mode"": ""SEM"", ""scale"": ""1.34896e-08 nm/pixel"", ""acquisition_date_if_available"": null}}",,,,
hcci,Q980_0h_WC,hcci_504,Images\504.png,C:\Users\Pranet\Downloads\Mini Project\data\raw\hcci\Images\504.png,504.png,.png,6097464,5eb7e20283c14e42d62517e1a830d265e6e2b4a5a8e663c91063d9d5fccce47a,2476,1762,4,8,uint8,png,RGBA,SEM,,Detail,Detail,sample_Q980_0h_WC_Detail,Q980_0h_WC,roi_504,Helios G4 PFIB CXe_BSE_20000.0kV_5000.0x,"{""raw_metadata"": {""File Name"": 504, ""SEM"": ""Helios G4 PFIB CXe"", ""Detector"": ""BSE"", ""Gun"": ""FEG"", ""Voltage"": 20000, ""Magnification"": 5000, ""Etching"": ""Nital"", ""Sample"": ""Q980_0h_WC"", ""Kind"": ""Detail"", ""Pixel Size"": 1.34896e-08, ""Beam Current"": 1.6e-09, ""Dwell Time"": 5e-07, ""Dwell Time cat"": ""low"", ""Chamber Pressure"": 0.000209, ""Working Distance"": 0.00664917}, ""normalized"": {""microscope"": ""Helios G4 PFIB CXe"", ""instrument"": ""Helios G4 PFIB CXe"", ""detector"": ""BSE"", ""accelerating_voltage_kv"": 20000.0, ""magnification"": 5000.0, ""pixel_size_nm"": 1.34896e-08, ""beam_current_na"": 1.6e-09, ""dwell_time_us"": 5e-07, ""working_distance_mm"": 6.6492, ""chamber_pressure_pa"": 0.000209, ""sample"": ""Q980_0h_WC"", ""sample_state"": ""Detail"", ""etching_agent"": ""Nital"", ""imaging_mode"": ""SEM"", ""scale"": ""1.34896e-08 nm/pixel"", ""acquisition_date_if_available"": null}}",,,,
hcci,Q980_0h_WC,hcci_505,Images\505.png,C:\Users\Pranet\Downloads\Mini Project\data\raw\hcci\Images\505.png,505.png,.png,5028969,5581cbfb924dda69ca13e9ae1b05cbc8df4cff6f083a3a8dc3d40747ea46edb2,2476,1762,4,8,uint8,png,RGBA,SEM,,Detail,Detail,sample_Q980_0h_WC_Detail,Q980_0h_WC,roi_505,Helios G4 PFIB CXe_InLens_20000.0kV_5000.0x,"{""raw_metadata"": {""File Name"": 505, ""SEM"": ""Helios G4 PFIB CXe"", ""Detector"": ""InLens"", ""Gun"": ""FEG"", ""Voltage"": 20000, ""Magnification"": 5000, ""Etching"": ""Nital"", ""Sample"": ""Q980_0h_WC"", ""Kind"": ""Detail"", ""Pixel Size"": 1.34896e-08, ""Beam Current"": 1.6e-09, ""Dwell Time"": 1e-05, ""Dwell Time cat"": ""high"", ""Chamber Pressure"": 0.000196, ""Working Distance"": 0.00664917}, ""normalized"": {""microscope"": ""Helios G4 PFIB CXe"", ""instrument"": ""Helios G4 PFIB CXe"", ""detector"": ""InLens"", ""accelerating_voltage_kv"": 20000.0, ""magnification"": 5000.0, ""pixel_size_nm"": 1.34896e-08, ""beam_current_na"": 1.6e-09, ""dwell_time_us"": 1e-05, ""working_distance_mm"": 6.6492, ""chamber_pressure_pa"": 0.000196, ""sample"": ""Q980_0h_WC"", ""sample_state"": ""Detail"", ""etching_agent"": ""Nital"", ""imaging_mode"": ""SEM"", ""scale"": ""1.34896e-08 nm/pixel"", ""acquisition_date_if_available"": null}}",,,,
hcci,Q980_0h_WC,hcci_506,Images\506.png,C:\Users\Pranet\Downloads\Mini Project\data\raw\hcci\Images\506.png,506.png,.png,6382643,696541ef39e6b88e851cf5f958825c915c6a1bbd5a8f638df6138970c9e83841,2476,1762,4,8,uint8,png,RGBA,SEM,,Detail,Detail,sample_Q980_0h_WC_Detail,Q980_0h_WC,roi_506,Helios G4 PFIB CXe_InLens_20000.0kV_5000.0x,"{""raw_metadata"": {""File Name"": 506, ""SEM"": ""Helios G4 PFIB CXe"", ""Detector"": ""InLens"", ""Gun"": ""FEG"", ""Voltage"": 20000, ""Magnification"": 5000, ""Etching"": ""Nital"", ""Sample"": ""Q980_0h_WC"", ""Kind"": ""Detail"", ""Pixel Size"": 1.34896e-08, ""Beam Current"": 1.6e-09, ""Dwell Time"": 5e-07, ""Dwell Time cat"": ""low"", ""Chamber Pressure"": 0.000194, ""Working Distance"": 0.00664917}, ""normalized"": {""microscope"": ""Helios G4 PFIB CXe"", ""instrument"": ""Helios G4 PFIB CXe"", ""detector"": ""InLens"", ""accelerating_voltage_kv"": 20000.0, ""magnification"": 5000.0, ""pixel_size_nm"": 1.34896e-08, ""beam_current_na"": 1.6e-09, ""dwell_time_us"": 5e-07, ""working_distance_mm"": 6.6492, ""chamber_pressure_pa"": 0.000194, ""sample"": ""Q980_0h_WC"", ""sample_state"": ""Detail"", ""etching_agent"": ""Nital"", ""imaging_mode"": ""SEM"", ""scale"": ""1.34896e-08 nm/pixel"", ""acquisition_date_if_available"": null}}",,,,
hcci,Q980_9h_AC,hcci_507,Images\507.png,C:\Users\Pranet\Downloads\Mini Project\data\raw\hcci\Images\507.png,507.png,.png,5795527,874bfba6d526d6620ea68a113dfee7ebe24ed2f05278d87eed45af802863c7fc,2824,1971,4,8,uint8,png,RGBA,SEM,,Overview,Overview,sample_Q980_9h_AC_Overview,Q980_9h_AC,roi_507,Helios G4 PFIB CXe_SE_5000.0kV_1000.0x,"{""raw_metadata"": {""File Name"": 507, ""SEM"": ""Helios G4 PFIB CXe"", ""Detector"": ""SE"", ""Gun"": ""FEG"", ""Voltage"": 5000, ""Magnification"": 1000, ""Etching"": ""Nital"", ""Sample"": ""Q980_9h_AC"", ""Kind"": ""Overview"", ""Pixel Size"": 3.3724e-08, ""Beam Current"": 1.6e-09, ""Dwell Time"": 1e-05, ""Dwell Time cat"": ""high"", ""Chamber Pressure"": 0.000371, ""Working Distance"": 0.00657596}, ""normalized"": {""microscope"": ""Helios G4 PFIB CXe"", ""instrument"": ""Helios G4 PFIB CXe"", ""detector"": ""SE"", ""accelerating_voltage_kv"": 5000.0, ""magnification"": 1000.0, ""pixel_size_nm"": 3.3724e-08, ""beam_current_na"": 1.6e-09, ""dwell_time_us"": 1e-05, ""working_distance_mm"": 6.576, ""chamber_pressure_pa"": 0.000371, ""sample"": ""Q980_9h_AC"", ""sample_state"": ""Overview"", ""etching_agent"": ""Nital"", ""imaging_mode"": ""SEM"", ""scale"": ""3.3724e-08 nm/pixel"", ""acquisition_date_if_available"": null}}",,,,
hcci,Q980_9h_AC,hcci_508,Images\508.png,C:\Users\Pranet\Downloads\Mini Project\data\raw\hcci\Images\508.png,508.png,.png,7527335,788d3b8017b229d1d8a1114a8f625b40ef117cb7139e5ff265a78a09275df93a,2824,1971,4,8,uint8,png,RGBA,SEM,,Overview,Overview,sample_Q980_9h_AC_Overview,Q980_9h_AC,roi_508,Helios G4 PFIB CXe_SE_5000.0kV_1000.0x,"{""raw_metadata"": {""File Name"": 508, ""SEM"": ""Helios G4 PFIB CXe"", ""Detector"": ""SE"", ""Gun"": ""FEG"", ""Voltage"": 5000, ""Magnification"": 1000, ""Etching"": ""Nital"", ""Sample"": ""Q980_9h_AC"", ""Kind"": ""Overview"", ""Pixel Size"": 6.74479e-08, ""Beam Current"": 1.6e-09, ""Dwell Time"": 5e-07, ""Dwell Time cat"": ""low"", ""Chamber Pressure"": 0.000367, ""Working Distance"": 0.00657596}, ""normalized"": {""microscope"": ""Helios G4 PFIB CXe"", ""instrument"": ""Helios G4 PFIB CXe"", ""detector"": ""SE"", ""accelerating_voltage_kv"": 5000.0, ""magnification"": 1000.0, ""pixel_size_nm"": 6.74479e-08, ""beam_current_na"": 1.6e-09, ""dwell_time_us"": 5e-07, ""working_distance_mm"": 6.576, ""chamber_pressure_pa"": 0.000367, ""sample"": ""Q980_9h_AC"", ""sample_state"": ""Overview"", ""etching_agent"": ""Nital"", ""imaging_mode"": ""SEM"", ""scale"": ""6.74479e-08 nm/pixel"", ""acquisition_date_if_available"": null}}",,,,
hcci,Q980_9h_AC,hcci_509,Images\509.png,C:\Users\Pranet\Downloads\Mini Project\data\raw\hcci\Images\509.png,509.png,.png,4805412,42b298edf122ce8a33daef8db69d1831dd8111464a99bf4067f700cfc556770f,2824,1971,4,8,uint8,png,RGBA,SEM,,Overview,Overview,sample_Q980_9h_AC_Overview,Q980_9h_AC,roi_509,Helios G4 PFIB CXe_BSE_5000.0kV_1000.0x,"{""raw_metadata"": {""File Name"": 509, ""SEM"": ""Helios G4 PFIB CXe"", ""Detector"": ""BSE"", ""Gun"": ""FEG"", ""Voltage"": 5000, ""Magnification"": 1000, ""Etching"": ""Nital"", ""Sample"": ""Q980_9h_AC"", ""Kind"": ""Overview"", ""Pixel Size"": 6.74479e-08, ""Beam Current"": 1.6e-09, ""Dwell Time"": 1e-05, ""Dwell Time cat"": ""high"", ""Chamber Pressure"": 0.000373, ""Working Distance"": 0.00657596}, ""normalized"": {""microscope"": ""Helios G4 PFIB CXe"", ""instrument"": ""Helios G4 PFIB CXe"", ""detector"": ""BSE"", ""accelerating_voltage_kv"": 5000.0, ""magnification"": 1000.0, ""pixel_size_nm"": 6.74479e-08, ""beam_current_na"": 1.6e-09, ""dwell_time_us"": 1e-05, ""working_distance_mm"": 6.576, ""chamber_pressure_pa"": 0.000373, ""sample"": ""Q980_9h_AC"", ""sample_state"": ""Overview"", ""etching_agent"": ""Nital"", ""imaging_mode"": ""SEM"", ""scale"": ""6.74479e-08 nm/pixel"", ""acquisition_date_if_available"": null}}",,,,
hcci,Q980_0h_WC,hcci_51,Images\51.png,C:\Users\Pranet\Downloads\Mini Project\data\raw\hcci\Images\51.png,51.png,.png,5482750,10fd6cdfe5ae446839f6f7e5509ad304aef3e49a67a98681e270989b069fdbb1,2749,1983,4,8,uint8,png,RGBA,SEM,,Overview,Overview,sample_Q980_0h_WC_Overview,Q980_0h_WC,roi_51,Helios G4 PFIB CXe_BSE_10000.0kV_1000.0x,"{""raw_metadata"": {""File Name"": 51, ""SEM"": ""Helios G4 PFIB CXe"", ""Detector"": ""BSE"", ""Gun"": ""FEG"", ""Voltage"": 10000, ""Magnification"": 1000, ""Etching"": ""Vilella"", ""Sample"": ""Q980_0h_WC"", ""Kind"": ""Overview"", ""Pixel Size"": 6.74479e-08, ""Beam Current"": 1.6e-09, ""Dwell Time"": 1e-05, ""Dwell Time cat"": ""high"", ""Chamber Pressure"": 0.000144, ""Working Distance"": 0.00619751}, ""normalized"": {""microscope"": ""Helios G4 PFIB CXe"", ""instrument"": ""Helios G4 PFIB CXe"", ""detector"": ""BSE"", ""accelerating_voltage_kv"": 10000.0, ""magnification"": 1000.0, ""pixel_size_nm"": 6.74479e-08, ""beam_current_na"": 1.6e-09, ""dwell_time_us"": 1e-05, ""working_distance_mm"": 6.1975, ""chamber_pressure_pa"": 0.000144, ""sample"": ""Q980_0h_WC"", ""sample_state"": ""Overview"", ""etching_agent"": ""Vilella"", ""imaging_mode"": ""SEM"", ""scale"": ""6.74479e-08 nm/pixel"", ""acquisition_date_if_available"": null}}",,,,
hcci,Q980_9h_AC,hcci_510,Images\510.png,C:\Users\Pranet\Downloads\Mini Project\data\raw\hcci\Images\510.png,510.png,.png,7090183,870798f31f41b309ed3671ae4341a5094a4f3e50a58b219fd21716d1e36ed374,2824,1971,4,8,uint8,png,RGBA,SEM,,Overview,Overview,sample_Q980_9h_AC_Overview,Q980_9h_AC,roi_510,Helios G4 PFIB CXe_BSE_5000.0kV_1000.0x,"{""raw_metadata"": {""File Name"": 510, ""SEM"": ""Helios G4 PFIB CXe"", ""Detector"": ""BSE"", ""Gun"": ""FEG"", ""Voltage"": 5000, ""Magnification"": 1000, ""Etching"": ""Nital"", ""Sample"": ""Q980_9h_AC"", ""Kind"": ""Overview"", ""Pixel Size"": 6.74479e-08, ""Beam Current"": 1.6e-09, ""Dwell Time"": 5e-07, ""Dwell Time cat"": ""low"", ""Chamber Pressure"": 0.000365, ""Working Distance"": 0.00657596}, ""normalized"": {""microscope"": ""Helios G4 PFIB CXe"", ""instrument"": ""Helios G4 PFIB CXe"", ""detector"": ""BSE"", ""accelerating_voltage_kv"": 5000.0, ""magnification"": 1000.0, ""pixel_size_nm"": 6.74479e-08, ""beam_current_na"": 1.6e-09, ""dwell_time_us"": 5e-07, ""working_distance_mm"": 6.576, ""chamber_pressure_pa"": 0.000365, ""sample"": ""Q980_9h_AC"", ""sample_state"": ""Overview"", ""etching_agent"": ""Nital"", ""imaging_mode"": ""SEM"", ""scale"": ""6.74479e-08 nm/pixel"", ""acquisition_date_if_available"": null}}",,,,
hcci,Q980_9h_AC,hcci_511,Images\511.png,C:\Users\Pranet\Downloads\Mini Project\data\raw\hcci\Images\511.png,511.png,.png,5612947,90a1496c72bfe737f50ce61eefa352b31851d48e14096a040a284fd64f34fb2b,2824,1971,4,8,uint8,png,RGBA,SEM,,Overview,Overview,sample_Q980_9h_AC_Overview,Q980_9h_AC,roi_511,Helios G4 PFIB CXe_InLens_5000.0kV_1000.0x,"{""raw_metadata"": {""File Name"": 511, ""SEM"": ""Helios G4 PFIB CXe"", ""Detector"": ""InLens"", ""Gun"": ""FEG"", ""Voltage"": 5000, ""Magnification"": 1000, ""Etching"": ""Nital"", ""Sample"": ""Q980_9h_AC"", ""Kind"": ""Overview"", ""Pixel Size"": 6.74479e-08, ""Beam Current"": 1.6e-09, ""Dwell Time"": 1e-05, ""Dwell Time cat"": ""high"", ""Chamber Pressure"": 0.000349, ""Working Distance"": 0.00657596}, ""normalized"": {""microscope"": ""Helios G4 PFIB CXe"", ""instrument"": ""Helios G4 PFIB CXe"", ""detector"": ""InLens"", ""accelerating_voltage_kv"": 5000.0, ""magnification"": 1000.0, ""pixel_size_nm"": 6.74479e-08, ""beam_current_na"": 1.6e-09, ""dwell_time_us"": 1e-05, ""working_distance_mm"": 6.576, ""chamber_pressure_pa"": 0.000349, ""sample"": ""Q980_9h_AC"", ""sample_state"": ""Overview"", ""etching_agent"": ""Nital"", ""imaging_mode"": ""SEM"", ""scale"": ""6.74479e-08 nm/pixel"", ""acquisition_date_if_available"": null}}",,,,
hcci,Q980_9h_AC,hcci_512,Images\512.png,C:\Users\Pranet\Downloads\Mini Project\data\raw\hcci\Images\512.png,512.png,.png,7393700,e5a86b3e875badf4fd39daec1b4ec4210043eb1627ca574c470f3e412500c1e0,2824,1971,4,8,uint8,png,RGBA,SEM,,Overview,Overview,sample_Q980_9h_AC_Overview,Q980_9h_AC,roi_512,Helios G4 PFIB CXe_InLens_5000.0kV_1000.0x,"{""raw_metadata"": {""File Name"": 512, ""SEM"": ""Helios G4 PFIB CXe"", ""Detector"": ""InLens"", ""Gun"": ""FEG"", ""Voltage"": 5000, ""Magnification"": 1000, ""Etching"": ""Nital"", ""Sample"": ""Q980_9h_AC"", ""Kind"": ""Overview"", ""Pixel Size"": 6.74479e-08, ""Beam Current"": 1.6e-09, ""Dwell Time"": 5e-07, ""Dwell Time cat"": ""low"", ""Chamber Pressure"": 0.00034, ""Working Distance"": 0.00657596}, ""normalized"": {""microscope"": ""Helios G4 PFIB CXe"", ""instrument"": ""Helios G4 PFIB CXe"", ""detector"": ""InLens"", ""accelerating_voltage_kv"": 5000.0, ""magnification"": 1000.0, ""pixel_size_nm"": 6.74479e-08, ""beam_current_na"": 1.6e-09, ""dwell_time_us"": 5e-07, ""working_distance_mm"": 6.576, ""chamber_pressure_pa"": 0.00034, ""sample"": ""Q980_9h_AC"", ""sample_state"": ""Overview"", ""etching_agent"": ""Nital"", ""imaging_mode"": ""SEM"", ""scale"": ""6.74479e-08 nm/pixel"", ""acquisition_date_if_available"": null}}",,,,
hcci,Q980_9h_AC,hcci_513,Images\513.png,C:\Users\Pranet\Downloads\Mini Project\data\raw\hcci\Images\513.png,513.png,.png,3781176,2dc2c8577abc53426f9c7e3d2e469b4747ed643ed512619e953e723a44ca765e,1959,1792,4,8,uint8,png,RGBA,SEM,,Detail,Detail,sample_Q980_9h_AC_Detail,Q980_9h_AC,roi_513,Helios G4 PFIB CXe_SE_5000.0kV_5000.0x,"{""raw_metadata"": {""File Name"": 513, ""SEM"": ""Helios G4 PFIB CXe"", ""Detector"": ""SE"", ""Gun"": ""FEG"", ""Voltage"": 5000, ""Magnification"": 5000, ""Etching"": ""Nital"", ""Sample"": ""Q980_9h_AC"", ""Kind"": ""Detail"", ""Pixel Size"": 1.34896e-08, ""Beam Current"": 1.6e-09, ""Dwell Time"": 1e-05, ""Dwell Time cat"": ""high"", ""Chamber Pressure"": 0.000316, ""Working Distance"": 0.00657596}, ""normalized"": {""microscope"": ""Helios G4 PFIB CXe"", ""instrument"": ""Helios G4 PFIB CXe"", ""detector"": ""SE"", ""accelerating_voltage_kv"": 5000.0, ""magnification"": 5000.0, ""pixel_size_nm"": 1.34896e-08, ""beam_current_na"": 1.6e-09, ""dwell_time_us"": 1e-05, ""working_distance_mm"": 6.576, ""chamber_pressure_pa"": 0.000316, ""sample"": ""Q980_9h_AC"", ""sample_state"": ""Detail"", ""etching_agent"": ""Nital"", ""imaging_mode"": ""SEM"", ""scale"": ""1.34896e-08 nm/pixel"", ""acquisition_date_if_available"": null}}",,,,
hcci,Q980_9h_AC,hcci_514,Images\514.png,C:\Users\Pranet\Downloads\Mini Project\data\raw\hcci\Images\514.png,514.png,.png,4661794,6b8751ecb98910427e49ddefcc2d64308d49511921800551655a72e1554d8540,1959,1792,4,8,uint8,png,RGBA,SEM,,Detail,Detail,sample_Q980_9h_AC_Detail,Q980_9h_AC,roi_514,Helios G4 PFIB CXe_SE_5000.0kV_5000.0x,"{""raw_metadata"": {""File Name"": 514, ""SEM"": ""Helios G4 PFIB CXe"", ""Detector"": ""SE"", ""Gun"": ""FEG"", ""Voltage"": 5000, ""Magnification"": 5000, ""Etching"": ""Nital"", ""Sample"": ""Q980_9h_AC"", ""Kind"": ""Detail"", ""Pixel Size"": 1.34896e-08, ""Beam Current"": 1.6e-09, ""Dwell Time"": 5e-07, ""Dwell Time cat"": ""low"", ""Chamber Pressure"": 0.000312, ""Working Distance"": 0.00657596}, ""normalized"": {""microscope"": ""Helios G4 PFIB CXe"", ""instrument"": ""Helios G4 PFIB CXe"", ""detector"": ""SE"", ""accelerating_voltage_kv"": 5000.0, ""magnification"": 5000.0, ""pixel_size_nm"": 1.34896e-08, ""beam_current_na"": 1.6e-09, ""dwell_time_us"": 5e-07, ""working_distance_mm"": 6.576, ""chamber_pressure_pa"": 0.000312, ""sample"": ""Q980_9h_AC"", ""sample_state"": ""Detail"", ""etching_agent"": ""Nital"", ""imaging_mode"": ""SEM"", ""scale"": ""1.34896e-08 nm/pixel"", ""acquisition_date_if_available"": null}}",,,,
hcci,Q980_9h_AC,hcci_515,Images\515.png,C:\Users\Pranet\Downloads\Mini Project\data\raw\hcci\Images\515.png,515.png,.png,3349722,1b696797d256f49b975acbcd1a76f88bedc721d620647eb6445141ccc7244a09,1959,1792,4,8,uint8,png,RGBA,SEM,,Detail,Detail,sample_Q980_9h_AC_Detail,Q980_9h_AC,roi_515,Helios G4 PFIB CXe_BSE_5000.0kV_5000.0x,"{""raw_metadata"": {""File Name"": 515, ""SEM"": ""Helios G4 PFIB CXe"", ""Detector"": ""BSE"", ""Gun"": ""FEG"", ""Voltage"": 5000, ""Magnification"": 5000, ""Etching"": ""Nital"", ""Sample"": ""Q980_9h_AC"", ""Kind"": ""Detail"", ""Pixel Size"": 1.34896e-08, ""Beam Current"": 1.6e-09, ""Dwell Time"": 1e-05, ""Dwell Time cat"": ""high"", ""Chamber Pressure"": 0.000327, ""Working Distance"": 0.00657596}, ""normalized"": {""microscope"": ""Helios G4 PFIB CXe"", ""instrument"": ""Helios G4 PFIB CXe"", ""detector"": ""BSE"", ""accelerating_voltage_kv"": 5000.0, ""magnification"": 5000.0, ""pixel_size_nm"": 1.34896e-08, ""beam_current_na"": 1.6e-09, ""dwell_time_us"": 1e-05, ""working_distance_mm"": 6.576, ""chamber_pressure_pa"": 0.000327, ""sample"": ""Q980_9h_AC"", ""sample_state"": ""Detail"", ""etching_agent"": ""Nital"", ""imaging_mode"": ""SEM"", ""scale"": ""1.34896e-08 nm/pixel"", ""acquisition_date_if_available"": null}}",,,,
hcci,Q980_9h_AC,hcci_516,Images\516.png,C:\Users\Pranet\Downloads\Mini Project\data\raw\hcci\Images\516.png,516.png,.png,3978070,3924e15b33805c9cb22c762bca60e95841c4daefe21fa983f9b11bec111c664a,1959,1792,4,8,uint8,png,RGBA,SEM,,Detail,Detail,sample_Q980_9h_AC_Detail,Q980_9h_AC,roi_516,Helios G4 PFIB CXe_BSE_5000.0kV_5000.0x,"{""raw_metadata"": {""File Name"": 516, ""SEM"": ""Helios G4 PFIB CXe"", ""Detector"": ""BSE"", ""Gun"": ""FEG"", ""Voltage"": 5000, ""Magnification"": 5000, ""Etching"": ""Nital"", ""Sample"": ""Q980_9h_AC"", ""Kind"": ""Detail"", ""Pixel Size"": 1.34896e-08, ""Beam Current"": 1.6e-09, ""Dwell Time"": 5e-07, ""Dwell Time cat"": ""low"", ""Chamber Pressure"": 0.000319, ""Working Distance"": 0.00657596}, ""normalized"": {""microscope"": ""Helios G4 PFIB CXe"", ""instrument"": ""Helios G4 PFIB CXe"", ""detector"": ""BSE"", ""accelerating_voltage_kv"": 5000.0, ""magnification"": 5000.0, ""pixel_size_nm"": 1.34896e-08, ""beam_current_na"": 1.6e-09, ""dwell_time_us"": 5e-07, ""working_distance_mm"": 6.576, ""chamber_pressure_pa"": 0.000319, ""sample"": ""Q980_9h_AC"", ""sample_state"": ""Detail"", ""etching_agent"": ""Nital"", ""imaging_mode"": ""SEM"", ""scale"": ""1.34896e-08 nm/pixel"", ""acquisition_date_if_available"": null}}",,,,
hcci,Q980_9h_AC,hcci_517,Images\517.png,C:\Users\Pranet\Downloads\Mini Project\data\raw\hcci\Images\517.png,517.png,.png,3756358,95e9a73027f3250cdd61b2804e4e9ae883999cff458ee1dff4da6138d8727475,1959,1792,4,8,uint8,png,RGBA,SEM,,Detail,Detail,sample_Q980_9h_AC_Detail,Q980_9h_AC,roi_517,Helios G4 PFIB CXe_InLens_5000.0kV_5000.0x,"{""raw_metadata"": {""File Name"": 517, ""SEM"": ""Helios G4 PFIB CXe"", ""Detector"": ""InLens"", ""Gun"": ""FEG"", ""Voltage"": 5000, ""Magnification"": 5000, ""Etching"": ""Nital"", ""Sample"": ""Q980_9h_AC"", ""Kind"": ""Detail"", ""Pixel Size"": 1.34896e-08, ""Beam Current"": 1.6e-09, ""Dwell Time"": 5e-06, ""Dwell Time cat"": ""high"", ""Chamber Pressure"": 0.000307, ""Working Distance"": 0.00657596}, ""normalized"": {""microscope"": ""Helios G4 PFIB CXe"", ""instrument"": ""Helios G4 PFIB CXe"", ""detector"": ""InLens"", ""accelerating_voltage_kv"": 5000.0, ""magnification"": 5000.0, ""pixel_size_nm"": 1.34896e-08, ""beam_current_na"": 1.6e-09, ""dwell_time_us"": 5e-06, ""working_distance_mm"": 6.576, ""chamber_pressure_pa"": 0.000307, ""sample"": ""Q980_9h_AC"", ""sample_state"": ""Detail"", ""etching_agent"": ""Nital"", ""imaging_mode"": ""SEM"", ""scale"": ""1.34896e-08 nm/pixel"", ""acquisition_date_if_available"": null}}",,,,
hcci,Q980_9h_AC,hcci_518,Images\518.png,C:\Users\Pranet\Downloads\Mini Project\data\raw\hcci\Images\518.png,518.png,.png,4885118,ff7e7332ed54a7022d43f026d5d6b1f1ef0aee24e8d07f1f6f1c25cc50a43716,1959,1792,4,8,uint8,png,RGBA,SEM,,Detail,Detail,sample_Q980_9h_AC_Detail,Q980_9h_AC,roi_518,Helios G4 PFIB CXe_InLens_5000.0kV_5000.0x,"{""raw_metadata"": {""File Name"": 518, ""SEM"": ""Helios G4 PFIB CXe"", ""Detector"": ""InLens"", ""Gun"": ""FEG"", ""Voltage"": 5000, ""Magnification"": 5000, ""Etching"": ""Nital"", ""Sample"": ""Q980_9h_AC"", ""Kind"": ""Detail"", ""Pixel Size"": 1.34896e-08, ""Beam Current"": 1.6e-09, ""Dwell Time"": 5e-07, ""Dwell Time cat"": ""low"", ""Chamber Pressure"": 0.000303, ""Working Distance"": 0.00657596}, ""normalized"": {""microscope"": ""Helios G4 PFIB CXe"", ""instrument"": ""Helios G4 PFIB CXe"", ""detector"": ""InLens"", ""accelerating_voltage_kv"": 5000.0, ""magnification"": 5000.0, ""pixel_size_nm"": 1.34896e-08, ""beam_current_na"": 1.6e-09, ""dwell_time_us"": 5e-07, ""working_distance_mm"": 6.576, ""chamber_pressure_pa"": 0.000303, ""sample"": ""Q980_9h_AC"", ""sample_state"": ""Detail"", ""etching_agent"": ""Nital"", ""imaging_mode"": ""SEM"", ""scale"": ""1.34896e-08 nm/pixel"", ""acquisition_date_if_available"": null}}",,,,
hcci,Q980_9h_AC,hcci_519,Images\519.png,C:\Users\Pranet\Downloads\Mini Project\data\raw\hcci\Images\519.png,519.png,.png,6627184,7b039b67418c54c5c4d6db533e83fd935e706b66851fa869255a2dafb357a8c8,2824,1971,4,8,uint8,png,RGBA,SEM,,Overview,Overview,sample_Q980_9h_AC_Overview,Q980_9h_AC,roi_519,Helios G4 PFIB CXe_SE_10000.0kV_1000.0x,"{""raw_metadata"": {""File Name"": 519, ""SEM"": ""Helios G4 PFIB CXe"", ""Detector"": ""SE"", ""Gun"": ""FEG"", ""Voltage"": 10000, ""Magnification"": 1000, ""Etching"": ""Nital"", ""Sample"": ""Q980_9h_AC"", ""Kind"": ""Overview"", ""Pixel Size"": 6.74479e-08, ""Beam Current"": 1.6e-09, ""Dwell Time"": 1e-05, ""Dwell Time cat"": ""high"", ""Chamber Pressure"": 0.000284, ""Working Distance"": 0.00654387}, ""normalized"": {""microscope"": ""Helios G4 PFIB CXe"", ""instrument"": ""Helios G4 PFIB CXe"", ""detector"": ""SE"", ""accelerating_voltage_kv"": 10000.0, ""magnification"": 1000.0, ""pixel_size_nm"": 6.74479e-08, ""beam_current_na"": 1.6e-09, ""dwell_time_us"": 1e-05, ""working_distance_mm"": 6.5439, ""chamber_pressure_pa"": 0.000284, ""sample"": ""Q980_9h_AC"", ""sample_state"": ""Overview"", ""etching_agent"": ""Nital"", ""imaging_mode"": ""SEM"", ""scale"": ""6.74479e-08 nm/pixel"", ""acquisition_date_if_available"": null}}",,,,
hcci,Q980_0h_WC,hcci_52,Images\52.png,C:\Users\Pranet\Downloads\Mini Project\data\raw\hcci\Images\52.png,52.png,.png,6910180,49cc189178bd7e005a07b862c4a3fd8300b8010d6d53bf3d4f99c1b4febbc278,2749,1983,4,8,uint8,png,RGBA,SEM,,Overview,Overview,sample_Q980_0h_WC_Overview,Q980_0h_WC,roi_52,Helios G4 PFIB CXe_BSE_10000.0kV_1000.0x,"{""raw_metadata"": {""File Name"": 52, ""SEM"": ""Helios G4 PFIB CXe"", ""Detector"": ""BSE"", ""Gun"": ""FEG"", ""Voltage"": 10000, ""Magnification"": 1000, ""Etching"": ""Vilella"", ""Sample"": ""Q980_0h_WC"", ""Kind"": ""Overview"", ""Pixel Size"": 6.74479e-08, ""Beam Current"": 1.6e-09, ""Dwell Time"": 5e-07, ""Dwell Time cat"": ""low"", ""Chamber Pressure"": 0.000142, ""Working Distance"": 0.00619751}, ""normalized"": {""microscope"": ""Helios G4 PFIB CXe"", ""instrument"": ""Helios G4 PFIB CXe"", ""detector"": ""BSE"", ""accelerating_voltage_kv"": 10000.0, ""magnification"": 1000.0, ""pixel_size_nm"": 6.74479e-08, ""beam_current_na"": 1.6e-09, ""dwell_time_us"": 5e-07, ""working_distance_mm"": 6.1975, ""chamber_pressure_pa"": 0.000142, ""sample"": ""Q980_0h_WC"", ""sample_state"": ""Overview"", ""etching_agent"": ""Vilella"", ""imaging_mode"": ""SEM"", ""scale"": ""6.74479e-08 nm/pixel"", ""acquisition_date_if_available"": null}}",,,,
hcci,Q980_9h_AC,hcci_520,Images\520.png,C:\Users\Pranet\Downloads\Mini Project\data\raw\hcci\Images\520.png,520.png,.png,7527144,35ea80168f93277c9a401373a86f699c3311a3c15faa005d9bf30e062d11d655,2824,1971,4,8,uint8,png,RGBA,SEM,,Overview,Overview,sample_Q980_9h_AC_Overview,Q980_9h_AC,roi_520,Helios G4 PFIB CXe_SE_10000.0kV_1000.0x,"{""raw_metadata"": {""File Name"": 520, ""SEM"": ""Helios G4 PFIB CXe"", ""Detector"": ""SE"", ""Gun"": ""FEG"", ""Voltage"": 10000, ""Magnification"": 1000, ""Etching"": ""Nital"", ""Sample"": ""Q980_9h_AC"", ""Kind"": ""Overview"", ""Pixel Size"": 6.74479e-08, ""Beam Current"": 1.6e-09, ""Dwell Time"": 5e-07, ""Dwell Time cat"": ""low"", ""Chamber Pressure"": 0.000281, ""Working Distance"": 0.00654387}, ""normalized"": {""microscope"": ""Helios G4 PFIB CXe"", ""instrument"": ""Helios G4 PFIB CXe"", ""detector"": ""SE"", ""accelerating_voltage_kv"": 10000.0, ""magnification"": 1000.0, ""pixel_size_nm"": 6.74479e-08, ""beam_current_na"": 1.6e-09, ""dwell_time_us"": 5e-07, ""working_distance_mm"": 6.5439, ""chamber_pressure_pa"": 0.000281, ""sample"": ""Q980_9h_AC"", ""sample_state"": ""Overview"", ""etching_agent"": ""Nital"", ""imaging_mode"": ""SEM"", ""scale"": ""6.74479e-08 nm/pixel"", ""acquisition_date_if_available"": null}}",,,,
hcci,Q980_9h_AC,hcci_521,Images\521.png,C:\Users\Pranet\Downloads\Mini Project\data\raw\hcci\Images\521.png,521.png,.png,5282630,041829182d07bd69e760cc69b66a42fb94bb5eebdb283275bc8a11da86bbf954,2824,1971,4,8,uint8,png,RGBA,SEM,,Overview,Overview,sample_Q980_9h_AC_Overview,Q980_9h_AC,roi_521,Helios G4 PFIB CXe_BSE_10000.0kV_1000.0x,"{""raw_metadata"": {""File Name"": 521, ""SEM"": ""Helios G4 PFIB CXe"", ""Detector"": ""BSE"", ""Gun"": ""FEG"", ""Voltage"": 10000, ""Magnification"": 1000, ""Etching"": ""Nital"", ""Sample"": ""Q980_9h_AC"", ""Kind"": ""Overview"", ""Pixel Size"": 6.74479e-08, ""Beam Current"": 1.6e-09, ""Dwell Time"": 1e-05, ""Dwell Time cat"": ""high"", ""Chamber Pressure"": 0.000298, ""Working Distance"": 0.00654387}, ""normalized"": {""microscope"": ""Helios G4 PFIB CXe"", ""instrument"": ""Helios G4 PFIB CXe"", ""detector"": ""BSE"", ""accelerating_voltage_kv"": 10000.0, ""magnification"": 1000.0, ""pixel_size_nm"": 6.74479e-08, ""beam_current_na"": 1.6e-09, ""dwell_time_us"": 1e-05, ""working_distance_mm"": 6.5439, ""chamber_pressure_pa"": 0.000298, ""sample"": ""Q980_9h_AC"", ""sample_state"": ""Overview"", ""etching_agent"": ""Nital"", ""imaging_mode"": ""SEM"", ""scale"": ""6.74479e-08 nm/pixel"", ""acquisition_date_if_available"": null}}",,,,
hcci,Q980_9h_AC,hcci_522,Images\522.png,C:\Users\Pranet\Downloads\Mini Project\data\raw\hcci\Images\522.png,522.png,.png,7079916,a5198ba2f9b47648589c63222e75a6a2bde876d7ca832fc769e016be9a4ac8db,2824,1971,4,8,uint8,png,RGBA,SEM,,Overview,Overview,sample_Q980_9h_AC_Overview,Q980_9h_AC,roi_522,Helios G4 PFIB CXe_BSE_10000.0kV_1000.0x,"{""raw_metadata"": {""File Name"": 522, ""SEM"": ""Helios G4 PFIB CXe"", ""Detector"": ""BSE"", ""Gun"": ""FEG"", ""Voltage"": 10000, ""Magnification"": 1000, ""Etching"": ""Nital"", ""Sample"": ""Q980_9h_AC"", ""Kind"": ""Overview"", ""Pixel Size"": 6.74479e-08, ""Beam Current"": 1.6e-09, ""Dwell Time"": 5e-07, ""Dwell Time cat"": ""low"", ""Chamber Pressure"": 0.000295, ""Working Distance"": 0.00654387}, ""normalized"": {""microscope"": ""Helios G4 PFIB CXe"", ""instrument"": ""Helios G4 PFIB CXe"", ""detector"": ""BSE"", ""accelerating_voltage_kv"": 10000.0, ""magnification"": 1000.0, ""pixel_size_nm"": 6.74479e-08, ""beam_current_na"": 1.6e-09, ""dwell_time_us"": 5e-07, ""working_distance_mm"": 6.5439, ""chamber_pressure_pa"": 0.000295, ""sample"": ""Q980_9h_AC"", ""sample_state"": ""Overview"", ""etching_agent"": ""Nital"", ""imaging_mode"": ""SEM"", ""scale"": ""6.74479e-08 nm/pixel"", ""acquisition_date_if_available"": null}}",,,,
hcci,Q980_9h_AC,hcci_523,Images\523.png,C:\Users\Pranet\Downloads\Mini Project\data\raw\hcci\Images\523.png,523.png,.png,6127654,e2afd3178175a4cebcb8275cf1b8a20c9f0315af6529251a34455b67adc34581,2824,1971,4,8,uint8,png,RGBA,SEM,,Overview,Overview,sample_Q980_9h_AC_Overview,Q980_9h_AC,roi_523,Helios G4 PFIB CXe_InLens_10000.0kV_1000.0x,"{""raw_metadata"": {""File Name"": 523, ""SEM"": ""Helios G4 PFIB CXe"", ""Detector"": ""InLens"", ""Gun"": ""FEG"", ""Voltage"": 10000, ""Magnification"": 1000, ""Etching"": ""Nital"", ""Sample"": ""Q980_9h_AC"", ""Kind"": ""Overview"", ""Pixel Size"": 6.74479e-08, ""Beam Current"": 1.6e-09, ""Dwell Time"": 1e-05, ""Dwell Time cat"": ""high"", ""Chamber Pressure"": 0.000274, ""Working Distance"": 0.00654387}, ""normalized"": {""microscope"": ""Helios G4 PFIB CXe"", ""instrument"": ""Helios G4 PFIB CXe"", ""detector"": ""InLens"", ""accelerating_voltage_kv"": 10000.0, ""magnification"": 1000.0, ""pixel_size_nm"": 6.74479e-08, ""beam_current_na"": 1.6e-09, ""dwell_time_us"": 1e-05, ""working_distance_mm"": 6.5439, ""chamber_pressure_pa"": 0.000274, ""sample"": ""Q980_9h_AC"", ""sample_state"": ""Overview"", ""etching_agent"": ""Nital"", ""imaging_mode"": ""SEM"", ""scale"": ""6.74479e-08 nm/pixel"", ""acquisition_date_if_available"": null}}",,,,
hcci,Q980_9h_AC,hcci_524,Images\524.png,C:\Users\Pranet\Downloads\Mini Project\data\raw\hcci\Images\524.png,524.png,.png,7510375,0b422473eaa492eec4ef23c87aad46c2ca1aebdd6ef509b3cf2b026f634fec37,2824,1971,4,8,uint8,png,RGBA,SEM,,Overview,Overview,sample_Q980_9h_AC_Overview,Q980_9h_AC,roi_524,Helios G4 PFIB CXe_InLens_10000.0kV_1000.0x,"{""raw_metadata"": {""File Name"": 524, ""SEM"": ""Helios G4 PFIB CXe"", ""Detector"": ""InLens"", ""Gun"": ""FEG"", ""Voltage"": 10000, ""Magnification"": 1000, ""Etching"": ""Nital"", ""Sample"": ""Q980_9h_AC"", ""Kind"": ""Overview"", ""Pixel Size"": 6.74479e-08, ""Beam Current"": 1.6e-09, ""Dwell Time"": 5e-07, ""Dwell Time cat"": ""low"", ""Chamber Pressure"": 0.000281, ""Working Distance"": 0.00654387}, ""normalized"": {""microscope"": ""Helios G4 PFIB CXe"", ""instrument"": ""Helios G4 PFIB CXe"", ""detector"": ""InLens"", ""accelerating_voltage_kv"": 10000.0, ""magnification"": 1000.0, ""pixel_size_nm"": 6.74479e-08, ""beam_current_na"": 1.6e-09, ""dwell_time_us"": 5e-07, ""working_distance_mm"": 6.5439, ""chamber_pressure_pa"": 0.000281, ""sample"": ""Q980_9h_AC"", ""sample_state"": ""Overview"", ""etching_agent"": ""Nital"", ""imaging_mode"": ""SEM"", ""scale"": ""6.74479e-08 nm/pixel"", ""acquisition_date_if_available"": null}}",,,,
hcci,Q980_9h_AC,hcci_525,Images\525.png,C:\Users\Pranet\Downloads\Mini Project\data\raw\hcci\Images\525.png,525.png,.png,3902014,c542bcd4076a7ac961ac3fe6234bc689c68d51822c5acead9b74f57a7c6f0bf3,1959,1792,4,8,uint8,png,RGBA,SEM,,Detail,Detail,sample_Q980_9h_AC_Detail,Q980_9h_AC,roi_525,Helios G4 PFIB CXe_SE_10000.0kV_5000.0x,"{""raw_metadata"": {""File Name"": 525, ""SEM"": ""Helios G4 PFIB CXe"", ""Detector"": ""SE"", ""Gun"": ""FEG"", ""Voltage"": 10000, ""Magnification"": 5000, ""Etching"": ""Nital"", ""Sample"": ""Q980_9h_AC"", ""Kind"": ""Detail"", ""Pixel Size"": 1.34896e-08, ""Beam Current"": 1.6e-09, ""Dwell Time"": 1e-05, ""Dwell Time cat"": ""high"", ""Chamber Pressure"": 0.000263, ""Working Distance"": 0.00654387}, ""normalized"": {""microscope"": ""Helios G4 PFIB CXe"", ""instrument"": ""Helios G4 PFIB CXe"", ""detector"": ""SE"", ""accelerating_voltage_kv"": 10000.0, ""magnification"": 5000.0, ""pixel_size_nm"": 1.34896e-08, ""beam_current_na"": 1.6e-09, ""dwell_time_us"": 1e-05, ""working_distance_mm"": 6.5439, ""chamber_pressure_pa"": 0.000263, ""sample"": ""Q980_9h_AC"", ""sample_state"": ""Detail"", ""etching_agent"": ""Nital"", ""imaging_mode"": ""SEM"", ""scale"": ""1.34896e-08 nm/pixel"", ""acquisition_date_if_available"": null}}",,,,
hcci,Q980_9h_AC,hcci_526,Images\526.png,C:\Users\Pranet\Downloads\Mini Project\data\raw\hcci\Images\526.png,526.png,.png,4953767,b10b806a4351d5ab555312b7b6f1774e8878180cd9753677333962a94c4bd4a2,1959,1792,4,8,uint8,png,RGBA,SEM,,Detail,Detail,sample_Q980_9h_AC_Detail,Q980_9h_AC,roi_526,Helios G4 PFIB CXe_SE_10000.0kV_5000.0x,"{""raw_metadata"": {""File Name"": 526, ""SEM"": ""Helios G4 PFIB CXe"", ""Detector"": ""SE"", ""Gun"": ""FEG"", ""Voltage"": 10000, ""Magnification"": 5000, ""Etching"": ""Nital"", ""Sample"": ""Q980_9h_AC"", ""Kind"": ""Detail"", ""Pixel Size"": 1.34896e-08, ""Beam Current"": 1.6e-09, ""Dwell Time"": 5e-07, ""Dwell Time cat"": ""low"", ""Chamber Pressure"": 0.000263, ""Working Distance"": 0.00654387}, ""normalized"": {""microscope"": ""Helios G4 PFIB CXe"", ""instrument"": ""Helios G4 PFIB CXe"", ""detector"": ""SE"", ""accelerating_voltage_kv"": 10000.0, ""magnification"": 5000.0, ""pixel_size_nm"": 1.34896e-08, ""beam_current_na"": 1.6e-09, ""dwell_time_us"": 5e-07, ""working_distance_mm"": 6.5439, ""chamber_pressure_pa"": 0.000263, ""sample"": ""Q980_9h_AC"", ""sample_state"": ""Detail"", ""etching_agent"": ""Nital"", ""imaging_mode"": ""SEM"", ""scale"": ""1.34896e-08 nm/pixel"", ""acquisition_date_if_available"": null}}",,,,
hcci,Q980_9h_AC,hcci_527,Images\527.png,C:\Users\Pranet\Downloads\Mini Project\data\raw\hcci\Images\527.png,527.png,.png,3560853,4ceff6416ebcc4bf121cee80e8c1ed901985918101fc6e28007d2a94de745f87,1959,1792,4,8,uint8,png,RGBA,SEM,,Detail,Detail,sample_Q980_9h_AC_Detail,Q980_9h_AC,roi_527,Helios G4 PFIB CXe_BSE_10000.0kV_5000.0x,"{""raw_metadata"": {""File Name"": 527, ""SEM"": ""Helios G4 PFIB CXe"", ""Detector"": ""BSE"", ""Gun"": ""FEG"", ""Voltage"": 10000, ""Magnification"": 5000, ""Etching"": ""Nital"", ""Sample"": ""Q980_9h_AC"", ""Kind"": ""Detail"", ""Pixel Size"": 1.34896e-08, ""Beam Current"": 1.6e-09, ""Dwell Time"": 1e-05, ""Dwell Time cat"": ""high"", ""Chamber Pressure"": 0.00028, ""Working Distance"": 0.00654387}, ""normalized"": {""microscope"": ""Helios G4 PFIB CXe"", ""instrument"": ""Helios G4 PFIB CXe"", ""detector"": ""BSE"", ""accelerating_voltage_kv"": 10000.0, ""magnification"": 5000.0, ""pixel_size_nm"": 1.34896e-08, ""beam_current_na"": 1.6e-09, ""dwell_time_us"": 1e-05, ""working_distance_mm"": 6.5439, ""chamber_pressure_pa"": 0.00028, ""sample"": ""Q980_9h_AC"", ""sample_state"": ""Detail"", ""etching_agent"": ""Nital"", ""imaging_mode"": ""SEM"", ""scale"": ""1.34896e-08 nm/pixel"", ""acquisition_date_if_available"": null}}",,,,
hcci,Q980_9h_AC,hcci_528,Images\528.png,C:\Users\Pranet\Downloads\Mini Project\data\raw\hcci\Images\528.png,528.png,.png,4517951,1c2f5946d127d45b916dd2a08b8bf8b1151ef32b5c9927f6f9ebf14cc76a76ff,1959,1792,4,8,uint8,png,RGBA,SEM,,Detail,Detail,sample_Q980_9h_AC_Detail,Q980_9h_AC,roi_528,Helios G4 PFIB CXe_BSE_10000.0kV_5000.0x,"{""raw_metadata"": {""File Name"": 528, ""SEM"": ""Helios G4 PFIB CXe"", ""Detector"": ""BSE"", ""Gun"": ""FEG"", ""Voltage"": 10000, ""Magnification"": 5000, ""Etching"": ""Nital"", ""Sample"": ""Q980_9h_AC"", ""Kind"": ""Detail"", ""Pixel Size"": 1.34896e-08, ""Beam Current"": 1.6e-09, ""Dwell Time"": 5e-07, ""Dwell Time cat"": ""low"", ""Chamber Pressure"": 0.000277, ""Working Distance"": 0.00654387}, ""normalized"": {""microscope"": ""Helios G4 PFIB CXe"", ""instrument"": ""Helios G4 PFIB CXe"", ""detector"": ""BSE"", ""accelerating_voltage_kv"": 10000.0, ""magnification"": 5000.0, ""pixel_size_nm"": 1.34896e-08, ""beam_current_na"": 1.6e-09, ""dwell_time_us"": 5e-07, ""working_distance_mm"": 6.5439, ""chamber_pressure_pa"": 0.000277, ""sample"": ""Q980_9h_AC"", ""sample_state"": ""Detail"", ""etching_agent"": ""Nital"", ""imaging_mode"": ""SEM"", ""scale"": ""1.34896e-08 nm/pixel"", ""acquisition_date_if_available"": null}}",,,,
hcci,Q980_9h_AC,hcci_529,Images\529.png,C:\Users\Pranet\Downloads\Mini Project\data\raw\hcci\Images\529.png,529.png,.png,3903793,6ddbea2b3d0266a89d4c3d9ac8b58b9769e30448d10b82c97980c6a6fdd5689a,1959,1792,4,8,uint8,png,RGBA,SEM,,Detail,Detail,sample_Q980_9h_AC_Detail,Q980_9h_AC,roi_529,Helios G4 PFIB CXe_InLens_10000.0kV_5000.0x,"{""raw_metadata"": {""File Name"": 529, ""SEM"": ""Helios G4 PFIB CXe"", ""Detector"": ""InLens"", ""Gun"": ""FEG"", ""Voltage"": 10000, ""Magnification"": 5000, ""Etching"": ""Nital"", ""Sample"": ""Q980_9h_AC"", ""Kind"": ""Detail"", ""Pixel Size"": 1.34896e-08, ""Beam Current"": 1.6e-09, ""Dwell Time"": 1e-05, ""Dwell Time cat"": ""high"", ""Chamber Pressure"": 0.000259, ""Working Distance"": 0.00654387}, ""normalized"": {""microscope"": ""Helios G4 PFIB CXe"", ""instrument"": ""Helios G4 PFIB CXe"", ""detector"": ""InLens"", ""accelerating_voltage_kv"": 10000.0, ""magnification"": 5000.0, ""pixel_size_nm"": 1.34896e-08, ""beam_current_na"": 1.6e-09, ""dwell_time_us"": 1e-05, ""working_distance_mm"": 6.5439, ""chamber_pressure_pa"": 0.000259, ""sample"": ""Q980_9h_AC"", ""sample_state"": ""Detail"", ""etching_agent"": ""Nital"", ""imaging_mode"": ""SEM"", ""scale"": ""1.34896e-08 nm/pixel"", ""acquisition_date_if_available"": null}}",,,,
hcci,Q980_0h_WC,hcci_53,Images\53.png,C:\Users\Pranet\Downloads\Mini Project\data\raw\hcci\Images\53.png,53.png,.png,6060620,89ce648eae167b9a8b1678931b269ab4271074701e30c6f438516260a8526786,2749,1983,4,8,uint8,png,RGBA,SEM,,Overview,Overview,sample_Q980_0h_WC_Overview,Q980_0h_WC,roi_53,Helios G4 PFIB CXe_InLens_10000.0kV_1000.0x,"{""raw_metadata"": {""File Name"": 53, ""SEM"": ""Helios G4 PFIB CXe"", ""Detector"": ""InLens"", ""Gun"": ""FEG"", ""Voltage"": 10000, ""Magnification"": 1000, ""Etching"": ""Vilella"", ""Sample"": ""Q980_0h_WC"", ""Kind"": ""Overview"", ""Pixel Size"": 6.74479e-08, ""Beam Current"": 1.6e-09, ""Dwell Time"": 1e-05, ""Dwell Time cat"": ""high"", ""Chamber Pressure"": 0.000123, ""Working Distance"": 0.00620576}, ""normalized"": {""microscope"": ""Helios G4 PFIB CXe"", ""instrument"": ""Helios G4 PFIB CXe"", ""detector"": ""InLens"", ""accelerating_voltage_kv"": 10000.0, ""magnification"": 1000.0, ""pixel_size_nm"": 6.74479e-08, ""beam_current_na"": 1.6e-09, ""dwell_time_us"": 1e-05, ""working_distance_mm"": 6.2058, ""chamber_pressure_pa"": 0.000123, ""sample"": ""Q980_0h_WC"", ""sample_state"": ""Overview"", ""etching_agent"": ""Vilella"", ""imaging_mode"": ""SEM"", ""scale"": ""6.74479e-08 nm/pixel"", ""acquisition_date_if_available"": null}}",,,,
hcci,Q980_9h_AC,hcci_530,Images\530.png,C:\Users\Pranet\Downloads\Mini Project\data\raw\hcci\Images\530.png,530.png,.png,4650602,73913e6fe86d5fdc568fd4fb047de637bb7eaa94f4d4e8532805bbcbfd0e7d72,1959,1792,4,8,uint8,png,RGBA,SEM,,Detail,Detail,sample_Q980_9h_AC_Detail,Q980_9h_AC,roi_530,Helios G4 PFIB CXe_InLens_10000.0kV_5000.0x,"{""raw_metadata"": {""File Name"": 530, ""SEM"": ""Helios G4 PFIB CXe"", ""Detector"": ""InLens"", ""Gun"": ""FEG"", ""Voltage"": 10000, ""Magnification"": 5000, ""Etching"": ""Nital"", ""Sample"": ""Q980_9h_AC"", ""Kind"": ""Detail"", ""Pixel Size"": 1.34896e-08, ""Beam Current"": 1.6e-09, ""Dwell Time"": 5e-07, ""Dwell Time cat"": ""low"", ""Chamber Pressure"": 0.000256, ""Working Distance"": 0.00654387}, ""normalized"": {""microscope"": ""Helios G4 PFIB CXe"", ""instrument"": ""Helios G4 PFIB CXe"", ""detector"": ""InLens"", ""accelerating_voltage_kv"": 10000.0, ""magnification"": 5000.0, ""pixel_size_nm"": 1.34896e-08, ""beam_current_na"": 1.6e-09, ""dwell_time_us"": 5e-07, ""working_distance_mm"": 6.5439, ""chamber_pressure_pa"": 0.000256, ""sample"": ""Q980_9h_AC"", ""sample_state"": ""Detail"", ""etching_agent"": ""Nital"", ""imaging_mode"": ""SEM"", ""scale"": ""1.34896e-08 nm/pixel"", ""acquisition_date_if_available"": null}}",,,,
hcci,Q980_9h_AC,hcci_531,Images\531.png,C:\Users\Pranet\Downloads\Mini Project\data\raw\hcci\Images\531.png,531.png,.png,6187133,01e476f246ee8f7b3bf5c20b8e1550af51270a6a69db76220e062a2ce552c49d,2824,1971,4,8,uint8,png,RGBA,SEM,,Overview,Overview,sample_Q980_9h_AC_Overview,Q980_9h_AC,roi_531,Helios G4 PFIB CXe_SE_20000.0kV_1000.0x,"{""raw_metadata"": {""File Name"": 531, ""SEM"": ""Helios G4 PFIB CXe"", ""Detector"": ""SE"", ""Gun"": ""FEG"", ""Voltage"": 20000, ""Magnification"": 1000, ""Etching"": ""Nital"", ""Sample"": ""Q980_9h_AC"", ""Kind"": ""Overview"", ""Pixel Size"": 6.74479e-08, ""Beam Current"": 1.6e-09, ""Dwell Time"": 1e-05, ""Dwell Time cat"": ""high"", ""Chamber Pressure"": 0.00025, ""Working Distance"": 0.00655265}, ""normalized"": {""microscope"": ""Helios G4 PFIB CXe"", ""instrument"": ""Helios G4 PFIB CXe"", ""detector"": ""SE"", ""accelerating_voltage_kv"": 20000.0, ""magnification"": 1000.0, ""pixel_size_nm"": 6.74479e-08, ""beam_current_na"": 1.6e-09, ""dwell_time_us"": 1e-05, ""working_distance_mm"": 6.5526, ""chamber_pressure_pa"": 0.00025, ""sample"": ""Q980_9h_AC"", ""sample_state"": ""Overview"", ""etching_agent"": ""Nital"", ""imaging_mode"": ""SEM"", ""scale"": ""6.74479e-08 nm/pixel"", ""acquisition_date_if_available"": null}}",,,,
hcci,Q980_9h_AC,hcci_532,Images\532.png,C:\Users\Pranet\Downloads\Mini Project\data\raw\hcci\Images\532.png,532.png,.png,7628129,6400a8e4383413c93c1f4c49b400f1584ed360960ee35270a53a43cd8cbab833,2824,1971,4,8,uint8,png,RGBA,SEM,,Overview,Overview,sample_Q980_9h_AC_Overview,Q980_9h_AC,roi_532,Helios G4 PFIB CXe_SE_20000.0kV_1000.0x,"{""raw_metadata"": {""File Name"": 532, ""SEM"": ""Helios G4 PFIB CXe"", ""Detector"": ""SE"", ""Gun"": ""FEG"", ""Voltage"": 20000, ""Magnification"": 1000, ""Etching"": ""Nital"", ""Sample"": ""Q980_9h_AC"", ""Kind"": ""Overview"", ""Pixel Size"": 6.74479e-08, ""Beam Current"": 1.6e-09, ""Dwell Time"": 5e-07, ""Dwell Time cat"": ""low"", ""Chamber Pressure"": 0.000247, ""Working Distance"": 0.00655265}, ""normalized"": {""microscope"": ""Helios G4 PFIB CXe"", ""instrument"": ""Helios G4 PFIB CXe"", ""detector"": ""SE"", ""accelerating_voltage_kv"": 20000.0, ""magnification"": 1000.0, ""pixel_size_nm"": 6.74479e-08, ""beam_current_na"": 1.6e-09, ""dwell_time_us"": 5e-07, ""working_distance_mm"": 6.5526, ""chamber_pressure_pa"": 0.000247, ""sample"": ""Q980_9h_AC"", ""sample_state"": ""Overview"", ""etching_agent"": ""Nital"", ""imaging_mode"": ""SEM"", ""scale"": ""6.74479e-08 nm/pixel"", ""acquisition_date_if_available"": null}}",,,,
hcci,Q980_9h_AC,hcci_533,Images\533.png,C:\Users\Pranet\Downloads\Mini Project\data\raw\hcci\Images\533.png,533.png,.png,5494266,12a1047d4e0b40be3190e0adcc255d94dc3deecf425f785544e1b975dbe09e4d,2824,1971,4,8,uint8,png,RGBA,SEM,,Overview,Overview,sample_Q980_9h_AC_Overview,Q980_9h_AC,roi_533,Helios G4 PFIB CXe_BSE_20000.0kV_1000.0x,"{""raw_metadata"": {""File Name"": 533, ""SEM"": ""Helios G4 PFIB CXe"", ""Detector"": ""BSE"", ""Gun"": ""FEG"", ""Voltage"": 20000, ""Magnification"": 1000, ""Etching"": ""Nital"", ""Sample"": ""Q980_9h_AC"", ""Kind"": ""Overview"", ""Pixel Size"": 6.74479e-08, ""Beam Current"": 1.6e-09, ""Dwell Time"": 1e-05, ""Dwell Time cat"": ""high"", ""Chamber Pressure"": 0.000265, ""Working Distance"": 0.00655265}, ""normalized"": {""microscope"": ""Helios G4 PFIB CXe"", ""instrument"": ""Helios G4 PFIB CXe"", ""detector"": ""BSE"", ""accelerating_voltage_kv"": 20000.0, ""magnification"": 1000.0, ""pixel_size_nm"": 6.74479e-08, ""beam_current_na"": 1.6e-09, ""dwell_time_us"": 1e-05, ""working_distance_mm"": 6.5526, ""chamber_pressure_pa"": 0.000265, ""sample"": ""Q980_9h_AC"", ""sample_state"": ""Overview"", ""etching_agent"": ""Nital"", ""imaging_mode"": ""SEM"", ""scale"": ""6.74479e-08 nm/pixel"", ""acquisition_date_if_available"": null}}",,,,
hcci,Q980_9h_AC,hcci_534,Images\534.png,C:\Users\Pranet\Downloads\Mini Project\data\raw\hcci\Images\534.png,534.png,.png,7262960,d09786130a850bc54516508b0f9c0250fd03bf200153d8cefbd187564856f480,2824,1971,4,8,uint8,png,RGBA,SEM,,Overview,Overview,sample_Q980_9h_AC_Overview,Q980_9h_AC,roi_534,Helios G4 PFIB CXe_BSE_20000.0kV_1000.0x,"{""raw_metadata"": {""File Name"": 534, ""SEM"": ""Helios G4 PFIB CXe"", ""Detector"": ""BSE"", ""Gun"": ""FEG"", ""Voltage"": 20000, ""Magnification"": 1000, ""Etching"": ""Nital"", ""Sample"": ""Q980_9h_AC"", ""Kind"": ""Overview"", ""Pixel Size"": 6.74479e-08, ""Beam Current"": 1.6e-09, ""Dwell Time"": 5e-07, ""Dwell Time cat"": ""low"", ""Chamber Pressure"": 0.000259, ""Working Distance"": 0.00655265}, ""normalized"": {""microscope"": ""Helios G4 PFIB CXe"", ""instrument"": ""Helios G4 PFIB CXe"", ""detector"": ""BSE"", ""accelerating_voltage_kv"": 20000.0, ""magnification"": 1000.0, ""pixel_size_nm"": 6.74479e-08, ""beam_current_na"": 1.6e-09, ""dwell_time_us"": 5e-07, ""working_distance_mm"": 6.5526, ""chamber_pressure_pa"": 0.000259, ""sample"": ""Q980_9h_AC"", ""sample_state"": ""Overview"", ""etching_agent"": ""Nital"", ""imaging_mode"": ""SEM"", ""scale"": ""6.74479e-08 nm/pixel"", ""acquisition_date_if_available"": null}}",,,,
hcci,Q980_9h_AC,hcci_535,Images\535.png,C:\Users\Pranet\Downloads\Mini Project\data\raw\hcci\Images\535.png,535.png,.png,6400464,9d11f9bd1230d74dfb5182744d543c0f4e6971b2625e7ba7739656a6152d80a5,2824,1971,4,8,uint8,png,RGBA,SEM,,Overview,Overview,sample_Q980_9h_AC_Overview,Q980_9h_AC,roi_535,Helios G4 PFIB CXe_InLens_20000.0kV_1000.0x,"{""raw_metadata"": {""File Name"": 535, ""SEM"": ""Helios G4 PFIB CXe"", ""Detector"": ""InLens"", ""Gun"": ""FEG"", ""Voltage"": 20000, ""Magnification"": 1000, ""Etching"": ""Nital"", ""Sample"": ""Q980_9h_AC"", ""Kind"": ""Overview"", ""Pixel Size"": 6.74479e-08, ""Beam Current"": 1.6e-09, ""Dwell Time"": 1e-05, ""Dwell Time cat"": ""high"", ""Chamber Pressure"": 0.000244, ""Working Distance"": 0.00655265}, ""normalized"": {""microscope"": ""Helios G4 PFIB CXe"", ""instrument"": ""Helios G4 PFIB CXe"", ""detector"": ""InLens"", ""accelerating_voltage_kv"": 20000.0, ""magnification"": 1000.0, ""pixel_size_nm"": 6.74479e-08, ""beam_current_na"": 1.6e-09, ""dwell_time_us"": 1e-05, ""working_distance_mm"": 6.5526, ""chamber_pressure_pa"": 0.000244, ""sample"": ""Q980_9h_AC"", ""sample_state"": ""Overview"", ""etching_agent"": ""Nital"", ""imaging_mode"": ""SEM"", ""scale"": ""6.74479e-08 nm/pixel"", ""acquisition_date_if_available"": null}}",,,,
hcci,Q980_9h_AC,hcci_536,Images\536.png,C:\Users\Pranet\Downloads\Mini Project\data\raw\hcci\Images\536.png,536.png,.png,7768435,6ed2e8271e64d323255d80972fdae10991dec7efb7d5e7d257aacaa95e1e7431,2824,1971,4,8,uint8,png,RGBA,SEM,,Overview,Overview,sample_Q980_9h_AC_Overview,Q980_9h_AC,roi_536,Helios G4 PFIB CXe_InLens_20000.0kV_1000.0x,"{""raw_metadata"": {""File Name"": 536, ""SEM"": ""Helios G4 PFIB CXe"", ""Detector"": ""InLens"", ""Gun"": ""FEG"", ""Voltage"": 20000, ""Magnification"": 1000, ""Etching"": ""Nital"", ""Sample"": ""Q980_9h_AC"", ""Kind"": ""Overview"", ""Pixel Size"": 6.74479e-08, ""Beam Current"": 1.6e-09, ""Dwell Time"": 5e-07, ""Dwell Time cat"": ""low"", ""Chamber Pressure"": 0.000241, ""Working Distance"": 0.00655265}, ""normalized"": {""microscope"": ""Helios G4 PFIB CXe"", ""instrument"": ""Helios G4 PFIB CXe"", ""detector"": ""InLens"", ""accelerating_voltage_kv"": 20000.0, ""magnification"": 1000.0, ""pixel_size_nm"": 6.74479e-08, ""beam_current_na"": 1.6e-09, ""dwell_time_us"": 5e-07, ""working_distance_mm"": 6.5526, ""chamber_pressure_pa"": 0.000241, ""sample"": ""Q980_9h_AC"", ""sample_state"": ""Overview"", ""etching_agent"": ""Nital"", ""imaging_mode"": ""SEM"", ""scale"": ""6.74479e-08 nm/pixel"", ""acquisition_date_if_available"": null}}",,,,
hcci,Q980_9h_AC,hcci_537,Images\537.png,C:\Users\Pranet\Downloads\Mini Project\data\raw\hcci\Images\537.png,537.png,.png,4116036,183e259f6ba4206a6bc421ad3828cc69f0582667071940edd4d2a1b52eccca55,1959,1792,4,8,uint8,png,RGBA,SEM,,Detail,Detail,sample_Q980_9h_AC_Detail,Q980_9h_AC,roi_537,Helios G4 PFIB CXe_SE_20000.0kV_5000.0x,"{""raw_metadata"": {""File Name"": 537, ""SEM"": ""Helios G4 PFIB CXe"", ""Detector"": ""SE"", ""Gun"": ""FEG"", ""Voltage"": 20000, ""Magnification"": 5000, ""Etching"": ""Nital"", ""Sample"": ""Q980_9h_AC"", ""Kind"": ""Detail"", ""Pixel Size"": 1.34896e-08, ""Beam Current"": 1.6e-09, ""Dwell Time"": 1e-05, ""Dwell Time cat"": ""high"", ""Chamber Pressure"": 0.000238, ""Working Distance"": 0.00655265}, ""normalized"": {""microscope"": ""Helios G4 PFIB CXe"", ""instrument"": ""Helios G4 PFIB CXe"", ""detector"": ""SE"", ""accelerating_voltage_kv"": 20000.0, ""magnification"": 5000.0, ""pixel_size_nm"": 1.34896e-08, ""beam_current_na"": 1.6e-09, ""dwell_time_us"": 1e-05, ""working_distance_mm"": 6.5526, ""chamber_pressure_pa"": 0.000238, ""sample"": ""Q980_9h_AC"", ""sample_state"": ""Detail"", ""etching_agent"": ""Nital"", ""imaging_mode"": ""SEM"", ""scale"": ""1.34896e-08 nm/pixel"", ""acquisition_date_if_available"": null}}",,,,
hcci,Q980_9h_AC,hcci_538,Images\538.png,C:\Users\Pranet\Downloads\Mini Project\data\raw\hcci\Images\538.png,538.png,.png,5151923,a0ff7b2b59b234dcba8b9172d098fdcc82d4a6bc4edb8162a096f40c4e134b5a,1959,1792,4,8,uint8,png,RGBA,SEM,,Detail,Detail,sample_Q980_9h_AC_Detail,Q980_9h_AC,roi_538,Helios G4 PFIB CXe_SE_20000.0kV_5000.0x,"{""raw_metadata"": {""File Name"": 538, ""SEM"": ""Helios G4 PFIB CXe"", ""Detector"": ""SE"", ""Gun"": ""FEG"", ""Voltage"": 20000, ""Magnification"": 5000, ""Etching"": ""Nital"", ""Sample"": ""Q980_9h_AC"", ""Kind"": ""Detail"", ""Pixel Size"": 1.34896e-08, ""Beam Current"": 1.6e-09, ""Dwell Time"": 5e-07, ""Dwell Time cat"": ""low"", ""Chamber Pressure"": 0.000238, ""Working Distance"": 0.00655265}, ""normalized"": {""microscope"": ""Helios G4 PFIB CXe"", ""instrument"": ""Helios G4 PFIB CXe"", ""detector"": ""SE"", ""accelerating_voltage_kv"": 20000.0, ""magnification"": 5000.0, ""pixel_size_nm"": 1.34896e-08, ""beam_current_na"": 1.6e-09, ""dwell_time_us"": 5e-07, ""working_distance_mm"": 6.5526, ""chamber_pressure_pa"": 0.000238, ""sample"": ""Q980_9h_AC"", ""sample_state"": ""Detail"", ""etching_agent"": ""Nital"", ""imaging_mode"": ""SEM"", ""scale"": ""1.34896e-08 nm/pixel"", ""acquisition_date_if_available"": null}}",,,,
hcci,Q980_9h_AC,hcci_539,Images\539.png,C:\Users\Pranet\Downloads\Mini Project\data\raw\hcci\Images\539.png,539.png,.png,3368116,e977f65a91849d02ab1cec6fd913a7349b64af48c6a4cc7ca77ffa3d4f06de6d,1959,1792,4,8,uint8,png,RGBA,SEM,,Detail,Detail,sample_Q980_9h_AC_Detail,Q980_9h_AC,roi_539,Helios G4 PFIB CXe_BSE_20000.0kV_5000.0x,"{""raw_metadata"": {""File Name"": 539, ""SEM"": ""Helios G4 PFIB CXe"", ""Detector"": ""BSE"", ""Gun"": ""FEG"", ""Voltage"": 20000, ""Magnification"": 5000, ""Etching"": ""Nital"", ""Sample"": ""Q980_9h_AC"", ""Kind"": ""Detail"", ""Pixel Size"": 1.34896e-08, ""Beam Current"": 1.6e-09, ""Dwell Time"": 1e-05, ""Dwell Time cat"": ""high"", ""Chamber Pressure"": 0.000254, ""Working Distance"": 0.00655265}, ""normalized"": {""microscope"": ""Helios G4 PFIB CXe"", ""instrument"": ""Helios G4 PFIB CXe"", ""detector"": ""BSE"", ""accelerating_voltage_kv"": 20000.0, ""magnification"": 5000.0, ""pixel_size_nm"": 1.34896e-08, ""beam_current_na"": 1.6e-09, ""dwell_time_us"": 1e-05, ""working_distance_mm"": 6.5526, ""chamber_pressure_pa"": 0.000254, ""sample"": ""Q980_9h_AC"", ""sample_state"": ""Detail"", ""etching_agent"": ""Nital"", ""imaging_mode"": ""SEM"", ""scale"": ""1.34896e-08 nm/pixel"", ""acquisition_date_if_available"": null}}",,,,
hcci,Q980_0h_WC,hcci_54,Images\54.png,C:\Users\Pranet\Downloads\Mini Project\data\raw\hcci\Images\54.png,54.png,.png,6661841,f538e9e5b1d9e08b2ce39b9c062b969aa526d9dabf17d0386c6af88b31571488,2749,1983,4,8,uint8,png,RGBA,SEM,,Overview,Overview,sample_Q980_0h_WC_Overview,Q980_0h_WC,roi_54,Helios G4 PFIB CXe_InLens_10000.0kV_1000.0x,"{""raw_metadata"": {""File Name"": 54, ""SEM"": ""Helios G4 PFIB CXe"", ""Detector"": ""InLens"", ""Gun"": ""FEG"", ""Voltage"": 10000, ""Magnification"": 1000, ""Etching"": ""Vilella"", ""Sample"": ""Q980_0h_WC"", ""Kind"": ""Overview"", ""Pixel Size"": 6.74479e-08, ""Beam Current"": 1.6e-09, ""Dwell Time"": 5e-07, ""Dwell Time cat"": ""low"", ""Chamber Pressure"": 0.000123, ""Working Distance"": 0.00620576}, ""normalized"": {""microscope"": ""Helios G4 PFIB CXe"", ""instrument"": ""Helios G4 PFIB CXe"", ""detector"": ""InLens"", ""accelerating_voltage_kv"": 10000.0, ""magnification"": 1000.0, ""pixel_size_nm"": 6.74479e-08, ""beam_current_na"": 1.6e-09, ""dwell_time_us"": 5e-07, ""working_distance_mm"": 6.2058, ""chamber_pressure_pa"": 0.000123, ""sample"": ""Q980_0h_WC"", ""sample_state"": ""Overview"", ""etching_agent"": ""Vilella"", ""imaging_mode"": ""SEM"", ""scale"": ""6.74479e-08 nm/pixel"", ""acquisition_date_if_available"": null}}",,,,
hcci,Q980_9h_AC,hcci_540,Images\540.png,C:\Users\Pranet\Downloads\Mini Project\data\raw\hcci\Images\540.png,540.png,.png,4597609,7aaa0cbef9072bf28b6a7dab6a38b0b70276232a899a793f6fc753e9cad9e7c0,1959,1792,4,8,uint8,png,RGBA,SEM,,Detail,Detail,sample_Q980_9h_AC_Detail,Q980_9h_AC,roi_540,Helios G4 PFIB CXe_BSE_20000.0kV_5000.0x,"{""raw_metadata"": {""File Name"": 540, ""SEM"": ""Helios G4 PFIB CXe"", ""Detector"": ""BSE"", ""Gun"": ""FEG"", ""Voltage"": 20000, ""Magnification"": 5000, ""Etching"": ""Nital"", ""Sample"": ""Q980_9h_AC"", ""Kind"": ""Detail"", ""Pixel Size"": 1.34896e-08, ""Beam Current"": 1.6e-09, ""Dwell Time"": 5e-07, ""Dwell Time cat"": ""low"", ""Chamber Pressure"": 0.000248, ""Working Distance"": 0.00655265}, ""normalized"": {""microscope"": ""Helios G4 PFIB CXe"", ""instrument"": ""Helios G4 PFIB CXe"", ""detector"": ""BSE"", ""accelerating_voltage_kv"": 20000.0, ""magnification"": 5000.0, ""pixel_size_nm"": 1.34896e-08, ""beam_current_na"": 1.6e-09, ""dwell_time_us"": 5e-07, ""working_distance_mm"": 6.5526, ""chamber_pressure_pa"": 0.000248, ""sample"": ""Q980_9h_AC"", ""sample_state"": ""Detail"", ""etching_agent"": ""Nital"", ""imaging_mode"": ""SEM"", ""scale"": ""1.34896e-08 nm/pixel"", ""acquisition_date_if_available"": null}}",,,,
hcci,Q980_9h_AC,hcci_541,Images\541.png,C:\Users\Pranet\Downloads\Mini Project\data\raw\hcci\Images\541.png,541.png,.png,4190189,b0bac06f393391314fc94bb483ae1a74bf352190c15133db5412724eeeaa49e5,1959,1792,4,8,uint8,png,RGBA,SEM,,Detail,Detail,sample_Q980_9h_AC_Detail,Q980_9h_AC,roi_541,Helios G4 PFIB CXe_InLens_20000.0kV_5000.0x,"{""raw_metadata"": {""File Name"": 541, ""SEM"": ""Helios G4 PFIB CXe"", ""Detector"": ""InLens"", ""Gun"": ""FEG"", ""Voltage"": 20000, ""Magnification"": 5000, ""Etching"": ""Nital"", ""Sample"": ""Q980_9h_AC"", ""Kind"": ""Detail"", ""Pixel Size"": 1.34896e-08, ""Beam Current"": 1.6e-09, ""Dwell Time"": 1e-05, ""Dwell Time cat"": ""high"", ""Chamber Pressure"": 0.000236, ""Working Distance"": 0.00655265}, ""normalized"": {""microscope"": ""Helios G4 PFIB CXe"", ""instrument"": ""Helios G4 PFIB CXe"", ""detector"": ""InLens"", ""accelerating_voltage_kv"": 20000.0, ""magnification"": 5000.0, ""pixel_size_nm"": 1.34896e-08, ""beam_current_na"": 1.6e-09, ""dwell_time_us"": 1e-05, ""working_distance_mm"": 6.5526, ""chamber_pressure_pa"": 0.000236, ""sample"": ""Q980_9h_AC"", ""sample_state"": ""Detail"", ""etching_agent"": ""Nital"", ""imaging_mode"": ""SEM"", ""scale"": ""1.34896e-08 nm/pixel"", ""acquisition_date_if_available"": null}}",,,,
hcci,Q980_9h_AC,hcci_542,Images\542.png,C:\Users\Pranet\Downloads\Mini Project\data\raw\hcci\Images\542.png,542.png,.png,4912109,7ed5feb0b9b77cc5b9aadfa4ac9d5b76e005f2345bba9daf544fe18d2bfcb82b,1959,1792,4,8,uint8,png,RGBA,SEM,,Detail,Detail,sample_Q980_9h_AC_Detail,Q980_9h_AC,roi_542,Helios G4 PFIB CXe_InLens_20000.0kV_5000.0x,"{""raw_metadata"": {""File Name"": 542, ""SEM"": ""Helios G4 PFIB CXe"", ""Detector"": ""InLens"", ""Gun"": ""FEG"", ""Voltage"": 20000, ""Magnification"": 5000, ""Etching"": ""Nital"", ""Sample"": ""Q980_9h_AC"", ""Kind"": ""Detail"", ""Pixel Size"": 1.34896e-08, ""Beam Current"": 1.6e-09, ""Dwell Time"": 5e-07, ""Dwell Time cat"": ""low"", ""Chamber Pressure"": 0.000236, ""Working Distance"": 0.00655265}, ""normalized"": {""microscope"": ""Helios G4 PFIB CXe"", ""instrument"": ""Helios G4 PFIB CXe"", ""detector"": ""InLens"", ""accelerating_voltage_kv"": 20000.0, ""magnification"": 5000.0, ""pixel_size_nm"": 1.34896e-08, ""beam_current_na"": 1.6e-09, ""dwell_time_us"": 5e-07, ""working_distance_mm"": 6.5526, ""chamber_pressure_pa"": 0.000236, ""sample"": ""Q980_9h_AC"", ""sample_state"": ""Detail"", ""etching_agent"": ""Nital"", ""imaging_mode"": ""SEM"", ""scale"": ""1.34896e-08 nm/pixel"", ""acquisition_date_if_available"": null}}",,,,
hcci,AsCast,hcci_543,Images\543.png,C:\Users\Pranet\Downloads\Mini Project\data\raw\hcci\Images\543.png,543.png,.png,5266919,9da00816b0ff977c460e0dddeb7e4ce374f9fabf33bb1ddacf30c30a0343b76e,2889,1974,4,8,uint8,png,RGBA,SEM,,Overview,Overview,sample_AsCast_Overview,AsCast,roi_543,VEGA3 XMH_SE_5000.0kV_4000.0x,"{""raw_metadata"": {""File Name"": 543, ""SEM"": ""VEGA3 XMH"", ""Detector"": ""SE"", ""Gun"": ""W"", ""Voltage"": 5000, ""Magnification"": 4000, ""Etching"": ""Nital"", ""Sample"": ""AsCast"", ""Kind"": ""Overview"", ""Pixel Size"": 6.862e-08, ""Beam Current"": 6.8005e-05, ""Dwell Time"": 1e-05, ""Dwell Time cat"": ""high"", ""Chamber Pressure"": 0.010127, ""Working Distance"": 0.0087589}, ""normalized"": {""microscope"": ""VEGA3 XMH"", ""instrument"": ""VEGA3 XMH"", ""detector"": ""SE"", ""accelerating_voltage_kv"": 5000.0, ""magnification"": 4000.0, ""pixel_size_nm"": 6.862e-08, ""beam_current_na"": 6.8005e-05, ""dwell_time_us"": 1e-05, ""working_distance_mm"": 8.7589, ""chamber_pressure_pa"": 0.010127, ""sample"": ""AsCast"", ""sample_state"": ""Overview"", ""etching_agent"": ""Nital"", ""imaging_mode"": ""SEM"", ""scale"": ""6.862e-08 nm/pixel"", ""acquisition_date_if_available"": null}}",,,,
hcci,AsCast,hcci_544,Images\544.png,C:\Users\Pranet\Downloads\Mini Project\data\raw\hcci\Images\544.png,544.png,.png,7775742,623eb42c0072915382b63c7cb96e44da55bee6f6260dc553310d914e9968963c,2889,1974,4,8,uint8,png,RGBA,SEM,,Overview,Overview,sample_AsCast_Overview,AsCast,roi_544,VEGA3 XMH_SE_5000.0kV_4000.0x,"{""raw_metadata"": {""File Name"": 544, ""SEM"": ""VEGA3 XMH"", ""Detector"": ""SE"", ""Gun"": ""W"", ""Voltage"": 5000, ""Magnification"": 4000, ""Etching"": ""Nital"", ""Sample"": ""AsCast"", ""Kind"": ""Overview"", ""Pixel Size"": 6.862e-08, ""Beam Current"": 6.7679e-05, ""Dwell Time"": 3.2e-07, ""Dwell Time cat"": ""low"", ""Chamber Pressure"": 0.010127, ""Working Distance"": 0.0087589}, ""normalized"": {""microscope"": ""VEGA3 XMH"", ""instrument"": ""VEGA3 XMH"", ""detector"": ""SE"", ""accelerating_voltage_kv"": 5000.0, ""magnification"": 4000.0, ""pixel_size_nm"": 6.862e-08, ""beam_current_na"": 6.7679e-05, ""dwell_time_us"": 3.2e-07, ""working_distance_mm"": 8.7589, ""chamber_pressure_pa"": 0.010127, ""sample"": ""AsCast"", ""sample_state"": ""Overview"", ""etching_agent"": ""Nital"", ""imaging_mode"": ""SEM"", ""scale"": ""6.862e-08 nm/pixel"", ""acquisition_date_if_available"": null}}",,,,
hcci,AsCast,hcci_545,Images\545.png,C:\Users\Pranet\Downloads\Mini Project\data\raw\hcci\Images\545.png,545.png,.png,5964145,a9745981a74d2a9556c749516b127b23aee7f6c763cf7132623e20839e670843,2889,1974,4,8,uint8,png,RGBA,SEM,,Overview,Overview,sample_AsCast_Overview,AsCast,roi_545,VEGA3 XMH_BSE_5000.0kV_4000.0x,"{""raw_metadata"": {""File Name"": 545, ""SEM"": ""VEGA3 XMH"", ""Detector"": ""BSE"", ""Gun"": ""W"", ""Voltage"": 5000, ""Magnification"": 4000, ""Etching"": ""Nital"", ""Sample"": ""AsCast"", ""Kind"": ""Overview"", ""Pixel Size"": 6.862e-08, ""Beam Current"": 6.7679e-05, ""Dwell Time"": 1e-05, ""Dwell Time cat"": ""high"", ""Chamber Pressure"": 0.010155, ""Working Distance"": 0.0087589}, ""normalized"": {""microscope"": ""VEGA3 XMH"", ""instrument"": ""VEGA3 XMH"", ""detector"": ""BSE"", ""accelerating_voltage_kv"": 5000.0, ""magnification"": 4000.0, ""pixel_size_nm"": 6.862e-08, ""beam_current_na"": 6.7679e-05, ""dwell_time_us"": 1e-05, ""working_distance_mm"": 8.7589, ""chamber_pressure_pa"": 0.010155, ""sample"": ""AsCast"", ""sample_state"": ""Overview"", ""etching_agent"": ""Nital"", ""imaging_mode"": ""SEM"", ""scale"": ""6.862e-08 nm/pixel"", ""acquisition_date_if_available"": null}}",,,,
hcci,AsCast,hcci_546,Images\546.png,C:\Users\Pranet\Downloads\Mini Project\data\raw\hcci\Images\546.png,546.png,.png,7185755,450a670ff55b82a5dfdb536227d360aa0277c3023046b3f5e513ead949560271,2889,1974,4,8,uint8,png,RGBA,SEM,,Overview,Overview,sample_AsCast_Overview,AsCast,roi_546,VEGA3 XMH_BSE_5000.0kV_4000.0x,"{""raw_metadata"": {""File Name"": 546, ""SEM"": ""VEGA3 XMH"", ""Detector"": ""BSE"", ""Gun"": ""W"", ""Voltage"": 5000, ""Magnification"": 4000, ""Etching"": ""Nital"", ""Sample"": ""AsCast"", ""Kind"": ""Overview"", ""Pixel Size"": 6.862e-08, ""Beam Current"": 6.7679e-05, ""Dwell Time"": 3.2e-07, ""Dwell Time cat"": ""low"", ""Chamber Pressure"": 0.010134, ""Working Distance"": 0.0087589}, ""normalized"": {""microscope"": ""VEGA3 XMH"", ""instrument"": ""VEGA3 XMH"", ""detector"": ""BSE"", ""accelerating_voltage_kv"": 5000.0, ""magnification"": 4000.0, ""pixel_size_nm"": 6.862e-08, ""beam_current_na"": 6.7679e-05, ""dwell_time_us"": 3.2e-07, ""working_distance_mm"": 8.7589, ""chamber_pressure_pa"": 0.010134, ""sample"": ""AsCast"", ""sample_state"": ""Overview"", ""etching_agent"": ""Nital"", ""imaging_mode"": ""SEM"", ""scale"": ""6.862e-08 nm/pixel"", ""acquisition_date_if_available"": null}}",,,,
hcci,AsCast,hcci_547,Images\547.png,C:\Users\Pranet\Downloads\Mini Project\data\raw\hcci\Images\547.png,547.png,.png,4727043,64c5d278a7cf955bb2bb86a707c819635eda7510fc48409f3b3cd1fcf5b71ab6,2515,1920,4,8,uint8,png,RGBA,SEM,,Detail,Detail,sample_AsCast_Detail,AsCast,roi_547,VEGA3 XMH_SE_5000.0kV_20000.0x,"{""raw_metadata"": {""File Name"": 547, ""SEM"": ""VEGA3 XMH"", ""Detector"": ""SE"", ""Gun"": ""W"", ""Voltage"": 5000, ""Magnification"": 20000, ""Etching"": ""Nital"", ""Sample"": ""AsCast"", ""Kind"": ""Detail"", ""Pixel Size"": 1.3724e-08, ""Beam Current"": 6.7354e-05, ""Dwell Time"": 1e-05, ""Dwell Time cat"": ""high"", ""Chamber Pressure"": 0.010134, ""Working Distance"": 0.00870499999999999}, ""normalized"": {""microscope"": ""VEGA3 XMH"", ""instrument"": ""VEGA3 XMH"", ""detector"": ""SE"", ""accelerating_voltage_kv"": 5000.0, ""magnification"": 20000.0, ""pixel_size_nm"": 1.3724e-08, ""beam_current_na"": 6.7354e-05, ""dwell_time_us"": 1e-05, ""working_distance_mm"": 8.705, ""chamber_pressure_pa"": 0.010134, ""sample"": ""AsCast"", ""sample_state"": ""Detail"", ""etching_agent"": ""Nital"", ""imaging_mode"": ""SEM"", ""scale"": ""1.3724e-08 nm/pixel"", ""acquisition_date_if_available"": null}}",,,,
hcci,AsCast,hcci_548,Images\548.png,C:\Users\Pranet\Downloads\Mini Project\data\raw\hcci\Images\548.png,548.png,.png,5834597,62a8843c6fb230109197f03999eed42ee5572a250bce0314f37c790f2dca22c4,2515,1920,4,8,uint8,png,RGBA,SEM,,Detail,Detail,sample_AsCast_Detail,AsCast,roi_548,VEGA3 XMH_SE_5000.0kV_20000.0x,"{""raw_metadata"": {""File Name"": 548, ""SEM"": ""VEGA3 XMH"", ""Detector"": ""SE"", ""Gun"": ""W"", ""Voltage"": 5000, ""Magnification"": 20000, ""Etching"": ""Nital"", ""Sample"": ""AsCast"", ""Kind"": ""Detail"", ""Pixel Size"": 1.3724e-08, ""Beam Current"": 6.7354e-05, ""Dwell Time"": 3.2e-07, ""Dwell Time cat"": ""low"", ""Chamber Pressure"": 0.010134, ""Working Distance"": 0.00870499999999999}, ""normalized"": {""microscope"": ""VEGA3 XMH"", ""instrument"": ""VEGA3 XMH"", ""detector"": ""SE"", ""accelerating_voltage_kv"": 5000.0, ""magnification"": 20000.0, ""pixel_size_nm"": 1.3724e-08, ""beam_current_na"": 6.7354e-05, ""dwell_time_us"": 3.2e-07, ""working_distance_mm"": 8.705, ""chamber_pressure_pa"": 0.010134, ""sample"": ""AsCast"", ""sample_state"": ""Detail"", ""etching_agent"": ""Nital"", ""imaging_mode"": ""SEM"", ""scale"": ""1.3724e-08 nm/pixel"", ""acquisition_date_if_available"": null}}",,,,
hcci,AsCast,hcci_549,Images\549.png,C:\Users\Pranet\Downloads\Mini Project\data\raw\hcci\Images\549.png,549.png,.png,5792036,8119d9bbee69108990839ff4fcf5d27099178f97a4085a0b2a279ff8a69c337f,2515,1920,4,8,uint8,png,RGBA,SEM,,Detail,Detail,sample_AsCast_Detail,AsCast,roi_549,VEGA3 XMH_BSE_5000.0kV_20000.0x,"{""raw_metadata"": {""File Name"": 549, ""SEM"": ""VEGA3 XMH"", ""Detector"": ""BSE"", ""Gun"": ""W"", ""Voltage"": 5000, ""Magnification"": 20000, ""Etching"": ""Nital"", ""Sample"": ""AsCast"", ""Kind"": ""Detail"", ""Pixel Size"": 1.3724e-08, ""Beam Current"": 6.7354e-05, ""Dwell Time"": 1e-05, ""Dwell Time cat"": ""high"", ""Chamber Pressure"": 0.010141, ""Working Distance"": 0.00870499999999999}, ""normalized"": {""microscope"": ""VEGA3 XMH"", ""instrument"": ""VEGA3 XMH"", ""detector"": ""BSE"", ""accelerating_voltage_kv"": 5000.0, ""magnification"": 20000.0, ""pixel_size_nm"": 1.3724e-08, ""beam_current_na"": 6.7354e-05, ""dwell_time_us"": 1e-05, ""working_distance_mm"": 8.705, ""chamber_pressure_pa"": 0.010141, ""sample"": ""AsCast"", ""sample_state"": ""Detail"", ""etching_agent"": ""Nital"", ""imaging_mode"": ""SEM"", ""scale"": ""1.3724e-08 nm/pixel"", ""acquisition_date_if_available"": null}}",,,,
hcci,Q980_0h_WC,hcci_55,Images\55.png,C:\Users\Pranet\Downloads\Mini Project\data\raw\hcci\Images\55.png,55.png,.png,4937351,09d4188932388bfd46568927321662bc203e4a20ee191f7c5724a1a844588845,2651,1896,4,8,uint8,png,RGBA,SEM,,Detail,Detail,sample_Q980_0h_WC_Detail,Q980_0h_WC,roi_55,Helios G4 PFIB CXe_SE_10000.0kV_5000.0x,"{""raw_metadata"": {""File Name"": 55, ""SEM"": ""Helios G4 PFIB CXe"", ""Detector"": ""SE"", ""Gun"": ""FEG"", ""Voltage"": 10000, ""Magnification"": 5000, ""Etching"": ""Vilella"", ""Sample"": ""Q980_0h_WC"", ""Kind"": ""Detail"", ""Pixel Size"": 1.34896e-08, ""Beam Current"": 1.6e-09, ""Dwell Time"": 1e-05, ""Dwell Time cat"": ""high"", ""Chamber Pressure"": 0.000121, ""Working Distance"": 0.00620576}, ""normalized"": {""microscope"": ""Helios G4 PFIB CXe"", ""instrument"": ""Helios G4 PFIB CXe"", ""detector"": ""SE"", ""accelerating_voltage_kv"": 10000.0, ""magnification"": 5000.0, ""pixel_size_nm"": 1.34896e-08, ""beam_current_na"": 1.6e-09, ""dwell_time_us"": 1e-05, ""working_distance_mm"": 6.2058, ""chamber_pressure_pa"": 0.000121, ""sample"": ""Q980_0h_WC"", ""sample_state"": ""Detail"", ""etching_agent"": ""Vilella"", ""imaging_mode"": ""SEM"", ""scale"": ""1.34896e-08 nm/pixel"", ""acquisition_date_if_available"": null}}",,,,
hcci,AsCast,hcci_550,Images\550.png,C:\Users\Pranet\Downloads\Mini Project\data\raw\hcci\Images\550.png,550.png,.png,6821921,028d6620138ed7d740dc269df5dc53dcb1cca6a14829cd73940cb30b73613b08,2515,1920,4,8,uint8,png,RGBA,SEM,,Detail,Detail,sample_AsCast_Detail,AsCast,roi_550,VEGA3 XMH_BSE_5000.0kV_20000.0x,"{""raw_metadata"": {""File Name"": 550, ""SEM"": ""VEGA3 XMH"", ""Detector"": ""BSE"", ""Gun"": ""W"", ""Voltage"": 5000, ""Magnification"": 20000, ""Etching"": ""Nital"", ""Sample"": ""AsCast"", ""Kind"": ""Detail"", ""Pixel Size"": 1.3724e-08, ""Beam Current"": 6.7354e-05, ""Dwell Time"": 3.2e-07, ""Dwell Time cat"": ""low"", ""Chamber Pressure"": 0.010134, ""Working Distance"": 0.00870499999999999}, ""normalized"": {""microscope"": ""VEGA3 XMH"", ""instrument"": ""VEGA3 XMH"", ""detector"": ""BSE"", ""accelerating_voltage_kv"": 5000.0, ""magnification"": 20000.0, ""pixel_size_nm"": 1.3724e-08, ""beam_current_na"": 6.7354e-05, ""dwell_time_us"": 3.2e-07, ""working_distance_mm"": 8.705, ""chamber_pressure_pa"": 0.010134, ""sample"": ""AsCast"", ""sample_state"": ""Detail"", ""etching_agent"": ""Nital"", ""imaging_mode"": ""SEM"", ""scale"": ""1.3724e-08 nm/pixel"", ""acquisition_date_if_available"": null}}",,,,
hcci,AsCast,hcci_551,Images\551.png,C:\Users\Pranet\Downloads\Mini Project\data\raw\hcci\Images\551.png,551.png,.png,5293596,2430a8f1dda83d341fa08629dcadde4599b62f254f2232b4239800a43233159f,2889,1974,4,8,uint8,png,RGBA,SEM,,Overview,Overview,sample_AsCast_Overview,AsCast,roi_551,VEGA3 XMH_SE_10000.0kV_4000.0x,"{""raw_metadata"": {""File Name"": 551, ""SEM"": ""VEGA3 XMH"", ""Detector"": ""SE"", ""Gun"": ""W"", ""Voltage"": 10000, ""Magnification"": 4000, ""Etching"": ""Nital"", ""Sample"": ""AsCast"", ""Kind"": ""Overview"", ""Pixel Size"": 6.862e-08, ""Beam Current"": 6.7983e-05, ""Dwell Time"": 1e-05, ""Dwell Time cat"": ""high"", ""Chamber Pressure"": 0.010134, ""Working Distance"": 0.0086426}, ""normalized"": {""microscope"": ""VEGA3 XMH"", ""instrument"": ""VEGA3 XMH"", ""detector"": ""SE"", ""accelerating_voltage_kv"": 10000.0, ""magnification"": 4000.0, ""pixel_size_nm"": 6.862e-08, ""beam_current_na"": 6.7983e-05, ""dwell_time_us"": 1e-05, ""working_distance_mm"": 8.6426, ""chamber_pressure_pa"": 0.010134, ""sample"": ""AsCast"", ""sample_state"": ""Overview"", ""etching_agent"": ""Nital"", ""imaging_mode"": ""SEM"", ""scale"": ""6.862e-08 nm/pixel"", ""acquisition_date_if_available"": null}}",,,,
hcci,AsCast,hcci_552,Images\552.png,C:\Users\Pranet\Downloads\Mini Project\data\raw\hcci\Images\552.png,552.png,.png,6944095,5488f72526e6fe52ca240dcdaa3a0284e319e3968754897649dfb16e34afa9cd,2889,1974,4,8,uint8,png,RGBA,SEM,,Overview,Overview,sample_AsCast_Overview,AsCast,roi_552,VEGA3 XMH_SE_10000.0kV_4000.0x,"{""raw_metadata"": {""File Name"": 552, ""SEM"": ""VEGA3 XMH"", ""Detector"": ""SE"", ""Gun"": ""W"", ""Voltage"": 10000, ""Magnification"": 4000, ""Etching"": ""Nital"", ""Sample"": ""AsCast"", ""Kind"": ""Overview"", ""Pixel Size"": 6.862e-08, ""Beam Current"": 6.8308e-05, ""Dwell Time"": 3.2e-07, ""Dwell Time cat"": ""low"", ""Chamber Pressure"": 0.010134, ""Working Distance"": 0.0086426}, ""normalized"": {""microscope"": ""VEGA3 XMH"", ""instrument"": ""VEGA3 XMH"", ""detector"": ""SE"", ""accelerating_voltage_kv"": 10000.0, ""magnification"": 4000.0, ""pixel_size_nm"": 6.862e-08, ""beam_current_na"": 6.8308e-05, ""dwell_time_us"": 3.2e-07, ""working_distance_mm"": 8.6426, ""chamber_pressure_pa"": 0.010134, ""sample"": ""AsCast"", ""sample_state"": ""Overview"", ""etching_agent"": ""Nital"", ""imaging_mode"": ""SEM"", ""scale"": ""6.862e-08 nm/pixel"", ""acquisition_date_if_available"": null}}",,,,
hcci,AsCast,hcci_553,Images\553.png,C:\Users\Pranet\Downloads\Mini Project\data\raw\hcci\Images\553.png,553.png,.png,6549394,a958454ecb8262add17972ab348ba9ddfdef3c0f8908099d554ce94d11b03dcf,2889,1974,4,8,uint8,png,RGBA,SEM,,Overview,Overview,sample_AsCast_Overview,AsCast,roi_553,VEGA3 XMH_BSE_10000.0kV_4000.0x,"{""raw_metadata"": {""File Name"": 553, ""SEM"": ""VEGA3 XMH"", ""Detector"": ""BSE"", ""Gun"": ""W"", ""Voltage"": 10000, ""Magnification"": 4000, ""Etching"": ""Nital"", ""Sample"": ""AsCast"", ""Kind"": ""Overview"", ""Pixel Size"": 6.862e-08, ""Beam Current"": 6.7983e-05, ""Dwell Time"": 1e-05, ""Dwell Time cat"": ""high"", ""Chamber Pressure"": 0.010134, ""Working Distance"": 0.0086426}, ""normalized"": {""microscope"": ""VEGA3 XMH"", ""instrument"": ""VEGA3 XMH"", ""detector"": ""BSE"", ""accelerating_voltage_kv"": 10000.0, ""magnification"": 4000.0, ""pixel_size_nm"": 6.862e-08, ""beam_current_na"": 6.7983e-05, ""dwell_time_us"": 1e-05, ""working_distance_mm"": 8.6426, ""chamber_pressure_pa"": 0.010134, ""sample"": ""AsCast"", ""sample_state"": ""Overview"", ""etching_agent"": ""Nital"", ""imaging_mode"": ""SEM"", ""scale"": ""6.862e-08 nm/pixel"", ""acquisition_date_if_available"": null}}",,,,
hcci,AsCast,hcci_554,Images\554.png,C:\Users\Pranet\Downloads\Mini Project\data\raw\hcci\Images\554.png,554.png,.png,7955586,36ecd313b8efba55f10f6828f1dba53f691e1395f8098f826e39009eaecae3f5,2889,1974,4,8,uint8,png,RGBA,SEM,,Overview,Overview,sample_AsCast_Overview,AsCast,roi_554,VEGA3 XMH_BSE_10000.0kV_4000.0x,"{""raw_metadata"": {""File Name"": 554, ""SEM"": ""VEGA3 XMH"", ""Detector"": ""BSE"", ""Gun"": ""W"", ""Voltage"": 10000, ""Magnification"": 4000, ""Etching"": ""Nital"", ""Sample"": ""AsCast"", ""Kind"": ""Overview"", ""Pixel Size"": 6.862e-08, ""Beam Current"": 6.7983e-05, ""Dwell Time"": 3.2e-07, ""Dwell Time cat"": ""low"", ""Chamber Pressure"": 0.010134, ""Working Distance"": 0.0086426}, ""normalized"": {""microscope"": ""VEGA3 XMH"", ""instrument"": ""VEGA3 XMH"", ""detector"": ""BSE"", ""accelerating_voltage_kv"": 10000.0, ""magnification"": 4000.0, ""pixel_size_nm"": 6.862e-08, ""beam_current_na"": 6.7983e-05, ""dwell_time_us"": 3.2e-07, ""working_distance_mm"": 8.6426, ""chamber_pressure_pa"": 0.010134, ""sample"": ""AsCast"", ""sample_state"": ""Overview"", ""etching_agent"": ""Nital"", ""imaging_mode"": ""SEM"", ""scale"": ""6.862e-08 nm/pixel"", ""acquisition_date_if_available"": null}}",,,,
hcci,AsCast,hcci_555,Images\555.png,C:\Users\Pranet\Downloads\Mini Project\data\raw\hcci\Images\555.png,555.png,.png,4245964,f020f0c7b55e4ba6245a809d42409fa313d7d524d3a37fb01a2fe7921191029e,2515,1920,4,8,uint8,png,RGBA,SEM,,Detail,Detail,sample_AsCast_Detail,AsCast,roi_555,VEGA3 XMH_SE_10000.0kV_20000.0x,"{""raw_metadata"": {""File Name"": 555, ""SEM"": ""VEGA3 XMH"", ""Detector"": ""SE"", ""Gun"": ""W"", ""Voltage"": 10000, ""Magnification"": 20000, ""Etching"": ""Nital"", ""Sample"": ""AsCast"", ""Kind"": ""Detail"", ""Pixel Size"": 1.3724e-08, ""Beam Current"": 6.7983e-05, ""Dwell Time"": 1e-05, ""Dwell Time cat"": ""high"", ""Chamber Pressure"": 0.010127, ""Working Distance"": 0.0086791}, ""normalized"": {""microscope"": ""VEGA3 XMH"", ""instrument"": ""VEGA3 XMH"", ""detector"": ""SE"", ""accelerating_voltage_kv"": 10000.0, ""magnification"": 20000.0, ""pixel_size_nm"": 1.3724e-08, ""beam_current_na"": 6.7983e-05, ""dwell_time_us"": 1e-05, ""working_distance_mm"": 8.6791, ""chamber_pressure_pa"": 0.010127, ""sample"": ""AsCast"", ""sample_state"": ""Detail"", ""etching_agent"": ""Nital"", ""imaging_mode"": ""SEM"", ""scale"": ""1.3724e-08 nm/pixel"", ""acquisition_date_if_available"": null}}",,,,
hcci,AsCast,hcci_556,Images\556.png,C:\Users\Pranet\Downloads\Mini Project\data\raw\hcci\Images\556.png,556.png,.png,6457616,689b46b53ab2953f1c9abc2a0af3b2507e9845b4d92cda90b6af3e53b712bb94,2515,1920,4,8,uint8,png,RGBA,SEM,,Detail,Detail,sample_AsCast_Detail,AsCast,roi_556,VEGA3 XMH_SE_10000.0kV_20000.0x,"{""raw_metadata"": {""File Name"": 556, ""SEM"": ""VEGA3 XMH"", ""Detector"": ""SE"", ""Gun"": ""W"", ""Voltage"": 10000, ""Magnification"": 20000, ""Etching"": ""Nital"", ""Sample"": ""AsCast"", ""Kind"": ""Detail"", ""Pixel Size"": 1.3724e-08, ""Beam Current"": 6.7983e-05, ""Dwell Time"": 3.2e-07, ""Dwell Time cat"": ""low"", ""Chamber Pressure"": 0.010134, ""Working Distance"": 0.00872599999999999}, ""normalized"": {""microscope"": ""VEGA3 XMH"", ""instrument"": ""VEGA3 XMH"", ""detector"": ""SE"", ""accelerating_voltage_kv"": 10000.0, ""magnification"": 20000.0, ""pixel_size_nm"": 1.3724e-08, ""beam_current_na"": 6.7983e-05, ""dwell_time_us"": 3.2e-07, ""working_distance_mm"": 8.726, ""chamber_pressure_pa"": 0.010134, ""sample"": ""AsCast"", ""sample_state"": ""Detail"", ""etching_agent"": ""Nital"", ""imaging_mode"": ""SEM"", ""scale"": ""1.3724e-08 nm/pixel"", ""acquisition_date_if_available"": null}}",,,,
hcci,AsCast,hcci_557,Images\557.png,C:\Users\Pranet\Downloads\Mini Project\data\raw\hcci\Images\557.png,557.png,.png,4728482,7bdf1d4c7465723a051d9afc9bb0c68711515b39a3f4f19b17d6a2f468334a03,2515,1920,4,8,uint8,png,RGBA,SEM,,Detail,Detail,sample_AsCast_Detail,AsCast,roi_557,VEGA3 XMH_BSE_10000.0kV_20000.0x,"{""raw_metadata"": {""File Name"": 557, ""SEM"": ""VEGA3 XMH"", ""Detector"": ""BSE"", ""Gun"": ""W"", ""Voltage"": 10000, ""Magnification"": 20000, ""Etching"": ""Nital"", ""Sample"": ""AsCast"", ""Kind"": ""Detail"", ""Pixel Size"": 1.3724e-08, ""Beam Current"": 6.7983e-05, ""Dwell Time"": 1e-05, ""Dwell Time cat"": ""high"", ""Chamber Pressure"": 0.010127, ""Working Distance"": 0.00872599999999999}, ""normalized"": {""microscope"": ""VEGA3 XMH"", ""instrument"": ""VEGA3 XMH"", ""detector"": ""BSE"", ""accelerating_voltage_kv"": 10000.0, ""magnification"": 20000.0, ""pixel_size_nm"": 1.3724e-08, ""beam_current_na"": 6.7983e-05, ""dwell_time_us"": 1e-05, ""working_distance_mm"": 8.726, ""chamber_pressure_pa"": 0.010127, ""sample"": ""AsCast"", ""sample_state"": ""Detail"", ""etching_agent"": ""Nital"", ""imaging_mode"": ""SEM"", ""scale"": ""1.3724e-08 nm/pixel"", ""acquisition_date_if_available"": null}}",,,,
hcci,AsCast,hcci_558,Images\558.png,C:\Users\Pranet\Downloads\Mini Project\data\raw\hcci\Images\558.png,558.png,.png,6270944,d4c830487c76b5bcf061d5d71a6c9a9aa31ebc400b0b2c5b30e79084480580f0,2515,1920,4,8,uint8,png,RGBA,SEM,,Detail,Detail,sample_AsCast_Detail,AsCast,roi_558,VEGA3 XMH_BSE_10000.0kV_20000.0x,"{""raw_metadata"": {""File Name"": 558, ""SEM"": ""VEGA3 XMH"", ""Detector"": ""BSE"", ""Gun"": ""W"", ""Voltage"": 10000, ""Magnification"": 20000, ""Etching"": ""Nital"", ""Sample"": ""AsCast"", ""Kind"": ""Detail"", ""Pixel Size"": 1.3724e-08, ""Beam Current"": 6.7983e-05, ""Dwell Time"": 3.2e-07, ""Dwell Time cat"": ""low"", ""Chamber Pressure"": 0.010134, ""Working Distance"": 0.00872599999999999}, ""normalized"": {""microscope"": ""VEGA3 XMH"", ""instrument"": ""VEGA3 XMH"", ""detector"": ""BSE"", ""accelerating_voltage_kv"": 10000.0, ""magnification"": 20000.0, ""pixel_size_nm"": 1.3724e-08, ""beam_current_na"": 6.7983e-05, ""dwell_time_us"": 3.2e-07, ""working_distance_mm"": 8.726, ""chamber_pressure_pa"": 0.010134, ""sample"": ""AsCast"", ""sample_state"": ""Detail"", ""etching_agent"": ""Nital"", ""imaging_mode"": ""SEM"", ""scale"": ""1.3724e-08 nm/pixel"", ""acquisition_date_if_available"": null}}",,,,
hcci,AsCast,hcci_559,Images\559.png,C:\Users\Pranet\Downloads\Mini Project\data\raw\hcci\Images\559.png,559.png,.png,5191712,03ab6797ffd8cd11295bf73ad332c99b4d80fe7c52bea7e37e66f438fd63e04c,2889,1974,4,8,uint8,png,RGBA,SEM,,Overview,Overview,sample_AsCast_Overview,AsCast,roi_559,VEGA3 XMH_SE_20000.0kV_4000.0x,"{""raw_metadata"": {""File Name"": 559, ""SEM"": ""VEGA3 XMH"", ""Detector"": ""SE"", ""Gun"": ""W"", ""Voltage"": 20000, ""Magnification"": 4000, ""Etching"": ""Nital"", ""Sample"": ""AsCast"", ""Kind"": ""Overview"", ""Pixel Size"": 6.862e-08, ""Beam Current"": 6.1992e-05, ""Dwell Time"": 1e-05, ""Dwell Time cat"": ""high"", ""Chamber Pressure"": 0.010141, ""Working Distance"": 0.00874029999999999}, ""normalized"": {""microscope"": ""VEGA3 XMH"", ""instrument"": ""VEGA3 XMH"", ""detector"": ""SE"", ""accelerating_voltage_kv"": 20000.0, ""magnification"": 4000.0, ""pixel_size_nm"": 6.862e-08, ""beam_current_na"": 6.1992e-05, ""dwell_time_us"": 1e-05, ""working_distance_mm"": 8.7403, ""chamber_pressure_pa"": 0.010141, ""sample"": ""AsCast"", ""sample_state"": ""Overview"", ""etching_agent"": ""Nital"", ""imaging_mode"": ""SEM"", ""scale"": ""6.862e-08 nm/pixel"", ""acquisition_date_if_available"": null}}",,,,
hcci,Q980_0h_WC,hcci_56,Images\56.png,C:\Users\Pranet\Downloads\Mini Project\data\raw\hcci\Images\56.png,56.png,.png,5821792,2f7808d5dfadb34e01a22e04194ec21dbb4fc0766e2872432a7c93258c7da2f9,2651,1896,4,8,uint8,png,RGBA,SEM,,Detail,Detail,sample_Q980_0h_WC_Detail,Q980_0h_WC,roi_56,Helios G4 PFIB CXe_SE_10000.0kV_5000.0x,"{""raw_metadata"": {""File Name"": 56, ""SEM"": ""Helios G4 PFIB CXe"", ""Detector"": ""SE"", ""Gun"": ""FEG"", ""Voltage"": 10000, ""Magnification"": 5000, ""Etching"": ""Vilella"", ""Sample"": ""Q980_0h_WC"", ""Kind"": ""Detail"", ""Pixel Size"": 1.34896e-08, ""Beam Current"": 1.6e-09, ""Dwell Time"": 5e-07, ""Dwell Time cat"": ""low"", ""Chamber Pressure"": 0.000121, ""Working Distance"": 0.00620576}, ""normalized"": {""microscope"": ""Helios G4 PFIB CXe"", ""instrument"": ""Helios G4 PFIB CXe"", ""detector"": ""SE"", ""accelerating_voltage_kv"": 10000.0, ""magnification"": 5000.0, ""pixel_size_nm"": 1.34896e-08, ""beam_current_na"": 1.6e-09, ""dwell_time_us"": 5e-07, ""working_distance_mm"": 6.2058, ""chamber_pressure_pa"": 0.000121, ""sample"": ""Q980_0h_WC"", ""sample_state"": ""Detail"", ""etching_agent"": ""Vilella"", ""imaging_mode"": ""SEM"", ""scale"": ""1.34896e-08 nm/pixel"", ""acquisition_date_if_available"": null}}",,,,
hcci,AsCast,hcci_560,Images\560.png,C:\Users\Pranet\Downloads\Mini Project\data\raw\hcci\Images\560.png,560.png,.png,7742200,d50c8322672aa6b330378168df5b3b71f529e76aa376375d552c8c40e89c29de,2889,1974,4,8,uint8,png,RGBA,SEM,,Overview,Overview,sample_AsCast_Overview,AsCast,roi_560,VEGA3 XMH_SE_20000.0kV_4000.0x,"{""raw_metadata"": {""File Name"": 560, ""SEM"": ""VEGA3 XMH"", ""Detector"": ""SE"", ""Gun"": ""W"", ""Voltage"": 20000, ""Magnification"": 4000, ""Etching"": ""Nital"", ""Sample"": ""AsCast"", ""Kind"": ""Overview"", ""Pixel Size"": 6.862e-08, ""Beam Current"": 6.1992e-05, ""Dwell Time"": 3.2e-07, ""Dwell Time cat"": ""low"", ""Chamber Pressure"": 0.010134, ""Working Distance"": 0.00874029999999999}, ""normalized"": {""microscope"": ""VEGA3 XMH"", ""instrument"": ""VEGA3 XMH"", ""detector"": ""SE"", ""accelerating_voltage_kv"": 20000.0, ""magnification"": 4000.0, ""pixel_size_nm"": 6.862e-08, ""beam_current_na"": 6.1992e-05, ""dwell_time_us"": 3.2e-07, ""working_distance_mm"": 8.7403, ""chamber_pressure_pa"": 0.010134, ""sample"": ""AsCast"", ""sample_state"": ""Overview"", ""etching_agent"": ""Nital"", ""imaging_mode"": ""SEM"", ""scale"": ""6.862e-08 nm/pixel"", ""acquisition_date_if_available"": null}}",,,,
hcci,AsCast,hcci_561,Images\561.png,C:\Users\Pranet\Downloads\Mini Project\data\raw\hcci\Images\561.png,561.png,.png,5394742,123e39f7c292db3443382b283b6f5547b321fbdec3bb946b716390ca89121b8a,2889,1974,4,8,uint8,png,RGBA,SEM,,Overview,Overview,sample_AsCast_Overview,AsCast,roi_561,VEGA3 XMH_BSE_20000.0kV_4000.0x,"{""raw_metadata"": {""File Name"": 561, ""SEM"": ""VEGA3 XMH"", ""Detector"": ""BSE"", ""Gun"": ""W"", ""Voltage"": 20000, ""Magnification"": 4000, ""Etching"": ""Nital"", ""Sample"": ""AsCast"", ""Kind"": ""Overview"", ""Pixel Size"": 6.862e-08, ""Beam Current"": 6.1992e-05, ""Dwell Time"": 1e-05, ""Dwell Time cat"": ""high"", ""Chamber Pressure"": 0.010134, ""Working Distance"": 0.00874029999999999}, ""normalized"": {""microscope"": ""VEGA3 XMH"", ""instrument"": ""VEGA3 XMH"", ""detector"": ""BSE"", ""accelerating_voltage_kv"": 20000.0, ""magnification"": 4000.0, ""pixel_size_nm"": 6.862e-08, ""beam_current_na"": 6.1992e-05, ""dwell_time_us"": 1e-05, ""working_distance_mm"": 8.7403, ""chamber_pressure_pa"": 0.010134, ""sample"": ""AsCast"", ""sample_state"": ""Overview"", ""etching_agent"": ""Nital"", ""imaging_mode"": ""SEM"", ""scale"": ""6.862e-08 nm/pixel"", ""acquisition_date_if_available"": null}}",,,,
hcci,AsCast,hcci_562,Images\562.png,C:\Users\Pranet\Downloads\Mini Project\data\raw\hcci\Images\562.png,562.png,.png,7757767,7e85e14db9c559aa9dadd2e8c557f2be02372d605fe3f0ee7897e71a8dbe5223,2889,1974,4,8,uint8,png,RGBA,SEM,,Overview,Overview,sample_AsCast_Overview,AsCast,roi_562,VEGA3 XMH_BSE_20000.0kV_4000.0x,"{""raw_metadata"": {""File Name"": 562, ""SEM"": ""VEGA3 XMH"", ""Detector"": ""BSE"", ""Gun"": ""W"", ""Voltage"": 20000, ""Magnification"": 4000, ""Etching"": ""Nital"", ""Sample"": ""AsCast"", ""Kind"": ""Overview"", ""Pixel Size"": 6.862e-08, ""Beam Current"": 6.1992e-05, ""Dwell Time"": 3.2e-07, ""Dwell Time cat"": ""low"", ""Chamber Pressure"": 0.010134, ""Working Distance"": 0.00874029999999999}, ""normalized"": {""microscope"": ""VEGA3 XMH"", ""instrument"": ""VEGA3 XMH"", ""detector"": ""BSE"", ""accelerating_voltage_kv"": 20000.0, ""magnification"": 4000.0, ""pixel_size_nm"": 6.862e-08, ""beam_current_na"": 6.1992e-05, ""dwell_time_us"": 3.2e-07, ""working_distance_mm"": 8.7403, ""chamber_pressure_pa"": 0.010134, ""sample"": ""AsCast"", ""sample_state"": ""Overview"", ""etching_agent"": ""Nital"", ""imaging_mode"": ""SEM"", ""scale"": ""6.862e-08 nm/pixel"", ""acquisition_date_if_available"": null}}",,,,
hcci,AsCast,hcci_563,Images\563.png,C:\Users\Pranet\Downloads\Mini Project\data\raw\hcci\Images\563.png,563.png,.png,3902377,b815aaed4321185a3fb544be69afd6d3da453cafc3de22074d38a95dc74f6920,2515,1920,4,8,uint8,png,RGBA,SEM,,Detail,Detail,sample_AsCast_Detail,AsCast,roi_563,VEGA3 XMH_SE_20000.0kV_20000.0x,"{""raw_metadata"": {""File Name"": 563, ""SEM"": ""VEGA3 XMH"", ""Detector"": ""SE"", ""Gun"": ""W"", ""Voltage"": 20000, ""Magnification"": 20000, ""Etching"": ""Nital"", ""Sample"": ""AsCast"", ""Kind"": ""Detail"", ""Pixel Size"": 1.3751e-08, ""Beam Current"": 6.1992e-05, ""Dwell Time"": 1e-05, ""Dwell Time cat"": ""high"", ""Chamber Pressure"": 0.010127, ""Working Distance"": 0.00873829999999999}, ""normalized"": {""microscope"": ""VEGA3 XMH"", ""instrument"": ""VEGA3 XMH"", ""detector"": ""SE"", ""accelerating_voltage_kv"": 20000.0, ""magnification"": 20000.0, ""pixel_size_nm"": 1.3751e-08, ""beam_current_na"": 6.1992e-05, ""dwell_time_us"": 1e-05, ""working_distance_mm"": 8.7383, ""chamber_pressure_pa"": 0.010127, ""sample"": ""AsCast"", ""sample_state"": ""Detail"", ""etching_agent"": ""Nital"", ""imaging_mode"": ""SEM"", ""scale"": ""1.3751e-08 nm/pixel"", ""acquisition_date_if_available"": null}}",,,,
hcci,AsCast,hcci_564,Images\564.png,C:\Users\Pranet\Downloads\Mini Project\data\raw\hcci\Images\564.png,564.png,.png,6534056,5bd3c00cfe6d6b62f3721868ed98e64b34d5d0d2fe66f1ed1a67d7dd252a8f05,2515,1920,4,8,uint8,png,RGBA,SEM,,Detail,Detail,sample_AsCast_Detail,AsCast,roi_564,VEGA3 XMH_SE_20000.0kV_20000.0x,"{""raw_metadata"": {""File Name"": 564, ""SEM"": ""VEGA3 XMH"", ""Detector"": ""SE"", ""Gun"": ""W"", ""Voltage"": 20000, ""Magnification"": 20000, ""Etching"": ""Nital"", ""Sample"": ""AsCast"", ""Kind"": ""Detail"", ""Pixel Size"": 1.3751e-08, ""Beam Current"": 6.1666e-05, ""Dwell Time"": 3.2e-07, ""Dwell Time cat"": ""low"", ""Chamber Pressure"": 0.010134, ""Working Distance"": 0.00873829999999999}, ""normalized"": {""microscope"": ""VEGA3 XMH"", ""instrument"": ""VEGA3 XMH"", ""detector"": ""SE"", ""accelerating_voltage_kv"": 20000.0, ""magnification"": 20000.0, ""pixel_size_nm"": 1.3751e-08, ""beam_current_na"": 6.1666e-05, ""dwell_time_us"": 3.2e-07, ""working_distance_mm"": 8.7383, ""chamber_pressure_pa"": 0.010134, ""sample"": ""AsCast"", ""sample_state"": ""Detail"", ""etching_agent"": ""Nital"", ""imaging_mode"": ""SEM"", ""scale"": ""1.3751e-08 nm/pixel"", ""acquisition_date_if_available"": null}}",,,,
hcci,AsCast,hcci_565,Images\565.png,C:\Users\Pranet\Downloads\Mini Project\data\raw\hcci\Images\565.png,565.png,.png,4745892,327f3ef8073af057bf05a536eab03cb45e9183433cb895f8dd918427518625a5,2515,1920,4,8,uint8,png,RGBA,SEM,,Detail,Detail,sample_AsCast_Detail,AsCast,roi_565,VEGA3 XMH_BSE_20000.0kV_20000.0x,"{""raw_metadata"": {""File Name"": 565, ""SEM"": ""VEGA3 XMH"", ""Detector"": ""BSE"", ""Gun"": ""W"", ""Voltage"": 20000, ""Magnification"": 20000, ""Etching"": ""Nital"", ""Sample"": ""AsCast"", ""Kind"": ""Detail"", ""Pixel Size"": 1.3724e-08, ""Beam Current"": 6.1992e-05, ""Dwell Time"": 1e-05, ""Dwell Time cat"": ""high"", ""Chamber Pressure"": 0.010134, ""Working Distance"": 0.00870749999999999}, ""normalized"": {""microscope"": ""VEGA3 XMH"", ""instrument"": ""VEGA3 XMH"", ""detector"": ""BSE"", ""accelerating_voltage_kv"": 20000.0, ""magnification"": 20000.0, ""pixel_size_nm"": 1.3724e-08, ""beam_current_na"": 6.1992e-05, ""dwell_time_us"": 1e-05, ""working_distance_mm"": 8.7075, ""chamber_pressure_pa"": 0.010134, ""sample"": ""AsCast"", ""sample_state"": ""Detail"", ""etching_agent"": ""Nital"", ""imaging_mode"": ""SEM"", ""scale"": ""1.3724e-08 nm/pixel"", ""acquisition_date_if_available"": null}}",,,,
hcci,AsCast,hcci_566,Images\566.png,C:\Users\Pranet\Downloads\Mini Project\data\raw\hcci\Images\566.png,566.png,.png,6406858,68748e719739c80412b046ef645986a4178f22f5e3c0ba73b4d6a73b1dcf0e48,2515,1920,4,8,uint8,png,RGBA,SEM,,Detail,Detail,sample_AsCast_Detail,AsCast,roi_566,VEGA3 XMH_BSE_20000.0kV_20000.0x,"{""raw_metadata"": {""File Name"": 566, ""SEM"": ""VEGA3 XMH"", ""Detector"": ""BSE"", ""Gun"": ""W"", ""Voltage"": 20000, ""Magnification"": 20000, ""Etching"": ""Nital"", ""Sample"": ""AsCast"", ""Kind"": ""Detail"", ""Pixel Size"": 1.3724e-08, ""Beam Current"": 6.1992e-05, ""Dwell Time"": 3.2e-07, ""Dwell Time cat"": ""low"", ""Chamber Pressure"": 0.010155, ""Working Distance"": 0.00870749999999999}, ""normalized"": {""microscope"": ""VEGA3 XMH"", ""instrument"": ""VEGA3 XMH"", ""detector"": ""BSE"", ""accelerating_voltage_kv"": 20000.0, ""magnification"": 20000.0, ""pixel_size_nm"": 1.3724e-08, ""beam_current_na"": 6.1992e-05, ""dwell_time_us"": 3.2e-07, ""working_distance_mm"": 8.7075, ""chamber_pressure_pa"": 0.010155, ""sample"": ""AsCast"", ""sample_state"": ""Detail"", ""etching_agent"": ""Nital"", ""imaging_mode"": ""SEM"", ""scale"": ""1.3724e-08 nm/pixel"", ""acquisition_date_if_available"": null}}",,,,
hcci,Q980_0h_WC,hcci_567,Images\567.png,C:\Users\Pranet\Downloads\Mini Project\data\raw\hcci\Images\567.png,567.png,.png,5654513,d43cf08212bd105ecb8df0450ec200ab958f5ab2420f136d94c5455acb327b85,2679,1983,4,8,uint8,png,RGBA,SEM,,Overview,Overview,sample_Q980_0h_WC_Overview,Q980_0h_WC,roi_567,VEGA3 XMH_SE_5000.0kV_4000.0x,"{""raw_metadata"": {""File Name"": 567, ""SEM"": ""VEGA3 XMH"", ""Detector"": ""SE"", ""Gun"": ""W"", ""Voltage"": 5000, ""Magnification"": 4000, ""Etching"": ""Nital"", ""Sample"": ""Q980_0h_WC"", ""Kind"": ""Overview"", ""Pixel Size"": 6.862e-08, ""Beam Current"": 6.6703e-05, ""Dwell Time"": 1e-05, ""Dwell Time cat"": ""high"", ""Chamber Pressure"": 0.010127, ""Working Distance"": 0.00844489999999999}, ""normalized"": {""microscope"": ""VEGA3 XMH"", ""instrument"": ""VEGA3 XMH"", ""detector"": ""SE"", ""accelerating_voltage_kv"": 5000.0, ""magnification"": 4000.0, ""pixel_size_nm"": 6.862e-08, ""beam_current_na"": 6.6703e-05, ""dwell_time_us"": 1e-05, ""working_distance_mm"": 8.4449, ""chamber_pressure_pa"": 0.010127, ""sample"": ""Q980_0h_WC"", ""sample_state"": ""Overview"", ""etching_agent"": ""Nital"", ""imaging_mode"": ""SEM"", ""scale"": ""6.862e-08 nm/pixel"", ""acquisition_date_if_available"": null}}",,,,
hcci,Q980_0h_WC,hcci_568,Images\568.png,C:\Users\Pranet\Downloads\Mini Project\data\raw\hcci\Images\568.png,568.png,.png,7250331,ceb58b0ac212b63d4c39cfa75d16d52679d21b75267c253a5c421bdcc8c87c57,2679,1983,4,8,uint8,png,RGBA,SEM,,Overview,Overview,sample_Q980_0h_WC_Overview,Q980_0h_WC,roi_568,VEGA3 XMH_SE_5000.0kV_4000.0x,"{""raw_metadata"": {""File Name"": 568, ""SEM"": ""VEGA3 XMH"", ""Detector"": ""SE"", ""Gun"": ""W"", ""Voltage"": 5000, ""Magnification"": 4000, ""Etching"": ""Nital"", ""Sample"": ""Q980_0h_WC"", ""Kind"": ""Overview"", ""Pixel Size"": 6.862e-08, ""Beam Current"": 6.6703e-05, ""Dwell Time"": 3.2e-07, ""Dwell Time cat"": ""low"", ""Chamber Pressure"": 0.010134, ""Working Distance"": 0.00844489999999999}, ""normalized"": {""microscope"": ""VEGA3 XMH"", ""instrument"": ""VEGA3 XMH"", ""detector"": ""SE"", ""accelerating_voltage_kv"": 5000.0, ""magnification"": 4000.0, ""pixel_size_nm"": 6.862e-08, ""beam_current_na"": 6.6703e-05, ""dwell_time_us"": 3.2e-07, ""working_distance_mm"": 8.4449, ""chamber_pressure_pa"": 0.010134, ""sample"": ""Q980_0h_WC"", ""sample_state"": ""Overview"", ""etching_agent"": ""Nital"", ""imaging_mode"": ""SEM"", ""scale"": ""6.862e-08 nm/pixel"", ""acquisition_date_if_available"": null}}",,,,
hcci,Q980_0h_WC,hcci_569,Images\569.png,C:\Users\Pranet\Downloads\Mini Project\data\raw\hcci\Images\569.png,569.png,.png,5612223,4b8e199b5362e6990ad2e172051cdea2ca6ca10100e22a42b6ad66c184ae4050,2679,1983,4,8,uint8,png,RGBA,SEM,,Overview,Overview,sample_Q980_0h_WC_Overview,Q980_0h_WC,roi_569,VEGA3 XMH_BSE_5000.0kV_4000.0x,"{""raw_metadata"": {""File Name"": 569, ""SEM"": ""VEGA3 XMH"", ""Detector"": ""BSE"", ""Gun"": ""W"", ""Voltage"": 5000, ""Magnification"": 4000, ""Etching"": ""Nital"", ""Sample"": ""Q980_0h_WC"", ""Kind"": ""Overview"", ""Pixel Size"": 6.862e-08, ""Beam Current"": 6.6377e-05, ""Dwell Time"": 1e-05, ""Dwell Time cat"": ""high"", ""Chamber Pressure"": 0.010134, ""Working Distance"": 0.00844489999999999}, ""normalized"": {""microscope"": ""VEGA3 XMH"", ""instrument"": ""VEGA3 XMH"", ""detector"": ""BSE"", ""accelerating_voltage_kv"": 5000.0, ""magnification"": 4000.0, ""pixel_size_nm"": 6.862e-08, ""beam_current_na"": 6.6377e-05, ""dwell_time_us"": 1e-05, ""working_distance_mm"": 8.4449, ""chamber_pressure_pa"": 0.010134, ""sample"": ""Q980_0h_WC"", ""sample_state"": ""Overview"", ""etching_agent"": ""Nital"", ""imaging_mode"": ""SEM"", ""scale"": ""6.862e-08 nm/pixel"", ""acquisition_date_if_available"": null}}",,,,
hcci,Q980_0h_WC,hcci_57,Images\57.png,C:\Users\Pranet\Downloads\Mini Project\data\raw\hcci\Images\57.png,57.png,.png,5218790,63369d53e0cce7b56b47dbaac1e0886013b72be581f647c16247873ffa387579,2651,1896,4,8,uint8,png,RGBA,SEM,,Detail,Detail,sample_Q980_0h_WC_Detail,Q980_0h_WC,roi_57,Helios G4 PFIB CXe_BSE_10000.0kV_5000.0x,"{""raw_metadata"": {""File Name"": 57, ""SEM"": ""Helios G4 PFIB CXe"", ""Detector"": ""BSE"", ""Gun"": ""FEG"", ""Voltage"": 10000, ""Magnification"": 5000, ""Etching"": ""Vilella"", ""Sample"": ""Q980_0h_WC"", ""Kind"": ""Detail"", ""Pixel Size"": 1.34896e-08, ""Beam Current"": 1.6e-09, ""Dwell Time"": 1e-05, ""Dwell Time cat"": ""high"", ""Chamber Pressure"": 0.000136, ""Working Distance"": 0.00620576}, ""normalized"": {""microscope"": ""Helios G4 PFIB CXe"", ""instrument"": ""Helios G4 PFIB CXe"", ""detector"": ""BSE"", ""accelerating_voltage_kv"": 10000.0, ""magnification"": 5000.0, ""pixel_size_nm"": 1.34896e-08, ""beam_current_na"": 1.6e-09, ""dwell_time_us"": 1e-05, ""working_distance_mm"": 6.2058, ""chamber_pressure_pa"": 0.000136, ""sample"": ""Q980_0h_WC"", ""sample_state"": ""Detail"", ""etching_agent"": ""Vilella"", ""imaging_mode"": ""SEM"", ""scale"": ""1.34896e-08 nm/pixel"", ""acquisition_date_if_available"": null}}",,,,
hcci,Q980_0h_WC,hcci_570,Images\570.png,C:\Users\Pranet\Downloads\Mini Project\data\raw\hcci\Images\570.png,570.png,.png,6761348,81dd41846e6bac3268a1cdbff698a8eefec0d2e8b1d7d9c9db020c0a3daa6e5a,2679,1983,4,8,uint8,png,RGBA,SEM,,Overview,Overview,sample_Q980_0h_WC_Overview,Q980_0h_WC,roi_570,VEGA3 XMH_BSE_5000.0kV_4000.0x,"{""raw_metadata"": {""File Name"": 570, ""SEM"": ""VEGA3 XMH"", ""Detector"": ""BSE"", ""Gun"": ""W"", ""Voltage"": 5000, ""Magnification"": 4000, ""Etching"": ""Nital"", ""Sample"": ""Q980_0h_WC"", ""Kind"": ""Overview"", ""Pixel Size"": 6.862e-08, ""Beam Current"": 6.6703e-05, ""Dwell Time"": 3.2e-07, ""Dwell Time cat"": ""low"", ""Chamber Pressure"": 0.010127, ""Working Distance"": 0.00844489999999999}, ""normalized"": {""microscope"": ""VEGA3 XMH"", ""instrument"": ""VEGA3 XMH"", ""detector"": ""BSE"", ""accelerating_voltage_kv"": 5000.0, ""magnification"": 4000.0, ""pixel_size_nm"": 6.862e-08, ""beam_current_na"": 6.6703e-05, ""dwell_time_us"": 3.2e-07, ""working_distance_mm"": 8.4449, ""chamber_pressure_pa"": 0.010127, ""sample"": ""Q980_0h_WC"", ""sample_state"": ""Overview"", ""etching_agent"": ""Nital"", ""imaging_mode"": ""SEM"", ""scale"": ""6.862e-08 nm/pixel"", ""acquisition_date_if_available"": null}}",,,,
hcci,Q980_0h_WC,hcci_571,Images\571.png,C:\Users\Pranet\Downloads\Mini Project\data\raw\hcci\Images\571.png,571.png,.png,4626127,f420498fabfa4ceb006af578a6f85087f3e3c753427a9bd807553c447497052b,2476,1762,4,8,uint8,png,RGBA,SEM,,Detail,Detail,sample_Q980_0h_WC_Detail,Q980_0h_WC,roi_571,VEGA3 XMH_SE_5000.0kV_20000.0x,"{""raw_metadata"": {""File Name"": 571, ""SEM"": ""VEGA3 XMH"", ""Detector"": ""SE"", ""Gun"": ""W"", ""Voltage"": 5000, ""Magnification"": 20000, ""Etching"": ""Nital"", ""Sample"": ""Q980_0h_WC"", ""Kind"": ""Detail"", ""Pixel Size"": 1.3724e-08, ""Beam Current"": 6.6703e-05, ""Dwell Time"": 1e-05, ""Dwell Time cat"": ""high"", ""Chamber Pressure"": 0.010134, ""Working Distance"": 0.0084617}, ""normalized"": {""microscope"": ""VEGA3 XMH"", ""instrument"": ""VEGA3 XMH"", ""detector"": ""SE"", ""accelerating_voltage_kv"": 5000.0, ""magnification"": 20000.0, ""pixel_size_nm"": 1.3724e-08, ""beam_current_na"": 6.6703e-05, ""dwell_time_us"": 1e-05, ""working_distance_mm"": 8.4617, ""chamber_pressure_pa"": 0.010134, ""sample"": ""Q980_0h_WC"", ""sample_state"": ""Detail"", ""etching_agent"": ""Nital"", ""imaging_mode"": ""SEM"", ""scale"": ""1.3724e-08 nm/pixel"", ""acquisition_date_if_available"": null}}",,,,
hcci,Q980_0h_WC,hcci_572,Images\572.png,C:\Users\Pranet\Downloads\Mini Project\data\raw\hcci\Images\572.png,572.png,.png,5901389,722c2ff8eda395299c5df9652e2d6a3c5915395f45d03961611cac505e715a22,2476,1762,4,8,uint8,png,RGBA,SEM,,Detail,Detail,sample_Q980_0h_WC_Detail,Q980_0h_WC,roi_572,VEGA3 XMH_SE_5000.0kV_20000.0x,"{""raw_metadata"": {""File Name"": 572, ""SEM"": ""VEGA3 XMH"", ""Detector"": ""SE"", ""Gun"": ""W"", ""Voltage"": 5000, ""Magnification"": 20000, ""Etching"": ""Nital"", ""Sample"": ""Q980_0h_WC"", ""Kind"": ""Detail"", ""Pixel Size"": 1.3724e-08, ""Beam Current"": 6.6703e-05, ""Dwell Time"": 3.2e-07, ""Dwell Time cat"": ""low"", ""Chamber Pressure"": 0.010155, ""Working Distance"": 0.0084617}, ""normalized"": {""microscope"": ""VEGA3 XMH"", ""instrument"": ""VEGA3 XMH"", ""detector"": ""SE"", ""accelerating_voltage_kv"": 5000.0, ""magnification"": 20000.0, ""pixel_size_nm"": 1.3724e-08, ""beam_current_na"": 6.6703e-05, ""dwell_time_us"": 3.2e-07, ""working_distance_mm"": 8.4617, ""chamber_pressure_pa"": 0.010155, ""sample"": ""Q980_0h_WC"", ""sample_state"": ""Detail"", ""etching_agent"": ""Nital"", ""imaging_mode"": ""SEM"", ""scale"": ""1.3724e-08 nm/pixel"", ""acquisition_date_if_available"": null}}",,,,
hcci,Q980_0h_WC,hcci_573,Images\573.png,C:\Users\Pranet\Downloads\Mini Project\data\raw\hcci\Images\573.png,573.png,.png,4329527,54417d6a5ceebb5ac07b4468969746e9e1db1a6b6cef9604f1abfeb7e01f1d53,2476,1762,4,8,uint8,png,RGBA,SEM,,Detail,Detail,sample_Q980_0h_WC_Detail,Q980_0h_WC,roi_573,VEGA3 XMH_BSE_5000.0kV_20000.0x,"{""raw_metadata"": {""File Name"": 573, ""SEM"": ""VEGA3 XMH"", ""Detector"": ""BSE"", ""Gun"": ""W"", ""Voltage"": 5000, ""Magnification"": 20000, ""Etching"": ""Nital"", ""Sample"": ""Q980_0h_WC"", ""Kind"": ""Detail"", ""Pixel Size"": 1.3724e-08, ""Beam Current"": 6.6377e-05, ""Dwell Time"": 1e-05, ""Dwell Time cat"": ""high"", ""Chamber Pressure"": 0.010127, ""Working Distance"": 0.0084617}, ""normalized"": {""microscope"": ""VEGA3 XMH"", ""instrument"": ""VEGA3 XMH"", ""detector"": ""BSE"", ""accelerating_voltage_kv"": 5000.0, ""magnification"": 20000.0, ""pixel_size_nm"": 1.3724e-08, ""beam_current_na"": 6.6377e-05, ""dwell_time_us"": 1e-05, ""working_distance_mm"": 8.4617, ""chamber_pressure_pa"": 0.010127, ""sample"": ""Q980_0h_WC"", ""sample_state"": ""Detail"", ""etching_agent"": ""Nital"", ""imaging_mode"": ""SEM"", ""scale"": ""1.3724e-08 nm/pixel"", ""acquisition_date_if_available"": null}}",,,,
hcci,Q980_0h_WC,hcci_574,Images\574.png,C:\Users\Pranet\Downloads\Mini Project\data\raw\hcci\Images\574.png,574.png,.png,5491246,a131ae78c52c5c3549a1ede96839f9fe873498963b096c2956583f10e6670326,2476,1762,4,8,uint8,png,RGBA,SEM,,Detail,Detail,sample_Q980_0h_WC_Detail,Q980_0h_WC,roi_574,VEGA3 XMH_BSE_5000.0kV_20000.0x,"{""raw_metadata"": {""File Name"": 574, ""SEM"": ""VEGA3 XMH"", ""Detector"": ""BSE"", ""Gun"": ""W"", ""Voltage"": 5000, ""Magnification"": 20000, ""Etching"": ""Nital"", ""Sample"": ""Q980_0h_WC"", ""Kind"": ""Detail"", ""Pixel Size"": 1.3724e-08, ""Beam Current"": 6.6377e-05, ""Dwell Time"": 3.2e-07, ""Dwell Time cat"": ""low"", ""Chamber Pressure"": 0.010134, ""Working Distance"": 0.0084617}, ""normalized"": {""microscope"": ""VEGA3 XMH"", ""instrument"": ""VEGA3 XMH"", ""detector"": ""BSE"", ""accelerating_voltage_kv"": 5000.0, ""magnification"": 20000.0, ""pixel_size_nm"": 1.3724e-08, ""beam_current_na"": 6.6377e-05, ""dwell_time_us"": 3.2e-07, ""working_distance_mm"": 8.4617, ""chamber_pressure_pa"": 0.010134, ""sample"": ""Q980_0h_WC"", ""sample_state"": ""Detail"", ""etching_agent"": ""Nital"", ""imaging_mode"": ""SEM"", ""scale"": ""1.3724e-08 nm/pixel"", ""acquisition_date_if_available"": null}}",,,,
hcci,Q980_0h_WC,hcci_575,Images\575.png,C:\Users\Pranet\Downloads\Mini Project\data\raw\hcci\Images\575.png,575.png,.png,4557923,c54bd672a289fe25ee5255ea76dd0543728d02f0d656c2be3354a9447d92fe11,2679,1983,4,8,uint8,png,RGBA,SEM,,Overview,Overview,sample_Q980_0h_WC_Overview,Q980_0h_WC,roi_575,VEGA3 XMH_SE_10000.0kV_4000.0x,"{""raw_metadata"": {""File Name"": 575, ""SEM"": ""VEGA3 XMH"", ""Detector"": ""SE"", ""Gun"": ""W"", ""Voltage"": 10000, ""Magnification"": 4000, ""Etching"": ""Nital"", ""Sample"": ""Q980_0h_WC"", ""Kind"": ""Overview"", ""Pixel Size"": 6.862e-08, ""Beam Current"": 6.7657e-05, ""Dwell Time"": 1e-05, ""Dwell Time cat"": ""high"", ""Chamber Pressure"": 0.010134, ""Working Distance"": 0.0084668}, ""normalized"": {""microscope"": ""VEGA3 XMH"", ""instrument"": ""VEGA3 XMH"", ""detector"": ""SE"", ""accelerating_voltage_kv"": 10000.0, ""magnification"": 4000.0, ""pixel_size_nm"": 6.862e-08, ""beam_current_na"": 6.7657e-05, ""dwell_time_us"": 1e-05, ""working_distance_mm"": 8.4668, ""chamber_pressure_pa"": 0.010134, ""sample"": ""Q980_0h_WC"", ""sample_state"": ""Overview"", ""etching_agent"": ""Nital"", ""imaging_mode"": ""SEM"", ""scale"": ""6.862e-08 nm/pixel"", ""acquisition_date_if_available"": null}}",,,,
hcci,Q980_0h_WC,hcci_576,Images\576.png,C:\Users\Pranet\Downloads\Mini Project\data\raw\hcci\Images\576.png,576.png,.png,6158121,d6d214e464711041f952b2a972c17137cbc1121e440aeda65ed0ba0b2864c0d3,2679,1983,4,8,uint8,png,RGBA,SEM,,Overview,Overview,sample_Q980_0h_WC_Overview,Q980_0h_WC,roi_576,VEGA3 XMH_SE_10000.0kV_4000.0x,"{""raw_metadata"": {""File Name"": 576, ""SEM"": ""VEGA3 XMH"", ""Detector"": ""SE"", ""Gun"": ""W"", ""Voltage"": 10000, ""Magnification"": 4000, ""Etching"": ""Nital"", ""Sample"": ""Q980_0h_WC"", ""Kind"": ""Overview"", ""Pixel Size"": 6.862e-08, ""Beam Current"": 6.7657e-05, ""Dwell Time"": 3.2e-07, ""Dwell Time cat"": ""low"", ""Chamber Pressure"": 0.010134, ""Working Distance"": 0.0084668}, ""normalized"": {""microscope"": ""VEGA3 XMH"", ""instrument"": ""VEGA3 XMH"", ""detector"": ""SE"", ""accelerating_voltage_kv"": 10000.0, ""magnification"": 4000.0, ""pixel_size_nm"": 6.862e-08, ""beam_current_na"": 6.7657e-05, ""dwell_time_us"": 3.2e-07, ""working_distance_mm"": 8.4668, ""chamber_pressure_pa"": 0.010134, ""sample"": ""Q980_0h_WC"", ""sample_state"": ""Overview"", ""etching_agent"": ""Nital"", ""imaging_mode"": ""SEM"", ""scale"": ""6.862e-08 nm/pixel"", ""acquisition_date_if_available"": null}}",,,,
hcci,Q980_0h_WC,hcci_577,Images\577.png,C:\Users\Pranet\Downloads\Mini Project\data\raw\hcci\Images\577.png,577.png,.png,5079250,0f39bacc407bdd1304d9da81aaf92773937243a8a6c9859a62f4fd7c13c85108,2679,1983,4,8,uint8,png,RGBA,SEM,,Overview,Overview,sample_Q980_0h_WC_Overview,Q980_0h_WC,roi_577,VEGA3 XMH_BSE_10000.0kV_4000.0x,"{""raw_metadata"": {""File Name"": 577, ""SEM"": ""VEGA3 XMH"", ""Detector"": ""BSE"", ""Gun"": ""W"", ""Voltage"": 10000, ""Magnification"": 4000, ""Etching"": ""Nital"", ""Sample"": ""Q980_0h_WC"", ""Kind"": ""Overview"", ""Pixel Size"": 6.862e-08, ""Beam Current"": 6.7657e-05, ""Dwell Time"": 1e-05, ""Dwell Time cat"": ""high"", ""Chamber Pressure"": 0.010134, ""Working Distance"": 0.0084668}, ""normalized"": {""microscope"": ""VEGA3 XMH"", ""instrument"": ""VEGA3 XMH"", ""detector"": ""BSE"", ""accelerating_voltage_kv"": 10000.0, ""magnification"": 4000.0, ""pixel_size_nm"": 6.862e-08, ""beam_current_na"": 6.7657e-05, ""dwell_time_us"": 1e-05, ""working_distance_mm"": 8.4668, ""chamber_pressure_pa"": 0.010134, ""sample"": ""Q980_0h_WC"", ""sample_state"": ""Overview"", ""etching_agent"": ""Nital"", ""imaging_mode"": ""SEM"", ""scale"": ""6.862e-08 nm/pixel"", ""acquisition_date_if_available"": null}}",,,,
hcci,Q980_0h_WC,hcci_578,Images\578.png,C:\Users\Pranet\Downloads\Mini Project\data\raw\hcci\Images\578.png,578.png,.png,6324032,fa93702a35b180b1ca37ae5aae5b8ea4f8d17b80b4a66a88a8a94abb1ac1607a,2679,1983,4,8,uint8,png,RGBA,SEM,,Overview,Overview,sample_Q980_0h_WC_Overview,Q980_0h_WC,roi_578,VEGA3 XMH_BSE_10000.0kV_4000.0x,"{""raw_metadata"": {""File Name"": 578, ""SEM"": ""VEGA3 XMH"", ""Detector"": ""BSE"", ""Gun"": ""W"", ""Voltage"": 10000, ""Magnification"": 4000, ""Etching"": ""Nital"", ""Sample"": ""Q980_0h_WC"", ""Kind"": ""Overview"", ""Pixel Size"": 6.862e-08, ""Beam Current"": 6.7657e-05, ""Dwell Time"": 3.2e-07, ""Dwell Time cat"": ""low"", ""Chamber Pressure"": 0.010134, ""Working Distance"": 0.0084668}, ""normalized"": {""microscope"": ""VEGA3 XMH"", ""instrument"": ""VEGA3 XMH"", ""detector"": ""BSE"", ""accelerating_voltage_kv"": 10000.0, ""magnification"": 4000.0, ""pixel_size_nm"": 6.862e-08, ""beam_current_na"": 6.7657e-05, ""dwell_time_us"": 3.2e-07, ""working_distance_mm"": 8.4668, ""chamber_pressure_pa"": 0.010134, ""sample"": ""Q980_0h_WC"", ""sample_state"": ""Overview"", ""etching_agent"": ""Nital"", ""imaging_mode"": ""SEM"", ""scale"": ""6.862e-08 nm/pixel"", ""acquisition_date_if_available"": null}}",,,,
hcci,Q980_0h_WC,hcci_579,Images\579.png,C:\Users\Pranet\Downloads\Mini Project\data\raw\hcci\Images\579.png,579.png,.png,4398842,a75ce8dde12676b7400b0349757ed48e8917bcf41d27340032fcad49bc9d6e21,2476,1762,4,8,uint8,png,RGBA,SEM,,Detail,Detail,sample_Q980_0h_WC_Detail,Q980_0h_WC,roi_579,VEGA3 XMH_SE_10000.0kV_20000.0x,"{""raw_metadata"": {""File Name"": 579, ""SEM"": ""VEGA3 XMH"", ""Detector"": ""SE"", ""Gun"": ""W"", ""Voltage"": 10000, ""Magnification"": 20000, ""Etching"": ""Nital"", ""Sample"": ""Q980_0h_WC"", ""Kind"": ""Detail"", ""Pixel Size"": 1.364e-08, ""Beam Current"": 6.7657e-05, ""Dwell Time"": 1e-05, ""Dwell Time cat"": ""high"", ""Chamber Pressure"": 0.010134, ""Working Distance"": 0.0085026}, ""normalized"": {""microscope"": ""VEGA3 XMH"", ""instrument"": ""VEGA3 XMH"", ""detector"": ""SE"", ""accelerating_voltage_kv"": 10000.0, ""magnification"": 20000.0, ""pixel_size_nm"": 1.364e-08, ""beam_current_na"": 6.7657e-05, ""dwell_time_us"": 1e-05, ""working_distance_mm"": 8.5026, ""chamber_pressure_pa"": 0.010134, ""sample"": ""Q980_0h_WC"", ""sample_state"": ""Detail"", ""etching_agent"": ""Nital"", ""imaging_mode"": ""SEM"", ""scale"": ""1.364e-08 nm/pixel"", ""acquisition_date_if_available"": null}}",,,,
hcci,Q980_0h_WC,hcci_58,Images\58.png,C:\Users\Pranet\Downloads\Mini Project\data\raw\hcci\Images\58.png,58.png,.png,5797074,401e9ed5634519fe71eedf8268f03cefee93b2efeb4d0fc7ac919c04637f206c,2651,1896,4,8,uint8,png,RGBA,SEM,,Detail,Detail,sample_Q980_0h_WC_Detail,Q980_0h_WC,roi_58,Helios G4 PFIB CXe_BSE_10000.0kV_5000.0x,"{""raw_metadata"": {""File Name"": 58, ""SEM"": ""Helios G4 PFIB CXe"", ""Detector"": ""BSE"", ""Gun"": ""FEG"", ""Voltage"": 10000, ""Magnification"": 5000, ""Etching"": ""Vilella"", ""Sample"": ""Q980_0h_WC"", ""Kind"": ""Detail"", ""Pixel Size"": 1.34896e-08, ""Beam Current"": 1.6e-09, ""Dwell Time"": 5e-07, ""Dwell Time cat"": ""low"", ""Chamber Pressure"": 0.000134, ""Working Distance"": 0.00620576}, ""normalized"": {""microscope"": ""Helios G4 PFIB CXe"", ""instrument"": ""Helios G4 PFIB CXe"", ""detector"": ""BSE"", ""accelerating_voltage_kv"": 10000.0, ""magnification"": 5000.0, ""pixel_size_nm"": 1.34896e-08, ""beam_current_na"": 1.6e-09, ""dwell_time_us"": 5e-07, ""working_distance_mm"": 6.2058, ""chamber_pressure_pa"": 0.000134, ""sample"": ""Q980_0h_WC"", ""sample_state"": ""Detail"", ""etching_agent"": ""Vilella"", ""imaging_mode"": ""SEM"", ""scale"": ""1.34896e-08 nm/pixel"", ""acquisition_date_if_available"": null}}",,,,
hcci,Q980_0h_WC,hcci_580,Images\580.png,C:\Users\Pranet\Downloads\Mini Project\data\raw\hcci\Images\580.png,580.png,.png,5764547,fd68d49fb8086295e25347c112bba36241a67586e9cb3ab3b796bde7c89a7c1f,2476,1762,4,8,uint8,png,RGBA,SEM,,Detail,Detail,sample_Q980_0h_WC_Detail,Q980_0h_WC,roi_580,VEGA3 XMH_SE_10000.0kV_20000.0x,"{""raw_metadata"": {""File Name"": 580, ""SEM"": ""VEGA3 XMH"", ""Detector"": ""SE"", ""Gun"": ""W"", ""Voltage"": 10000, ""Magnification"": 20000, ""Etching"": ""Nital"", ""Sample"": ""Q980_0h_WC"", ""Kind"": ""Detail"", ""Pixel Size"": 1.364e-08, ""Beam Current"": 6.7657e-05, ""Dwell Time"": 3.2e-07, ""Dwell Time cat"": ""low"", ""Chamber Pressure"": 0.010134, ""Working Distance"": 0.0085026}, ""normalized"": {""microscope"": ""VEGA3 XMH"", ""instrument"": ""VEGA3 XMH"", ""detector"": ""SE"", ""accelerating_voltage_kv"": 10000.0, ""magnification"": 20000.0, ""pixel_size_nm"": 1.364e-08, ""beam_current_na"": 6.7657e-05, ""dwell_time_us"": 3.2e-07, ""working_distance_mm"": 8.5026, ""chamber_pressure_pa"": 0.010134, ""sample"": ""Q980_0h_WC"", ""sample_state"": ""Detail"", ""etching_agent"": ""Nital"", ""imaging_mode"": ""SEM"", ""scale"": ""1.364e-08 nm/pixel"", ""acquisition_date_if_available"": null}}",,,,
hcci,Q980_0h_WC,hcci_581,Images\581.png,C:\Users\Pranet\Downloads\Mini Project\data\raw\hcci\Images\581.png,581.png,.png,3805470,02143b3259f42ba0e7a0edd9e3f54738be6323a93859a17efb2b7ec06e412798,2476,1762,4,8,uint8,png,RGBA,SEM,,Detail,Detail,sample_Q980_0h_WC_Detail,Q980_0h_WC,roi_581,VEGA3 XMH_BSE_10000.0kV_20000.0x,"{""raw_metadata"": {""File Name"": 581, ""SEM"": ""VEGA3 XMH"", ""Detector"": ""BSE"", ""Gun"": ""W"", ""Voltage"": 10000, ""Magnification"": 20000, ""Etching"": ""Nital"", ""Sample"": ""Q980_0h_WC"", ""Kind"": ""Detail"", ""Pixel Size"": 1.3724e-08, ""Beam Current"": 6.7657e-05, ""Dwell Time"": 1e-05, ""Dwell Time cat"": ""high"", ""Chamber Pressure"": 0.010134, ""Working Distance"": 0.008465}, ""normalized"": {""microscope"": ""VEGA3 XMH"", ""instrument"": ""VEGA3 XMH"", ""detector"": ""BSE"", ""accelerating_voltage_kv"": 10000.0, ""magnification"": 20000.0, ""pixel_size_nm"": 1.3724e-08, ""beam_current_na"": 6.7657e-05, ""dwell_time_us"": 1e-05, ""working_distance_mm"": 8.465, ""chamber_pressure_pa"": 0.010134, ""sample"": ""Q980_0h_WC"", ""sample_state"": ""Detail"", ""etching_agent"": ""Nital"", ""imaging_mode"": ""SEM"", ""scale"": ""1.3724e-08 nm/pixel"", ""acquisition_date_if_available"": null}}",,,,
hcci,Q980_0h_WC,hcci_582,Images\582.png,C:\Users\Pranet\Downloads\Mini Project\data\raw\hcci\Images\582.png,582.png,.png,4599419,3099975b2735bc18ecd1e0910d5fde6480327a1d0f1b3612554cb2af575a30ae,2476,1762,4,8,uint8,png,RGBA,SEM,,Detail,Detail,sample_Q980_0h_WC_Detail,Q980_0h_WC,roi_582,VEGA3 XMH_BSE_10000.0kV_20000.0x,"{""raw_metadata"": {""File Name"": 582, ""SEM"": ""VEGA3 XMH"", ""Detector"": ""BSE"", ""Gun"": ""W"", ""Voltage"": 10000, ""Magnification"": 20000, ""Etching"": ""Nital"", ""Sample"": ""Q980_0h_WC"", ""Kind"": ""Detail"", ""Pixel Size"": 1.3724e-08, ""Beam Current"": 6.7657e-05, ""Dwell Time"": 3.2e-07, ""Dwell Time cat"": ""low"", ""Chamber Pressure"": 0.010127, ""Working Distance"": 0.008465}, ""normalized"": {""microscope"": ""VEGA3 XMH"", ""instrument"": ""VEGA3 XMH"", ""detector"": ""BSE"", ""accelerating_voltage_kv"": 10000.0, ""magnification"": 20000.0, ""pixel_size_nm"": 1.3724e-08, ""beam_current_na"": 6.7657e-05, ""dwell_time_us"": 3.2e-07, ""working_distance_mm"": 8.465, ""chamber_pressure_pa"": 0.010127, ""sample"": ""Q980_0h_WC"", ""sample_state"": ""Detail"", ""etching_agent"": ""Nital"", ""imaging_mode"": ""SEM"", ""scale"": ""1.3724e-08 nm/pixel"", ""acquisition_date_if_available"": null}}",,,,
hcci,Q980_0h_WC,hcci_583,Images\583.png,C:\Users\Pranet\Downloads\Mini Project\data\raw\hcci\Images\583.png,583.png,.png,4725449,6e0ee0af5234b2a7698e735e41aacd57b9be7d6657113ab6c65840de3380081a,2679,1983,4,8,uint8,png,RGBA,SEM,,Overview,Overview,sample_Q980_0h_WC_Overview,Q980_0h_WC,roi_583,VEGA3 XMH_SE_20000.0kV_4000.0x,"{""raw_metadata"": {""File Name"": 583, ""SEM"": ""VEGA3 XMH"", ""Detector"": ""SE"", ""Gun"": ""W"", ""Voltage"": 20000, ""Magnification"": 4000, ""Etching"": ""Nital"", ""Sample"": ""Q980_0h_WC"", ""Kind"": ""Overview"", ""Pixel Size"": 6.862e-08, ""Beam Current"": 6.1666e-05, ""Dwell Time"": 1e-05, ""Dwell Time cat"": ""high"", ""Chamber Pressure"": 0.010134, ""Working Distance"": 0.00847619999999999}, ""normalized"": {""microscope"": ""VEGA3 XMH"", ""instrument"": ""VEGA3 XMH"", ""detector"": ""SE"", ""accelerating_voltage_kv"": 20000.0, ""magnification"": 4000.0, ""pixel_size_nm"": 6.862e-08, ""beam_current_na"": 6.1666e-05, ""dwell_time_us"": 1e-05, ""working_distance_mm"": 8.4762, ""chamber_pressure_pa"": 0.010134, ""sample"": ""Q980_0h_WC"", ""sample_state"": ""Overview"", ""etching_agent"": ""Nital"", ""imaging_mode"": ""SEM"", ""scale"": ""6.862e-08 nm/pixel"", ""acquisition_date_if_available"": null}}",,,,
hcci,Q980_0h_WC,hcci_584,Images\584.png,C:\Users\Pranet\Downloads\Mini Project\data\raw\hcci\Images\584.png,584.png,.png,6386115,407e602c1a3d0fd488d7915b9ef1f5dcdc74931254b5494d855bc1c5169a15ab,2679,1983,4,8,uint8,png,RGBA,SEM,,Overview,Overview,sample_Q980_0h_WC_Overview,Q980_0h_WC,roi_584,VEGA3 XMH_SE_20000.0kV_4000.0x,"{""raw_metadata"": {""File Name"": 584, ""SEM"": ""VEGA3 XMH"", ""Detector"": ""SE"", ""Gun"": ""W"", ""Voltage"": 20000, ""Magnification"": 4000, ""Etching"": ""Nital"", ""Sample"": ""Q980_0h_WC"", ""Kind"": ""Overview"", ""Pixel Size"": 6.862e-08, ""Beam Current"": 6.1992e-05, ""Dwell Time"": 3.2e-07, ""Dwell Time cat"": ""low"", ""Chamber Pressure"": 0.010134, ""Working Distance"": 0.00847619999999999}, ""normalized"": {""microscope"": ""VEGA3 XMH"", ""instrument"": ""VEGA3 XMH"", ""detector"": ""SE"", ""accelerating_voltage_kv"": 20000.0, ""magnification"": 4000.0, ""pixel_size_nm"": 6.862e-08, ""beam_current_na"": 6.1992e-05, ""dwell_time_us"": 3.2e-07, ""working_distance_mm"": 8.4762, ""chamber_pressure_pa"": 0.010134, ""sample"": ""Q980_0h_WC"", ""sample_state"": ""Overview"", ""etching_agent"": ""Nital"", ""imaging_mode"": ""SEM"", ""scale"": ""6.862e-08 nm/pixel"", ""acquisition_date_if_available"": null}}",,,,
hcci,Q980_0h_WC,hcci_585,Images\585.png,C:\Users\Pranet\Downloads\Mini Project\data\raw\hcci\Images\585.png,585.png,.png,5566299,aa6ccda8a57802385ef0a91e1628bfab600afab690fad3a62d5103df4bdf5e4f,2679,1983,4,8,uint8,png,RGBA,SEM,,Overview,Overview,sample_Q980_0h_WC_Overview,Q980_0h_WC,roi_585,VEGA3 XMH_BSE_20000.0kV_4000.0x,"{""raw_metadata"": {""File Name"": 585, ""SEM"": ""VEGA3 XMH"", ""Detector"": ""BSE"", ""Gun"": ""W"", ""Voltage"": 20000, ""Magnification"": 4000, ""Etching"": ""Nital"", ""Sample"": ""Q980_0h_WC"", ""Kind"": ""Overview"", ""Pixel Size"": 6.862e-08, ""Beam Current"": 6.1992e-05, ""Dwell Time"": 1e-05, ""Dwell Time cat"": ""high"", ""Chamber Pressure"": 0.010141, ""Working Distance"": 0.00847619999999999}, ""normalized"": {""microscope"": ""VEGA3 XMH"", ""instrument"": ""VEGA3 XMH"", ""detector"": ""BSE"", ""accelerating_voltage_kv"": 20000.0, ""magnification"": 4000.0, ""pixel_size_nm"": 6.862e-08, ""beam_current_na"": 6.1992e-05, ""dwell_time_us"": 1e-05, ""working_distance_mm"": 8.4762, ""chamber_pressure_pa"": 0.010141, ""sample"": ""Q980_0h_WC"", ""sample_state"": ""Overview"", ""etching_agent"": ""Nital"", ""imaging_mode"": ""SEM"", ""scale"": ""6.862e-08 nm/pixel"", ""acquisition_date_if_available"": null}}",,,,
hcci,Q980_0h_WC,hcci_586,Images\586.png,C:\Users\Pranet\Downloads\Mini Project\data\raw\hcci\Images\586.png,586.png,.png,7157658,0bce592a1b353410299acee27ace6fb91125417a1a17e59b0c5152cc62526fa3,2679,1983,4,8,uint8,png,RGBA,SEM,,Overview,Overview,sample_Q980_0h_WC_Overview,Q980_0h_WC,roi_586,VEGA3 XMH_BSE_20000.0kV_4000.0x,"{""raw_metadata"": {""File Name"": 586, ""SEM"": ""VEGA3 XMH"", ""Detector"": ""BSE"", ""Gun"": ""W"", ""Voltage"": 20000, ""Magnification"": 4000, ""Etching"": ""Nital"", ""Sample"": ""Q980_0h_WC"", ""Kind"": ""Overview"", ""Pixel Size"": 6.862e-08, ""Beam Current"": 6.1666e-05, ""Dwell Time"": 3.2e-07, ""Dwell Time cat"": ""low"", ""Chamber Pressure"": 0.010134, ""Working Distance"": 0.00847619999999999}, ""normalized"": {""microscope"": ""VEGA3 XMH"", ""instrument"": ""VEGA3 XMH"", ""detector"": ""BSE"", ""accelerating_voltage_kv"": 20000.0, ""magnification"": 4000.0, ""pixel_size_nm"": 6.862e-08, ""beam_current_na"": 6.1666e-05, ""dwell_time_us"": 3.2e-07, ""working_distance_mm"": 8.4762, ""chamber_pressure_pa"": 0.010134, ""sample"": ""Q980_0h_WC"", ""sample_state"": ""Overview"", ""etching_agent"": ""Nital"", ""imaging_mode"": ""SEM"", ""scale"": ""6.862e-08 nm/pixel"", ""acquisition_date_if_available"": null}}",,,,
hcci,Q980_0h_WC,hcci_587,Images\587.png,C:\Users\Pranet\Downloads\Mini Project\data\raw\hcci\Images\587.png,587.png,.png,4300712,65e8a0a30c74cd514e1d1a1f29b2e4a36815d25cf9f03dceda8eb45343a7db29,2476,1762,4,8,uint8,png,RGBA,SEM,,Detail,Detail,sample_Q980_0h_WC_Detail,Q980_0h_WC,roi_587,VEGA3 XMH_SE_20000.0kV_20000.0x,"{""raw_metadata"": {""File Name"": 587, ""SEM"": ""VEGA3 XMH"", ""Detector"": ""SE"", ""Gun"": ""W"", ""Voltage"": 20000, ""Magnification"": 20000, ""Etching"": ""Nital"", ""Sample"": ""Q980_0h_WC"", ""Kind"": ""Detail"", ""Pixel Size"": 1.3724e-08, ""Beam Current"": 6.1992e-05, ""Dwell Time"": 1e-05, ""Dwell Time cat"": ""high"", ""Chamber Pressure"": 0.010134, ""Working Distance"": 0.00847619999999999}, ""normalized"": {""microscope"": ""VEGA3 XMH"", ""instrument"": ""VEGA3 XMH"", ""detector"": ""SE"", ""accelerating_voltage_kv"": 20000.0, ""magnification"": 20000.0, ""pixel_size_nm"": 1.3724e-08, ""beam_current_na"": 6.1992e-05, ""dwell_time_us"": 1e-05, ""working_distance_mm"": 8.4762, ""chamber_pressure_pa"": 0.010134, ""sample"": ""Q980_0h_WC"", ""sample_state"": ""Detail"", ""etching_agent"": ""Nital"", ""imaging_mode"": ""SEM"", ""scale"": ""1.3724e-08 nm/pixel"", ""acquisition_date_if_available"": null}}",,,,
hcci,Q980_0h_WC,hcci_588,Images\588.png,C:\Users\Pranet\Downloads\Mini Project\data\raw\hcci\Images\588.png,588.png,.png,5799346,5fbc36eb7fa4abee5f8dfc0291f8baaca390102df914e7d587b370f3d0735c2e,2476,1762,4,8,uint8,png,RGBA,SEM,,Detail,Detail,sample_Q980_0h_WC_Detail,Q980_0h_WC,roi_588,VEGA3 XMH_SE_20000.0kV_20000.0x,"{""raw_metadata"": {""File Name"": 588, ""SEM"": ""VEGA3 XMH"", ""Detector"": ""SE"", ""Gun"": ""W"", ""Voltage"": 20000, ""Magnification"": 20000, ""Etching"": ""Nital"", ""Sample"": ""Q980_0h_WC"", ""Kind"": ""Detail"", ""Pixel Size"": 1.3724e-08, ""Beam Current"": 6.1992e-05, ""Dwell Time"": 3.2e-07, ""Dwell Time cat"": ""low"", ""Chamber Pressure"": 0.010127, ""Working Distance"": 0.00847619999999999}, ""normalized"": {""microscope"": ""VEGA3 XMH"", ""instrument"": ""VEGA3 XMH"", ""detector"": ""SE"", ""accelerating_voltage_kv"": 20000.0, ""magnification"": 20000.0, ""pixel_size_nm"": 1.3724e-08, ""beam_current_na"": 6.1992e-05, ""dwell_time_us"": 3.2e-07, ""working_distance_mm"": 8.4762, ""chamber_pressure_pa"": 0.010127, ""sample"": ""Q980_0h_WC"", ""sample_state"": ""Detail"", ""etching_agent"": ""Nital"", ""imaging_mode"": ""SEM"", ""scale"": ""1.3724e-08 nm/pixel"", ""acquisition_date_if_available"": null}}",,,,
hcci,Q980_0h_WC,hcci_589,Images\589.png,C:\Users\Pranet\Downloads\Mini Project\data\raw\hcci\Images\589.png,589.png,.png,4445190,1a0f255b7411cc02ff6972ea462bea7b0ace1a87f0fba7f40d812e5e381ad27e,2476,1762,4,8,uint8,png,RGBA,SEM,,Detail,Detail,sample_Q980_0h_WC_Detail,Q980_0h_WC,roi_589,VEGA3 XMH_BSE_20000.0kV_20000.0x,"{""raw_metadata"": {""File Name"": 589, ""SEM"": ""VEGA3 XMH"", ""Detector"": ""BSE"", ""Gun"": ""W"", ""Voltage"": 20000, ""Magnification"": 20000, ""Etching"": ""Nital"", ""Sample"": ""Q980_0h_WC"", ""Kind"": ""Detail"", ""Pixel Size"": 1.3724e-08, ""Beam Current"": 6.1666e-05, ""Dwell Time"": 1e-05, ""Dwell Time cat"": ""high"", ""Chamber Pressure"": 0.010134, ""Working Distance"": 0.00847619999999999}, ""normalized"": {""microscope"": ""VEGA3 XMH"", ""instrument"": ""VEGA3 XMH"", ""detector"": ""BSE"", ""accelerating_voltage_kv"": 20000.0, ""magnification"": 20000.0, ""pixel_size_nm"": 1.3724e-08, ""beam_current_na"": 6.1666e-05, ""dwell_time_us"": 1e-05, ""working_distance_mm"": 8.4762, ""chamber_pressure_pa"": 0.010134, ""sample"": ""Q980_0h_WC"", ""sample_state"": ""Detail"", ""etching_agent"": ""Nital"", ""imaging_mode"": ""SEM"", ""scale"": ""1.3724e-08 nm/pixel"", ""acquisition_date_if_available"": null}}",,,,
hcci,Q980_0h_WC,hcci_59,Images\59.png,C:\Users\Pranet\Downloads\Mini Project\data\raw\hcci\Images\59.png,59.png,.png,5103091,e3b3eab5e70c632217344f4cbba5b480c9ca510c934a87a8e371e67dc4cf69f8,2651,1896,4,8,uint8,png,RGBA,SEM,,Detail,Detail,sample_Q980_0h_WC_Detail,Q980_0h_WC,roi_59,Helios G4 PFIB CXe_InLens_10000.0kV_5000.0x,"{""raw_metadata"": {""File Name"": 59, ""SEM"": ""Helios G4 PFIB CXe"", ""Detector"": ""InLens"", ""Gun"": ""FEG"", ""Voltage"": 10000, ""Magnification"": 5000, ""Etching"": ""Vilella"", ""Sample"": ""Q980_0h_WC"", ""Kind"": ""Detail"", ""Pixel Size"": 1.34896e-08, ""Beam Current"": 1.6e-09, ""Dwell Time"": 1e-05, ""Dwell Time cat"": ""high"", ""Chamber Pressure"": 0.000122, ""Working Distance"": 0.00620576}, ""normalized"": {""microscope"": ""Helios G4 PFIB CXe"", ""instrument"": ""Helios G4 PFIB CXe"", ""detector"": ""InLens"", ""accelerating_voltage_kv"": 10000.0, ""magnification"": 5000.0, ""pixel_size_nm"": 1.34896e-08, ""beam_current_na"": 1.6e-09, ""dwell_time_us"": 1e-05, ""working_distance_mm"": 6.2058, ""chamber_pressure_pa"": 0.000122, ""sample"": ""Q980_0h_WC"", ""sample_state"": ""Detail"", ""etching_agent"": ""Vilella"", ""imaging_mode"": ""SEM"", ""scale"": ""1.34896e-08 nm/pixel"", ""acquisition_date_if_available"": null}}",,,,
hcci,Q980_0h_WC,hcci_590,Images\590.png,C:\Users\Pranet\Downloads\Mini Project\data\raw\hcci\Images\590.png,590.png,.png,5101636,874fc9205a6addeb41b2a1778473c324c2dd69d0a6df5942428b4ad050faf3e6,2476,1762,4,8,uint8,png,RGBA,SEM,,Detail,Detail,sample_Q980_0h_WC_Detail,Q980_0h_WC,roi_590,VEGA3 XMH_BSE_20000.0kV_20000.0x,"{""raw_metadata"": {""File Name"": 590, ""SEM"": ""VEGA3 XMH"", ""Detector"": ""BSE"", ""Gun"": ""W"", ""Voltage"": 20000, ""Magnification"": 20000, ""Etching"": ""Nital"", ""Sample"": ""Q980_0h_WC"", ""Kind"": ""Detail"", ""Pixel Size"": 1.3724e-08, ""Beam Current"": 6.1992e-05, ""Dwell Time"": 3.2e-07, ""Dwell Time cat"": ""low"", ""Chamber Pressure"": 0.010127, ""Working Distance"": 0.00847619999999999}, ""normalized"": {""microscope"": ""VEGA3 XMH"", ""instrument"": ""VEGA3 XMH"", ""detector"": ""BSE"", ""accelerating_voltage_kv"": 20000.0, ""magnification"": 20000.0, ""pixel_size_nm"": 1.3724e-08, ""beam_current_na"": 6.1992e-05, ""dwell_time_us"": 3.2e-07, ""working_distance_mm"": 8.4762, ""chamber_pressure_pa"": 0.010127, ""sample"": ""Q980_0h_WC"", ""sample_state"": ""Detail"", ""etching_agent"": ""Nital"", ""imaging_mode"": ""SEM"", ""scale"": ""1.3724e-08 nm/pixel"", ""acquisition_date_if_available"": null}}",,,,
hcci,Q980_9h_AC,hcci_591,Images\591.png,C:\Users\Pranet\Downloads\Mini Project\data\raw\hcci\Images\591.png,591.png,.png,5481799,7eeb69b33e1b530399b23c7d313ef46b9ae4a2a6c4b8317707c800817a1142c5,2824,1971,4,8,uint8,png,RGBA,SEM,,Overview,Overview,sample_Q980_9h_AC_Overview,Q980_9h_AC,roi_591,VEGA3 XMH_SE_5000.0kV_4000.0x,"{""raw_metadata"": {""File Name"": 591, ""SEM"": ""VEGA3 XMH"", ""Detector"": ""SE"", ""Gun"": ""W"", ""Voltage"": 5000, ""Magnification"": 4000, ""Etching"": ""Nital"", ""Sample"": ""Q980_9h_AC"", ""Kind"": ""Overview"", ""Pixel Size"": 6.8963e-08, ""Beam Current"": 6.6703e-05, ""Dwell Time"": 1e-05, ""Dwell Time cat"": ""high"", ""Chamber Pressure"": 0.010134, ""Working Distance"": 0.00823439999999999}, ""normalized"": {""microscope"": ""VEGA3 XMH"", ""instrument"": ""VEGA3 XMH"", ""detector"": ""SE"", ""accelerating_voltage_kv"": 5000.0, ""magnification"": 4000.0, ""pixel_size_nm"": 6.8963e-08, ""beam_current_na"": 6.6703e-05, ""dwell_time_us"": 1e-05, ""working_distance_mm"": 8.2344, ""chamber_pressure_pa"": 0.010134, ""sample"": ""Q980_9h_AC"", ""sample_state"": ""Overview"", ""etching_agent"": ""Nital"", ""imaging_mode"": ""SEM"", ""scale"": ""6.8963e-08 nm/pixel"", ""acquisition_date_if_available"": null}}",,,,
hcci,Q980_9h_AC,hcci_592,Images\592.png,C:\Users\Pranet\Downloads\Mini Project\data\raw\hcci\Images\592.png,592.png,.png,7965798,05dba025c46434824ed011e9c07dcc59aa5e1957fb9d14bbfb23d581bdfe7ec3,2824,1971,4,8,uint8,png,RGBA,SEM,,Overview,Overview,sample_Q980_9h_AC_Overview,Q980_9h_AC,roi_592,VEGA3 XMH_SE_5000.0kV_4000.0x,"{""raw_metadata"": {""File Name"": 592, ""SEM"": ""VEGA3 XMH"", ""Detector"": ""SE"", ""Gun"": ""W"", ""Voltage"": 5000, ""Magnification"": 4000, ""Etching"": ""Nital"", ""Sample"": ""Q980_9h_AC"", ""Kind"": ""Overview"", ""Pixel Size"": 6.8963e-08, ""Beam Current"": 6.6703e-05, ""Dwell Time"": 3.2e-07, ""Dwell Time cat"": ""low"", ""Chamber Pressure"": 0.010134, ""Working Distance"": 0.00823439999999999}, ""normalized"": {""microscope"": ""VEGA3 XMH"", ""instrument"": ""VEGA3 XMH"", ""detector"": ""SE"", ""accelerating_voltage_kv"": 5000.0, ""magnification"": 4000.0, ""pixel_size_nm"": 6.8963e-08, ""beam_current_na"": 6.6703e-05, ""dwell_time_us"": 3.2e-07, ""working_distance_mm"": 8.2344, ""chamber_pressure_pa"": 0.010134, ""sample"": ""Q980_9h_AC"", ""sample_state"": ""Overview"", ""etching_agent"": ""Nital"", ""imaging_mode"": ""SEM"", ""scale"": ""6.8963e-08 nm/pixel"", ""acquisition_date_if_available"": null}}",,,,
hcci,Q980_9h_AC,hcci_593,Images\593.png,C:\Users\Pranet\Downloads\Mini Project\data\raw\hcci\Images\593.png,593.png,.png,6755487,8c6c56392170e7db82dc075e02f454eba6a13fe8f75baeba9a108cea74d4e3c9,2824,1971,4,8,uint8,png,RGBA,SEM,,Overview,Overview,sample_Q980_9h_AC_Overview,Q980_9h_AC,roi_593,VEGA3 XMH_BSE_5000.0kV_4000.0x,"{""raw_metadata"": {""File Name"": 593, ""SEM"": ""VEGA3 XMH"", ""Detector"": ""BSE"", ""Gun"": ""W"", ""Voltage"": 5000, ""Magnification"": 4000, ""Etching"": ""Nital"", ""Sample"": ""Q980_9h_AC"", ""Kind"": ""Overview"", ""Pixel Size"": 6.8963e-08, ""Beam Current"": 6.6377e-05, ""Dwell Time"": 1e-05, ""Dwell Time cat"": ""high"", ""Chamber Pressure"": 0.010134, ""Working Distance"": 0.00823439999999999}, ""normalized"": {""microscope"": ""VEGA3 XMH"", ""instrument"": ""VEGA3 XMH"", ""detector"": ""BSE"", ""accelerating_voltage_kv"": 5000.0, ""magnification"": 4000.0, ""pixel_size_nm"": 6.8963e-08, ""beam_current_na"": 6.6377e-05, ""dwell_time_us"": 1e-05, ""working_distance_mm"": 8.2344, ""chamber_pressure_pa"": 0.010134, ""sample"": ""Q980_9h_AC"", ""sample_state"": ""Overview"", ""etching_agent"": ""Nital"", ""imaging_mode"": ""SEM"", ""scale"": ""6.8963e-08 nm/pixel"", ""acquisition_date_if_available"": null}}",,,,
hcci,Q980_9h_AC,hcci_594,Images\594.png,C:\Users\Pranet\Downloads\Mini Project\data\raw\hcci\Images\594.png,594.png,.png,7966658,d50de3a14daaad94789a2bd837550da83d2b9540586a24fca84e76db9ca1d493,2824,1971,4,8,uint8,png,RGBA,SEM,,Overview,Overview,sample_Q980_9h_AC_Overview,Q980_9h_AC,roi_594,VEGA3 XMH_BSE_5000.0kV_4000.0x,"{""raw_metadata"": {""File Name"": 594, ""SEM"": ""VEGA3 XMH"", ""Detector"": ""BSE"", ""Gun"": ""W"", ""Voltage"": 5000, ""Magnification"": 4000, ""Etching"": ""Nital"", ""Sample"": ""Q980_9h_AC"", ""Kind"": ""Overview"", ""Pixel Size"": 6.8963e-08, ""Beam Current"": 6.6052e-05, ""Dwell Time"": 3.2e-07, ""Dwell Time cat"": ""low"", ""Chamber Pressure"": 0.010141, ""Working Distance"": 0.00823439999999999}, ""normalized"": {""microscope"": ""VEGA3 XMH"", ""instrument"": ""VEGA3 XMH"", ""detector"": ""BSE"", ""accelerating_voltage_kv"": 5000.0, ""magnification"": 4000.0, ""pixel_size_nm"": 6.8963e-08, ""beam_current_na"": 6.6052e-05, ""dwell_time_us"": 3.2e-07, ""working_distance_mm"": 8.2344, ""chamber_pressure_pa"": 0.010141, ""sample"": ""Q980_9h_AC"", ""sample_state"": ""Overview"", ""etching_agent"": ""Nital"", ""imaging_mode"": ""SEM"", ""scale"": ""6.8963e-08 nm/pixel"", ""acquisition_date_if_available"": null}}",,,,
hcci,Q980_9h_AC,hcci_595,Images\595.png,C:\Users\Pranet\Downloads\Mini Project\data\raw\hcci\Images\595.png,595.png,.png,3765929,bf7b61d1ba3aa52c92b8d61f5a388fe4277e6b330c647d4a22b3dd7ce1f2293f,1959,1792,4,8,uint8,png,RGBA,SEM,,Detail,Detail,sample_Q980_9h_AC_Detail,Q980_9h_AC,roi_595,VEGA3 XMH_SE_5000.0kV_20000.0x,"{""raw_metadata"": {""File Name"": 595, ""SEM"": ""VEGA3 XMH"", ""Detector"": ""SE"", ""Gun"": ""W"", ""Voltage"": 5000, ""Magnification"": 20000, ""Etching"": ""Nital"", ""Sample"": ""Q980_9h_AC"", ""Kind"": ""Detail"", ""Pixel Size"": 1.3724e-08, ""Beam Current"": 6.6052e-05, ""Dwell Time"": 1e-05, ""Dwell Time cat"": ""high"", ""Chamber Pressure"": 0.010134, ""Working Distance"": 0.00821719999999999}, ""normalized"": {""microscope"": ""VEGA3 XMH"", ""instrument"": ""VEGA3 XMH"", ""detector"": ""SE"", ""accelerating_voltage_kv"": 5000.0, ""magnification"": 20000.0, ""pixel_size_nm"": 1.3724e-08, ""beam_current_na"": 6.6052e-05, ""dwell_time_us"": 1e-05, ""working_distance_mm"": 8.2172, ""chamber_pressure_pa"": 0.010134, ""sample"": ""Q980_9h_AC"", ""sample_state"": ""Detail"", ""etching_agent"": ""Nital"", ""imaging_mode"": ""SEM"", ""scale"": ""1.3724e-08 nm/pixel"", ""acquisition_date_if_available"": null}}",,,,
hcci,Q980_9h_AC,hcci_596,Images\596.png,C:\Users\Pranet\Downloads\Mini Project\data\raw\hcci\Images\596.png,596.png,.png,4487756,42c3260ddd10594be35c4457e9ebbef6a3d5ace1474d86090e4eb5308fc07f73,1959,1792,4,8,uint8,png,RGBA,SEM,,Detail,Detail,sample_Q980_9h_AC_Detail,Q980_9h_AC,roi_596,VEGA3 XMH_SE_5000.0kV_20000.0x,"{""raw_metadata"": {""File Name"": 596, ""SEM"": ""VEGA3 XMH"", ""Detector"": ""SE"", ""Gun"": ""W"", ""Voltage"": 5000, ""Magnification"": 20000, ""Etching"": ""Nital"", ""Sample"": ""Q980_9h_AC"", ""Kind"": ""Detail"", ""Pixel Size"": 1.3724e-08, ""Beam Current"": 6.6052e-05, ""Dwell Time"": 3.2e-07, ""Dwell Time cat"": ""low"", ""Chamber Pressure"": 0.010127, ""Working Distance"": 0.00821719999999999}, ""normalized"": {""microscope"": ""VEGA3 XMH"", ""instrument"": ""VEGA3 XMH"", ""detector"": ""SE"", ""accelerating_voltage_kv"": 5000.0, ""magnification"": 20000.0, ""pixel_size_nm"": 1.3724e-08, ""beam_current_na"": 6.6052e-05, ""dwell_time_us"": 3.2e-07, ""working_distance_mm"": 8.2172, ""chamber_pressure_pa"": 0.010127, ""sample"": ""Q980_9h_AC"", ""sample_state"": ""Detail"", ""etching_agent"": ""Nital"", ""imaging_mode"": ""SEM"", ""scale"": ""1.3724e-08 nm/pixel"", ""acquisition_date_if_available"": null}}",,,,
hcci,Q980_9h_AC,hcci_597,Images\597.png,C:\Users\Pranet\Downloads\Mini Project\data\raw\hcci\Images\597.png,597.png,.png,3975938,400a5c5d3ac7d0bc1db718365d8a639dda89696c0790006e82c6319e78030e65,1959,1792,4,8,uint8,png,RGBA,SEM,,Detail,Detail,sample_Q980_9h_AC_Detail,Q980_9h_AC,roi_597,VEGA3 XMH_BSE_5000.0kV_20000.0x,"{""raw_metadata"": {""File Name"": 597, ""SEM"": ""VEGA3 XMH"", ""Detector"": ""BSE"", ""Gun"": ""W"", ""Voltage"": 5000, ""Magnification"": 20000, ""Etching"": ""Nital"", ""Sample"": ""Q980_9h_AC"", ""Kind"": ""Detail"", ""Pixel Size"": 1.3724e-08, ""Beam Current"": 6.6052e-05, ""Dwell Time"": 1e-05, ""Dwell Time cat"": ""high"", ""Chamber Pressure"": 0.010134, ""Working Distance"": 0.00821719999999999}, ""normalized"": {""microscope"": ""VEGA3 XMH"", ""instrument"": ""VEGA3 XMH"", ""detector"": ""BSE"", ""accelerating_voltage_kv"": 5000.0, ""magnification"": 20000.0, ""pixel_size_nm"": 1.3724e-08, ""beam_current_na"": 6.6052e-05, ""dwell_time_us"": 1e-05, ""working_distance_mm"": 8.2172, ""chamber_pressure_pa"": 0.010134, ""sample"": ""Q980_9h_AC"", ""sample_state"": ""Detail"", ""etching_agent"": ""Nital"", ""imaging_mode"": ""SEM"", ""scale"": ""1.3724e-08 nm/pixel"", ""acquisition_date_if_available"": null}}",,,,
hcci,Q980_9h_AC,hcci_598,Images\598.png,C:\Users\Pranet\Downloads\Mini Project\data\raw\hcci\Images\598.png,598.png,.png,5102809,60b21416d0d800de4c9f61307c1fb7cfc2bd68851e556e59bf18eaad343c07e0,1959,1792,4,8,uint8,png,RGBA,SEM,,Detail,Detail,sample_Q980_9h_AC_Detail,Q980_9h_AC,roi_598,VEGA3 XMH_BSE_5000.0kV_20000.0x,"{""raw_metadata"": {""File Name"": 598, ""SEM"": ""VEGA3 XMH"", ""Detector"": ""BSE"", ""Gun"": ""W"", ""Voltage"": 5000, ""Magnification"": 20000, ""Etching"": ""Nital"", ""Sample"": ""Q980_9h_AC"", ""Kind"": ""Detail"", ""Pixel Size"": 1.3724e-08, ""Beam Current"": 6.6052e-05, ""Dwell Time"": 3.2e-07, ""Dwell Time cat"": ""low"", ""Chamber Pressure"": 0.010134, ""Working Distance"": 0.00821719999999999}, ""normalized"": {""microscope"": ""VEGA3 XMH"", ""instrument"": ""VEGA3 XMH"", ""detector"": ""BSE"", ""accelerating_voltage_kv"": 5000.0, ""magnification"": 20000.0, ""pixel_size_nm"": 1.3724e-08, ""beam_current_na"": 6.6052e-05, ""dwell_time_us"": 3.2e-07, ""working_distance_mm"": 8.2172, ""chamber_pressure_pa"": 0.010134, ""sample"": ""Q980_9h_AC"", ""sample_state"": ""Detail"", ""etching_agent"": ""Nital"", ""imaging_mode"": ""SEM"", ""scale"": ""1.3724e-08 nm/pixel"", ""acquisition_date_if_available"": null}}",,,,
hcci,Q980_9h_AC,hcci_599,Images\599.png,C:\Users\Pranet\Downloads\Mini Project\data\raw\hcci\Images\599.png,599.png,.png,5956278,2015433971a6c18f9d8f008e33015841b3c1443b61500bda0446604eb48979d2,2824,1971,4,8,uint8,png,RGBA,SEM,,Overview,Overview,sample_Q980_9h_AC_Overview,Q980_9h_AC,roi_599,VEGA3 XMH_SE_10000.0kV_4000.0x,"{""raw_metadata"": {""File Name"": 599, ""SEM"": ""VEGA3 XMH"", ""Detector"": ""SE"", ""Gun"": ""W"", ""Voltage"": 10000, ""Magnification"": 4000, ""Etching"": ""Nital"", ""Sample"": ""Q980_9h_AC"", ""Kind"": ""Overview"", ""Pixel Size"": 6.862e-08, ""Beam Current"": 6.7332e-05, ""Dwell Time"": 1e-05, ""Dwell Time cat"": ""high"", ""Chamber Pressure"": 0.010127, ""Working Distance"": 0.00820099999999999}, ""normalized"": {""microscope"": ""VEGA3 XMH"", ""instrument"": ""VEGA3 XMH"", ""detector"": ""SE"", ""accelerating_voltage_kv"": 10000.0, ""magnification"": 4000.0, ""pixel_size_nm"": 6.862e-08, ""beam_current_na"": 6.7332e-05, ""dwell_time_us"": 1e-05, ""working_distance_mm"": 8.201, ""chamber_pressure_pa"": 0.010127, ""sample"": ""Q980_9h_AC"", ""sample_state"": ""Overview"", ""etching_agent"": ""Nital"", ""imaging_mode"": ""SEM"", ""scale"": ""6.862e-08 nm/pixel"", ""acquisition_date_if_available"": null}}",,,,
hcci,AsCast,hcci_6,Images\6.png,C:\Users\Pranet\Downloads\Mini Project\data\raw\hcci\Images\6.png,6.png,.png,6173235,f9a7c4fe6626875f5358c1c5613990d16a104645cf1c75dae63d1f983a471b3e,2860,1922,4,8,uint8,png,RGBA,SEM,,Overview,Overview,sample_AsCast_Overview,AsCast,roi_6,Helios G4 PFIB CXe_InLens_5000.0kV_1000.0x,"{""raw_metadata"": {""File Name"": 6, ""SEM"": ""Helios G4 PFIB CXe"", ""Detector"": ""InLens"", ""Gun"": ""FEG"", ""Voltage"": 5000, ""Magnification"": 1000, ""Etching"": ""Vilella"", ""Sample"": ""AsCast"", ""Kind"": ""Overview"", ""Pixel Size"": 6.74479e-08, ""Beam Current"": 1.6e-09, ""Dwell Time"": 5e-07, ""Dwell Time cat"": ""low"", ""Chamber Pressure"": 0.000688, ""Working Distance"": 0.00683318}, ""normalized"": {""microscope"": ""Helios G4 PFIB CXe"", ""instrument"": ""Helios G4 PFIB CXe"", ""detector"": ""InLens"", ""accelerating_voltage_kv"": 5000.0, ""magnification"": 1000.0, ""pixel_size_nm"": 6.74479e-08, ""beam_current_na"": 1.6e-09, ""dwell_time_us"": 5e-07, ""working_distance_mm"": 6.8332, ""chamber_pressure_pa"": 0.000688, ""sample"": ""AsCast"", ""sample_state"": ""Overview"", ""etching_agent"": ""Vilella"", ""imaging_mode"": ""SEM"", ""scale"": ""6.74479e-08 nm/pixel"", ""acquisition_date_if_available"": null}}",,,,
hcci,Q980_0h_WC,hcci_60,Images\60.png,C:\Users\Pranet\Downloads\Mini Project\data\raw\hcci\Images\60.png,60.png,.png,5894465,bc5ab7070ee6138edaf9a3cd3b935cc556d038e312a9482b457176428e772873,2651,1896,4,8,uint8,png,RGBA,SEM,,Detail,Detail,sample_Q980_0h_WC_Detail,Q980_0h_WC,roi_60,Helios G4 PFIB CXe_InLens_10000.0kV_5000.0x,"{""raw_metadata"": {""File Name"": 60, ""SEM"": ""Helios G4 PFIB CXe"", ""Detector"": ""InLens"", ""Gun"": ""FEG"", ""Voltage"": 10000, ""Magnification"": 5000, ""Etching"": ""Vilella"", ""Sample"": ""Q980_0h_WC"", ""Kind"": ""Detail"", ""Pixel Size"": 1.34896e-08, ""Beam Current"": 1.6e-09, ""Dwell Time"": 5e-07, ""Dwell Time cat"": ""low"", ""Chamber Pressure"": 0.00012, ""Working Distance"": 0.00620576}, ""normalized"": {""microscope"": ""Helios G4 PFIB CXe"", ""instrument"": ""Helios G4 PFIB CXe"", ""detector"": ""InLens"", ""accelerating_voltage_kv"": 10000.0, ""magnification"": 5000.0, ""pixel_size_nm"": 1.34896e-08, ""beam_current_na"": 1.6e-09, ""dwell_time_us"": 5e-07, ""working_distance_mm"": 6.2058, ""chamber_pressure_pa"": 0.00012, ""sample"": ""Q980_0h_WC"", ""sample_state"": ""Detail"", ""etching_agent"": ""Vilella"", ""imaging_mode"": ""SEM"", ""scale"": ""1.34896e-08 nm/pixel"", ""acquisition_date_if_available"": null}}",,,,
hcci,Q980_9h_AC,hcci_600,Images\600.png,C:\Users\Pranet\Downloads\Mini Project\data\raw\hcci\Images\600.png,600.png,.png,7646784,462c2186e7700fd0b4032f81367fda921060da339da26972464fdb2ebd12adbd,2824,1971,4,8,uint8,png,RGBA,SEM,,Overview,Overview,sample_Q980_9h_AC_Overview,Q980_9h_AC,roi_600,VEGA3 XMH_SE_10000.0kV_4000.0x,"{""raw_metadata"": {""File Name"": 600, ""SEM"": ""VEGA3 XMH"", ""Detector"": ""SE"", ""Gun"": ""W"", ""Voltage"": 10000, ""Magnification"": 4000, ""Etching"": ""Nital"", ""Sample"": ""Q980_9h_AC"", ""Kind"": ""Overview"", ""Pixel Size"": 6.862e-08, ""Beam Current"": 6.7332e-05, ""Dwell Time"": 3.2e-07, ""Dwell Time cat"": ""low"", ""Chamber Pressure"": 0.010134, ""Working Distance"": 0.00820099999999999}, ""normalized"": {""microscope"": ""VEGA3 XMH"", ""instrument"": ""VEGA3 XMH"", ""detector"": ""SE"", ""accelerating_voltage_kv"": 10000.0, ""magnification"": 4000.0, ""pixel_size_nm"": 6.862e-08, ""beam_current_na"": 6.7332e-05, ""dwell_time_us"": 3.2e-07, ""working_distance_mm"": 8.201, ""chamber_pressure_pa"": 0.010134, ""sample"": ""Q980_9h_AC"", ""sample_state"": ""Overview"", ""etching_agent"": ""Nital"", ""imaging_mode"": ""SEM"", ""scale"": ""6.862e-08 nm/pixel"", ""acquisition_date_if_available"": null}}",,,,
hcci,Q980_9h_AC,hcci_601,Images\601.png,C:\Users\Pranet\Downloads\Mini Project\data\raw\hcci\Images\601.png,601.png,.png,5720779,362c48d41be3fde157bfb3cb2f30500836cc81180d2da4a58b93d771c8147eee,2824,1971,4,8,uint8,png,RGBA,SEM,,Overview,Overview,sample_Q980_9h_AC_Overview,Q980_9h_AC,roi_601,VEGA3 XMH_BSE_10000.0kV_4000.0x,"{""raw_metadata"": {""File Name"": 601, ""SEM"": ""VEGA3 XMH"", ""Detector"": ""BSE"", ""Gun"": ""W"", ""Voltage"": 10000, ""Magnification"": 4000, ""Etching"": ""Nital"", ""Sample"": ""Q980_9h_AC"", ""Kind"": ""Overview"", ""Pixel Size"": 6.862e-08, ""Beam Current"": 6.7332e-05, ""Dwell Time"": 1e-05, ""Dwell Time cat"": ""high"", ""Chamber Pressure"": 0.010134, ""Working Distance"": 0.00820099999999999}, ""normalized"": {""microscope"": ""VEGA3 XMH"", ""instrument"": ""VEGA3 XMH"", ""detector"": ""BSE"", ""accelerating_voltage_kv"": 10000.0, ""magnification"": 4000.0, ""pixel_size_nm"": 6.862e-08, ""beam_current_na"": 6.7332e-05, ""dwell_time_us"": 1e-05, ""working_distance_mm"": 8.201, ""chamber_pressure_pa"": 0.010134, ""sample"": ""Q980_9h_AC"", ""sample_state"": ""Overview"", ""etching_agent"": ""Nital"", ""imaging_mode"": ""SEM"", ""scale"": ""6.862e-08 nm/pixel"", ""acquisition_date_if_available"": null}}",,,,
hcci,Q980_9h_AC,hcci_602,Images\602.png,C:\Users\Pranet\Downloads\Mini Project\data\raw\hcci\Images\602.png,602.png,.png,7047756,ed2795d41964702cc37dc75691c698ad0ada60fa2e7d3b63c5f5ed9939edd848,2824,1971,4,8,uint8,png,RGBA,SEM,,Overview,Overview,sample_Q980_9h_AC_Overview,Q980_9h_AC,roi_602,VEGA3 XMH_BSE_10000.0kV_4000.0x,"{""raw_metadata"": {""File Name"": 602, ""SEM"": ""VEGA3 XMH"", ""Detector"": ""BSE"", ""Gun"": ""W"", ""Voltage"": 10000, ""Magnification"": 4000, ""Etching"": ""Nital"", ""Sample"": ""Q980_9h_AC"", ""Kind"": ""Overview"", ""Pixel Size"": 6.862e-08, ""Beam Current"": 6.7332e-05, ""Dwell Time"": 3.2e-07, ""Dwell Time cat"": ""low"", ""Chamber Pressure"": 0.0100769999999999, ""Working Distance"": 0.00820099999999999}, ""normalized"": {""microscope"": ""VEGA3 XMH"", ""instrument"": ""VEGA3 XMH"", ""detector"": ""BSE"", ""accelerating_voltage_kv"": 10000.0, ""magnification"": 4000.0, ""pixel_size_nm"": 6.862e-08, ""beam_current_na"": 6.7332e-05, ""dwell_time_us"": 3.2e-07, ""working_distance_mm"": 8.201, ""chamber_pressure_pa"": 0.0100769999999999, ""sample"": ""Q980_9h_AC"", ""sample_state"": ""Overview"", ""etching_agent"": ""Nital"", ""imaging_mode"": ""SEM"", ""scale"": ""6.862e-08 nm/pixel"", ""acquisition_date_if_available"": null}}",,,,
hcci,Q980_9h_AC,hcci_603,Images\603.png,C:\Users\Pranet\Downloads\Mini Project\data\raw\hcci\Images\603.png,603.png,.png,3602423,7e354a0788eddff61859f2a972dcda37edae030249d6d864c86b8be542055ef8,1959,1792,4,8,uint8,png,RGBA,SEM,,Detail,Detail,sample_Q980_9h_AC_Detail,Q980_9h_AC,roi_603,VEGA3 XMH_SE_10000.0kV_20000.0x,"{""raw_metadata"": {""File Name"": 603, ""SEM"": ""VEGA3 XMH"", ""Detector"": ""SE"", ""Gun"": ""W"", ""Voltage"": 10000, ""Magnification"": 20000, ""Etching"": ""Nital"", ""Sample"": ""Q980_9h_AC"", ""Kind"": ""Detail"", ""Pixel Size"": 1.3785e-08, ""Beam Current"": 6.7332e-05, ""Dwell Time"": 1e-05, ""Dwell Time cat"": ""high"", ""Chamber Pressure"": 0.010134, ""Working Distance"": 0.0081927}, ""normalized"": {""microscope"": ""VEGA3 XMH"", ""instrument"": ""VEGA3 XMH"", ""detector"": ""SE"", ""accelerating_voltage_kv"": 10000.0, ""magnification"": 20000.0, ""pixel_size_nm"": 1.3785e-08, ""beam_current_na"": 6.7332e-05, ""dwell_time_us"": 1e-05, ""working_distance_mm"": 8.1927, ""chamber_pressure_pa"": 0.010134, ""sample"": ""Q980_9h_AC"", ""sample_state"": ""Detail"", ""etching_agent"": ""Nital"", ""imaging_mode"": ""SEM"", ""scale"": ""1.3785e-08 nm/pixel"", ""acquisition_date_if_available"": null}}",,,,
hcci,Q980_9h_AC,hcci_604,Images\604.png,C:\Users\Pranet\Downloads\Mini Project\data\raw\hcci\Images\604.png,604.png,.png,3995047,92d9e470d1b45813f77dd221d4c88a7c7b7df6420d39d46b4552b48ce3e3ac23,1959,1792,4,8,uint8,png,RGBA,SEM,,Detail,Detail,sample_Q980_9h_AC_Detail,Q980_9h_AC,roi_604,VEGA3 XMH_SE_10000.0kV_20000.0x,"{""raw_metadata"": {""File Name"": 604, ""SEM"": ""VEGA3 XMH"", ""Detector"": ""SE"", ""Gun"": ""W"", ""Voltage"": 10000, ""Magnification"": 20000, ""Etching"": ""Nital"", ""Sample"": ""Q980_9h_AC"", ""Kind"": ""Detail"", ""Pixel Size"": 1.3785e-08, ""Beam Current"": 6.7332e-05, ""Dwell Time"": 3.2e-07, ""Dwell Time cat"": ""low"", ""Chamber Pressure"": 0.010134, ""Working Distance"": 0.0081927}, ""normalized"": {""microscope"": ""VEGA3 XMH"", ""instrument"": ""VEGA3 XMH"", ""detector"": ""SE"", ""accelerating_voltage_kv"": 10000.0, ""magnification"": 20000.0, ""pixel_size_nm"": 1.3785e-08, ""beam_current_na"": 6.7332e-05, ""dwell_time_us"": 3.2e-07, ""working_distance_mm"": 8.1927, ""chamber_pressure_pa"": 0.010134, ""sample"": ""Q980_9h_AC"", ""sample_state"": ""Detail"", ""etching_agent"": ""Nital"", ""imaging_mode"": ""SEM"", ""scale"": ""1.3785e-08 nm/pixel"", ""acquisition_date_if_available"": null}}",,,,
hcci,Q980_9h_AC,hcci_605,Images\605.png,C:\Users\Pranet\Downloads\Mini Project\data\raw\hcci\Images\605.png,605.png,.png,3401350,aacf0048c833ac94f1b892f7cbac6d2d160aeeb4b9356d0c5c5b84fe44ab194c,1959,1792,4,8,uint8,png,RGBA,SEM,,Detail,Detail,sample_Q980_9h_AC_Detail,Q980_9h_AC,roi_605,VEGA3 XMH_BSE_10000.0kV_20000.0x,"{""raw_metadata"": {""File Name"": 605, ""SEM"": ""VEGA3 XMH"", ""Detector"": ""BSE"", ""Gun"": ""W"", ""Voltage"": 10000, ""Magnification"": 20000, ""Etching"": ""Nital"", ""Sample"": ""Q980_9h_AC"", ""Kind"": ""Detail"", ""Pixel Size"": 1.3724e-08, ""Beam Current"": 6.7332e-05, ""Dwell Time"": 1e-05, ""Dwell Time cat"": ""high"", ""Chamber Pressure"": 0.010134, ""Working Distance"": 0.0081892}, ""normalized"": {""microscope"": ""VEGA3 XMH"", ""instrument"": ""VEGA3 XMH"", ""detector"": ""BSE"", ""accelerating_voltage_kv"": 10000.0, ""magnification"": 20000.0, ""pixel_size_nm"": 1.3724e-08, ""beam_current_na"": 6.7332e-05, ""dwell_time_us"": 1e-05, ""working_distance_mm"": 8.1892, ""chamber_pressure_pa"": 0.010134, ""sample"": ""Q980_9h_AC"", ""sample_state"": ""Detail"", ""etching_agent"": ""Nital"", ""imaging_mode"": ""SEM"", ""scale"": ""1.3724e-08 nm/pixel"", ""acquisition_date_if_available"": null}}",,,,
hcci,Q980_9h_AC,hcci_607,Images\607.png,C:\Users\Pranet\Downloads\Mini Project\data\raw\hcci\Images\607.png,607.png,.png,5059239,46774bb9e14c1da2ae9cc3e80c395e0aff09dcfa67847035bcb9acc2e6c7cef6,2824,1971,4,8,uint8,png,RGBA,SEM,,Overview,Overview,sample_Q980_9h_AC_Overview,Q980_9h_AC,roi_607,VEGA3 XMH_SE_20000.0kV_4000.0x,"{""raw_metadata"": {""File Name"": 607, ""SEM"": ""VEGA3 XMH"", ""Detector"": ""SE"", ""Gun"": ""W"", ""Voltage"": 20000, ""Magnification"": 4000, ""Etching"": ""Nital"", ""Sample"": ""Q980_9h_AC"", ""Kind"": ""Overview"", ""Pixel Size"": 6.862e-08, ""Beam Current"": 6.1666e-05, ""Dwell Time"": 1e-05, ""Dwell Time cat"": ""high"", ""Chamber Pressure"": 0.010134, ""Working Distance"": 0.0081811}, ""normalized"": {""microscope"": ""VEGA3 XMH"", ""instrument"": ""VEGA3 XMH"", ""detector"": ""SE"", ""accelerating_voltage_kv"": 20000.0, ""magnification"": 4000.0, ""pixel_size_nm"": 6.862e-08, ""beam_current_na"": 6.1666e-05, ""dwell_time_us"": 1e-05, ""working_distance_mm"": 8.1811, ""chamber_pressure_pa"": 0.010134, ""sample"": ""Q980_9h_AC"", ""sample_state"": ""Overview"", ""etching_agent"": ""Nital"", ""imaging_mode"": ""SEM"", ""scale"": ""6.862e-08 nm/pixel"", ""acquisition_date_if_available"": null}}",,,,
hcci,Q980_9h_AC,hcci_608,Images\608.png,C:\Users\Pranet\Downloads\Mini Project\data\raw\hcci\Images\608.png,608.png,.png,7575426,9df4ae700e28b8bf5088d917edd7da6354a9f72313642b91b2c5b586f490171c,2824,1971,4,8,uint8,png,RGBA,SEM,,Overview,Overview,sample_Q980_9h_AC_Overview,Q980_9h_AC,roi_608,VEGA3 XMH_SE_20000.0kV_4000.0x,"{""raw_metadata"": {""File Name"": 608, ""SEM"": ""VEGA3 XMH"", ""Detector"": ""SE"", ""Gun"": ""W"", ""Voltage"": 20000, ""Magnification"": 4000, ""Etching"": ""Nital"", ""Sample"": ""Q980_9h_AC"", ""Kind"": ""Overview"", ""Pixel Size"": 6.862e-08, ""Beam Current"": 6.1992e-05, ""Dwell Time"": 3.2e-07, ""Dwell Time cat"": ""low"", ""Chamber Pressure"": 0.010134, ""Working Distance"": 0.0081811}, ""normalized"": {""microscope"": ""VEGA3 XMH"", ""instrument"": ""VEGA3 XMH"", ""detector"": ""SE"", ""accelerating_voltage_kv"": 20000.0, ""magnification"": 4000.0, ""pixel_size_nm"": 6.862e-08, ""beam_current_na"": 6.1992e-05, ""dwell_time_us"": 3.2e-07, ""working_distance_mm"": 8.1811, ""chamber_pressure_pa"": 0.010134, ""sample"": ""Q980_9h_AC"", ""sample_state"": ""Overview"", ""etching_agent"": ""Nital"", ""imaging_mode"": ""SEM"", ""scale"": ""6.862e-08 nm/pixel"", ""acquisition_date_if_available"": null}}",,,,
hcci,Q980_9h_AC,hcci_609,Images\609.png,C:\Users\Pranet\Downloads\Mini Project\data\raw\hcci\Images\609.png,609.png,.png,5111604,fc373f90671795021356f6ae1d5c4dab61f563c2d70fdd4f690d33031f5f7c4d,2824,1971,4,8,uint8,png,RGBA,SEM,,Overview,Overview,sample_Q980_9h_AC_Overview,Q980_9h_AC,roi_609,VEGA3 XMH_BSE_20000.0kV_4000.0x,"{""raw_metadata"": {""File Name"": 609, ""SEM"": ""VEGA3 XMH"", ""Detector"": ""BSE"", ""Gun"": ""W"", ""Voltage"": 20000, ""Magnification"": 4000, ""Etching"": ""Nital"", ""Sample"": ""Q980_9h_AC"", ""Kind"": ""Overview"", ""Pixel Size"": 6.862e-08, ""Beam Current"": 6.1666e-05, ""Dwell Time"": 1e-05, ""Dwell Time cat"": ""high"", ""Chamber Pressure"": 0.010141, ""Working Distance"": 0.0081811}, ""normalized"": {""microscope"": ""VEGA3 XMH"", ""instrument"": ""VEGA3 XMH"", ""detector"": ""BSE"", ""accelerating_voltage_kv"": 20000.0, ""magnification"": 4000.0, ""pixel_size_nm"": 6.862e-08, ""beam_current_na"": 6.1666e-05, ""dwell_time_us"": 1e-05, ""working_distance_mm"": 8.1811, ""chamber_pressure_pa"": 0.010141, ""sample"": ""Q980_9h_AC"", ""sample_state"": ""Overview"", ""etching_agent"": ""Nital"", ""imaging_mode"": ""SEM"", ""scale"": ""6.862e-08 nm/pixel"", ""acquisition_date_if_available"": null}}",,,,
hcci,Q980_0h_WC,hcci_61,Images\61.png,C:\Users\Pranet\Downloads\Mini Project\data\raw\hcci\Images\61.png,61.png,.png,6384720,c5dce87555cc5b2fac642629c14c44010c44ff3d42d466ab2a2368d629cc9581,2749,1983,4,8,uint8,png,RGBA,SEM,,Overview,Overview,sample_Q980_0h_WC_Overview,Q980_0h_WC,roi_61,Helios G4 PFIB CXe_SE_20000.0kV_1000.0x,"{""raw_metadata"": {""File Name"": 61, ""SEM"": ""Helios G4 PFIB CXe"", ""Detector"": ""SE"", ""Gun"": ""FEG"", ""Voltage"": 20000, ""Magnification"": 1000, ""Etching"": ""Vilella"", ""Sample"": ""Q980_0h_WC"", ""Kind"": ""Overview"", ""Pixel Size"": 6.74479e-08, ""Beam Current"": 1.6e-09, ""Dwell Time"": 1e-05, ""Dwell Time cat"": ""high"", ""Chamber Pressure"": 0.000116, ""Working Distance"": 0.00621747}, ""normalized"": {""microscope"": ""Helios G4 PFIB CXe"", ""instrument"": ""Helios G4 PFIB CXe"", ""detector"": ""SE"", ""accelerating_voltage_kv"": 20000.0, ""magnification"": 1000.0, ""pixel_size_nm"": 6.74479e-08, ""beam_current_na"": 1.6e-09, ""dwell_time_us"": 1e-05, ""working_distance_mm"": 6.2175, ""chamber_pressure_pa"": 0.000116, ""sample"": ""Q980_0h_WC"", ""sample_state"": ""Overview"", ""etching_agent"": ""Vilella"", ""imaging_mode"": ""SEM"", ""scale"": ""6.74479e-08 nm/pixel"", ""acquisition_date_if_available"": null}}",,,,
hcci,Q980_9h_AC,hcci_610,Images\610.png,C:\Users\Pranet\Downloads\Mini Project\data\raw\hcci\Images\610.png,610.png,.png,7570429,78f480a9acbac668fa84482cf3e7f357bd151cc7aa2b10596dccba3d030ca7a9,2824,1971,4,8,uint8,png,RGBA,SEM,,Overview,Overview,sample_Q980_9h_AC_Overview,Q980_9h_AC,roi_610,VEGA3 XMH_BSE_20000.0kV_4000.0x,"{""raw_metadata"": {""File Name"": 610, ""SEM"": ""VEGA3 XMH"", ""Detector"": ""BSE"", ""Gun"": ""W"", ""Voltage"": 20000, ""Magnification"": 4000, ""Etching"": ""Nital"", ""Sample"": ""Q980_9h_AC"", ""Kind"": ""Overview"", ""Pixel Size"": 6.862e-08, ""Beam Current"": 6.1992e-05, ""Dwell Time"": 3.2e-07, ""Dwell Time cat"": ""low"", ""Chamber Pressure"": 0.010141, ""Working Distance"": 0.0081811}, ""normalized"": {""microscope"": ""VEGA3 XMH"", ""instrument"": ""VEGA3 XMH"", ""detector"": ""BSE"", ""accelerating_voltage_kv"": 20000.0, ""magnification"": 4000.0, ""pixel_size_nm"": 6.862e-08, ""beam_current_na"": 6.1992e-05, ""dwell_time_us"": 3.2e-07, ""working_distance_mm"": 8.1811, ""chamber_pressure_pa"": 0.010141, ""sample"": ""Q980_9h_AC"", ""sample_state"": ""Overview"", ""etching_agent"": ""Nital"", ""imaging_mode"": ""SEM"", ""scale"": ""6.862e-08 nm/pixel"", ""acquisition_date_if_available"": null}}",,,,
hcci,Q980_9h_AC,hcci_611,Images\611.png,C:\Users\Pranet\Downloads\Mini Project\data\raw\hcci\Images\611.png,611.png,.png,3467627,378d448a21777b1faa565574e53d822c4ea7319e24de6a80ae1a7bbcfdb7d785,1959,1792,4,8,uint8,png,RGBA,SEM,,Detail,Detail,sample_Q980_9h_AC_Detail,Q980_9h_AC,roi_611,VEGA3 XMH_SE_20000.0kV_20000.0x,"{""raw_metadata"": {""File Name"": 611, ""SEM"": ""VEGA3 XMH"", ""Detector"": ""SE"", ""Gun"": ""W"", ""Voltage"": 20000, ""Magnification"": 20000, ""Etching"": ""Nital"", ""Sample"": ""Q980_9h_AC"", ""Kind"": ""Detail"", ""Pixel Size"": 1.3724e-08, ""Beam Current"": 6.2317e-05, ""Dwell Time"": 1e-05, ""Dwell Time cat"": ""high"", ""Chamber Pressure"": 0.010127, ""Working Distance"": 0.00822969999999999}, ""normalized"": {""microscope"": ""VEGA3 XMH"", ""instrument"": ""VEGA3 XMH"", ""detector"": ""SE"", ""accelerating_voltage_kv"": 20000.0, ""magnification"": 20000.0, ""pixel_size_nm"": 1.3724e-08, ""beam_current_na"": 6.2317e-05, ""dwell_time_us"": 1e-05, ""working_distance_mm"": 8.2297, ""chamber_pressure_pa"": 0.010127, ""sample"": ""Q980_9h_AC"", ""sample_state"": ""Detail"", ""etching_agent"": ""Nital"", ""imaging_mode"": ""SEM"", ""scale"": ""1.3724e-08 nm/pixel"", ""acquisition_date_if_available"": null}}",,,,
hcci,Q980_9h_AC,hcci_612,Images\612.png,C:\Users\Pranet\Downloads\Mini Project\data\raw\hcci\Images\612.png,612.png,.png,4418381,f0ee24e891ebb1885ff6d14d0124c0b655b6eb9e5580b9821337e513c6cac24c,1959,1792,4,8,uint8,png,RGBA,SEM,,Detail,Detail,sample_Q980_9h_AC_Detail,Q980_9h_AC,roi_612,VEGA3 XMH_SE_20000.0kV_20000.0x,"{""raw_metadata"": {""File Name"": 612, ""SEM"": ""VEGA3 XMH"", ""Detector"": ""SE"", ""Gun"": ""W"", ""Voltage"": 20000, ""Magnification"": 20000, ""Etching"": ""Nital"", ""Sample"": ""Q980_9h_AC"", ""Kind"": ""Detail"", ""Pixel Size"": 1.3724e-08, ""Beam Current"": 6.2317e-05, ""Dwell Time"": 3.2e-07, ""Dwell Time cat"": ""low"", ""Chamber Pressure"": 0.010127, ""Working Distance"": 0.00822969999999999}, ""normalized"": {""microscope"": ""VEGA3 XMH"", ""instrument"": ""VEGA3 XMH"", ""detector"": ""SE"", ""accelerating_voltage_kv"": 20000.0, ""magnification"": 20000.0, ""pixel_size_nm"": 1.3724e-08, ""beam_current_na"": 6.2317e-05, ""dwell_time_us"": 3.2e-07, ""working_distance_mm"": 8.2297, ""chamber_pressure_pa"": 0.010127, ""sample"": ""Q980_9h_AC"", ""sample_state"": ""Detail"", ""etching_agent"": ""Nital"", ""imaging_mode"": ""SEM"", ""scale"": ""1.3724e-08 nm/pixel"", ""acquisition_date_if_available"": null}}",,,,
hcci,Q980_9h_AC,hcci_613,Images\613.png,C:\Users\Pranet\Downloads\Mini Project\data\raw\hcci\Images\613.png,613.png,.png,3036348,f5c16d5d24bf0396ad0e193308bfff1723cd806b7f3870efd1d3eb1e5ffdfe7a,1959,1792,4,8,uint8,png,RGBA,SEM,,Detail,Detail,sample_Q980_9h_AC_Detail,Q980_9h_AC,roi_613,VEGA3 XMH_BSE_20000.0kV_20000.0x,"{""raw_metadata"": {""File Name"": 613, ""SEM"": ""VEGA3 XMH"", ""Detector"": ""BSE"", ""Gun"": ""W"", ""Voltage"": 20000, ""Magnification"": 20000, ""Etching"": ""Nital"", ""Sample"": ""Q980_9h_AC"", ""Kind"": ""Detail"", ""Pixel Size"": 1.3724e-08, ""Beam Current"": 6.1992e-05, ""Dwell Time"": 1e-05, ""Dwell Time cat"": ""high"", ""Chamber Pressure"": 0.010127, ""Working Distance"": 0.00822969999999999}, ""normalized"": {""microscope"": ""VEGA3 XMH"", ""instrument"": ""VEGA3 XMH"", ""detector"": ""BSE"", ""accelerating_voltage_kv"": 20000.0, ""magnification"": 20000.0, ""pixel_size_nm"": 1.3724e-08, ""beam_current_na"": 6.1992e-05, ""dwell_time_us"": 1e-05, ""working_distance_mm"": 8.2297, ""chamber_pressure_pa"": 0.010127, ""sample"": ""Q980_9h_AC"", ""sample_state"": ""Detail"", ""etching_agent"": ""Nital"", ""imaging_mode"": ""SEM"", ""scale"": ""1.3724e-08 nm/pixel"", ""acquisition_date_if_available"": null}}",,,,
hcci,AsCast,hcci_615,Images\615.png,C:\Users\Pranet\Downloads\Mini Project\data\raw\hcci\Images\615.png,615.png,.png,5834202,f574da6b9fd35b735d4c69f24f9cfe99f6d37f300878cd614c1287fa46859a93,2889,1974,4,8,uint8,png,RGBA,SEM,,Overview,Overview,sample_AsCast_Overview,AsCast,roi_615,Helios NanoLab_SE_5000.0kV_600.0x,"{""raw_metadata"": {""File Name"": 615, ""SEM"": ""Helios NanoLab"", ""Detector"": ""SE"", ""Gun"": ""FEG"", ""Voltage"": 5000, ""Magnification"": 600, ""Etching"": ""Nital"", ""Sample"": ""AsCast"", ""Kind"": ""Overview"", ""Pixel Size"": 1.04167e-07, ""Beam Current"": 1.375e-09, ""Dwell Time"": 1e-05, ""Dwell Time cat"": ""high"", ""Chamber Pressure"": 0.00362318, ""Working Distance"": 0.00792974}, ""normalized"": {""microscope"": ""Helios NanoLab"", ""instrument"": ""Helios NanoLab"", ""detector"": ""SE"", ""accelerating_voltage_kv"": 5000.0, ""magnification"": 600.0, ""pixel_size_nm"": 1.04167e-07, ""beam_current_na"": 1.375e-09, ""dwell_time_us"": 1e-05, ""working_distance_mm"": 7.9297, ""chamber_pressure_pa"": 0.00362318, ""sample"": ""AsCast"", ""sample_state"": ""Overview"", ""etching_agent"": ""Nital"", ""imaging_mode"": ""SEM"", ""scale"": ""1.04167e-07 nm/pixel"", ""acquisition_date_if_available"": null}}",,,,
hcci,AsCast,hcci_616,Images\616.png,C:\Users\Pranet\Downloads\Mini Project\data\raw\hcci\Images\616.png,616.png,.png,6557394,d0f13ba29acd9f7d56cb3abb87286486f045b4a193205a0dae225e60abe39fc3,2889,1974,4,8,uint8,png,RGBA,SEM,,Overview,Overview,sample_AsCast_Overview,AsCast,roi_616,Helios NanoLab_SE_5000.0kV_600.0x,"{""raw_metadata"": {""File Name"": 616, ""SEM"": ""Helios NanoLab"", ""Detector"": ""SE"", ""Gun"": ""FEG"", ""Voltage"": 5000, ""Magnification"": 600, ""Etching"": ""Nital"", ""Sample"": ""AsCast"", ""Kind"": ""Overview"", ""Pixel Size"": 1.04167e-07, ""Beam Current"": 1.375e-09, ""Dwell Time"": 3e-07, ""Dwell Time cat"": ""low"", ""Chamber Pressure"": 0.00341539, ""Working Distance"": 0.00792974}, ""normalized"": {""microscope"": ""Helios NanoLab"", ""instrument"": ""Helios NanoLab"", ""detector"": ""SE"", ""accelerating_voltage_kv"": 5000.0, ""magnification"": 600.0, ""pixel_size_nm"": 1.04167e-07, ""beam_current_na"": 1.375e-09, ""dwell_time_us"": 3e-07, ""working_distance_mm"": 7.9297, ""chamber_pressure_pa"": 0.00341539, ""sample"": ""AsCast"", ""sample_state"": ""Overview"", ""etching_agent"": ""Nital"", ""imaging_mode"": ""SEM"", ""scale"": ""1.04167e-07 nm/pixel"", ""acquisition_date_if_available"": null}}",,,,
hcci,AsCast,hcci_617,Images\617.png,C:\Users\Pranet\Downloads\Mini Project\data\raw\hcci\Images\617.png,617.png,.png,4646974,87ad61af57d3d8dd4831201612401caf785cc0dd613c2444dcdc1f7dde07353b,2889,1974,4,8,uint8,png,RGBA,SEM,,Overview,Overview,sample_AsCast_Overview,AsCast,roi_617,Helios NanoLab_BSE_5000.0kV_600.0x,"{""raw_metadata"": {""File Name"": 617, ""SEM"": ""Helios NanoLab"", ""Detector"": ""BSE"", ""Gun"": ""FEG"", ""Voltage"": 5000, ""Magnification"": 600, ""Etching"": ""Nital"", ""Sample"": ""AsCast"", ""Kind"": ""Overview"", ""Pixel Size"": 1.04167e-07, ""Beam Current"": 1.375e-09, ""Dwell Time"": 1e-05, ""Dwell Time cat"": ""high"", ""Chamber Pressure"": 0.00297165, ""Working Distance"": 0.00792974}, ""normalized"": {""microscope"": ""Helios NanoLab"", ""instrument"": ""Helios NanoLab"", ""detector"": ""BSE"", ""accelerating_voltage_kv"": 5000.0, ""magnification"": 600.0, ""pixel_size_nm"": 1.04167e-07, ""beam_current_na"": 1.375e-09, ""dwell_time_us"": 1e-05, ""working_distance_mm"": 7.9297, ""chamber_pressure_pa"": 0.00297165, ""sample"": ""AsCast"", ""sample_state"": ""Overview"", ""etching_agent"": ""Nital"", ""imaging_mode"": ""SEM"", ""scale"": ""1.04167e-07 nm/pixel"", ""acquisition_date_if_available"": null}}",,,,
hcci,AsCast,hcci_618,Images\618.png,C:\Users\Pranet\Downloads\Mini Project\data\raw\hcci\Images\618.png,618.png,.png,6284241,bf984fd26af6cad324476e2436b8938b5110b92f19df8fb57c7edb58d5b13466,2889,1974,4,8,uint8,png,RGBA,SEM,,Overview,Overview,sample_AsCast_Overview,AsCast,roi_618,Helios NanoLab_BSE_5000.0kV_600.0x,"{""raw_metadata"": {""File Name"": 618, ""SEM"": ""Helios NanoLab"", ""Detector"": ""BSE"", ""Gun"": ""FEG"", ""Voltage"": 5000, ""Magnification"": 600, ""Etching"": ""Nital"", ""Sample"": ""AsCast"", ""Kind"": ""Overview"", ""Pixel Size"": 1.04167e-07, ""Beam Current"": 1.375e-09, ""Dwell Time"": 3e-07, ""Dwell Time cat"": ""low"", ""Chamber Pressure"": 0.00297165, ""Working Distance"": 0.00792974}, ""normalized"": {""microscope"": ""Helios NanoLab"", ""instrument"": ""Helios NanoLab"", ""detector"": ""BSE"", ""accelerating_voltage_kv"": 5000.0, ""magnification"": 600.0, ""pixel_size_nm"": 1.04167e-07, ""beam_current_na"": 1.375e-09, ""dwell_time_us"": 3e-07, ""working_distance_mm"": 7.9297, ""chamber_pressure_pa"": 0.00297165, ""sample"": ""AsCast"", ""sample_state"": ""Overview"", ""etching_agent"": ""Nital"", ""imaging_mode"": ""SEM"", ""scale"": ""1.04167e-07 nm/pixel"", ""acquisition_date_if_available"": null}}",,,,
hcci,AsCast,hcci_619,Images\619.png,C:\Users\Pranet\Downloads\Mini Project\data\raw\hcci\Images\619.png,619.png,.png,5460318,58cd111e9854bc8c4e310c6b7c72e4303042e80a0551b2687505d85fed5793db,2889,1974,4,8,uint8,png,RGBA,SEM,,Overview,Overview,sample_AsCast_Overview,AsCast,roi_619,Helios NanoLab_InLens_5000.0kV_600.0x,"{""raw_metadata"": {""File Name"": 619, ""SEM"": ""Helios NanoLab"", ""Detector"": ""InLens"", ""Gun"": ""FEG"", ""Voltage"": 5000, ""Magnification"": 600, ""Etching"": ""Nital"", ""Sample"": ""AsCast"", ""Kind"": ""Overview"", ""Pixel Size"": 1.04167e-07, ""Beam Current"": 1.375e-09, ""Dwell Time"": 1e-05, ""Dwell Time cat"": ""high"", ""Chamber Pressure"": 0.00251839, ""Working Distance"": 0.00792974}, ""normalized"": {""microscope"": ""Helios NanoLab"", ""instrument"": ""Helios NanoLab"", ""detector"": ""InLens"", ""accelerating_voltage_kv"": 5000.0, ""magnification"": 600.0, ""pixel_size_nm"": 1.04167e-07, ""beam_current_na"": 1.375e-09, ""dwell_time_us"": 1e-05, ""working_distance_mm"": 7.9297, ""chamber_pressure_pa"": 0.00251839, ""sample"": ""AsCast"", ""sample_state"": ""Overview"", ""etching_agent"": ""Nital"", ""imaging_mode"": ""SEM"", ""scale"": ""1.04167e-07 nm/pixel"", ""acquisition_date_if_available"": null}}",,,,
hcci,Q980_0h_WC,hcci_62,Images\62.png,C:\Users\Pranet\Downloads\Mini Project\data\raw\hcci\Images\62.png,62.png,.png,7422865,ebb0d84e71cda7264fa24ecc8c438f51cf420d5955e1110198e267d9a6bdd352,2749,1983,4,8,uint8,png,RGBA,SEM,,Overview,Overview,sample_Q980_0h_WC_Overview,Q980_0h_WC,roi_62,Helios G4 PFIB CXe_SE_20000.0kV_1000.0x,"{""raw_metadata"": {""File Name"": 62, ""SEM"": ""Helios G4 PFIB CXe"", ""Detector"": ""SE"", ""Gun"": ""FEG"", ""Voltage"": 20000, ""Magnification"": 1000, ""Etching"": ""Vilella"", ""Sample"": ""Q980_0h_WC"", ""Kind"": ""Overview"", ""Pixel Size"": 6.74479e-08, ""Beam Current"": 1.6e-09, ""Dwell Time"": 5e-07, ""Dwell Time cat"": ""low"", ""Chamber Pressure"": 0.000116, ""Working Distance"": 0.00621747}, ""normalized"": {""microscope"": ""Helios G4 PFIB CXe"", ""instrument"": ""Helios G4 PFIB CXe"", ""detector"": ""SE"", ""accelerating_voltage_kv"": 20000.0, ""magnification"": 1000.0, ""pixel_size_nm"": 6.74479e-08, ""beam_current_na"": 1.6e-09, ""dwell_time_us"": 5e-07, ""working_distance_mm"": 6.2175, ""chamber_pressure_pa"": 0.000116, ""sample"": ""Q980_0h_WC"", ""sample_state"": ""Overview"", ""etching_agent"": ""Vilella"", ""imaging_mode"": ""SEM"", ""scale"": ""6.74479e-08 nm/pixel"", ""acquisition_date_if_available"": null}}",,,,
hcci,AsCast,hcci_620,Images\620.png,C:\Users\Pranet\Downloads\Mini Project\data\raw\hcci\Images\620.png,620.png,.png,6938993,8619a0b11e811442d30e533b5b0c1a7bcfd01370c34f22a6ed99432f1454ca16,2889,1974,4,8,uint8,png,RGBA,SEM,,Overview,Overview,sample_AsCast_Overview,AsCast,roi_620,Helios NanoLab_InLens_5000.0kV_600.0x,"{""raw_metadata"": {""File Name"": 620, ""SEM"": ""Helios NanoLab"", ""Detector"": ""InLens"", ""Gun"": ""FEG"", ""Voltage"": 5000, ""Magnification"": 600, ""Etching"": ""Nital"", ""Sample"": ""AsCast"", ""Kind"": ""Overview"", ""Pixel Size"": 1.04167e-07, ""Beam Current"": 1.375e-09, ""Dwell Time"": 3e-07, ""Dwell Time cat"": ""low"", ""Chamber Pressure"": 0.00251839, ""Working Distance"": 0.00792974}, ""normalized"": {""microscope"": ""Helios NanoLab"", ""instrument"": ""Helios NanoLab"", ""detector"": ""InLens"", ""accelerating_voltage_kv"": 5000.0, ""magnification"": 600.0, ""pixel_size_nm"": 1.04167e-07, ""beam_current_na"": 1.375e-09, ""dwell_time_us"": 3e-07, ""working_distance_mm"": 7.9297, ""chamber_pressure_pa"": 0.00251839, ""sample"": ""AsCast"", ""sample_state"": ""Overview"", ""etching_agent"": ""Nital"", ""imaging_mode"": ""SEM"", ""scale"": ""1.04167e-07 nm/pixel"", ""acquisition_date_if_available"": null}}",,,,
hcci,AsCast,hcci_621,Images\621.png,C:\Users\Pranet\Downloads\Mini Project\data\raw\hcci\Images\621.png,621.png,.png,4500272,fc4e83225a6b5b4abc61cb4c38baef75263a3ca270cf727c11bc00adba1d27b0,2515,1920,4,8,uint8,png,RGBA,SEM,,Detail,Detail,sample_AsCast_Detail,AsCast,roi_621,Helios NanoLab_SE_5000.0kV_3250.0x,"{""raw_metadata"": {""File Name"": 621, ""SEM"": ""Helios NanoLab"", ""Detector"": ""SE"", ""Gun"": ""FEG"", ""Voltage"": 5000, ""Magnification"": 3250, ""Etching"": ""Nital"", ""Sample"": ""AsCast"", ""Kind"": ""Detail"", ""Pixel Size"": 1.92308e-08, ""Beam Current"": 1.375e-09, ""Dwell Time"": 1e-05, ""Dwell Time cat"": ""high"", ""Chamber Pressure"": 0.00214508, ""Working Distance"": 0.00792974}, ""normalized"": {""microscope"": ""Helios NanoLab"", ""instrument"": ""Helios NanoLab"", ""detector"": ""SE"", ""accelerating_voltage_kv"": 5000.0, ""magnification"": 3250.0, ""pixel_size_nm"": 1.92308e-08, ""beam_current_na"": 1.375e-09, ""dwell_time_us"": 1e-05, ""working_distance_mm"": 7.9297, ""chamber_pressure_pa"": 0.00214508, ""sample"": ""AsCast"", ""sample_state"": ""Detail"", ""etching_agent"": ""Nital"", ""imaging_mode"": ""SEM"", ""scale"": ""1.92308e-08 nm/pixel"", ""acquisition_date_if_available"": null}}",,,,
hcci,AsCast,hcci_622,Images\622.png,C:\Users\Pranet\Downloads\Mini Project\data\raw\hcci\Images\622.png,622.png,.png,5855066,2392e4de512d713c5486a75c67f589259fe6d8c1b8aba3bd883dc6d8a81801c5,2515,1920,4,8,uint8,png,RGBA,SEM,,Detail,Detail,sample_AsCast_Detail,AsCast,roi_622,Helios NanoLab_SE_5000.0kV_3250.0x,"{""raw_metadata"": {""File Name"": 622, ""SEM"": ""Helios NanoLab"", ""Detector"": ""SE"", ""Gun"": ""FEG"", ""Voltage"": 5000, ""Magnification"": 3250, ""Etching"": ""Nital"", ""Sample"": ""AsCast"", ""Kind"": ""Detail"", ""Pixel Size"": 1.92308e-08, ""Beam Current"": 1.375e-09, ""Dwell Time"": 3e-07, ""Dwell Time cat"": ""low"", ""Chamber Pressure"": 0.00214508, ""Working Distance"": 0.00792974}, ""normalized"": {""microscope"": ""Helios NanoLab"", ""instrument"": ""Helios NanoLab"", ""detector"": ""SE"", ""accelerating_voltage_kv"": 5000.0, ""magnification"": 3250.0, ""pixel_size_nm"": 1.92308e-08, ""beam_current_na"": 1.375e-09, ""dwell_time_us"": 3e-07, ""working_distance_mm"": 7.9297, ""chamber_pressure_pa"": 0.00214508, ""sample"": ""AsCast"", ""sample_state"": ""Detail"", ""etching_agent"": ""Nital"", ""imaging_mode"": ""SEM"", ""scale"": ""1.92308e-08 nm/pixel"", ""acquisition_date_if_available"": null}}",,,,
hcci,AsCast,hcci_623,Images\623.png,C:\Users\Pranet\Downloads\Mini Project\data\raw\hcci\Images\623.png,623.png,.png,3784091,bc9d4f81fb66d2d7be34a675bccf421a40f0f5fe7dbb648c54efae423a6db1cf,2515,1920,4,8,uint8,png,RGBA,SEM,,Detail,Detail,sample_AsCast_Detail,AsCast,roi_623,Helios NanoLab_BSE_5000.0kV_3250.0x,"{""raw_metadata"": {""File Name"": 623, ""SEM"": ""Helios NanoLab"", ""Detector"": ""BSE"", ""Gun"": ""FEG"", ""Voltage"": 5000, ""Magnification"": 3250, ""Etching"": ""Nital"", ""Sample"": ""AsCast"", ""Kind"": ""Detail"", ""Pixel Size"": 1.92308e-08, ""Beam Current"": 1.375e-09, ""Dwell Time"": 1e-05, ""Dwell Time cat"": ""high"", ""Chamber Pressure"": 0.00194853, ""Working Distance"": 0.00792974}, ""normalized"": {""microscope"": ""Helios NanoLab"", ""instrument"": ""Helios NanoLab"", ""detector"": ""BSE"", ""accelerating_voltage_kv"": 5000.0, ""magnification"": 3250.0, ""pixel_size_nm"": 1.92308e-08, ""beam_current_na"": 1.375e-09, ""dwell_time_us"": 1e-05, ""working_distance_mm"": 7.9297, ""chamber_pressure_pa"": 0.00194853, ""sample"": ""AsCast"", ""sample_state"": ""Detail"", ""etching_agent"": ""Nital"", ""imaging_mode"": ""SEM"", ""scale"": ""1.92308e-08 nm/pixel"", ""acquisition_date_if_available"": null}}",,,,
hcci,AsCast,hcci_624,Images\624.png,C:\Users\Pranet\Downloads\Mini Project\data\raw\hcci\Images\624.png,624.png,.png,5657318,cf7ca0fbd028198763f593bd8b65dadd513f74e11ed49cb517c28bbd318189a9,2515,1920,4,8,uint8,png,RGBA,SEM,,Detail,Detail,sample_AsCast_Detail,AsCast,roi_624,Helios NanoLab_BSE_5000.0kV_3250.0x,"{""raw_metadata"": {""File Name"": 624, ""SEM"": ""Helios NanoLab"", ""Detector"": ""BSE"", ""Gun"": ""FEG"", ""Voltage"": 5000, ""Magnification"": 3250, ""Etching"": ""Nital"", ""Sample"": ""AsCast"", ""Kind"": ""Detail"", ""Pixel Size"": 1.92308e-08, ""Beam Current"": 1.375e-09, ""Dwell Time"": 3e-07, ""Dwell Time cat"": ""low"", ""Chamber Pressure"": 0.00194853, ""Working Distance"": 0.00792974}, ""normalized"": {""microscope"": ""Helios NanoLab"", ""instrument"": ""Helios NanoLab"", ""detector"": ""BSE"", ""accelerating_voltage_kv"": 5000.0, ""magnification"": 3250.0, ""pixel_size_nm"": 1.92308e-08, ""beam_current_na"": 1.375e-09, ""dwell_time_us"": 3e-07, ""working_distance_mm"": 7.9297, ""chamber_pressure_pa"": 0.00194853, ""sample"": ""AsCast"", ""sample_state"": ""Detail"", ""etching_agent"": ""Nital"", ""imaging_mode"": ""SEM"", ""scale"": ""1.92308e-08 nm/pixel"", ""acquisition_date_if_available"": null}}",,,,
hcci,AsCast,hcci_625,Images\625.png,C:\Users\Pranet\Downloads\Mini Project\data\raw\hcci\Images\625.png,625.png,.png,4789655,daab2ee227e60586ce4a9f1e0933167786d67223b7ccf847161286434814ac71,2515,1920,4,8,uint8,png,RGBA,SEM,,Detail,Detail,sample_AsCast_Detail,AsCast,roi_625,Helios NanoLab_InLens_5000.0kV_3250.0x,"{""raw_metadata"": {""File Name"": 625, ""SEM"": ""Helios NanoLab"", ""Detector"": ""InLens"", ""Gun"": ""FEG"", ""Voltage"": 5000, ""Magnification"": 3250, ""Etching"": ""Nital"", ""Sample"": ""AsCast"", ""Kind"": ""Detail"", ""Pixel Size"": 1.92308e-08, ""Beam Current"": 1.375e-09, ""Dwell Time"": 1e-05, ""Dwell Time cat"": ""high"", ""Chamber Pressure"": 0.00177103, ""Working Distance"": 0.00792974}, ""normalized"": {""microscope"": ""Helios NanoLab"", ""instrument"": ""Helios NanoLab"", ""detector"": ""InLens"", ""accelerating_voltage_kv"": 5000.0, ""magnification"": 3250.0, ""pixel_size_nm"": 1.92308e-08, ""beam_current_na"": 1.375e-09, ""dwell_time_us"": 1e-05, ""working_distance_mm"": 7.9297, ""chamber_pressure_pa"": 0.00177103, ""sample"": ""AsCast"", ""sample_state"": ""Detail"", ""etching_agent"": ""Nital"", ""imaging_mode"": ""SEM"", ""scale"": ""1.92308e-08 nm/pixel"", ""acquisition_date_if_available"": null}}",,,,
hcci,AsCast,hcci_626,Images\626.png,C:\Users\Pranet\Downloads\Mini Project\data\raw\hcci\Images\626.png,626.png,.png,6096601,9d88d798b8e2205a76260aad1114d60081f5667c87e8dd19fabf405cb8b70cd4,2515,1920,4,8,uint8,png,RGBA,SEM,,Detail,Detail,sample_AsCast_Detail,AsCast,roi_626,Helios NanoLab_InLens_5000.0kV_3250.0x,"{""raw_metadata"": {""File Name"": 626, ""SEM"": ""Helios NanoLab"", ""Detector"": ""InLens"", ""Gun"": ""FEG"", ""Voltage"": 5000, ""Magnification"": 3250, ""Etching"": ""Nital"", ""Sample"": ""AsCast"", ""Kind"": ""Detail"", ""Pixel Size"": 1.92308e-08, ""Beam Current"": 1.375e-09, ""Dwell Time"": 3e-07, ""Dwell Time cat"": ""low"", ""Chamber Pressure"": 0.00177103, ""Working Distance"": 0.00792974}, ""normalized"": {""microscope"": ""Helios NanoLab"", ""instrument"": ""Helios NanoLab"", ""detector"": ""InLens"", ""accelerating_voltage_kv"": 5000.0, ""magnification"": 3250.0, ""pixel_size_nm"": 1.92308e-08, ""beam_current_na"": 1.375e-09, ""dwell_time_us"": 3e-07, ""working_distance_mm"": 7.9297, ""chamber_pressure_pa"": 0.00177103, ""sample"": ""AsCast"", ""sample_state"": ""Detail"", ""etching_agent"": ""Nital"", ""imaging_mode"": ""SEM"", ""scale"": ""1.92308e-08 nm/pixel"", ""acquisition_date_if_available"": null}}",,,,
hcci,AsCast,hcci_627,Images\627.png,C:\Users\Pranet\Downloads\Mini Project\data\raw\hcci\Images\627.png,627.png,.png,5263649,4cb9c505f9f5632d8fac7008ad5f4c1c36ee5d9b3dedbc3047a16c6588b2380b,2889,1974,4,8,uint8,png,RGBA,SEM,,Overview,Overview,sample_AsCast_Overview,AsCast,roi_627,Helios NanoLab_SE_10000.0kV_600.0x,"{""raw_metadata"": {""File Name"": 627, ""SEM"": ""Helios NanoLab"", ""Detector"": ""SE"", ""Gun"": ""FEG"", ""Voltage"": 10000, ""Magnification"": 600, ""Etching"": ""Nital"", ""Sample"": ""AsCast"", ""Kind"": ""Overview"", ""Pixel Size"": 1.04167e-07, ""Beam Current"": 1.375e-09, ""Dwell Time"": 1e-05, ""Dwell Time cat"": ""high"", ""Chamber Pressure"": 0.00159353, ""Working Distance"": 0.00800012}, ""normalized"": {""microscope"": ""Helios NanoLab"", ""instrument"": ""Helios NanoLab"", ""detector"": ""SE"", ""accelerating_voltage_kv"": 10000.0, ""magnification"": 600.0, ""pixel_size_nm"": 1.04167e-07, ""beam_current_na"": 1.375e-09, ""dwell_time_us"": 1e-05, ""working_distance_mm"": 8.0001, ""chamber_pressure_pa"": 0.00159353, ""sample"": ""AsCast"", ""sample_state"": ""Overview"", ""etching_agent"": ""Nital"", ""imaging_mode"": ""SEM"", ""scale"": ""1.04167e-07 nm/pixel"", ""acquisition_date_if_available"": null}}",,,,
hcci,AsCast,hcci_628,Images\628.png,C:\Users\Pranet\Downloads\Mini Project\data\raw\hcci\Images\628.png,628.png,.png,6768548,95002987ee0945695207c28c88abbed794891aef59bbc7dd3e05a59a448d5003,2889,1974,4,8,uint8,png,RGBA,SEM,,Overview,Overview,sample_AsCast_Overview,AsCast,roi_628,Helios NanoLab_SE_10000.0kV_600.0x,"{""raw_metadata"": {""File Name"": 628, ""SEM"": ""Helios NanoLab"", ""Detector"": ""SE"", ""Gun"": ""FEG"", ""Voltage"": 10000, ""Magnification"": 600, ""Etching"": ""Nital"", ""Sample"": ""AsCast"", ""Kind"": ""Overview"", ""Pixel Size"": 1.04167e-07, ""Beam Current"": 1.375e-09, ""Dwell Time"": 3e-07, ""Dwell Time cat"": ""low"", ""Chamber Pressure"": 0.00159353, ""Working Distance"": 0.00800012}, ""normalized"": {""microscope"": ""Helios NanoLab"", ""instrument"": ""Helios NanoLab"", ""detector"": ""SE"", ""accelerating_voltage_kv"": 10000.0, ""magnification"": 600.0, ""pixel_size_nm"": 1.04167e-07, ""beam_current_na"": 1.375e-09, ""dwell_time_us"": 3e-07, ""working_distance_mm"": 8.0001, ""chamber_pressure_pa"": 0.00159353, ""sample"": ""AsCast"", ""sample_state"": ""Overview"", ""etching_agent"": ""Nital"", ""imaging_mode"": ""SEM"", ""scale"": ""1.04167e-07 nm/pixel"", ""acquisition_date_if_available"": null}}",,,,
hcci,AsCast,hcci_629,Images\629.png,C:\Users\Pranet\Downloads\Mini Project\data\raw\hcci\Images\629.png,629.png,.png,4671722,af140d482cf0c4069e56c54db5f878cabe20d0012fd71c8a0668ae710d81bed1,2889,1974,4,8,uint8,png,RGBA,SEM,,Overview,Overview,sample_AsCast_Overview,AsCast,roi_629,Helios NanoLab_BSE_10000.0kV_600.0x,"{""raw_metadata"": {""File Name"": 629, ""SEM"": ""Helios NanoLab"", ""Detector"": ""BSE"", ""Gun"": ""FEG"", ""Voltage"": 10000, ""Magnification"": 600, ""Etching"": ""Nital"", ""Sample"": ""AsCast"", ""Kind"": ""Overview"", ""Pixel Size"": 1.04167e-07, ""Beam Current"": 1.375e-09, ""Dwell Time"": 1e-05, ""Dwell Time cat"": ""high"", ""Chamber Pressure"": 0.00154916, ""Working Distance"": 0.00800012}, ""normalized"": {""microscope"": ""Helios NanoLab"", ""instrument"": ""Helios NanoLab"", ""detector"": ""BSE"", ""accelerating_voltage_kv"": 10000.0, ""magnification"": 600.0, ""pixel_size_nm"": 1.04167e-07, ""beam_current_na"": 1.375e-09, ""dwell_time_us"": 1e-05, ""working_distance_mm"": 8.0001, ""chamber_pressure_pa"": 0.00154916, ""sample"": ""AsCast"", ""sample_state"": ""Overview"", ""etching_agent"": ""Nital"", ""imaging_mode"": ""SEM"", ""scale"": ""1.04167e-07 nm/pixel"", ""acquisition_date_if_available"": null}}",,,,
hcci,Q980_0h_WC,hcci_63,Images\63.png,C:\Users\Pranet\Downloads\Mini Project\data\raw\hcci\Images\63.png,63.png,.png,5130641,802e7e4dcf3c33d1a35dbe6e8d8e97254e43258b59d161b344f7b3d82bd12d14,2749,1983,4,8,uint8,png,RGBA,SEM,,Overview,Overview,sample_Q980_0h_WC_Overview,Q980_0h_WC,roi_63,Helios G4 PFIB CXe_BSE_20000.0kV_1000.0x,"{""raw_metadata"": {""File Name"": 63, ""SEM"": ""Helios G4 PFIB CXe"", ""Detector"": ""BSE"", ""Gun"": ""FEG"", ""Voltage"": 20000, ""Magnification"": 1000, ""Etching"": ""Vilella"", ""Sample"": ""Q980_0h_WC"", ""Kind"": ""Overview"", ""Pixel Size"": 6.74479e-08, ""Beam Current"": 1.6e-09, ""Dwell Time"": 1e-05, ""Dwell Time cat"": ""high"", ""Chamber Pressure"": 0.000127, ""Working Distance"": 0.00621747}, ""normalized"": {""microscope"": ""Helios G4 PFIB CXe"", ""instrument"": ""Helios G4 PFIB CXe"", ""detector"": ""BSE"", ""accelerating_voltage_kv"": 20000.0, ""magnification"": 1000.0, ""pixel_size_nm"": 6.74479e-08, ""beam_current_na"": 1.6e-09, ""dwell_time_us"": 1e-05, ""working_distance_mm"": 6.2175, ""chamber_pressure_pa"": 0.000127, ""sample"": ""Q980_0h_WC"", ""sample_state"": ""Overview"", ""etching_agent"": ""Vilella"", ""imaging_mode"": ""SEM"", ""scale"": ""6.74479e-08 nm/pixel"", ""acquisition_date_if_available"": null}}",,,,
hcci,AsCast,hcci_630,Images\630.png,C:\Users\Pranet\Downloads\Mini Project\data\raw\hcci\Images\630.png,630.png,.png,5811523,95976f078553674fc60b026599c963d9c111811a829085606c8bd615648290a8,2889,1974,4,8,uint8,png,RGBA,SEM,,Overview,Overview,sample_AsCast_Overview,AsCast,roi_630,Helios NanoLab_BSE_10000.0kV_600.0x,"{""raw_metadata"": {""File Name"": 630, ""SEM"": ""Helios NanoLab"", ""Detector"": ""BSE"", ""Gun"": ""FEG"", ""Voltage"": 10000, ""Magnification"": 600, ""Etching"": ""Nital"", ""Sample"": ""AsCast"", ""Kind"": ""Overview"", ""Pixel Size"": 1.04167e-07, ""Beam Current"": 1.375e-09, ""Dwell Time"": 3e-07, ""Dwell Time cat"": ""low"", ""Chamber Pressure"": 0.00146041, ""Working Distance"": 0.00800012}, ""normalized"": {""microscope"": ""Helios NanoLab"", ""instrument"": ""Helios NanoLab"", ""detector"": ""BSE"", ""accelerating_voltage_kv"": 10000.0, ""magnification"": 600.0, ""pixel_size_nm"": 1.04167e-07, ""beam_current_na"": 1.375e-09, ""dwell_time_us"": 3e-07, ""working_distance_mm"": 8.0001, ""chamber_pressure_pa"": 0.00146041, ""sample"": ""AsCast"", ""sample_state"": ""Overview"", ""etching_agent"": ""Nital"", ""imaging_mode"": ""SEM"", ""scale"": ""1.04167e-07 nm/pixel"", ""acquisition_date_if_available"": null}}",,,,
hcci,AsCast,hcci_631,Images\631.png,C:\Users\Pranet\Downloads\Mini Project\data\raw\hcci\Images\631.png,631.png,.png,5529288,dbcb152ef959fea452947c63209cad2ae3423708e69609a86c6971bb1b3bb55c,2889,1974,4,8,uint8,png,RGBA,SEM,,Overview,Overview,sample_AsCast_Overview,AsCast,roi_631,Helios NanoLab_InLens_10000.0kV_600.0x,"{""raw_metadata"": {""File Name"": 631, ""SEM"": ""Helios NanoLab"", ""Detector"": ""InLens"", ""Gun"": ""FEG"", ""Voltage"": 10000, ""Magnification"": 600, ""Etching"": ""Nital"", ""Sample"": ""AsCast"", ""Kind"": ""Overview"", ""Pixel Size"": 1.04167e-07, ""Beam Current"": 1.375e-09, ""Dwell Time"": 1e-05, ""Dwell Time cat"": ""high"", ""Chamber Pressure"": 0.00137989, ""Working Distance"": 0.00800012}, ""normalized"": {""microscope"": ""Helios NanoLab"", ""instrument"": ""Helios NanoLab"", ""detector"": ""InLens"", ""accelerating_voltage_kv"": 10000.0, ""magnification"": 600.0, ""pixel_size_nm"": 1.04167e-07, ""beam_current_na"": 1.375e-09, ""dwell_time_us"": 1e-05, ""working_distance_mm"": 8.0001, ""chamber_pressure_pa"": 0.00137989, ""sample"": ""AsCast"", ""sample_state"": ""Overview"", ""etching_agent"": ""Nital"", ""imaging_mode"": ""SEM"", ""scale"": ""1.04167e-07 nm/pixel"", ""acquisition_date_if_available"": null}}",,,,
hcci,AsCast,hcci_632,Images\632.png,C:\Users\Pranet\Downloads\Mini Project\data\raw\hcci\Images\632.png,632.png,.png,7143773,ac010efce34268992cf9352cdf6f5cdbe3b847ee8cb49aa728e01a9df30abe25,2889,1974,4,8,uint8,png,RGBA,SEM,,Overview,Overview,sample_AsCast_Overview,AsCast,roi_632,Helios NanoLab_InLens_10000.0kV_600.0x,"{""raw_metadata"": {""File Name"": 632, ""SEM"": ""Helios NanoLab"", ""Detector"": ""InLens"", ""Gun"": ""FEG"", ""Voltage"": 10000, ""Magnification"": 600, ""Etching"": ""Nital"", ""Sample"": ""AsCast"", ""Kind"": ""Overview"", ""Pixel Size"": 1.04167e-07, ""Beam Current"": 1.375e-09, ""Dwell Time"": 3e-07, ""Dwell Time cat"": ""low"", ""Chamber Pressure"": 0.00137989, ""Working Distance"": 0.00800012}, ""normalized"": {""microscope"": ""Helios NanoLab"", ""instrument"": ""Helios NanoLab"", ""detector"": ""InLens"", ""accelerating_voltage_kv"": 10000.0, ""magnification"": 600.0, ""pixel_size_nm"": 1.04167e-07, ""beam_current_na"": 1.375e-09, ""dwell_time_us"": 3e-07, ""working_distance_mm"": 8.0001, ""chamber_pressure_pa"": 0.00137989, ""sample"": ""AsCast"", ""sample_state"": ""Overview"", ""etching_agent"": ""Nital"", ""imaging_mode"": ""SEM"", ""scale"": ""1.04167e-07 nm/pixel"", ""acquisition_date_if_available"": null}}",,,,
hcci,AsCast,hcci_633,Images\633.png,C:\Users\Pranet\Downloads\Mini Project\data\raw\hcci\Images\633.png,633.png,.png,4356232,6674df327c65aa7c48201e9be463b36f1f7dec51b8b03bb9d1d54ce4cdca7745,2515,1920,4,8,uint8,png,RGBA,SEM,,Detail,Detail,sample_AsCast_Detail,AsCast,roi_633,Helios NanoLab_SE_10000.0kV_3250.0x,"{""raw_metadata"": {""File Name"": 633, ""SEM"": ""Helios NanoLab"", ""Detector"": ""SE"", ""Gun"": ""FEG"", ""Voltage"": 10000, ""Magnification"": 3250, ""Etching"": ""Nital"", ""Sample"": ""AsCast"", ""Kind"": ""Detail"", ""Pixel Size"": 1.92308e-08, ""Beam Current"": 1.375e-09, ""Dwell Time"": 1e-05, ""Dwell Time cat"": ""high"", ""Chamber Pressure"": 0.00126567, ""Working Distance"": 0.00801199}, ""normalized"": {""microscope"": ""Helios NanoLab"", ""instrument"": ""Helios NanoLab"", ""detector"": ""SE"", ""accelerating_voltage_kv"": 10000.0, ""magnification"": 3250.0, ""pixel_size_nm"": 1.92308e-08, ""beam_current_na"": 1.375e-09, ""dwell_time_us"": 1e-05, ""working_distance_mm"": 8.012, ""chamber_pressure_pa"": 0.00126567, ""sample"": ""AsCast"", ""sample_state"": ""Detail"", ""etching_agent"": ""Nital"", ""imaging_mode"": ""SEM"", ""scale"": ""1.92308e-08 nm/pixel"", ""acquisition_date_if_available"": null}}",,,,
hcci,AsCast,hcci_634,Images\634.png,C:\Users\Pranet\Downloads\Mini Project\data\raw\hcci\Images\634.png,634.png,.png,5953341,d6035141ee27ae95d8773db52073855c9068695df6b88e3971956a782adafea4,2515,1920,4,8,uint8,png,RGBA,SEM,,Detail,Detail,sample_AsCast_Detail,AsCast,roi_634,Helios NanoLab_SE_10000.0kV_3250.0x,"{""raw_metadata"": {""File Name"": 634, ""SEM"": ""Helios NanoLab"", ""Detector"": ""SE"", ""Gun"": ""FEG"", ""Voltage"": 10000, ""Magnification"": 3250, ""Etching"": ""Nital"", ""Sample"": ""AsCast"", ""Kind"": ""Detail"", ""Pixel Size"": 1.92308e-08, ""Beam Current"": 1.375e-09, ""Dwell Time"": 3e-07, ""Dwell Time cat"": ""low"", ""Chamber Pressure"": 0.00120857, ""Working Distance"": 0.00801199}, ""normalized"": {""microscope"": ""Helios NanoLab"", ""instrument"": ""Helios NanoLab"", ""detector"": ""SE"", ""accelerating_voltage_kv"": 10000.0, ""magnification"": 3250.0, ""pixel_size_nm"": 1.92308e-08, ""beam_current_na"": 1.375e-09, ""dwell_time_us"": 3e-07, ""working_distance_mm"": 8.012, ""chamber_pressure_pa"": 0.00120857, ""sample"": ""AsCast"", ""sample_state"": ""Detail"", ""etching_agent"": ""Nital"", ""imaging_mode"": ""SEM"", ""scale"": ""1.92308e-08 nm/pixel"", ""acquisition_date_if_available"": null}}",,,,
hcci,AsCast,hcci_635,Images\635.png,C:\Users\Pranet\Downloads\Mini Project\data\raw\hcci\Images\635.png,635.png,.png,3655520,359692ae79a3a3b93e15b1705dfa7443c705b45c6c612a72fa32dfe4907a8ab9,2515,1920,4,8,uint8,png,RGBA,SEM,,Detail,Detail,sample_AsCast_Detail,AsCast,roi_635,Helios NanoLab_BSE_10000.0kV_3250.0x,"{""raw_metadata"": {""File Name"": 635, ""SEM"": ""Helios NanoLab"", ""Detector"": ""BSE"", ""Gun"": ""FEG"", ""Voltage"": 10000, ""Magnification"": 3250, ""Etching"": ""Nital"", ""Sample"": ""AsCast"", ""Kind"": ""Detail"", ""Pixel Size"": 1.92308e-08, ""Beam Current"": 1.375e-09, ""Dwell Time"": 1e-05, ""Dwell Time cat"": ""high"", ""Chamber Pressure"": 0.00120857, ""Working Distance"": 0.00801199}, ""normalized"": {""microscope"": ""Helios NanoLab"", ""instrument"": ""Helios NanoLab"", ""detector"": ""BSE"", ""accelerating_voltage_kv"": 10000.0, ""magnification"": 3250.0, ""pixel_size_nm"": 1.92308e-08, ""beam_current_na"": 1.375e-09, ""dwell_time_us"": 1e-05, ""working_distance_mm"": 8.012, ""chamber_pressure_pa"": 0.00120857, ""sample"": ""AsCast"", ""sample_state"": ""Detail"", ""etching_agent"": ""Nital"", ""imaging_mode"": ""SEM"", ""scale"": ""1.92308e-08 nm/pixel"", ""acquisition_date_if_available"": null}}",,,,
hcci,AsCast,hcci_636,Images\636.png,C:\Users\Pranet\Downloads\Mini Project\data\raw\hcci\Images\636.png,636.png,.png,4907393,cf234b4457b37aaeb9140660c99fd77b0268225854f05592b8d0b565e6447f78,2515,1920,4,8,uint8,png,RGBA,SEM,,Detail,Detail,sample_AsCast_Detail,AsCast,roi_636,Helios NanoLab_BSE_10000.0kV_3250.0x,"{""raw_metadata"": {""File Name"": 636, ""SEM"": ""Helios NanoLab"", ""Detector"": ""BSE"", ""Gun"": ""FEG"", ""Voltage"": 10000, ""Magnification"": 3250, ""Etching"": ""Nital"", ""Sample"": ""AsCast"", ""Kind"": ""Detail"", ""Pixel Size"": 1.92308e-08, ""Beam Current"": 1.375e-09, ""Dwell Time"": 3e-07, ""Dwell Time cat"": ""low"", ""Chamber Pressure"": 0.00115015, ""Working Distance"": 0.00801199}, ""normalized"": {""microscope"": ""Helios NanoLab"", ""instrument"": ""Helios NanoLab"", ""detector"": ""BSE"", ""accelerating_voltage_kv"": 10000.0, ""magnification"": 3250.0, ""pixel_size_nm"": 1.92308e-08, ""beam_current_na"": 1.375e-09, ""dwell_time_us"": 3e-07, ""working_distance_mm"": 8.012, ""chamber_pressure_pa"": 0.00115015, ""sample"": ""AsCast"", ""sample_state"": ""Detail"", ""etching_agent"": ""Nital"", ""imaging_mode"": ""SEM"", ""scale"": ""1.92308e-08 nm/pixel"", ""acquisition_date_if_available"": null}}",,,,
hcci,AsCast,hcci_637,Images\637.png,C:\Users\Pranet\Downloads\Mini Project\data\raw\hcci\Images\637.png,637.png,.png,4786967,73085fbb5d07cb213884479401af8c68a79087bcbba2a64a21c16e7c65c7e0a3,2515,1920,4,8,uint8,png,RGBA,SEM,,Detail,Detail,sample_AsCast_Detail,AsCast,roi_637,Helios NanoLab_InLens_10000.0kV_3250.0x,"{""raw_metadata"": {""File Name"": 637, ""SEM"": ""Helios NanoLab"", ""Detector"": ""InLens"", ""Gun"": ""FEG"", ""Voltage"": 10000, ""Magnification"": 3250, ""Etching"": ""Nital"", ""Sample"": ""AsCast"", ""Kind"": ""Detail"", ""Pixel Size"": 1.92308e-08, ""Beam Current"": 1.375e-09, ""Dwell Time"": 1e-05, ""Dwell Time cat"": ""high"", ""Chamber Pressure"": 0.0010915, ""Working Distance"": 0.00801199}, ""normalized"": {""microscope"": ""Helios NanoLab"", ""instrument"": ""Helios NanoLab"", ""detector"": ""InLens"", ""accelerating_voltage_kv"": 10000.0, ""magnification"": 3250.0, ""pixel_size_nm"": 1.92308e-08, ""beam_current_na"": 1.375e-09, ""dwell_time_us"": 1e-05, ""working_distance_mm"": 8.012, ""chamber_pressure_pa"": 0.0010915, ""sample"": ""AsCast"", ""sample_state"": ""Detail"", ""etching_agent"": ""Nital"", ""imaging_mode"": ""SEM"", ""scale"": ""1.92308e-08 nm/pixel"", ""acquisition_date_if_available"": null}}",,,,
hcci,AsCast,hcci_638,Images\638.png,C:\Users\Pranet\Downloads\Mini Project\data\raw\hcci\Images\638.png,638.png,.png,4432612,5244d315fb6468c73bfea9ae29578750562b4e992bb50e624f6448426e00b9cf,2515,1920,4,8,uint8,png,RGBA,SEM,,Detail,Detail,sample_AsCast_Detail,AsCast,roi_638,Helios NanoLab_InLens_10000.0kV_3250.0x,"{""raw_metadata"": {""File Name"": 638, ""SEM"": ""Helios NanoLab"", ""Detector"": ""InLens"", ""Gun"": ""FEG"", ""Voltage"": 10000, ""Magnification"": 3250, ""Etching"": ""Nital"", ""Sample"": ""AsCast"", ""Kind"": ""Detail"", ""Pixel Size"": 1.92308e-08, ""Beam Current"": 1.375e-09, ""Dwell Time"": 3e-07, ""Dwell Time cat"": ""low"", ""Chamber Pressure"": 0.0010915, ""Working Distance"": 0.00801199}, ""normalized"": {""microscope"": ""Helios NanoLab"", ""instrument"": ""Helios NanoLab"", ""detector"": ""InLens"", ""accelerating_voltage_kv"": 10000.0, ""magnification"": 3250.0, ""pixel_size_nm"": 1.92308e-08, ""beam_current_na"": 1.375e-09, ""dwell_time_us"": 3e-07, ""working_distance_mm"": 8.012, ""chamber_pressure_pa"": 0.0010915, ""sample"": ""AsCast"", ""sample_state"": ""Detail"", ""etching_agent"": ""Nital"", ""imaging_mode"": ""SEM"", ""scale"": ""1.92308e-08 nm/pixel"", ""acquisition_date_if_available"": null}}",,,,
hcci,AsCast,hcci_639,Images\639.png,C:\Users\Pranet\Downloads\Mini Project\data\raw\hcci\Images\639.png,639.png,.png,5107973,983de743422feda830ff6fd61706a10f60e7f6c4007d22534ae32edb5bff727f,2889,1974,4,8,uint8,png,RGBA,SEM,,Overview,Overview,sample_AsCast_Overview,AsCast,roi_639,Helios NanoLab_SE_20000.0kV_600.0x,"{""raw_metadata"": {""File Name"": 639, ""SEM"": ""Helios NanoLab"", ""Detector"": ""SE"", ""Gun"": ""FEG"", ""Voltage"": 20000, ""Magnification"": 600, ""Etching"": ""Nital"", ""Sample"": ""AsCast"", ""Kind"": ""Overview"", ""Pixel Size"": 1.04167e-07, ""Beam Current"": 1.375e-09, ""Dwell Time"": 1e-05, ""Dwell Time cat"": ""high"", ""Chamber Pressure"": 0.00103284, ""Working Distance"": 0.00800012}, ""normalized"": {""microscope"": ""Helios NanoLab"", ""instrument"": ""Helios NanoLab"", ""detector"": ""SE"", ""accelerating_voltage_kv"": 20000.0, ""magnification"": 600.0, ""pixel_size_nm"": 1.04167e-07, ""beam_current_na"": 1.375e-09, ""dwell_time_us"": 1e-05, ""working_distance_mm"": 8.0001, ""chamber_pressure_pa"": 0.00103284, ""sample"": ""AsCast"", ""sample_state"": ""Overview"", ""etching_agent"": ""Nital"", ""imaging_mode"": ""SEM"", ""scale"": ""1.04167e-07 nm/pixel"", ""acquisition_date_if_available"": null}}",,,,
hcci,Q980_0h_WC,hcci_64,Images\64.png,C:\Users\Pranet\Downloads\Mini Project\data\raw\hcci\Images\64.png,64.png,.png,5904446,cbfe1d8eb5803e4b73797c08074ac2daaf32381fca1e7f07b264df749cdca461,2749,1983,4,8,uint8,png,RGBA,SEM,,Overview,Overview,sample_Q980_0h_WC_Overview,Q980_0h_WC,roi_64,Helios G4 PFIB CXe_BSE_20000.0kV_1000.0x,"{""raw_metadata"": {""File Name"": 64, ""SEM"": ""Helios G4 PFIB CXe"", ""Detector"": ""BSE"", ""Gun"": ""FEG"", ""Voltage"": 20000, ""Magnification"": 1000, ""Etching"": ""Vilella"", ""Sample"": ""Q980_0h_WC"", ""Kind"": ""Overview"", ""Pixel Size"": 6.74479e-08, ""Beam Current"": 1.6e-09, ""Dwell Time"": 5e-07, ""Dwell Time cat"": ""low"", ""Chamber Pressure"": 0.000123, ""Working Distance"": 0.00621747}, ""normalized"": {""microscope"": ""Helios G4 PFIB CXe"", ""instrument"": ""Helios G4 PFIB CXe"", ""detector"": ""BSE"", ""accelerating_voltage_kv"": 20000.0, ""magnification"": 1000.0, ""pixel_size_nm"": 6.74479e-08, ""beam_current_na"": 1.6e-09, ""dwell_time_us"": 5e-07, ""working_distance_mm"": 6.2175, ""chamber_pressure_pa"": 0.000123, ""sample"": ""Q980_0h_WC"", ""sample_state"": ""Overview"", ""etching_agent"": ""Vilella"", ""imaging_mode"": ""SEM"", ""scale"": ""6.74479e-08 nm/pixel"", ""acquisition_date_if_available"": null}}",,,,
hcci,AsCast,hcci_640,Images\640.png,C:\Users\Pranet\Downloads\Mini Project\data\raw\hcci\Images\640.png,640.png,.png,6780237,bc9cb605f4597f640cae2566c2b11d5bc034e4b5b43b15bb89400ed3e16c14e5,2889,1974,4,8,uint8,png,RGBA,SEM,,Overview,Overview,sample_AsCast_Overview,AsCast,roi_640,Helios NanoLab_SE_20000.0kV_600.0x,"{""raw_metadata"": {""File Name"": 640, ""SEM"": ""Helios NanoLab"", ""Detector"": ""SE"", ""Gun"": ""FEG"", ""Voltage"": 20000, ""Magnification"": 600, ""Etching"": ""Nital"", ""Sample"": ""AsCast"", ""Kind"": ""Overview"", ""Pixel Size"": 1.04167e-07, ""Beam Current"": 1.375e-09, ""Dwell Time"": 3e-07, ""Dwell Time cat"": ""low"", ""Chamber Pressure"": 0.00103284, ""Working Distance"": 0.00800012}, ""normalized"": {""microscope"": ""Helios NanoLab"", ""instrument"": ""Helios NanoLab"", ""detector"": ""SE"", ""accelerating_voltage_kv"": 20000.0, ""magnification"": 600.0, ""pixel_size_nm"": 1.04167e-07, ""beam_current_na"": 1.375e-09, ""dwell_time_us"": 3e-07, ""working_distance_mm"": 8.0001, ""chamber_pressure_pa"": 0.00103284, ""sample"": ""AsCast"", ""sample_state"": ""Overview"", ""etching_agent"": ""Nital"", ""imaging_mode"": ""SEM"", ""scale"": ""1.04167e-07 nm/pixel"", ""acquisition_date_if_available"": null}}",,,,
hcci,AsCast,hcci_641,Images\641.png,C:\Users\Pranet\Downloads\Mini Project\data\raw\hcci\Images\641.png,641.png,.png,4969388,8db57e209b9e81ced48b71c9698dc33fe30e57de23686b7bbab988eece20bb2d,2889,1974,4,8,uint8,png,RGBA,SEM,,Overview,Overview,sample_AsCast_Overview,AsCast,roi_641,Helios NanoLab_BSE_20000.0kV_600.0x,"{""raw_metadata"": {""File Name"": 641, ""SEM"": ""Helios NanoLab"", ""Detector"": ""BSE"", ""Gun"": ""FEG"", ""Voltage"": 20000, ""Magnification"": 600, ""Etching"": ""Nital"", ""Sample"": ""AsCast"", ""Kind"": ""Overview"", ""Pixel Size"": 1.04167e-07, ""Beam Current"": 1.375e-09, ""Dwell Time"": 1e-05, ""Dwell Time cat"": ""high"", ""Chamber Pressure"": 0.000994979, ""Working Distance"": 0.00800012}, ""normalized"": {""microscope"": ""Helios NanoLab"", ""instrument"": ""Helios NanoLab"", ""detector"": ""BSE"", ""accelerating_voltage_kv"": 20000.0, ""magnification"": 600.0, ""pixel_size_nm"": 1.04167e-07, ""beam_current_na"": 1.375e-09, ""dwell_time_us"": 1e-05, ""working_distance_mm"": 8.0001, ""chamber_pressure_pa"": 0.000994979, ""sample"": ""AsCast"", ""sample_state"": ""Overview"", ""etching_agent"": ""Nital"", ""imaging_mode"": ""SEM"", ""scale"": ""1.04167e-07 nm/pixel"", ""acquisition_date_if_available"": null}}",,,,
hcci,AsCast,hcci_642,Images\642.png,C:\Users\Pranet\Downloads\Mini Project\data\raw\hcci\Images\642.png,642.png,.png,5372630,1a04462c3e46655d902afa6c937a982c5fd71a7f175b14a4bbe5dd200f8f5d23,2889,1974,4,8,uint8,png,RGBA,SEM,,Overview,Overview,sample_AsCast_Overview,AsCast,roi_642,Helios NanoLab_BSE_20000.0kV_600.0x,"{""raw_metadata"": {""File Name"": 642, ""SEM"": ""Helios NanoLab"", ""Detector"": ""BSE"", ""Gun"": ""FEG"", ""Voltage"": 20000, ""Magnification"": 600, ""Etching"": ""Nital"", ""Sample"": ""AsCast"", ""Kind"": ""Overview"", ""Pixel Size"": 1.04167e-07, ""Beam Current"": 1.375e-09, ""Dwell Time"": 3e-07, ""Dwell Time cat"": ""low"", ""Chamber Pressure"": 0.000994979, ""Working Distance"": 0.00800012}, ""normalized"": {""microscope"": ""Helios NanoLab"", ""instrument"": ""Helios NanoLab"", ""detector"": ""BSE"", ""accelerating_voltage_kv"": 20000.0, ""magnification"": 600.0, ""pixel_size_nm"": 1.04167e-07, ""beam_current_na"": 1.375e-09, ""dwell_time_us"": 3e-07, ""working_distance_mm"": 8.0001, ""chamber_pressure_pa"": 0.000994979, ""sample"": ""AsCast"", ""sample_state"": ""Overview"", ""etching_agent"": ""Nital"", ""imaging_mode"": ""SEM"", ""scale"": ""1.04167e-07 nm/pixel"", ""acquisition_date_if_available"": null}}",,,,
hcci,AsCast,hcci_643,Images\643.png,C:\Users\Pranet\Downloads\Mini Project\data\raw\hcci\Images\643.png,643.png,.png,5419853,d962053b94d230a15599c4a40b7d4e5471d8b35c3c5131ea6fb24f4c98ef46b4,2889,1974,4,8,uint8,png,RGBA,SEM,,Overview,Overview,sample_AsCast_Overview,AsCast,roi_643,Helios NanoLab_InLens_20000.0kV_600.0x,"{""raw_metadata"": {""File Name"": 643, ""SEM"": ""Helios NanoLab"", ""Detector"": ""InLens"", ""Gun"": ""FEG"", ""Voltage"": 20000, ""Magnification"": 600, ""Etching"": ""Nital"", ""Sample"": ""AsCast"", ""Kind"": ""Overview"", ""Pixel Size"": 1.04167e-07, ""Beam Current"": 1.375e-09, ""Dwell Time"": 1e-05, ""Dwell Time cat"": ""high"", ""Chamber Pressure"": 0.000947903, ""Working Distance"": 0.00800012}, ""normalized"": {""microscope"": ""Helios NanoLab"", ""instrument"": ""Helios NanoLab"", ""detector"": ""InLens"", ""accelerating_voltage_kv"": 20000.0, ""magnification"": 600.0, ""pixel_size_nm"": 1.04167e-07, ""beam_current_na"": 1.375e-09, ""dwell_time_us"": 1e-05, ""working_distance_mm"": 8.0001, ""chamber_pressure_pa"": 0.000947903, ""sample"": ""AsCast"", ""sample_state"": ""Overview"", ""etching_agent"": ""Nital"", ""imaging_mode"": ""SEM"", ""scale"": ""1.04167e-07 nm/pixel"", ""acquisition_date_if_available"": null}}",,,,
hcci,AsCast,hcci_644,Images\644.png,C:\Users\Pranet\Downloads\Mini Project\data\raw\hcci\Images\644.png,644.png,.png,6754406,387eca3461496cc2189b9e2cb1b3df723857e5bc7bff6bf8a125e377089ae960,2889,1974,4,8,uint8,png,RGBA,SEM,,Overview,Overview,sample_AsCast_Overview,AsCast,roi_644,Helios NanoLab_InLens_20000.0kV_600.0x,"{""raw_metadata"": {""File Name"": 644, ""SEM"": ""Helios NanoLab"", ""Detector"": ""InLens"", ""Gun"": ""FEG"", ""Voltage"": 20000, ""Magnification"": 600, ""Etching"": ""Nital"", ""Sample"": ""AsCast"", ""Kind"": ""Overview"", ""Pixel Size"": 1.04167e-07, ""Beam Current"": 1.375e-09, ""Dwell Time"": 3e-07, ""Dwell Time cat"": ""low"", ""Chamber Pressure"": 0.000947903, ""Working Distance"": 0.00800012}, ""normalized"": {""microscope"": ""Helios NanoLab"", ""instrument"": ""Helios NanoLab"", ""detector"": ""InLens"", ""accelerating_voltage_kv"": 20000.0, ""magnification"": 600.0, ""pixel_size_nm"": 1.04167e-07, ""beam_current_na"": 1.375e-09, ""dwell_time_us"": 3e-07, ""working_distance_mm"": 8.0001, ""chamber_pressure_pa"": 0.000947903, ""sample"": ""AsCast"", ""sample_state"": ""Overview"", ""etching_agent"": ""Nital"", ""imaging_mode"": ""SEM"", ""scale"": ""1.04167e-07 nm/pixel"", ""acquisition_date_if_available"": null}}",,,,
hcci,AsCast,hcci_645,Images\645.png,C:\Users\Pranet\Downloads\Mini Project\data\raw\hcci\Images\645.png,645.png,.png,4044325,1a79b1349d58c808ecffdb9325d4d6189e746cd8483bb20bbe8f13e20b39e3ef,2515,1920,4,8,uint8,png,RGBA,SEM,,Detail,Detail,sample_AsCast_Detail,AsCast,roi_645,Helios NanoLab_SE_20000.0kV_3250.0x,"{""raw_metadata"": {""File Name"": 645, ""SEM"": ""Helios NanoLab"", ""Detector"": ""SE"", ""Gun"": ""FEG"", ""Voltage"": 20000, ""Magnification"": 3250, ""Etching"": ""Nital"", ""Sample"": ""AsCast"", ""Kind"": ""Detail"", ""Pixel Size"": 1.92308e-08, ""Beam Current"": 1.375e-09, ""Dwell Time"": 1e-05, ""Dwell Time cat"": ""high"", ""Chamber Pressure"": 0.000900828, ""Working Distance"": 0.00803088}, ""normalized"": {""microscope"": ""Helios NanoLab"", ""instrument"": ""Helios NanoLab"", ""detector"": ""SE"", ""accelerating_voltage_kv"": 20000.0, ""magnification"": 3250.0, ""pixel_size_nm"": 1.92308e-08, ""beam_current_na"": 1.375e-09, ""dwell_time_us"": 1e-05, ""working_distance_mm"": 8.0309, ""chamber_pressure_pa"": 0.000900828, ""sample"": ""AsCast"", ""sample_state"": ""Detail"", ""etching_agent"": ""Nital"", ""imaging_mode"": ""SEM"", ""scale"": ""1.92308e-08 nm/pixel"", ""acquisition_date_if_available"": null}}",,,,
hcci,AsCast,hcci_646,Images\646.png,C:\Users\Pranet\Downloads\Mini Project\data\raw\hcci\Images\646.png,646.png,.png,6025255,d28bb4bf02cd65a3e99ddf015a9ec20a73d2fc01fb8ae0baada1f596588fae9c,2515,1920,4,8,uint8,png,RGBA,SEM,,Detail,Detail,sample_AsCast_Detail,AsCast,roi_646,Helios NanoLab_SE_20000.0kV_3250.0x,"{""raw_metadata"": {""File Name"": 646, ""SEM"": ""Helios NanoLab"", ""Detector"": ""SE"", ""Gun"": ""FEG"", ""Voltage"": 20000, ""Magnification"": 3250, ""Etching"": ""Nital"", ""Sample"": ""AsCast"", ""Kind"": ""Detail"", ""Pixel Size"": 1.92308e-08, ""Beam Current"": 1.375e-09, ""Dwell Time"": 3e-07, ""Dwell Time cat"": ""low"", ""Chamber Pressure"": 0.000900828, ""Working Distance"": 0.00803088}, ""normalized"": {""microscope"": ""Helios NanoLab"", ""instrument"": ""Helios NanoLab"", ""detector"": ""SE"", ""accelerating_voltage_kv"": 20000.0, ""magnification"": 3250.0, ""pixel_size_nm"": 1.92308e-08, ""beam_current_na"": 1.375e-09, ""dwell_time_us"": 3e-07, ""working_distance_mm"": 8.0309, ""chamber_pressure_pa"": 0.000900828, ""sample"": ""AsCast"", ""sample_state"": ""Detail"", ""etching_agent"": ""Nital"", ""imaging_mode"": ""SEM"", ""scale"": ""1.92308e-08 nm/pixel"", ""acquisition_date_if_available"": null}}",,,,
hcci,AsCast,hcci_647,Images\647.png,C:\Users\Pranet\Downloads\Mini Project\data\raw\hcci\Images\647.png,647.png,.png,3651127,0e8699307a30a2deafbcc88b36f91f460d41eb1221fcfa114287c0dac1e2a029,2515,1920,4,8,uint8,png,RGBA,SEM,,Detail,Detail,sample_AsCast_Detail,AsCast,roi_647,Helios NanoLab_BSE_20000.0kV_3250.0x,"{""raw_metadata"": {""File Name"": 647, ""SEM"": ""Helios NanoLab"", ""Detector"": ""BSE"", ""Gun"": ""FEG"", ""Voltage"": 20000, ""Magnification"": 3250, ""Etching"": ""Nital"", ""Sample"": ""AsCast"", ""Kind"": ""Detail"", ""Pixel Size"": 1.92308e-08, ""Beam Current"": 1.375e-09, ""Dwell Time"": 1e-05, ""Dwell Time cat"": ""high"", ""Chamber Pressure"": 0.000885137, ""Working Distance"": 0.00803088}, ""normalized"": {""microscope"": ""Helios NanoLab"", ""instrument"": ""Helios NanoLab"", ""detector"": ""BSE"", ""accelerating_voltage_kv"": 20000.0, ""magnification"": 3250.0, ""pixel_size_nm"": 1.92308e-08, ""beam_current_na"": 1.375e-09, ""dwell_time_us"": 1e-05, ""working_distance_mm"": 8.0309, ""chamber_pressure_pa"": 0.000885137, ""sample"": ""AsCast"", ""sample_state"": ""Detail"", ""etching_agent"": ""Nital"", ""imaging_mode"": ""SEM"", ""scale"": ""1.92308e-08 nm/pixel"", ""acquisition_date_if_available"": null}}",,,,
hcci,AsCast,hcci_648,Images\648.png,C:\Users\Pranet\Downloads\Mini Project\data\raw\hcci\Images\648.png,648.png,.png,4130945,23ccce492cf684efa77200af41b91e84210da478b946449e14fc176b4cef39e8,2515,1920,4,8,uint8,png,RGBA,SEM,,Detail,Detail,sample_AsCast_Detail,AsCast,roi_648,Helios NanoLab_BSE_20000.0kV_3250.0x,"{""raw_metadata"": {""File Name"": 648, ""SEM"": ""Helios NanoLab"", ""Detector"": ""BSE"", ""Gun"": ""FEG"", ""Voltage"": 20000, ""Magnification"": 3250, ""Etching"": ""Nital"", ""Sample"": ""AsCast"", ""Kind"": ""Detail"", ""Pixel Size"": 1.92308e-08, ""Beam Current"": 1.375e-09, ""Dwell Time"": 3e-07, ""Dwell Time cat"": ""low"", ""Chamber Pressure"": 0.000838154, ""Working Distance"": 0.00803088}, ""normalized"": {""microscope"": ""Helios NanoLab"", ""instrument"": ""Helios NanoLab"", ""detector"": ""BSE"", ""accelerating_voltage_kv"": 20000.0, ""magnification"": 3250.0, ""pixel_size_nm"": 1.92308e-08, ""beam_current_na"": 1.375e-09, ""dwell_time_us"": 3e-07, ""working_distance_mm"": 8.0309, ""chamber_pressure_pa"": 0.000838154, ""sample"": ""AsCast"", ""sample_state"": ""Detail"", ""etching_agent"": ""Nital"", ""imaging_mode"": ""SEM"", ""scale"": ""1.92308e-08 nm/pixel"", ""acquisition_date_if_available"": null}}",,,,
hcci,AsCast,hcci_649,Images\649.png,C:\Users\Pranet\Downloads\Mini Project\data\raw\hcci\Images\649.png,649.png,.png,4671969,30d9bee14e16b30f3510594e881d08f1b62c65a4d4fe442727aef89b80e18179,2515,1920,4,8,uint8,png,RGBA,SEM,,Detail,Detail,sample_AsCast_Detail,AsCast,roi_649,Helios NanoLab_InLens_20000.0kV_3250.0x,"{""raw_metadata"": {""File Name"": 649, ""SEM"": ""Helios NanoLab"", ""Detector"": ""InLens"", ""Gun"": ""FEG"", ""Voltage"": 20000, ""Magnification"": 3250, ""Etching"": ""Nital"", ""Sample"": ""AsCast"", ""Kind"": ""Detail"", ""Pixel Size"": 1.92308e-08, ""Beam Current"": 1.375e-09, ""Dwell Time"": 1e-05, ""Dwell Time cat"": ""high"", ""Chamber Pressure"": 0.000838154, ""Working Distance"": 0.00803088}, ""normalized"": {""microscope"": ""Helios NanoLab"", ""instrument"": ""Helios NanoLab"", ""detector"": ""InLens"", ""accelerating_voltage_kv"": 20000.0, ""magnification"": 3250.0, ""pixel_size_nm"": 1.92308e-08, ""beam_current_na"": 1.375e-09, ""dwell_time_us"": 1e-05, ""working_distance_mm"": 8.0309, ""chamber_pressure_pa"": 0.000838154, ""sample"": ""AsCast"", ""sample_state"": ""Detail"", ""etching_agent"": ""Nital"", ""imaging_mode"": ""SEM"", ""scale"": ""1.92308e-08 nm/pixel"", ""acquisition_date_if_available"": null}}",,,,
hcci,Q980_0h_WC,hcci_65,Images\65.png,C:\Users\Pranet\Downloads\Mini Project\data\raw\hcci\Images\65.png,65.png,.png,6216810,30217b2615baa4877aad0c50b88423a1040b41925a8317190e530182f746baf2,2749,1983,4,8,uint8,png,RGBA,SEM,,Overview,Overview,sample_Q980_0h_WC_Overview,Q980_0h_WC,roi_65,Helios G4 PFIB CXe_InLens_20000.0kV_1000.0x,"{""raw_metadata"": {""File Name"": 65, ""SEM"": ""Helios G4 PFIB CXe"", ""Detector"": ""InLens"", ""Gun"": ""FEG"", ""Voltage"": 20000, ""Magnification"": 1000, ""Etching"": ""Vilella"", ""Sample"": ""Q980_0h_WC"", ""Kind"": ""Overview"", ""Pixel Size"": 6.74479e-08, ""Beam Current"": 1.6e-09, ""Dwell Time"": 1e-05, ""Dwell Time cat"": ""high"", ""Chamber Pressure"": 0.000117, ""Working Distance"": 0.00621747}, ""normalized"": {""microscope"": ""Helios G4 PFIB CXe"", ""instrument"": ""Helios G4 PFIB CXe"", ""detector"": ""InLens"", ""accelerating_voltage_kv"": 20000.0, ""magnification"": 1000.0, ""pixel_size_nm"": 6.74479e-08, ""beam_current_na"": 1.6e-09, ""dwell_time_us"": 1e-05, ""working_distance_mm"": 6.2175, ""chamber_pressure_pa"": 0.000117, ""sample"": ""Q980_0h_WC"", ""sample_state"": ""Overview"", ""etching_agent"": ""Vilella"", ""imaging_mode"": ""SEM"", ""scale"": ""6.74479e-08 nm/pixel"", ""acquisition_date_if_available"": null}}",,,,
hcci,AsCast,hcci_650,Images\650.png,C:\Users\Pranet\Downloads\Mini Project\data\raw\hcci\Images\650.png,650.png,.png,5907520,3f01a31aafb77cddeec05a8b69bf4c7de9b0da591d141cf14cf22eadd435f5fa,2515,1920,4,8,uint8,png,RGBA,SEM,,Detail,Detail,sample_AsCast_Detail,AsCast,roi_650,Helios NanoLab_InLens_20000.0kV_3250.0x,"{""raw_metadata"": {""File Name"": 650, ""SEM"": ""Helios NanoLab"", ""Detector"": ""InLens"", ""Gun"": ""FEG"", ""Voltage"": 20000, ""Magnification"": 3250, ""Etching"": ""Nital"", ""Sample"": ""AsCast"", ""Kind"": ""Detail"", ""Pixel Size"": 1.92308e-08, ""Beam Current"": 1.375e-09, ""Dwell Time"": 3e-07, ""Dwell Time cat"": ""low"", ""Chamber Pressure"": 0.000794166, ""Working Distance"": 0.00803088}, ""normalized"": {""microscope"": ""Helios NanoLab"", ""instrument"": ""Helios NanoLab"", ""detector"": ""InLens"", ""accelerating_voltage_kv"": 20000.0, ""magnification"": 3250.0, ""pixel_size_nm"": 1.92308e-08, ""beam_current_na"": 1.375e-09, ""dwell_time_us"": 3e-07, ""working_distance_mm"": 8.0309, ""chamber_pressure_pa"": 0.000794166, ""sample"": ""AsCast"", ""sample_state"": ""Detail"", ""etching_agent"": ""Nital"", ""imaging_mode"": ""SEM"", ""scale"": ""1.92308e-08 nm/pixel"", ""acquisition_date_if_available"": null}}",,,,
hcci,Q980_0h_WC,hcci_651,Images\651.png,C:\Users\Pranet\Downloads\Mini Project\data\raw\hcci\Images\651.png,651.png,.png,5261668,e405c04c2bb87730ab79e4f3db8c852616935613f036f100e879f458f75ae86b,2679,1983,4,8,uint8,png,RGBA,SEM,,Overview,Overview,sample_Q980_0h_WC_Overview,Q980_0h_WC,roi_651,Helios NanoLab_SE_5000.0kV_600.0x,"{""raw_metadata"": {""File Name"": 651, ""SEM"": ""Helios NanoLab"", ""Detector"": ""SE"", ""Gun"": ""FEG"", ""Voltage"": 5000, ""Magnification"": 600, ""Etching"": ""Nital"", ""Sample"": ""Q980_0h_WC"", ""Kind"": ""Overview"", ""Pixel Size"": 1.04167e-07, ""Beam Current"": 1.375e-09, ""Dwell Time"": 1e-05, ""Dwell Time cat"": ""high"", ""Chamber Pressure"": 0.00140125, ""Working Distance"": 0.00840454}, ""normalized"": {""microscope"": ""Helios NanoLab"", ""instrument"": ""Helios NanoLab"", ""detector"": ""SE"", ""accelerating_voltage_kv"": 5000.0, ""magnification"": 600.0, ""pixel_size_nm"": 1.04167e-07, ""beam_current_na"": 1.375e-09, ""dwell_time_us"": 1e-05, ""working_distance_mm"": 8.4045, ""chamber_pressure_pa"": 0.00140125, ""sample"": ""Q980_0h_WC"", ""sample_state"": ""Overview"", ""etching_agent"": ""Nital"", ""imaging_mode"": ""SEM"", ""scale"": ""1.04167e-07 nm/pixel"", ""acquisition_date_if_available"": null}}",,,,
hcci,Q980_0h_WC,hcci_652,Images\652.png,C:\Users\Pranet\Downloads\Mini Project\data\raw\hcci\Images\652.png,652.png,.png,6034758,93e476c6d6b039c502731aa2bd8460a9d2ba75e49ca7f7bc8f64e2b40163d6d9,2679,1983,4,8,uint8,png,RGBA,SEM,,Overview,Overview,sample_Q980_0h_WC_Overview,Q980_0h_WC,roi_652,Helios NanoLab_SE_5000.0kV_600.0x,"{""raw_metadata"": {""File Name"": 652, ""SEM"": ""Helios NanoLab"", ""Detector"": ""SE"", ""Gun"": ""FEG"", ""Voltage"": 5000, ""Magnification"": 600, ""Etching"": ""Nital"", ""Sample"": ""Q980_0h_WC"", ""Kind"": ""Overview"", ""Pixel Size"": 1.04167e-07, ""Beam Current"": 1.375e-09, ""Dwell Time"": 3e-07, ""Dwell Time cat"": ""low"", ""Chamber Pressure"": 0.00134182, ""Working Distance"": 0.00840454}, ""normalized"": {""microscope"": ""Helios NanoLab"", ""instrument"": ""Helios NanoLab"", ""detector"": ""SE"", ""accelerating_voltage_kv"": 5000.0, ""magnification"": 600.0, ""pixel_size_nm"": 1.04167e-07, ""beam_current_na"": 1.375e-09, ""dwell_time_us"": 3e-07, ""working_distance_mm"": 8.4045, ""chamber_pressure_pa"": 0.00134182, ""sample"": ""Q980_0h_WC"", ""sample_state"": ""Overview"", ""etching_agent"": ""Nital"", ""imaging_mode"": ""SEM"", ""scale"": ""1.04167e-07 nm/pixel"", ""acquisition_date_if_available"": null}}",,,,
hcci,Q980_0h_WC,hcci_653,Images\653.png,C:\Users\Pranet\Downloads\Mini Project\data\raw\hcci\Images\653.png,653.png,.png,4759223,3415ec1dcf4f10215b003c35c1609b5671448c5ddd32593b8621bc3e2469cd21,2679,1983,4,8,uint8,png,RGBA,SEM,,Overview,Overview,sample_Q980_0h_WC_Overview,Q980_0h_WC,roi_653,Helios NanoLab_BSE_5000.0kV_600.0x,"{""raw_metadata"": {""File Name"": 653, ""SEM"": ""Helios NanoLab"", ""Detector"": ""BSE"", ""Gun"": ""FEG"", ""Voltage"": 5000, ""Magnification"": 600, ""Etching"": ""Nital"", ""Sample"": ""Q980_0h_WC"", ""Kind"": ""Overview"", ""Pixel Size"": 1.04167e-07, ""Beam Current"": 1.375e-09, ""Dwell Time"": 1e-05, ""Dwell Time cat"": ""high"", ""Chamber Pressure"": 0.0011306, ""Working Distance"": 0.00791153}, ""normalized"": {""microscope"": ""Helios NanoLab"", ""instrument"": ""Helios NanoLab"", ""detector"": ""BSE"", ""accelerating_voltage_kv"": 5000.0, ""magnification"": 600.0, ""pixel_size_nm"": 1.04167e-07, ""beam_current_na"": 1.375e-09, ""dwell_time_us"": 1e-05, ""working_distance_mm"": 7.9115, ""chamber_pressure_pa"": 0.0011306, ""sample"": ""Q980_0h_WC"", ""sample_state"": ""Overview"", ""etching_agent"": ""Nital"", ""imaging_mode"": ""SEM"", ""scale"": ""1.04167e-07 nm/pixel"", ""acquisition_date_if_available"": null}}",,,,
hcci,Q980_0h_WC,hcci_654,Images\654.png,C:\Users\Pranet\Downloads\Mini Project\data\raw\hcci\Images\654.png,654.png,.png,6126647,d57d140a990843291bf543605eaa42f75216c85142fcc9f8f9e9239068ac075f,2679,1983,4,8,uint8,png,RGBA,SEM,,Overview,Overview,sample_Q980_0h_WC_Overview,Q980_0h_WC,roi_654,Helios NanoLab_BSE_5000.0kV_600.0x,"{""raw_metadata"": {""File Name"": 654, ""SEM"": ""Helios NanoLab"", ""Detector"": ""BSE"", ""Gun"": ""FEG"", ""Voltage"": 5000, ""Magnification"": 600, ""Etching"": ""Nital"", ""Sample"": ""Q980_0h_WC"", ""Kind"": ""Overview"", ""Pixel Size"": 1.04167e-07, ""Beam Current"": 1.375e-09, ""Dwell Time"": 3e-07, ""Dwell Time cat"": ""low"", ""Chamber Pressure"": 0.0011306, ""Working Distance"": 0.00791153}, ""normalized"": {""microscope"": ""Helios NanoLab"", ""instrument"": ""Helios NanoLab"", ""detector"": ""BSE"", ""accelerating_voltage_kv"": 5000.0, ""magnification"": 600.0, ""pixel_size_nm"": 1.04167e-07, ""beam_current_na"": 1.375e-09, ""dwell_time_us"": 3e-07, ""working_distance_mm"": 7.9115, ""chamber_pressure_pa"": 0.0011306, ""sample"": ""Q980_0h_WC"", ""sample_state"": ""Overview"", ""etching_agent"": ""Nital"", ""imaging_mode"": ""SEM"", ""scale"": ""1.04167e-07 nm/pixel"", ""acquisition_date_if_available"": null}}",,,,
hcci,Q980_0h_WC,hcci_655,Images\655.png,C:\Users\Pranet\Downloads\Mini Project\data\raw\hcci\Images\655.png,655.png,.png,5511964,e1d7a425dd79b9148aff7249759e1d29258c33f3afc5c8e815330937b867c44a,2679,1983,4,8,uint8,png,RGBA,SEM,,Overview,Overview,sample_Q980_0h_WC_Overview,Q980_0h_WC,roi_655,Helios NanoLab_InLens_5000.0kV_600.0x,"{""raw_metadata"": {""File Name"": 655, ""SEM"": ""Helios NanoLab"", ""Detector"": ""InLens"", ""Gun"": ""FEG"", ""Voltage"": 5000, ""Magnification"": 600, ""Etching"": ""Nital"", ""Sample"": ""Q980_0h_WC"", ""Kind"": ""Overview"", ""Pixel Size"": 1.04167e-07, ""Beam Current"": 1.375e-09, ""Dwell Time"": 1e-05, ""Dwell Time cat"": ""high"", ""Chamber Pressure"": 0.000963595, ""Working Distance"": 0.00791153}, ""normalized"": {""microscope"": ""Helios NanoLab"", ""instrument"": ""Helios NanoLab"", ""detector"": ""InLens"", ""accelerating_voltage_kv"": 5000.0, ""magnification"": 600.0, ""pixel_size_nm"": 1.04167e-07, ""beam_current_na"": 1.375e-09, ""dwell_time_us"": 1e-05, ""working_distance_mm"": 7.9115, ""chamber_pressure_pa"": 0.000963595, ""sample"": ""Q980_0h_WC"", ""sample_state"": ""Overview"", ""etching_agent"": ""Nital"", ""imaging_mode"": ""SEM"", ""scale"": ""1.04167e-07 nm/pixel"", ""acquisition_date_if_available"": null}}",,,,
hcci,Q980_0h_WC,hcci_656,Images\656.png,C:\Users\Pranet\Downloads\Mini Project\data\raw\hcci\Images\656.png,656.png,.png,5722394,1ab2baacf3a772615316f06019849dcbe186f2ee751be6042791d56c68678aac,2679,1983,4,8,uint8,png,RGBA,SEM,,Overview,Overview,sample_Q980_0h_WC_Overview,Q980_0h_WC,roi_656,Helios NanoLab_InLens_5000.0kV_600.0x,"{""raw_metadata"": {""File Name"": 656, ""SEM"": ""Helios NanoLab"", ""Detector"": ""InLens"", ""Gun"": ""FEG"", ""Voltage"": 5000, ""Magnification"": 600, ""Etching"": ""Nital"", ""Sample"": ""Q980_0h_WC"", ""Kind"": ""Overview"", ""Pixel Size"": 1.04167e-07, ""Beam Current"": 1.375e-09, ""Dwell Time"": 3e-07, ""Dwell Time cat"": ""low"", ""Chamber Pressure"": 0.00091652, ""Working Distance"": 0.00791153}, ""normalized"": {""microscope"": ""Helios NanoLab"", ""instrument"": ""Helios NanoLab"", ""detector"": ""InLens"", ""accelerating_voltage_kv"": 5000.0, ""magnification"": 600.0, ""pixel_size_nm"": 1.04167e-07, ""beam_current_na"": 1.375e-09, ""dwell_time_us"": 3e-07, ""working_distance_mm"": 7.9115, ""chamber_pressure_pa"": 0.00091652, ""sample"": ""Q980_0h_WC"", ""sample_state"": ""Overview"", ""etching_agent"": ""Nital"", ""imaging_mode"": ""SEM"", ""scale"": ""1.04167e-07 nm/pixel"", ""acquisition_date_if_available"": null}}",,,,
hcci,Q980_0h_WC,hcci_657,Images\657.png,C:\Users\Pranet\Downloads\Mini Project\data\raw\hcci\Images\657.png,657.png,.png,3821056,7197195925aeae43c332b2213a003d9f45f89af9929e1d78dfb9d194e7e35d53,2476,1762,4,8,uint8,png,RGBA,SEM,,Detail,Detail,sample_Q980_0h_WC_Detail,Q980_0h_WC,roi_657,Helios NanoLab_SE_5000.0kV_3250.0x,"{""raw_metadata"": {""File Name"": 657, ""SEM"": ""Helios NanoLab"", ""Detector"": ""SE"", ""Gun"": ""FEG"", ""Voltage"": 5000, ""Magnification"": 3250, ""Etching"": ""Nital"", ""Sample"": ""Q980_0h_WC"", ""Kind"": ""Detail"", ""Pixel Size"": 1.92308e-08, ""Beam Current"": 1.375e-09, ""Dwell Time"": 1e-05, ""Dwell Time cat"": ""high"", ""Chamber Pressure"": 0.000845907, ""Working Distance"": 0.00791153}, ""normalized"": {""microscope"": ""Helios NanoLab"", ""instrument"": ""Helios NanoLab"", ""detector"": ""SE"", ""accelerating_voltage_kv"": 5000.0, ""magnification"": 3250.0, ""pixel_size_nm"": 1.92308e-08, ""beam_current_na"": 1.375e-09, ""dwell_time_us"": 1e-05, ""working_distance_mm"": 7.9115, ""chamber_pressure_pa"": 0.000845907, ""sample"": ""Q980_0h_WC"", ""sample_state"": ""Detail"", ""etching_agent"": ""Nital"", ""imaging_mode"": ""SEM"", ""scale"": ""1.92308e-08 nm/pixel"", ""acquisition_date_if_available"": null}}",,,,
hcci,Q980_0h_WC,hcci_658,Images\658.png,C:\Users\Pranet\Downloads\Mini Project\data\raw\hcci\Images\658.png,658.png,.png,4949925,97c38dd8571f7b490aab9256186d9e30883ae9a88698d690690062f2224796e0,2476,1762,4,8,uint8,png,RGBA,SEM,,Detail,Detail,sample_Q980_0h_WC_Detail,Q980_0h_WC,roi_658,Helios NanoLab_SE_5000.0kV_3250.0x,"{""raw_metadata"": {""File Name"": 658, ""SEM"": ""Helios NanoLab"", ""Detector"": ""SE"", ""Gun"": ""FEG"", ""Voltage"": 5000, ""Magnification"": 3250, ""Etching"": ""Nital"", ""Sample"": ""Q980_0h_WC"", ""Kind"": ""Detail"", ""Pixel Size"": 1.92308e-08, ""Beam Current"": 1.375e-09, ""Dwell Time"": 3e-07, ""Dwell Time cat"": ""low"", ""Chamber Pressure"": 0.000757509, ""Working Distance"": 0.00791153}, ""normalized"": {""microscope"": ""Helios NanoLab"", ""instrument"": ""Helios NanoLab"", ""detector"": ""SE"", ""accelerating_voltage_kv"": 5000.0, ""magnification"": 3250.0, ""pixel_size_nm"": 1.92308e-08, ""beam_current_na"": 1.375e-09, ""dwell_time_us"": 3e-07, ""working_distance_mm"": 7.9115, ""chamber_pressure_pa"": 0.000757509, ""sample"": ""Q980_0h_WC"", ""sample_state"": ""Detail"", ""etching_agent"": ""Nital"", ""imaging_mode"": ""SEM"", ""scale"": ""1.92308e-08 nm/pixel"", ""acquisition_date_if_available"": null}}",,,,
hcci,Q980_0h_WC,hcci_659,Images\659.png,C:\Users\Pranet\Downloads\Mini Project\data\raw\hcci\Images\659.png,659.png,.png,3160791,2fcfed78a5401d29efb0dc076017bb0ff491dc714050f3107f7c9a3e2a37fbab,2476,1762,4,8,uint8,png,RGBA,SEM,,Detail,Detail,sample_Q980_0h_WC_Detail,Q980_0h_WC,roi_659,Helios NanoLab_BSE_5000.0kV_3250.0x,"{""raw_metadata"": {""File Name"": 659, ""SEM"": ""Helios NanoLab"", ""Detector"": ""BSE"", ""Gun"": ""FEG"", ""Voltage"": 5000, ""Magnification"": 3250, ""Etching"": ""Nital"", ""Sample"": ""Q980_0h_WC"", ""Kind"": ""Detail"", ""Pixel Size"": 1.92308e-08, ""Beam Current"": 1.375e-09, ""Dwell Time"": 1e-05, ""Dwell Time cat"": ""high"", ""Chamber Pressure"": 0.000728183, ""Working Distance"": 0.00791153}, ""normalized"": {""microscope"": ""Helios NanoLab"", ""instrument"": ""Helios NanoLab"", ""detector"": ""BSE"", ""accelerating_voltage_kv"": 5000.0, ""magnification"": 3250.0, ""pixel_size_nm"": 1.92308e-08, ""beam_current_na"": 1.375e-09, ""dwell_time_us"": 1e-05, ""working_distance_mm"": 7.9115, ""chamber_pressure_pa"": 0.000728183, ""sample"": ""Q980_0h_WC"", ""sample_state"": ""Detail"", ""etching_agent"": ""Nital"", ""imaging_mode"": ""SEM"", ""scale"": ""1.92308e-08 nm/pixel"", ""acquisition_date_if_available"": null}}",,,,
hcci,Q980_0h_WC,hcci_66,Images\66.png,C:\Users\Pranet\Downloads\Mini Project\data\raw\hcci\Images\66.png,66.png,.png,7541463,4ad84b6f66009ff57dc35ec3882b9a1b439f92ffa733aad0300cfa5d9341b524,2749,1983,4,8,uint8,png,RGBA,SEM,,Overview,Overview,sample_Q980_0h_WC_Overview,Q980_0h_WC,roi_66,Helios G4 PFIB CXe_InLens_20000.0kV_1000.0x,"{""raw_metadata"": {""File Name"": 66, ""SEM"": ""Helios G4 PFIB CXe"", ""Detector"": ""InLens"", ""Gun"": ""FEG"", ""Voltage"": 20000, ""Magnification"": 1000, ""Etching"": ""Vilella"", ""Sample"": ""Q980_0h_WC"", ""Kind"": ""Overview"", ""Pixel Size"": 6.74479e-08, ""Beam Current"": 1.6e-09, ""Dwell Time"": 5e-07, ""Dwell Time cat"": ""low"", ""Chamber Pressure"": 0.000115, ""Working Distance"": 0.00621747}, ""normalized"": {""microscope"": ""Helios G4 PFIB CXe"", ""instrument"": ""Helios G4 PFIB CXe"", ""detector"": ""InLens"", ""accelerating_voltage_kv"": 20000.0, ""magnification"": 1000.0, ""pixel_size_nm"": 6.74479e-08, ""beam_current_na"": 1.6e-09, ""dwell_time_us"": 5e-07, ""working_distance_mm"": 6.2175, ""chamber_pressure_pa"": 0.000115, ""sample"": ""Q980_0h_WC"", ""sample_state"": ""Overview"", ""etching_agent"": ""Vilella"", ""imaging_mode"": ""SEM"", ""scale"": ""6.74479e-08 nm/pixel"", ""acquisition_date_if_available"": null}}",,,,
hcci,Q980_0h_WC,hcci_660,Images\660.png,C:\Users\Pranet\Downloads\Mini Project\data\raw\hcci\Images\660.png,660.png,.png,5086980,a27938c0eb07c9bb27528741a1a31807b1f358abc4a8168d4fb40068696bcf13,2476,1762,4,8,uint8,png,RGBA,SEM,,Detail,Detail,sample_Q980_0h_WC_Detail,Q980_0h_WC,roi_660,Helios NanoLab_BSE_5000.0kV_3250.0x,"{""raw_metadata"": {""File Name"": 660, ""SEM"": ""Helios NanoLab"", ""Detector"": ""BSE"", ""Gun"": ""FEG"", ""Voltage"": 5000, ""Magnification"": 3250, ""Etching"": ""Nital"", ""Sample"": ""Q980_0h_WC"", ""Kind"": ""Detail"", ""Pixel Size"": 1.92308e-08, ""Beam Current"": 1.375e-09, ""Dwell Time"": 3e-07, ""Dwell Time cat"": ""low"", ""Chamber Pressure"": 0.000728183, ""Working Distance"": 0.00791153}, ""normalized"": {""microscope"": ""Helios NanoLab"", ""instrument"": ""Helios NanoLab"", ""detector"": ""BSE"", ""accelerating_voltage_kv"": 5000.0, ""magnification"": 3250.0, ""pixel_size_nm"": 1.92308e-08, ""beam_current_na"": 1.375e-09, ""dwell_time_us"": 3e-07, ""working_distance_mm"": 7.9115, ""chamber_pressure_pa"": 0.000728183, ""sample"": ""Q980_0h_WC"", ""sample_state"": ""Detail"", ""etching_agent"": ""Nital"", ""imaging_mode"": ""SEM"", ""scale"": ""1.92308e-08 nm/pixel"", ""acquisition_date_if_available"": null}}",,,,
hcci,Q980_0h_WC,hcci_661,Images\661.png,C:\Users\Pranet\Downloads\Mini Project\data\raw\hcci\Images\661.png,661.png,.png,3526258,b8fa897dfdbdcfb9db1d156db675aaaef1b61b942d2c96663b4863831ce9a230,2476,1762,4,8,uint8,png,RGBA,SEM,,Detail,Detail,sample_Q980_0h_WC_Detail,Q980_0h_WC,roi_661,Helios NanoLab_InLens_5000.0kV_3250.0x,"{""raw_metadata"": {""File Name"": 661, ""SEM"": ""Helios NanoLab"", ""Detector"": ""InLens"", ""Gun"": ""FEG"", ""Voltage"": 5000, ""Magnification"": 3250, ""Etching"": ""Nital"", ""Sample"": ""Q980_0h_WC"", ""Kind"": ""Detail"", ""Pixel Size"": 1.92308e-08, ""Beam Current"": 1.375e-09, ""Dwell Time"": 1e-05, ""Dwell Time cat"": ""high"", ""Chamber Pressure"": 0.000684936, ""Working Distance"": 0.00791153}, ""normalized"": {""microscope"": ""Helios NanoLab"", ""instrument"": ""Helios NanoLab"", ""detector"": ""InLens"", ""accelerating_voltage_kv"": 5000.0, ""magnification"": 3250.0, ""pixel_size_nm"": 1.92308e-08, ""beam_current_na"": 1.375e-09, ""dwell_time_us"": 1e-05, ""working_distance_mm"": 7.9115, ""chamber_pressure_pa"": 0.000684936, ""sample"": ""Q980_0h_WC"", ""sample_state"": ""Detail"", ""etching_agent"": ""Nital"", ""imaging_mode"": ""SEM"", ""scale"": ""1.92308e-08 nm/pixel"", ""acquisition_date_if_available"": null}}",,,,
hcci,Q980_0h_WC,hcci_662,Images\662.png,C:\Users\Pranet\Downloads\Mini Project\data\raw\hcci\Images\662.png,662.png,.png,5292497,5a9e9ad91142dd045b5e5a1576b311d30df6791cfc385083b4d9b45a1fe07909,2476,1762,4,8,uint8,png,RGBA,SEM,,Detail,Detail,sample_Q980_0h_WC_Detail,Q980_0h_WC,roi_662,Helios NanoLab_InLens_5000.0kV_3250.0x,"{""raw_metadata"": {""File Name"": 662, ""SEM"": ""Helios NanoLab"", ""Detector"": ""InLens"", ""Gun"": ""FEG"", ""Voltage"": 5000, ""Magnification"": 3250, ""Etching"": ""Nital"", ""Sample"": ""Q980_0h_WC"", ""Kind"": ""Detail"", ""Pixel Size"": 1.92308e-08, ""Beam Current"": 1.375e-09, ""Dwell Time"": 3e-07, ""Dwell Time cat"": ""low"", ""Chamber Pressure"": 0.000684936, ""Working Distance"": 0.00791153}, ""normalized"": {""microscope"": ""Helios NanoLab"", ""instrument"": ""Helios NanoLab"", ""detector"": ""InLens"", ""accelerating_voltage_kv"": 5000.0, ""magnification"": 3250.0, ""pixel_size_nm"": 1.92308e-08, ""beam_current_na"": 1.375e-09, ""dwell_time_us"": 3e-07, ""working_distance_mm"": 7.9115, ""chamber_pressure_pa"": 0.000684936, ""sample"": ""Q980_0h_WC"", ""sample_state"": ""Detail"", ""etching_agent"": ""Nital"", ""imaging_mode"": ""SEM"", ""scale"": ""1.92308e-08 nm/pixel"", ""acquisition_date_if_available"": null}}",,,,
hcci,Q980_0h_WC,hcci_663,Images\663.png,C:\Users\Pranet\Downloads\Mini Project\data\raw\hcci\Images\663.png,663.png,.png,5005342,8ef7b25df985aad84667e8b79eded7ea6024b42e8802aed09a7a7be5e9adc71b,2679,1983,4,8,uint8,png,RGBA,SEM,,Overview,Overview,sample_Q980_0h_WC_Overview,Q980_0h_WC,roi_663,Helios NanoLab_SE_10000.0kV_600.0x,"{""raw_metadata"": {""File Name"": 663, ""SEM"": ""Helios NanoLab"", ""Detector"": ""SE"", ""Gun"": ""FEG"", ""Voltage"": 10000, ""Magnification"": 600, ""Etching"": ""Nital"", ""Sample"": ""Q980_0h_WC"", ""Kind"": ""Overview"", ""Pixel Size"": 1.04167e-07, ""Beam Current"": 1.375e-09, ""Dwell Time"": 1e-05, ""Dwell Time cat"": ""high"", ""Chamber Pressure"": 0.000571493, ""Working Distance"": 0.0079126}, ""normalized"": {""microscope"": ""Helios NanoLab"", ""instrument"": ""Helios NanoLab"", ""detector"": ""SE"", ""accelerating_voltage_kv"": 10000.0, ""magnification"": 600.0, ""pixel_size_nm"": 1.04167e-07, ""beam_current_na"": 1.375e-09, ""dwell_time_us"": 1e-05, ""working_distance_mm"": 7.9126, ""chamber_pressure_pa"": 0.000571493, ""sample"": ""Q980_0h_WC"", ""sample_state"": ""Overview"", ""etching_agent"": ""Nital"", ""imaging_mode"": ""SEM"", ""scale"": ""1.04167e-07 nm/pixel"", ""acquisition_date_if_available"": null}}",,,,
hcci,Q980_0h_WC,hcci_664,Images\664.png,C:\Users\Pranet\Downloads\Mini Project\data\raw\hcci\Images\664.png,664.png,.png,6360685,bd9259b15d51800e89356e3365f9e8034842c3b8f859805ba0c7b27694478586,2679,1983,4,8,uint8,png,RGBA,SEM,,Overview,Overview,sample_Q980_0h_WC_Overview,Q980_0h_WC,roi_664,Helios NanoLab_SE_10000.0kV_600.0x,"{""raw_metadata"": {""File Name"": 664, ""SEM"": ""Helios NanoLab"", ""Detector"": ""SE"", ""Gun"": ""FEG"", ""Voltage"": 10000, ""Magnification"": 600, ""Etching"": ""Nital"", ""Sample"": ""Q980_0h_WC"", ""Kind"": ""Overview"", ""Pixel Size"": 1.04167e-07, ""Beam Current"": 1.375e-09, ""Dwell Time"": 3e-07, ""Dwell Time cat"": ""low"", ""Chamber Pressure"": 0.000571493, ""Working Distance"": 0.0079126}, ""normalized"": {""microscope"": ""Helios NanoLab"", ""instrument"": ""Helios NanoLab"", ""detector"": ""SE"", ""accelerating_voltage_kv"": 10000.0, ""magnification"": 600.0, ""pixel_size_nm"": 1.04167e-07, ""beam_current_na"": 1.375e-09, ""dwell_time_us"": 3e-07, ""working_distance_mm"": 7.9126, ""chamber_pressure_pa"": 0.000571493, ""sample"": ""Q980_0h_WC"", ""sample_state"": ""Overview"", ""etching_agent"": ""Nital"", ""imaging_mode"": ""SEM"", ""scale"": ""1.04167e-07 nm/pixel"", ""acquisition_date_if_available"": null}}",,,,
hcci,Q980_0h_WC,hcci_665,Images\665.png,C:\Users\Pranet\Downloads\Mini Project\data\raw\hcci\Images\665.png,665.png,.png,5421363,ede8a4754d82e67fe78630efce0c0097b014d97fec4482380ba3db0f54b84b17,2679,1983,4,8,uint8,png,RGBA,SEM,,Overview,Overview,sample_Q980_0h_WC_Overview,Q980_0h_WC,roi_665,Helios NanoLab_BSE_10000.0kV_600.0x,"{""raw_metadata"": {""File Name"": 665, ""SEM"": ""Helios NanoLab"", ""Detector"": ""BSE"", ""Gun"": ""FEG"", ""Voltage"": 10000, ""Magnification"": 600, ""Etching"": ""Nital"", ""Sample"": ""Q980_0h_WC"", ""Kind"": ""Overview"", ""Pixel Size"": 1.04167e-07, ""Beam Current"": 1.375e-09, ""Dwell Time"": 1e-05, ""Dwell Time cat"": ""high"", ""Chamber Pressure"": 0.000571493, ""Working Distance"": 0.0079126}, ""normalized"": {""microscope"": ""Helios NanoLab"", ""instrument"": ""Helios NanoLab"", ""detector"": ""BSE"", ""accelerating_voltage_kv"": 10000.0, ""magnification"": 600.0, ""pixel_size_nm"": 1.04167e-07, ""beam_current_na"": 1.375e-09, ""dwell_time_us"": 1e-05, ""working_distance_mm"": 7.9126, ""chamber_pressure_pa"": 0.000571493, ""sample"": ""Q980_0h_WC"", ""sample_state"": ""Overview"", ""etching_agent"": ""Nital"", ""imaging_mode"": ""SEM"", ""scale"": ""1.04167e-07 nm/pixel"", ""acquisition_date_if_available"": null}}",,,,
hcci,Q980_0h_WC,hcci_666,Images\666.png,C:\Users\Pranet\Downloads\Mini Project\data\raw\hcci\Images\666.png,666.png,.png,5688900,f7a265f2a3aa4609e43d333f56c68df36100f953dfea982e7b8da4f37e81731d,2679,1983,4,8,uint8,png,RGBA,SEM,,Overview,Overview,sample_Q980_0h_WC_Overview,Q980_0h_WC,roi_666,Helios NanoLab_BSE_10000.0kV_600.0x,"{""raw_metadata"": {""File Name"": 666, ""SEM"": ""Helios NanoLab"", ""Detector"": ""BSE"", ""Gun"": ""FEG"", ""Voltage"": 10000, ""Magnification"": 600, ""Etching"": ""Nital"", ""Sample"": ""Q980_0h_WC"", ""Kind"": ""Overview"", ""Pixel Size"": 1.04167e-07, ""Beam Current"": 1.375e-09, ""Dwell Time"": 3e-07, ""Dwell Time cat"": ""low"", ""Chamber Pressure"": 0.000571493, ""Working Distance"": 0.0079126}, ""normalized"": {""microscope"": ""Helios NanoLab"", ""instrument"": ""Helios NanoLab"", ""detector"": ""BSE"", ""accelerating_voltage_kv"": 10000.0, ""magnification"": 600.0, ""pixel_size_nm"": 1.04167e-07, ""beam_current_na"": 1.375e-09, ""dwell_time_us"": 3e-07, ""working_distance_mm"": 7.9126, ""chamber_pressure_pa"": 0.000571493, ""sample"": ""Q980_0h_WC"", ""sample_state"": ""Overview"", ""etching_agent"": ""Nital"", ""imaging_mode"": ""SEM"", ""scale"": ""1.04167e-07 nm/pixel"", ""acquisition_date_if_available"": null}}",,,,
hcci,Q980_0h_WC,hcci_667,Images\667.png,C:\Users\Pranet\Downloads\Mini Project\data\raw\hcci\Images\667.png,667.png,.png,5378179,e8e560dace5a2de024b2eed7d1c318435065e437327feba5095243cb10590fb7,2679,1983,4,8,uint8,png,RGBA,SEM,,Overview,Overview,sample_Q980_0h_WC_Overview,Q980_0h_WC,roi_667,Helios NanoLab_InLens_10000.0kV_600.0x,"{""raw_metadata"": {""File Name"": 667, ""SEM"": ""Helios NanoLab"", ""Detector"": ""InLens"", ""Gun"": ""FEG"", ""Voltage"": 10000, ""Magnification"": 600, ""Etching"": ""Nital"", ""Sample"": ""Q980_0h_WC"", ""Kind"": ""Overview"", ""Pixel Size"": 1.04167e-07, ""Beam Current"": 1.375e-09, ""Dwell Time"": 1e-05, ""Dwell Time cat"": ""high"", ""Chamber Pressure"": 0.000537514, ""Working Distance"": 0.0079126}, ""normalized"": {""microscope"": ""Helios NanoLab"", ""instrument"": ""Helios NanoLab"", ""detector"": ""InLens"", ""accelerating_voltage_kv"": 10000.0, ""magnification"": 600.0, ""pixel_size_nm"": 1.04167e-07, ""beam_current_na"": 1.375e-09, ""dwell_time_us"": 1e-05, ""working_distance_mm"": 7.9126, ""chamber_pressure_pa"": 0.000537514, ""sample"": ""Q980_0h_WC"", ""sample_state"": ""Overview"", ""etching_agent"": ""Nital"", ""imaging_mode"": ""SEM"", ""scale"": ""1.04167e-07 nm/pixel"", ""acquisition_date_if_available"": null}}",,,,
hcci,Q980_0h_WC,hcci_668,Images\668.png,C:\Users\Pranet\Downloads\Mini Project\data\raw\hcci\Images\668.png,668.png,.png,6649141,36865ecea66f2aeb656f5290545893f041bf1151f8a99af40b3d249d0e0a8956,2679,1983,4,8,uint8,png,RGBA,SEM,,Overview,Overview,sample_Q980_0h_WC_Overview,Q980_0h_WC,roi_668,Helios NanoLab_InLens_10000.0kV_600.0x,"{""raw_metadata"": {""File Name"": 668, ""SEM"": ""Helios NanoLab"", ""Detector"": ""InLens"", ""Gun"": ""FEG"", ""Voltage"": 10000, ""Magnification"": 600, ""Etching"": ""Nital"", ""Sample"": ""Q980_0h_WC"", ""Kind"": ""Overview"", ""Pixel Size"": 1.04167e-07, ""Beam Current"": 1.375e-09, ""Dwell Time"": 3e-07, ""Dwell Time cat"": ""low"", ""Chamber Pressure"": 0.000537514, ""Working Distance"": 0.0079126}, ""normalized"": {""microscope"": ""Helios NanoLab"", ""instrument"": ""Helios NanoLab"", ""detector"": ""InLens"", ""accelerating_voltage_kv"": 10000.0, ""magnification"": 600.0, ""pixel_size_nm"": 1.04167e-07, ""beam_current_na"": 1.375e-09, ""dwell_time_us"": 3e-07, ""working_distance_mm"": 7.9126, ""chamber_pressure_pa"": 0.000537514, ""sample"": ""Q980_0h_WC"", ""sample_state"": ""Overview"", ""etching_agent"": ""Nital"", ""imaging_mode"": ""SEM"", ""scale"": ""1.04167e-07 nm/pixel"", ""acquisition_date_if_available"": null}}",,,,
hcci,Q980_0h_WC,hcci_669,Images\669.png,C:\Users\Pranet\Downloads\Mini Project\data\raw\hcci\Images\669.png,669.png,.png,3669329,a9cfc71e5bd4c5412daa591b2005c5fadfcf7e6153c94a84df3c7e9419eb9ba2,2476,1762,4,8,uint8,png,RGBA,SEM,,Detail,Detail,sample_Q980_0h_WC_Detail,Q980_0h_WC,roi_669,Helios NanoLab_SE_10000.0kV_3250.0x,"{""raw_metadata"": {""File Name"": 669, ""SEM"": ""Helios NanoLab"", ""Detector"": ""SE"", ""Gun"": ""FEG"", ""Voltage"": 10000, ""Magnification"": 3250, ""Etching"": ""Nital"", ""Sample"": ""Q980_0h_WC"", ""Kind"": ""Detail"", ""Pixel Size"": 1.91956e-08, ""Beam Current"": 1.375e-09, ""Dwell Time"": 1e-05, ""Dwell Time cat"": ""high"", ""Chamber Pressure"": 0.000505101, ""Working Distance"": 0.00790404}, ""normalized"": {""microscope"": ""Helios NanoLab"", ""instrument"": ""Helios NanoLab"", ""detector"": ""SE"", ""accelerating_voltage_kv"": 10000.0, ""magnification"": 3250.0, ""pixel_size_nm"": 1.91956e-08, ""beam_current_na"": 1.375e-09, ""dwell_time_us"": 1e-05, ""working_distance_mm"": 7.904, ""chamber_pressure_pa"": 0.000505101, ""sample"": ""Q980_0h_WC"", ""sample_state"": ""Detail"", ""etching_agent"": ""Nital"", ""imaging_mode"": ""SEM"", ""scale"": ""1.91956e-08 nm/pixel"", ""acquisition_date_if_available"": null}}",,,,
hcci,Q980_0h_WC,hcci_67,Images\67.png,C:\Users\Pranet\Downloads\Mini Project\data\raw\hcci\Images\67.png,67.png,.png,5239026,a4c214505e442caf5d173e6699921f4d0b73d75c2cda7fa3516dbd3b78ee4233,2651,1896,4,8,uint8,png,RGBA,SEM,,Detail,Detail,sample_Q980_0h_WC_Detail,Q980_0h_WC,roi_67,Helios G4 PFIB CXe_SE_20000.0kV_5000.0x,"{""raw_metadata"": {""File Name"": 67, ""SEM"": ""Helios G4 PFIB CXe"", ""Detector"": ""SE"", ""Gun"": ""FEG"", ""Voltage"": 20000, ""Magnification"": 5000, ""Etching"": ""Vilella"", ""Sample"": ""Q980_0h_WC"", ""Kind"": ""Detail"", ""Pixel Size"": 1.34896e-08, ""Beam Current"": 1.6e-09, ""Dwell Time"": 1e-05, ""Dwell Time cat"": ""high"", ""Chamber Pressure"": 0.000112, ""Working Distance"": 0.00621747}, ""normalized"": {""microscope"": ""Helios G4 PFIB CXe"", ""instrument"": ""Helios G4 PFIB CXe"", ""detector"": ""SE"", ""accelerating_voltage_kv"": 20000.0, ""magnification"": 5000.0, ""pixel_size_nm"": 1.34896e-08, ""beam_current_na"": 1.6e-09, ""dwell_time_us"": 1e-05, ""working_distance_mm"": 6.2175, ""chamber_pressure_pa"": 0.000112, ""sample"": ""Q980_0h_WC"", ""sample_state"": ""Detail"", ""etching_agent"": ""Vilella"", ""imaging_mode"": ""SEM"", ""scale"": ""1.34896e-08 nm/pixel"", ""acquisition_date_if_available"": null}}",,,,
hcci,Q980_0h_WC,hcci_670,Images\670.png,C:\Users\Pranet\Downloads\Mini Project\data\raw\hcci\Images\670.png,670.png,.png,5200548,bc3f8c2cf538e509cc875b7cb09902d5597d4ed4095aaac60d4437b97e3751aa,2476,1762,4,8,uint8,png,RGBA,SEM,,Detail,Detail,sample_Q980_0h_WC_Detail,Q980_0h_WC,roi_670,Helios NanoLab_SE_10000.0kV_3250.0x,"{""raw_metadata"": {""File Name"": 670, ""SEM"": ""Helios NanoLab"", ""Detector"": ""SE"", ""Gun"": ""FEG"", ""Voltage"": 10000, ""Magnification"": 3250, ""Etching"": ""Nital"", ""Sample"": ""Q980_0h_WC"", ""Kind"": ""Detail"", ""Pixel Size"": 1.91956e-08, ""Beam Current"": 1.375e-09, ""Dwell Time"": 3e-07, ""Dwell Time cat"": ""low"", ""Chamber Pressure"": 0.000505101, ""Working Distance"": 0.00790404}, ""normalized"": {""microscope"": ""Helios NanoLab"", ""instrument"": ""Helios NanoLab"", ""detector"": ""SE"", ""accelerating_voltage_kv"": 10000.0, ""magnification"": 3250.0, ""pixel_size_nm"": 1.91956e-08, ""beam_current_na"": 1.375e-09, ""dwell_time_us"": 3e-07, ""working_distance_mm"": 7.904, ""chamber_pressure_pa"": 0.000505101, ""sample"": ""Q980_0h_WC"", ""sample_state"": ""Detail"", ""etching_agent"": ""Nital"", ""imaging_mode"": ""SEM"", ""scale"": ""1.91956e-08 nm/pixel"", ""acquisition_date_if_available"": null}}",,,,
hcci,Q980_0h_WC,hcci_671,Images\671.png,C:\Users\Pranet\Downloads\Mini Project\data\raw\hcci\Images\671.png,671.png,.png,3914398,5a0f4c2aef82582b31ed4f4927fc6e00f148ca535e198385047b71820a7095a3,2476,1762,4,8,uint8,png,RGBA,SEM,,Detail,Detail,sample_Q980_0h_WC_Detail,Q980_0h_WC,roi_671,Helios NanoLab_BSE_10000.0kV_3250.0x,"{""raw_metadata"": {""File Name"": 671, ""SEM"": ""Helios NanoLab"", ""Detector"": ""BSE"", ""Gun"": ""FEG"", ""Voltage"": 10000, ""Magnification"": 3250, ""Etching"": ""Nital"", ""Sample"": ""Q980_0h_WC"", ""Kind"": ""Detail"", ""Pixel Size"": 1.91956e-08, ""Beam Current"": 1.375e-09, ""Dwell Time"": 1e-05, ""Dwell Time cat"": ""high"", ""Chamber Pressure"": 0.000526709, ""Working Distance"": 0.00790404}, ""normalized"": {""microscope"": ""Helios NanoLab"", ""instrument"": ""Helios NanoLab"", ""detector"": ""BSE"", ""accelerating_voltage_kv"": 10000.0, ""magnification"": 3250.0, ""pixel_size_nm"": 1.91956e-08, ""beam_current_na"": 1.375e-09, ""dwell_time_us"": 1e-05, ""working_distance_mm"": 7.904, ""chamber_pressure_pa"": 0.000526709, ""sample"": ""Q980_0h_WC"", ""sample_state"": ""Detail"", ""etching_agent"": ""Nital"", ""imaging_mode"": ""SEM"", ""scale"": ""1.91956e-08 nm/pixel"", ""acquisition_date_if_available"": null}}",,,,
hcci,Q980_0h_WC,hcci_672,Images\672.png,C:\Users\Pranet\Downloads\Mini Project\data\raw\hcci\Images\672.png,672.png,.png,4975387,90e088ae3a5d83af1419e992084087dedf1f970c3419a23dccaf8563e798ccd2,2476,1762,4,8,uint8,png,RGBA,SEM,,Detail,Detail,sample_Q980_0h_WC_Detail,Q980_0h_WC,roi_672,Helios NanoLab_BSE_10000.0kV_3250.0x,"{""raw_metadata"": {""File Name"": 672, ""SEM"": ""Helios NanoLab"", ""Detector"": ""BSE"", ""Gun"": ""FEG"", ""Voltage"": 10000, ""Magnification"": 3250, ""Etching"": ""Nital"", ""Sample"": ""Q980_0h_WC"", ""Kind"": ""Detail"", ""Pixel Size"": 1.91956e-08, ""Beam Current"": 1.375e-09, ""Dwell Time"": 3e-07, ""Dwell Time cat"": ""low"", ""Chamber Pressure"": 0.000526709, ""Working Distance"": 0.00790404}, ""normalized"": {""microscope"": ""Helios NanoLab"", ""instrument"": ""Helios NanoLab"", ""detector"": ""BSE"", ""accelerating_voltage_kv"": 10000.0, ""magnification"": 3250.0, ""pixel_size_nm"": 1.91956e-08, ""beam_current_na"": 1.375e-09, ""dwell_time_us"": 3e-07, ""working_distance_mm"": 7.904, ""chamber_pressure_pa"": 0.000526709, ""sample"": ""Q980_0h_WC"", ""sample_state"": ""Detail"", ""etching_agent"": ""Nital"", ""imaging_mode"": ""SEM"", ""scale"": ""1.91956e-08 nm/pixel"", ""acquisition_date_if_available"": null}}",,,,
hcci,Q980_0h_WC,hcci_673,Images\673.png,C:\Users\Pranet\Downloads\Mini Project\data\raw\hcci\Images\673.png,673.png,.png,3798012,9298989664f654f2a910e68b486ed67e66d96f5ca1f14635bf90f8ba7ddad0a4,2476,1762,4,8,uint8,png,RGBA,SEM,,Detail,Detail,sample_Q980_0h_WC_Detail,Q980_0h_WC,roi_673,Helios NanoLab_InLens_10000.0kV_3250.0x,"{""raw_metadata"": {""File Name"": 673, ""SEM"": ""Helios NanoLab"", ""Detector"": ""InLens"", ""Gun"": ""FEG"", ""Voltage"": 10000, ""Magnification"": 3250, ""Etching"": ""Nital"", ""Sample"": ""Q980_0h_WC"", ""Kind"": ""Detail"", ""Pixel Size"": 1.91956e-08, ""Beam Current"": 1.375e-09, ""Dwell Time"": 1e-05, ""Dwell Time cat"": ""high"", ""Chamber Pressure"": 0.000494297, ""Working Distance"": 0.00790404}, ""normalized"": {""microscope"": ""Helios NanoLab"", ""instrument"": ""Helios NanoLab"", ""detector"": ""InLens"", ""accelerating_voltage_kv"": 10000.0, ""magnification"": 3250.0, ""pixel_size_nm"": 1.91956e-08, ""beam_current_na"": 1.375e-09, ""dwell_time_us"": 1e-05, ""working_distance_mm"": 7.904, ""chamber_pressure_pa"": 0.000494297, ""sample"": ""Q980_0h_WC"", ""sample_state"": ""Detail"", ""etching_agent"": ""Nital"", ""imaging_mode"": ""SEM"", ""scale"": ""1.91956e-08 nm/pixel"", ""acquisition_date_if_available"": null}}",,,,
hcci,Q980_0h_WC,hcci_674,Images\674.png,C:\Users\Pranet\Downloads\Mini Project\data\raw\hcci\Images\674.png,674.png,.png,5589222,df520581e8bb6cf2a0dad64df42058e9238baa69b03082500484bb35707d78cb,2476,1762,4,8,uint8,png,RGBA,SEM,,Detail,Detail,sample_Q980_0h_WC_Detail,Q980_0h_WC,roi_674,Helios NanoLab_InLens_10000.0kV_3250.0x,"{""raw_metadata"": {""File Name"": 674, ""SEM"": ""Helios NanoLab"", ""Detector"": ""InLens"", ""Gun"": ""FEG"", ""Voltage"": 10000, ""Magnification"": 3250, ""Etching"": ""Nital"", ""Sample"": ""Q980_0h_WC"", ""Kind"": ""Detail"", ""Pixel Size"": 1.91956e-08, ""Beam Current"": 1.375e-09, ""Dwell Time"": 3e-07, ""Dwell Time cat"": ""low"", ""Chamber Pressure"": 0.000494297, ""Working Distance"": 0.00790404}, ""normalized"": {""microscope"": ""Helios NanoLab"", ""instrument"": ""Helios NanoLab"", ""detector"": ""InLens"", ""accelerating_voltage_kv"": 10000.0, ""magnification"": 3250.0, ""pixel_size_nm"": 1.91956e-08, ""beam_current_na"": 1.375e-09, ""dwell_time_us"": 3e-07, ""working_distance_mm"": 7.904, ""chamber_pressure_pa"": 0.000494297, ""sample"": ""Q980_0h_WC"", ""sample_state"": ""Detail"", ""etching_agent"": ""Nital"", ""imaging_mode"": ""SEM"", ""scale"": ""1.91956e-08 nm/pixel"", ""acquisition_date_if_available"": null}}",,,,
hcci,Q980_0h_WC,hcci_675,Images\675.png,C:\Users\Pranet\Downloads\Mini Project\data\raw\hcci\Images\675.png,675.png,.png,5165093,090ae3a6ecd70619c68f8a41f34aad6bfae1b7a7bd32a974439d08cb38793e50,2679,1983,4,8,uint8,png,RGBA,SEM,,Overview,Overview,sample_Q980_0h_WC_Overview,Q980_0h_WC,roi_675,Helios NanoLab_SE_20000.0kV_600.0x,"{""raw_metadata"": {""File Name"": 675, ""SEM"": ""Helios NanoLab"", ""Detector"": ""SE"", ""Gun"": ""FEG"", ""Voltage"": 20000, ""Magnification"": 600, ""Etching"": ""Nital"", ""Sample"": ""Q980_0h_WC"", ""Kind"": ""Overview"", ""Pixel Size"": 1.04167e-07, ""Beam Current"": 1.375e-09, ""Dwell Time"": 1e-05, ""Dwell Time cat"": ""high"", ""Chamber Pressure"": 0.000461885, ""Working Distance"": 0.00796278}, ""normalized"": {""microscope"": ""Helios NanoLab"", ""instrument"": ""Helios NanoLab"", ""detector"": ""SE"", ""accelerating_voltage_kv"": 20000.0, ""magnification"": 600.0, ""pixel_size_nm"": 1.04167e-07, ""beam_current_na"": 1.375e-09, ""dwell_time_us"": 1e-05, ""working_distance_mm"": 7.9628, ""chamber_pressure_pa"": 0.000461885, ""sample"": ""Q980_0h_WC"", ""sample_state"": ""Overview"", ""etching_agent"": ""Nital"", ""imaging_mode"": ""SEM"", ""scale"": ""1.04167e-07 nm/pixel"", ""acquisition_date_if_available"": null}}",,,,
hcci,Q980_0h_WC,hcci_676,Images\676.png,C:\Users\Pranet\Downloads\Mini Project\data\raw\hcci\Images\676.png,676.png,.png,6570818,d41228dca865199001692539f7aa481129dc9901071935eb82bf5c72fb0049fe,2679,1983,4,8,uint8,png,RGBA,SEM,,Overview,Overview,sample_Q980_0h_WC_Overview,Q980_0h_WC,roi_676,Helios NanoLab_SE_20000.0kV_600.0x,"{""raw_metadata"": {""File Name"": 676, ""SEM"": ""Helios NanoLab"", ""Detector"": ""SE"", ""Gun"": ""FEG"", ""Voltage"": 20000, ""Magnification"": 600, ""Etching"": ""Nital"", ""Sample"": ""Q980_0h_WC"", ""Kind"": ""Overview"", ""Pixel Size"": 1.04167e-07, ""Beam Current"": 1.375e-09, ""Dwell Time"": 3e-07, ""Dwell Time cat"": ""low"", ""Chamber Pressure"": 0.000461885, ""Working Distance"": 0.00796278}, ""normalized"": {""microscope"": ""Helios NanoLab"", ""instrument"": ""Helios NanoLab"", ""detector"": ""SE"", ""accelerating_voltage_kv"": 20000.0, ""magnification"": 600.0, ""pixel_size_nm"": 1.04167e-07, ""beam_current_na"": 1.375e-09, ""dwell_time_us"": 3e-07, ""working_distance_mm"": 7.9628, ""chamber_pressure_pa"": 0.000461885, ""sample"": ""Q980_0h_WC"", ""sample_state"": ""Overview"", ""etching_agent"": ""Nital"", ""imaging_mode"": ""SEM"", ""scale"": ""1.04167e-07 nm/pixel"", ""acquisition_date_if_available"": null}}",,,,
hcci,Q980_0h_WC,hcci_677,Images\677.png,C:\Users\Pranet\Downloads\Mini Project\data\raw\hcci\Images\677.png,677.png,.png,4726962,7cdeaa45756819a84a4bd157063676bbcf24671dd1601d9708b878997e0aaff1,2679,1983,4,8,uint8,png,RGBA,SEM,,Overview,Overview,sample_Q980_0h_WC_Overview,Q980_0h_WC,roi_677,Helios NanoLab_BSE_20000.0kV_600.0x,"{""raw_metadata"": {""File Name"": 677, ""SEM"": ""Helios NanoLab"", ""Detector"": ""BSE"", ""Gun"": ""FEG"", ""Voltage"": 20000, ""Magnification"": 600, ""Etching"": ""Nital"", ""Sample"": ""Q980_0h_WC"", ""Kind"": ""Overview"", ""Pixel Size"": 1.04167e-07, ""Beam Current"": 1.375e-09, ""Dwell Time"": 1e-05, ""Dwell Time cat"": ""high"", ""Chamber Pressure"": 0.000433382, ""Working Distance"": 0.00796278}, ""normalized"": {""microscope"": ""Helios NanoLab"", ""instrument"": ""Helios NanoLab"", ""detector"": ""BSE"", ""accelerating_voltage_kv"": 20000.0, ""magnification"": 600.0, ""pixel_size_nm"": 1.04167e-07, ""beam_current_na"": 1.375e-09, ""dwell_time_us"": 1e-05, ""working_distance_mm"": 7.9628, ""chamber_pressure_pa"": 0.000433382, ""sample"": ""Q980_0h_WC"", ""sample_state"": ""Overview"", ""etching_agent"": ""Nital"", ""imaging_mode"": ""SEM"", ""scale"": ""1.04167e-07 nm/pixel"", ""acquisition_date_if_available"": null}}",,,,
hcci,Q980_0h_WC,hcci_678,Images\678.png,C:\Users\Pranet\Downloads\Mini Project\data\raw\hcci\Images\678.png,678.png,.png,5037133,3b4a43e6405ba8420fb5e9f0e76dbe9726b31dcd25ed5fa06bf8cfbddc7a000e,2679,1983,4,8,uint8,png,RGBA,SEM,,Overview,Overview,sample_Q980_0h_WC_Overview,Q980_0h_WC,roi_678,Helios NanoLab_BSE_20000.0kV_600.0x,"{""raw_metadata"": {""File Name"": 678, ""SEM"": ""Helios NanoLab"", ""Detector"": ""BSE"", ""Gun"": ""FEG"", ""Voltage"": 20000, ""Magnification"": 600, ""Etching"": ""Nital"", ""Sample"": ""Q980_0h_WC"", ""Kind"": ""Overview"", ""Pixel Size"": 1.04167e-07, ""Beam Current"": 1.375e-09, ""Dwell Time"": 3e-07, ""Dwell Time cat"": ""low"", ""Chamber Pressure"": 0.000433382, ""Working Distance"": 0.00796278}, ""normalized"": {""microscope"": ""Helios NanoLab"", ""instrument"": ""Helios NanoLab"", ""detector"": ""BSE"", ""accelerating_voltage_kv"": 20000.0, ""magnification"": 600.0, ""pixel_size_nm"": 1.04167e-07, ""beam_current_na"": 1.375e-09, ""dwell_time_us"": 3e-07, ""working_distance_mm"": 7.9628, ""chamber_pressure_pa"": 0.000433382, ""sample"": ""Q980_0h_WC"", ""sample_state"": ""Overview"", ""etching_agent"": ""Nital"", ""imaging_mode"": ""SEM"", ""scale"": ""1.04167e-07 nm/pixel"", ""acquisition_date_if_available"": null}}",,,,
hcci,Q980_0h_WC,hcci_679,Images\679.png,C:\Users\Pranet\Downloads\Mini Project\data\raw\hcci\Images\679.png,679.png,.png,5610661,cd0fc3812962e01746d294e65ffb651cc6430a12bfba9f087fe3fd432614c545,2679,1983,4,8,uint8,png,RGBA,SEM,,Overview,Overview,sample_Q980_0h_WC_Overview,Q980_0h_WC,roi_679,Helios NanoLab_InLens_20000.0kV_600.0x,"{""raw_metadata"": {""File Name"": 679, ""SEM"": ""Helios NanoLab"", ""Detector"": ""InLens"", ""Gun"": ""FEG"", ""Voltage"": 20000, ""Magnification"": 600, ""Etching"": ""Nital"", ""Sample"": ""Q980_0h_WC"", ""Kind"": ""Overview"", ""Pixel Size"": 1.04167e-07, ""Beam Current"": 1.375e-09, ""Dwell Time"": 1e-05, ""Dwell Time cat"": ""high"", ""Chamber Pressure"": 0.000407144, ""Working Distance"": 0.00796278}, ""normalized"": {""microscope"": ""Helios NanoLab"", ""instrument"": ""Helios NanoLab"", ""detector"": ""InLens"", ""accelerating_voltage_kv"": 20000.0, ""magnification"": 600.0, ""pixel_size_nm"": 1.04167e-07, ""beam_current_na"": 1.375e-09, ""dwell_time_us"": 1e-05, ""working_distance_mm"": 7.9628, ""chamber_pressure_pa"": 0.000407144, ""sample"": ""Q980_0h_WC"", ""sample_state"": ""Overview"", ""etching_agent"": ""Nital"", ""imaging_mode"": ""SEM"", ""scale"": ""1.04167e-07 nm/pixel"", ""acquisition_date_if_available"": null}}",,,,
hcci,Q980_0h_WC,hcci_68,Images\68.png,C:\Users\Pranet\Downloads\Mini Project\data\raw\hcci\Images\68.png,68.png,.png,5993912,0cc7f4b266c086ebc8a0679a59adee0a8a1acfceaa8fdfab75b7ac35ef7c94f3,2651,1896,4,8,uint8,png,RGBA,SEM,,Detail,Detail,sample_Q980_0h_WC_Detail,Q980_0h_WC,roi_68,Helios G4 PFIB CXe_SE_20000.0kV_5000.0x,"{""raw_metadata"": {""File Name"": 68, ""SEM"": ""Helios G4 PFIB CXe"", ""Detector"": ""SE"", ""Gun"": ""FEG"", ""Voltage"": 20000, ""Magnification"": 5000, ""Etching"": ""Vilella"", ""Sample"": ""Q980_0h_WC"", ""Kind"": ""Detail"", ""Pixel Size"": 1.34896e-08, ""Beam Current"": 1.6e-09, ""Dwell Time"": 5e-07, ""Dwell Time cat"": ""low"", ""Chamber Pressure"": 0.000112, ""Working Distance"": 0.00621747}, ""normalized"": {""microscope"": ""Helios G4 PFIB CXe"", ""instrument"": ""Helios G4 PFIB CXe"", ""detector"": ""SE"", ""accelerating_voltage_kv"": 20000.0, ""magnification"": 5000.0, ""pixel_size_nm"": 1.34896e-08, ""beam_current_na"": 1.6e-09, ""dwell_time_us"": 5e-07, ""working_distance_mm"": 6.2175, ""chamber_pressure_pa"": 0.000112, ""sample"": ""Q980_0h_WC"", ""sample_state"": ""Detail"", ""etching_agent"": ""Vilella"", ""imaging_mode"": ""SEM"", ""scale"": ""1.34896e-08 nm/pixel"", ""acquisition_date_if_available"": null}}",,,,
hcci,Q980_0h_WC,hcci_680,Images\680.png,C:\Users\Pranet\Downloads\Mini Project\data\raw\hcci\Images\680.png,680.png,.png,6821343,9ba56c0b1ea0229aad6ce6fdf0e020c46efec040489afe5d331f5b8ff373e0fb,2679,1983,4,8,uint8,png,RGBA,SEM,,Overview,Overview,sample_Q980_0h_WC_Overview,Q980_0h_WC,roi_680,Helios NanoLab_InLens_20000.0kV_600.0x,"{""raw_metadata"": {""File Name"": 680, ""SEM"": ""Helios NanoLab"", ""Detector"": ""InLens"", ""Gun"": ""FEG"", ""Voltage"": 20000, ""Magnification"": 600, ""Etching"": ""Nital"", ""Sample"": ""Q980_0h_WC"", ""Kind"": ""Overview"", ""Pixel Size"": 1.04167e-07, ""Beam Current"": 1.375e-09, ""Dwell Time"": 3e-07, ""Dwell Time cat"": ""low"", ""Chamber Pressure"": 0.000407144, ""Working Distance"": 0.00796278}, ""normalized"": {""microscope"": ""Helios NanoLab"", ""instrument"": ""Helios NanoLab"", ""detector"": ""InLens"", ""accelerating_voltage_kv"": 20000.0, ""magnification"": 600.0, ""pixel_size_nm"": 1.04167e-07, ""beam_current_na"": 1.375e-09, ""dwell_time_us"": 3e-07, ""working_distance_mm"": 7.9628, ""chamber_pressure_pa"": 0.000407144, ""sample"": ""Q980_0h_WC"", ""sample_state"": ""Overview"", ""etching_agent"": ""Nital"", ""imaging_mode"": ""SEM"", ""scale"": ""1.04167e-07 nm/pixel"", ""acquisition_date_if_available"": null}}",,,,
hcci,Q980_0h_WC,hcci_681,Images\681.png,C:\Users\Pranet\Downloads\Mini Project\data\raw\hcci\Images\681.png,681.png,.png,3859967,8451395c70fa95ee6d95856cf88d9d1de47a67d394f07d157e995425eea50cb6,2476,1762,4,8,uint8,png,RGBA,SEM,,Detail,Detail,sample_Q980_0h_WC_Detail,Q980_0h_WC,roi_681,Helios NanoLab_SE_20000.0kV_3250.0x,"{""raw_metadata"": {""File Name"": 681, ""SEM"": ""Helios NanoLab"", ""Detector"": ""SE"", ""Gun"": ""FEG"", ""Voltage"": 20000, ""Magnification"": 3250, ""Etching"": ""Nital"", ""Sample"": ""Q980_0h_WC"", ""Kind"": ""Detail"", ""Pixel Size"": 1.92308e-08, ""Beam Current"": 1.375e-09, ""Dwell Time"": 1e-05, ""Dwell Time cat"": ""high"", ""Chamber Pressure"": 0.000407144, ""Working Distance"": 0.0079591}, ""normalized"": {""microscope"": ""Helios NanoLab"", ""instrument"": ""Helios NanoLab"", ""detector"": ""SE"", ""accelerating_voltage_kv"": 20000.0, ""magnification"": 3250.0, ""pixel_size_nm"": 1.92308e-08, ""beam_current_na"": 1.375e-09, ""dwell_time_us"": 1e-05, ""working_distance_mm"": 7.9591, ""chamber_pressure_pa"": 0.000407144, ""sample"": ""Q980_0h_WC"", ""sample_state"": ""Detail"", ""etching_agent"": ""Nital"", ""imaging_mode"": ""SEM"", ""scale"": ""1.92308e-08 nm/pixel"", ""acquisition_date_if_available"": null}}",,,,
hcci,Q980_0h_WC,hcci_682,Images\682.png,C:\Users\Pranet\Downloads\Mini Project\data\raw\hcci\Images\682.png,682.png,.png,5148125,10409ad1326128c475c7cfcbadfba9830e4d38a67907b8c693d0ec5461286cd5,2476,1762,4,8,uint8,png,RGBA,SEM,,Detail,Detail,sample_Q980_0h_WC_Detail,Q980_0h_WC,roi_682,Helios NanoLab_SE_20000.0kV_3250.0x,"{""raw_metadata"": {""File Name"": 682, ""SEM"": ""Helios NanoLab"", ""Detector"": ""SE"", ""Gun"": ""FEG"", ""Voltage"": 20000, ""Magnification"": 3250, ""Etching"": ""Nital"", ""Sample"": ""Q980_0h_WC"", ""Kind"": ""Detail"", ""Pixel Size"": 1.92308e-08, ""Beam Current"": 1.375e-09, ""Dwell Time"": 3e-07, ""Dwell Time cat"": ""low"", ""Chamber Pressure"": 0.000407144, ""Working Distance"": 0.0079591}, ""normalized"": {""microscope"": ""Helios NanoLab"", ""instrument"": ""Helios NanoLab"", ""detector"": ""SE"", ""accelerating_voltage_kv"": 20000.0, ""magnification"": 3250.0, ""pixel_size_nm"": 1.92308e-08, ""beam_current_na"": 1.375e-09, ""dwell_time_us"": 3e-07, ""working_distance_mm"": 7.9591, ""chamber_pressure_pa"": 0.000407144, ""sample"": ""Q980_0h_WC"", ""sample_state"": ""Detail"", ""etching_agent"": ""Nital"", ""imaging_mode"": ""SEM"", ""scale"": ""1.92308e-08 nm/pixel"", ""acquisition_date_if_available"": null}}",,,,
hcci,Q980_0h_WC,hcci_683,Images\683.png,C:\Users\Pranet\Downloads\Mini Project\data\raw\hcci\Images\683.png,683.png,.png,3831787,41634b651f40682fcf90ad8a3451ac5b451c90d3f3f6df3a74f9447d25324fff,2476,1762,4,8,uint8,png,RGBA,SEM,,Detail,Detail,sample_Q980_0h_WC_Detail,Q980_0h_WC,roi_683,Helios NanoLab_BSE_20000.0kV_3250.0x,"{""raw_metadata"": {""File Name"": 683, ""SEM"": ""Helios NanoLab"", ""Detector"": ""BSE"", ""Gun"": ""FEG"", ""Voltage"": 20000, ""Magnification"": 3250, ""Etching"": ""Nital"", ""Sample"": ""Q980_0h_WC"", ""Kind"": ""Detail"", ""Pixel Size"": 1.92308e-08, ""Beam Current"": 1.375e-09, ""Dwell Time"": 1e-05, ""Dwell Time cat"": ""high"", ""Chamber Pressure"": 0.000407144, ""Working Distance"": 0.0079591}, ""normalized"": {""microscope"": ""Helios NanoLab"", ""instrument"": ""Helios NanoLab"", ""detector"": ""BSE"", ""accelerating_voltage_kv"": 20000.0, ""magnification"": 3250.0, ""pixel_size_nm"": 1.92308e-08, ""beam_current_na"": 1.375e-09, ""dwell_time_us"": 1e-05, ""working_distance_mm"": 7.9591, ""chamber_pressure_pa"": 0.000407144, ""sample"": ""Q980_0h_WC"", ""sample_state"": ""Detail"", ""etching_agent"": ""Nital"", ""imaging_mode"": ""SEM"", ""scale"": ""1.92308e-08 nm/pixel"", ""acquisition_date_if_available"": null}}",,,,
hcci,Q980_0h_WC,hcci_684,Images\684.png,C:\Users\Pranet\Downloads\Mini Project\data\raw\hcci\Images\684.png,684.png,.png,4334140,f26ae444a8b8fb65b34a4f97c60d8092202e8bbe8a615c0200d1fc9b0e9b33da,2476,1762,4,8,uint8,png,RGBA,SEM,,Detail,Detail,sample_Q980_0h_WC_Detail,Q980_0h_WC,roi_684,Helios NanoLab_BSE_20000.0kV_3250.0x,"{""raw_metadata"": {""File Name"": 684, ""SEM"": ""Helios NanoLab"", ""Detector"": ""BSE"", ""Gun"": ""FEG"", ""Voltage"": 20000, ""Magnification"": 3250, ""Etching"": ""Nital"", ""Sample"": ""Q980_0h_WC"", ""Kind"": ""Detail"", ""Pixel Size"": 1.92308e-08, ""Beam Current"": 1.375e-09, ""Dwell Time"": 3e-07, ""Dwell Time cat"": ""low"", ""Chamber Pressure"": 0.000407144, ""Working Distance"": 0.0079591}, ""normalized"": {""microscope"": ""Helios NanoLab"", ""instrument"": ""Helios NanoLab"", ""detector"": ""BSE"", ""accelerating_voltage_kv"": 20000.0, ""magnification"": 3250.0, ""pixel_size_nm"": 1.92308e-08, ""beam_current_na"": 1.375e-09, ""dwell_time_us"": 3e-07, ""working_distance_mm"": 7.9591, ""chamber_pressure_pa"": 0.000407144, ""sample"": ""Q980_0h_WC"", ""sample_state"": ""Detail"", ""etching_agent"": ""Nital"", ""imaging_mode"": ""SEM"", ""scale"": ""1.92308e-08 nm/pixel"", ""acquisition_date_if_available"": null}}",,,,
hcci,Q980_0h_WC,hcci_685,Images\685.png,C:\Users\Pranet\Downloads\Mini Project\data\raw\hcci\Images\685.png,685.png,.png,4053195,542136ad3a16e415204af713abd3395e92180dba3a2eed543963b4de2474f555,2476,1762,4,8,uint8,png,RGBA,SEM,,Detail,Detail,sample_Q980_0h_WC_Detail,Q980_0h_WC,roi_685,Helios NanoLab_InLens_20000.0kV_3250.0x,"{""raw_metadata"": {""File Name"": 685, ""SEM"": ""Helios NanoLab"", ""Detector"": ""InLens"", ""Gun"": ""FEG"", ""Voltage"": 20000, ""Magnification"": 3250, ""Etching"": ""Nital"", ""Sample"": ""Q980_0h_WC"", ""Kind"": ""Detail"", ""Pixel Size"": 1.92308e-08, ""Beam Current"": 1.375e-09, ""Dwell Time"": 1e-05, ""Dwell Time cat"": ""high"", ""Chamber Pressure"": 0.000398397, ""Working Distance"": 0.0079591}, ""normalized"": {""microscope"": ""Helios NanoLab"", ""instrument"": ""Helios NanoLab"", ""detector"": ""InLens"", ""accelerating_voltage_kv"": 20000.0, ""magnification"": 3250.0, ""pixel_size_nm"": 1.92308e-08, ""beam_current_na"": 1.375e-09, ""dwell_time_us"": 1e-05, ""working_distance_mm"": 7.9591, ""chamber_pressure_pa"": 0.000398397, ""sample"": ""Q980_0h_WC"", ""sample_state"": ""Detail"", ""etching_agent"": ""Nital"", ""imaging_mode"": ""SEM"", ""scale"": ""1.92308e-08 nm/pixel"", ""acquisition_date_if_available"": null}}",,,,
hcci,Q980_0h_WC,hcci_686,Images\686.png,C:\Users\Pranet\Downloads\Mini Project\data\raw\hcci\Images\686.png,686.png,.png,5229263,356773f6311fd87a66a437727f1ca076b0d12b83e63ddc8d63f6f60c3019ed34,2476,1762,4,8,uint8,png,RGBA,SEM,,Detail,Detail,sample_Q980_0h_WC_Detail,Q980_0h_WC,roi_686,Helios NanoLab_InLens_20000.0kV_3250.0x,"{""raw_metadata"": {""File Name"": 686, ""SEM"": ""Helios NanoLab"", ""Detector"": ""InLens"", ""Gun"": ""FEG"", ""Voltage"": 20000, ""Magnification"": 3250, ""Etching"": ""Nital"", ""Sample"": ""Q980_0h_WC"", ""Kind"": ""Detail"", ""Pixel Size"": 1.92308e-08, ""Beam Current"": 1.375e-09, ""Dwell Time"": 3e-07, ""Dwell Time cat"": ""low"", ""Chamber Pressure"": 0.000398397, ""Working Distance"": 0.0079591}, ""normalized"": {""microscope"": ""Helios NanoLab"", ""instrument"": ""Helios NanoLab"", ""detector"": ""InLens"", ""accelerating_voltage_kv"": 20000.0, ""magnification"": 3250.0, ""pixel_size_nm"": 1.92308e-08, ""beam_current_na"": 1.375e-09, ""dwell_time_us"": 3e-07, ""working_distance_mm"": 7.9591, ""chamber_pressure_pa"": 0.000398397, ""sample"": ""Q980_0h_WC"", ""sample_state"": ""Detail"", ""etching_agent"": ""Nital"", ""imaging_mode"": ""SEM"", ""scale"": ""1.92308e-08 nm/pixel"", ""acquisition_date_if_available"": null}}",,,,
hcci,Q980_9h_AC,hcci_687,Images\687.png,C:\Users\Pranet\Downloads\Mini Project\data\raw\hcci\Images\687.png,687.png,.png,5684891,c2a56e53097907fb41cea90992ea4a1e8fca01e4399b83c9b571ca1187fefef8,2824,1971,4,8,uint8,png,RGBA,SEM,,Overview,Overview,sample_Q980_9h_AC_Overview,Q980_9h_AC,roi_687,Helios NanoLab_SE_5000.0kV_600.0x,"{""raw_metadata"": {""File Name"": 687, ""SEM"": ""Helios NanoLab"", ""Detector"": ""SE"", ""Gun"": ""FEG"", ""Voltage"": 5000, ""Magnification"": 600, ""Etching"": ""Nital"", ""Sample"": ""Q980_9h_AC"", ""Kind"": ""Overview"", ""Pixel Size"": 1.04167e-07, ""Beam Current"": 1.375e-09, ""Dwell Time"": 1e-05, ""Dwell Time cat"": ""high"", ""Chamber Pressure"": 0.000634517, ""Working Distance"": 0.00788862}, ""normalized"": {""microscope"": ""Helios NanoLab"", ""instrument"": ""Helios NanoLab"", ""detector"": ""SE"", ""accelerating_voltage_kv"": 5000.0, ""magnification"": 600.0, ""pixel_size_nm"": 1.04167e-07, ""beam_current_na"": 1.375e-09, ""dwell_time_us"": 1e-05, ""working_distance_mm"": 7.8886, ""chamber_pressure_pa"": 0.000634517, ""sample"": ""Q980_9h_AC"", ""sample_state"": ""Overview"", ""etching_agent"": ""Nital"", ""imaging_mode"": ""SEM"", ""scale"": ""1.04167e-07 nm/pixel"", ""acquisition_date_if_available"": null}}",,,,
hcci,Q980_9h_AC,hcci_688,Images\688.png,C:\Users\Pranet\Downloads\Mini Project\data\raw\hcci\Images\688.png,688.png,.png,6610771,347a2e37abdf0733ad97f2804aa93dd60f29d3885b3f8a37028abf06616b7182,2824,1971,4,8,uint8,png,RGBA,SEM,,Overview,Overview,sample_Q980_9h_AC_Overview,Q980_9h_AC,roi_688,Helios NanoLab_SE_5000.0kV_600.0x,"{""raw_metadata"": {""File Name"": 688, ""SEM"": ""Helios NanoLab"", ""Detector"": ""SE"", ""Gun"": ""FEG"", ""Voltage"": 5000, ""Magnification"": 600, ""Etching"": ""Nital"", ""Sample"": ""Q980_9h_AC"", ""Kind"": ""Overview"", ""Pixel Size"": 1.04167e-07, ""Beam Current"": 1.375e-09, ""Dwell Time"": 3e-07, ""Dwell Time cat"": ""low"", ""Chamber Pressure"": 0.000634517, ""Working Distance"": 0.00788862}, ""normalized"": {""microscope"": ""Helios NanoLab"", ""instrument"": ""Helios NanoLab"", ""detector"": ""SE"", ""accelerating_voltage_kv"": 5000.0, ""magnification"": 600.0, ""pixel_size_nm"": 1.04167e-07, ""beam_current_na"": 1.375e-09, ""dwell_time_us"": 3e-07, ""working_distance_mm"": 7.8886, ""chamber_pressure_pa"": 0.000634517, ""sample"": ""Q980_9h_AC"", ""sample_state"": ""Overview"", ""etching_agent"": ""Nital"", ""imaging_mode"": ""SEM"", ""scale"": ""1.04167e-07 nm/pixel"", ""acquisition_date_if_available"": null}}",,,,
hcci,Q980_9h_AC,hcci_689,Images\689.png,C:\Users\Pranet\Downloads\Mini Project\data\raw\hcci\Images\689.png,689.png,.png,4803639,7863da4b352ea13502017ed1498326b31f3e7bbab3f7600abd4d64fb97496125,2824,1971,4,8,uint8,png,RGBA,SEM,,Overview,Overview,sample_Q980_9h_AC_Overview,Q980_9h_AC,roi_689,Helios NanoLab_BSE_5000.0kV_600.0x,"{""raw_metadata"": {""File Name"": 689, ""SEM"": ""Helios NanoLab"", ""Detector"": ""BSE"", ""Gun"": ""FEG"", ""Voltage"": 5000, ""Magnification"": 600, ""Etching"": ""Nital"", ""Sample"": ""Q980_9h_AC"", ""Kind"": ""Overview"", ""Pixel Size"": 1.04167e-07, ""Beam Current"": 1.375e-09, ""Dwell Time"": 1e-05, ""Dwell Time cat"": ""high"", ""Chamber Pressure"": 0.000596702, ""Working Distance"": 0.00788862}, ""normalized"": {""microscope"": ""Helios NanoLab"", ""instrument"": ""Helios NanoLab"", ""detector"": ""BSE"", ""accelerating_voltage_kv"": 5000.0, ""magnification"": 600.0, ""pixel_size_nm"": 1.04167e-07, ""beam_current_na"": 1.375e-09, ""dwell_time_us"": 1e-05, ""working_distance_mm"": 7.8886, ""chamber_pressure_pa"": 0.000596702, ""sample"": ""Q980_9h_AC"", ""sample_state"": ""Overview"", ""etching_agent"": ""Nital"", ""imaging_mode"": ""SEM"", ""scale"": ""1.04167e-07 nm/pixel"", ""acquisition_date_if_available"": null}}",,,,
hcci,Q980_0h_WC,hcci_69,Images\69.png,C:\Users\Pranet\Downloads\Mini Project\data\raw\hcci\Images\69.png,69.png,.png,4363891,1c6bbd2a1ab1b135082b885b1a3715d6e18277349631236f5bd64aeab5c9df64,2651,1896,4,8,uint8,png,RGBA,SEM,,Detail,Detail,sample_Q980_0h_WC_Detail,Q980_0h_WC,roi_69,Helios G4 PFIB CXe_BSE_20000.0kV_5000.0x,"{""raw_metadata"": {""File Name"": 69, ""SEM"": ""Helios G4 PFIB CXe"", ""Detector"": ""BSE"", ""Gun"": ""FEG"", ""Voltage"": 20000, ""Magnification"": 5000, ""Etching"": ""Vilella"", ""Sample"": ""Q980_0h_WC"", ""Kind"": ""Detail"", ""Pixel Size"": 1.34896e-08, ""Beam Current"": 1.6e-09, ""Dwell Time"": 1e-05, ""Dwell Time cat"": ""high"", ""Chamber Pressure"": 0.000117, ""Working Distance"": 0.00621747}, ""normalized"": {""microscope"": ""Helios G4 PFIB CXe"", ""instrument"": ""Helios G4 PFIB CXe"", ""detector"": ""BSE"", ""accelerating_voltage_kv"": 20000.0, ""magnification"": 5000.0, ""pixel_size_nm"": 1.34896e-08, ""beam_current_na"": 1.6e-09, ""dwell_time_us"": 1e-05, ""working_distance_mm"": 6.2175, ""chamber_pressure_pa"": 0.000117, ""sample"": ""Q980_0h_WC"", ""sample_state"": ""Detail"", ""etching_agent"": ""Vilella"", ""imaging_mode"": ""SEM"", ""scale"": ""1.34896e-08 nm/pixel"", ""acquisition_date_if_available"": null}}",,,,
hcci,Q980_9h_AC,hcci_690,Images\690.png,C:\Users\Pranet\Downloads\Mini Project\data\raw\hcci\Images\690.png,690.png,.png,6888451,3039f558029290a11f5bddb7525f1e6b3b7082942df1ce03a50d8e26da19837f,2824,1971,4,8,uint8,png,RGBA,SEM,,Overview,Overview,sample_Q980_9h_AC_Overview,Q980_9h_AC,roi_690,Helios NanoLab_BSE_5000.0kV_600.0x,"{""raw_metadata"": {""File Name"": 690, ""SEM"": ""Helios NanoLab"", ""Detector"": ""BSE"", ""Gun"": ""FEG"", ""Voltage"": 5000, ""Magnification"": 600, ""Etching"": ""Nital"", ""Sample"": ""Q980_9h_AC"", ""Kind"": ""Overview"", ""Pixel Size"": 1.04167e-07, ""Beam Current"": 1.375e-09, ""Dwell Time"": 3e-07, ""Dwell Time cat"": ""low"", ""Chamber Pressure"": 0.000596702, ""Working Distance"": 0.00788862}, ""normalized"": {""microscope"": ""Helios NanoLab"", ""instrument"": ""Helios NanoLab"", ""detector"": ""BSE"", ""accelerating_voltage_kv"": 5000.0, ""magnification"": 600.0, ""pixel_size_nm"": 1.04167e-07, ""beam_current_na"": 1.375e-09, ""dwell_time_us"": 3e-07, ""working_distance_mm"": 7.8886, ""chamber_pressure_pa"": 0.000596702, ""sample"": ""Q980_9h_AC"", ""sample_state"": ""Overview"", ""etching_agent"": ""Nital"", ""imaging_mode"": ""SEM"", ""scale"": ""1.04167e-07 nm/pixel"", ""acquisition_date_if_available"": null}}",,,,
hcci,Q980_9h_AC,hcci_691,Images\691.png,C:\Users\Pranet\Downloads\Mini Project\data\raw\hcci\Images\691.png,691.png,.png,4710053,3faf5c5eaccc494eb25f8c0811b83a280e7207c09d74a309d853fcd6a426fb4f,2824,1971,4,8,uint8,png,RGBA,SEM,,Overview,Overview,sample_Q980_9h_AC_Overview,Q980_9h_AC,roi_691,Helios NanoLab_InLens_5000.0kV_600.0x,"{""raw_metadata"": {""File Name"": 691, ""SEM"": ""Helios NanoLab"", ""Detector"": ""InLens"", ""Gun"": ""FEG"", ""Voltage"": 5000, ""Magnification"": 600, ""Etching"": ""Nital"", ""Sample"": ""Q980_9h_AC"", ""Kind"": ""Overview"", ""Pixel Size"": 1.04167e-07, ""Beam Current"": 1.375e-09, ""Dwell Time"": 1e-05, ""Dwell Time cat"": ""high"", ""Chamber Pressure"": 0.000559122, ""Working Distance"": 0.00788862}, ""normalized"": {""microscope"": ""Helios NanoLab"", ""instrument"": ""Helios NanoLab"", ""detector"": ""InLens"", ""accelerating_voltage_kv"": 5000.0, ""magnification"": 600.0, ""pixel_size_nm"": 1.04167e-07, ""beam_current_na"": 1.375e-09, ""dwell_time_us"": 1e-05, ""working_distance_mm"": 7.8886, ""chamber_pressure_pa"": 0.000559122, ""sample"": ""Q980_9h_AC"", ""sample_state"": ""Overview"", ""etching_agent"": ""Nital"", ""imaging_mode"": ""SEM"", ""scale"": ""1.04167e-07 nm/pixel"", ""acquisition_date_if_available"": null}}",,,,
hcci,Q980_9h_AC,hcci_692,Images\692.png,C:\Users\Pranet\Downloads\Mini Project\data\raw\hcci\Images\692.png,692.png,.png,6836009,e46c8b69472414e32a7a760ffefeb0ae35973d96cde04efecbb96208964d6adb,2824,1971,4,8,uint8,png,RGBA,SEM,,Overview,Overview,sample_Q980_9h_AC_Overview,Q980_9h_AC,roi_692,Helios NanoLab_InLens_5000.0kV_600.0x,"{""raw_metadata"": {""File Name"": 692, ""SEM"": ""Helios NanoLab"", ""Detector"": ""InLens"", ""Gun"": ""FEG"", ""Voltage"": 5000, ""Magnification"": 600, ""Etching"": ""Nital"", ""Sample"": ""Q980_9h_AC"", ""Kind"": ""Overview"", ""Pixel Size"": 1.04167e-07, ""Beam Current"": 1.375e-09, ""Dwell Time"": 3e-07, ""Dwell Time cat"": ""low"", ""Chamber Pressure"": 0.000559122, ""Working Distance"": 0.00788862}, ""normalized"": {""microscope"": ""Helios NanoLab"", ""instrument"": ""Helios NanoLab"", ""detector"": ""InLens"", ""accelerating_voltage_kv"": 5000.0, ""magnification"": 600.0, ""pixel_size_nm"": 1.04167e-07, ""beam_current_na"": 1.375e-09, ""dwell_time_us"": 3e-07, ""working_distance_mm"": 7.8886, ""chamber_pressure_pa"": 0.000559122, ""sample"": ""Q980_9h_AC"", ""sample_state"": ""Overview"", ""etching_agent"": ""Nital"", ""imaging_mode"": ""SEM"", ""scale"": ""1.04167e-07 nm/pixel"", ""acquisition_date_if_available"": null}}",,,,
hcci,Q980_9h_AC,hcci_693,Images\693.png,C:\Users\Pranet\Downloads\Mini Project\data\raw\hcci\Images\693.png,693.png,.png,3367642,bb23bee41f68605f61effe20c2ecac565a8560529f060d78e7d9eae34c2c1b2a,1959,1792,4,8,uint8,png,RGBA,SEM,,Detail,Detail,sample_Q980_9h_AC_Detail,Q980_9h_AC,roi_693,Helios NanoLab_SE_5000.0kV_3250.0x,"{""raw_metadata"": {""File Name"": 693, ""SEM"": ""Helios NanoLab"", ""Detector"": ""SE"", ""Gun"": ""FEG"", ""Voltage"": 5000, ""Magnification"": 3250, ""Etching"": ""Nital"", ""Sample"": ""Q980_9h_AC"", ""Kind"": ""Detail"", ""Pixel Size"": 1.92308e-08, ""Beam Current"": 1.375e-09, ""Dwell Time"": 1e-05, ""Dwell Time cat"": ""high"", ""Chamber Pressure"": 0.000526709, ""Working Distance"": 0.0078758}, ""normalized"": {""microscope"": ""Helios NanoLab"", ""instrument"": ""Helios NanoLab"", ""detector"": ""SE"", ""accelerating_voltage_kv"": 5000.0, ""magnification"": 3250.0, ""pixel_size_nm"": 1.92308e-08, ""beam_current_na"": 1.375e-09, ""dwell_time_us"": 1e-05, ""working_distance_mm"": 7.8758, ""chamber_pressure_pa"": 0.000526709, ""sample"": ""Q980_9h_AC"", ""sample_state"": ""Detail"", ""etching_agent"": ""Nital"", ""imaging_mode"": ""SEM"", ""scale"": ""1.92308e-08 nm/pixel"", ""acquisition_date_if_available"": null}}",,,,
hcci,Q980_9h_AC,hcci_694,Images\694.png,C:\Users\Pranet\Downloads\Mini Project\data\raw\hcci\Images\694.png,694.png,.png,4438452,2d3725ddbce664b9cf2d0b29748a347e310c5a65224d0ddee43b32f4e7e84677,1959,1792,4,8,uint8,png,RGBA,SEM,,Detail,Detail,sample_Q980_9h_AC_Detail,Q980_9h_AC,roi_694,Helios NanoLab_SE_5000.0kV_3250.0x,"{""raw_metadata"": {""File Name"": 694, ""SEM"": ""Helios NanoLab"", ""Detector"": ""SE"", ""Gun"": ""FEG"", ""Voltage"": 5000, ""Magnification"": 3250, ""Etching"": ""Nital"", ""Sample"": ""Q980_9h_AC"", ""Kind"": ""Detail"", ""Pixel Size"": 1.92308e-08, ""Beam Current"": 1.375e-09, ""Dwell Time"": 3e-07, ""Dwell Time cat"": ""low"", ""Chamber Pressure"": 0.000526709, ""Working Distance"": 0.0078758}, ""normalized"": {""microscope"": ""Helios NanoLab"", ""instrument"": ""Helios NanoLab"", ""detector"": ""SE"", ""accelerating_voltage_kv"": 5000.0, ""magnification"": 3250.0, ""pixel_size_nm"": 1.92308e-08, ""beam_current_na"": 1.375e-09, ""dwell_time_us"": 3e-07, ""working_distance_mm"": 7.8758, ""chamber_pressure_pa"": 0.000526709, ""sample"": ""Q980_9h_AC"", ""sample_state"": ""Detail"", ""etching_agent"": ""Nital"", ""imaging_mode"": ""SEM"", ""scale"": ""1.92308e-08 nm/pixel"", ""acquisition_date_if_available"": null}}",,,,
hcci,Q980_9h_AC,hcci_695,Images\695.png,C:\Users\Pranet\Downloads\Mini Project\data\raw\hcci\Images\695.png,695.png,.png,2876249,2fab9519e98a54e1cbd264409ea831f82d75a8504f3e40a11e612f4920f7f0c3,1959,1792,4,8,uint8,png,RGBA,SEM,,Detail,Detail,sample_Q980_9h_AC_Detail,Q980_9h_AC,roi_695,Helios NanoLab_BSE_5000.0kV_3250.0x,"{""raw_metadata"": {""File Name"": 695, ""SEM"": ""Helios NanoLab"", ""Detector"": ""BSE"", ""Gun"": ""FEG"", ""Voltage"": 5000, ""Magnification"": 3250, ""Etching"": ""Nital"", ""Sample"": ""Q980_9h_AC"", ""Kind"": ""Detail"", ""Pixel Size"": 1.92308e-08, ""Beam Current"": 1.375e-09, ""Dwell Time"": 1e-05, ""Dwell Time cat"": ""high"", ""Chamber Pressure"": 0.000542916, ""Working Distance"": 0.0078758}, ""normalized"": {""microscope"": ""Helios NanoLab"", ""instrument"": ""Helios NanoLab"", ""detector"": ""BSE"", ""accelerating_voltage_kv"": 5000.0, ""magnification"": 3250.0, ""pixel_size_nm"": 1.92308e-08, ""beam_current_na"": 1.375e-09, ""dwell_time_us"": 1e-05, ""working_distance_mm"": 7.8758, ""chamber_pressure_pa"": 0.000542916, ""sample"": ""Q980_9h_AC"", ""sample_state"": ""Detail"", ""etching_agent"": ""Nital"", ""imaging_mode"": ""SEM"", ""scale"": ""1.92308e-08 nm/pixel"", ""acquisition_date_if_available"": null}}",,,,
hcci,Q980_9h_AC,hcci_696,Images\696.png,C:\Users\Pranet\Downloads\Mini Project\data\raw\hcci\Images\696.png,696.png,.png,4074382,4ba742b4d44eb29b3a1b1b988516fd4f79e63b068afd7b76f1a407dd30e1cacf,1959,1792,4,8,uint8,png,RGBA,SEM,,Detail,Detail,sample_Q980_9h_AC_Detail,Q980_9h_AC,roi_696,Helios NanoLab_BSE_5000.0kV_3250.0x,"{""raw_metadata"": {""File Name"": 696, ""SEM"": ""Helios NanoLab"", ""Detector"": ""BSE"", ""Gun"": ""FEG"", ""Voltage"": 5000, ""Magnification"": 3250, ""Etching"": ""Nital"", ""Sample"": ""Q980_9h_AC"", ""Kind"": ""Detail"", ""Pixel Size"": 1.92308e-08, ""Beam Current"": 1.375e-09, ""Dwell Time"": 3e-07, ""Dwell Time cat"": ""low"", ""Chamber Pressure"": 0.000542916, ""Working Distance"": 0.0078758}, ""normalized"": {""microscope"": ""Helios NanoLab"", ""instrument"": ""Helios NanoLab"", ""detector"": ""BSE"", ""accelerating_voltage_kv"": 5000.0, ""magnification"": 3250.0, ""pixel_size_nm"": 1.92308e-08, ""beam_current_na"": 1.375e-09, ""dwell_time_us"": 3e-07, ""working_distance_mm"": 7.8758, ""chamber_pressure_pa"": 0.000542916, ""sample"": ""Q980_9h_AC"", ""sample_state"": ""Detail"", ""etching_agent"": ""Nital"", ""imaging_mode"": ""SEM"", ""scale"": ""1.92308e-08 nm/pixel"", ""acquisition_date_if_available"": null}}",,,,
hcci,Q980_9h_AC,hcci_697,Images\697.png,C:\Users\Pranet\Downloads\Mini Project\data\raw\hcci\Images\697.png,697.png,.png,3721977,8d2429491bcb1bd14ebdbba6aafd2175be3cc9887ed16b8c2986e61cbb388378,1959,1792,4,8,uint8,png,RGBA,SEM,,Detail,Detail,sample_Q980_9h_AC_Detail,Q980_9h_AC,roi_697,Helios NanoLab_InLens_5000.0kV_3250.0x,"{""raw_metadata"": {""File Name"": 697, ""SEM"": ""Helios NanoLab"", ""Detector"": ""InLens"", ""Gun"": ""FEG"", ""Voltage"": 5000, ""Magnification"": 3250, ""Etching"": ""Nital"", ""Sample"": ""Q980_9h_AC"", ""Kind"": ""Detail"", ""Pixel Size"": 1.92308e-08, ""Beam Current"": 1.375e-09, ""Dwell Time"": 1e-05, ""Dwell Time cat"": ""high"", ""Chamber Pressure"": 0.000478091, ""Working Distance"": 0.00785405}, ""normalized"": {""microscope"": ""Helios NanoLab"", ""instrument"": ""Helios NanoLab"", ""detector"": ""InLens"", ""accelerating_voltage_kv"": 5000.0, ""magnification"": 3250.0, ""pixel_size_nm"": 1.92308e-08, ""beam_current_na"": 1.375e-09, ""dwell_time_us"": 1e-05, ""working_distance_mm"": 7.854, ""chamber_pressure_pa"": 0.000478091, ""sample"": ""Q980_9h_AC"", ""sample_state"": ""Detail"", ""etching_agent"": ""Nital"", ""imaging_mode"": ""SEM"", ""scale"": ""1.92308e-08 nm/pixel"", ""acquisition_date_if_available"": null}}",,,,
hcci,Q980_9h_AC,hcci_698,Images\698.png,C:\Users\Pranet\Downloads\Mini Project\data\raw\hcci\Images\698.png,698.png,.png,4047666,3d1dcc15e00058720b89758641b3cd0044387e4ff35628f0314ded4d0135210c,1959,1792,4,8,uint8,png,RGBA,SEM,,Detail,Detail,sample_Q980_9h_AC_Detail,Q980_9h_AC,roi_698,Helios NanoLab_InLens_5000.0kV_3250.0x,"{""raw_metadata"": {""File Name"": 698, ""SEM"": ""Helios NanoLab"", ""Detector"": ""InLens"", ""Gun"": ""FEG"", ""Voltage"": 5000, ""Magnification"": 3250, ""Etching"": ""Nital"", ""Sample"": ""Q980_9h_AC"", ""Kind"": ""Detail"", ""Pixel Size"": 1.92308e-08, ""Beam Current"": 1.375e-09, ""Dwell Time"": 3e-07, ""Dwell Time cat"": ""low"", ""Chamber Pressure"": 0.000478091, ""Working Distance"": 0.00785405}, ""normalized"": {""microscope"": ""Helios NanoLab"", ""instrument"": ""Helios NanoLab"", ""detector"": ""InLens"", ""accelerating_voltage_kv"": 5000.0, ""magnification"": 3250.0, ""pixel_size_nm"": 1.92308e-08, ""beam_current_na"": 1.375e-09, ""dwell_time_us"": 3e-07, ""working_distance_mm"": 7.854, ""chamber_pressure_pa"": 0.000478091, ""sample"": ""Q980_9h_AC"", ""sample_state"": ""Detail"", ""etching_agent"": ""Nital"", ""imaging_mode"": ""SEM"", ""scale"": ""1.92308e-08 nm/pixel"", ""acquisition_date_if_available"": null}}",,,,
hcci,Q980_9h_AC,hcci_699,Images\699.png,C:\Users\Pranet\Downloads\Mini Project\data\raw\hcci\Images\699.png,699.png,.png,5634459,5087e0e16472e8cc93d07da6cb05c0454d053715b581e3694245843cdfe4a28d,2824,1971,4,8,uint8,png,RGBA,SEM,,Overview,Overview,sample_Q980_9h_AC_Overview,Q980_9h_AC,roi_699,Helios NanoLab_SE_10000.0kV_600.0x,"{""raw_metadata"": {""File Name"": 699, ""SEM"": ""Helios NanoLab"", ""Detector"": ""SE"", ""Gun"": ""FEG"", ""Voltage"": 10000, ""Magnification"": 600, ""Etching"": ""Nital"", ""Sample"": ""Q980_9h_AC"", ""Kind"": ""Overview"", ""Pixel Size"": 1.04167e-07, ""Beam Current"": 1.375e-09, ""Dwell Time"": 1e-05, ""Dwell Time cat"": ""high"", ""Chamber Pressure"": 0.000437755, ""Working Distance"": 0.00791781}, ""normalized"": {""microscope"": ""Helios NanoLab"", ""instrument"": ""Helios NanoLab"", ""detector"": ""SE"", ""accelerating_voltage_kv"": 10000.0, ""magnification"": 600.0, ""pixel_size_nm"": 1.04167e-07, ""beam_current_na"": 1.375e-09, ""dwell_time_us"": 1e-05, ""working_distance_mm"": 7.9178, ""chamber_pressure_pa"": 0.000437755, ""sample"": ""Q980_9h_AC"", ""sample_state"": ""Overview"", ""etching_agent"": ""Nital"", ""imaging_mode"": ""SEM"", ""scale"": ""1.04167e-07 nm/pixel"", ""acquisition_date_if_available"": null}}",,,,
hcci,AsCast,hcci_7,Images\7.png,C:\Users\Pranet\Downloads\Mini Project\data\raw\hcci\Images\7.png,7.png,.png,4788615,b31854565540ed834b9106e6115c61d0d5d691dd9c000880b4961eae4d1d4753,2697,1810,4,8,uint8,png,RGBA,SEM,,Detail,Detail,sample_AsCast_Detail,AsCast,roi_7,Helios G4 PFIB CXe_SE_5000.0kV_5000.0x,"{""raw_metadata"": {""File Name"": 7, ""SEM"": ""Helios G4 PFIB CXe"", ""Detector"": ""SE"", ""Gun"": ""FEG"", ""Voltage"": 5000, ""Magnification"": 5000, ""Etching"": ""Vilella"", ""Sample"": ""AsCast"", ""Kind"": ""Detail"", ""Pixel Size"": 1.34896e-08, ""Beam Current"": 1.6e-09, ""Dwell Time"": 1e-05, ""Dwell Time cat"": ""high"", ""Chamber Pressure"": 0.000582, ""Working Distance"": 0.00679232}, ""normalized"": {""microscope"": ""Helios G4 PFIB CXe"", ""instrument"": ""Helios G4 PFIB CXe"", ""detector"": ""SE"", ""accelerating_voltage_kv"": 5000.0, ""magnification"": 5000.0, ""pixel_size_nm"": 1.34896e-08, ""beam_current_na"": 1.6e-09, ""dwell_time_us"": 1e-05, ""working_distance_mm"": 6.7923, ""chamber_pressure_pa"": 0.000582, ""sample"": ""AsCast"", ""sample_state"": ""Detail"", ""etching_agent"": ""Vilella"", ""imaging_mode"": ""SEM"", ""scale"": ""1.34896e-08 nm/pixel"", ""acquisition_date_if_available"": null}}",,,,
hcci,Q980_9h_AC,hcci_700,Images\700.png,C:\Users\Pranet\Downloads\Mini Project\data\raw\hcci\Images\700.png,700.png,.png,6928170,a5a766ad13a82c397dc758de94ff7e0e7a5990cbc98d49f951c388cc4dcaf8b3,2824,1971,4,8,uint8,png,RGBA,SEM,,Overview,Overview,sample_Q980_9h_AC_Overview,Q980_9h_AC,roi_700,Helios NanoLab_SE_10000.0kV_600.0x,"{""raw_metadata"": {""File Name"": 700, ""SEM"": ""Helios NanoLab"", ""Detector"": ""SE"", ""Gun"": ""FEG"", ""Voltage"": 10000, ""Magnification"": 600, ""Etching"": ""Nital"", ""Sample"": ""Q980_9h_AC"", ""Kind"": ""Overview"", ""Pixel Size"": 1.04167e-07, ""Beam Current"": 1.375e-09, ""Dwell Time"": 3e-07, ""Dwell Time cat"": ""low"", ""Chamber Pressure"": 0.000437755, ""Working Distance"": 0.00791781}, ""normalized"": {""microscope"": ""Helios NanoLab"", ""instrument"": ""Helios NanoLab"", ""detector"": ""SE"", ""accelerating_voltage_kv"": 10000.0, ""magnification"": 600.0, ""pixel_size_nm"": 1.04167e-07, ""beam_current_na"": 1.375e-09, ""dwell_time_us"": 3e-07, ""working_distance_mm"": 7.9178, ""chamber_pressure_pa"": 0.000437755, ""sample"": ""Q980_9h_AC"", ""sample_state"": ""Overview"", ""etching_agent"": ""Nital"", ""imaging_mode"": ""SEM"", ""scale"": ""1.04167e-07 nm/pixel"", ""acquisition_date_if_available"": null}}",,,,
hcci,Q980_9h_AC,hcci_701,Images\701.png,C:\Users\Pranet\Downloads\Mini Project\data\raw\hcci\Images\701.png,701.png,.png,4838614,19336caa1e84cbde51fcc6c651699ae8eb7d5b2a82abcf676c78d63b41a0f5b0,2824,1971,4,8,uint8,png,RGBA,SEM,,Overview,Overview,sample_Q980_9h_AC_Overview,Q980_9h_AC,roi_701,Helios NanoLab_BSE_10000.0kV_600.0x,"{""raw_metadata"": {""File Name"": 701, ""SEM"": ""Helios NanoLab"", ""Detector"": ""BSE"", ""Gun"": ""FEG"", ""Voltage"": 10000, ""Magnification"": 600, ""Etching"": ""Nital"", ""Sample"": ""Q980_9h_AC"", ""Kind"": ""Overview"", ""Pixel Size"": 1.04167e-07, ""Beam Current"": 1.375e-09, ""Dwell Time"": 1e-05, ""Dwell Time cat"": ""high"", ""Chamber Pressure"": 0.00045108, ""Working Distance"": 0.00791781}, ""normalized"": {""microscope"": ""Helios NanoLab"", ""instrument"": ""Helios NanoLab"", ""detector"": ""BSE"", ""accelerating_voltage_kv"": 10000.0, ""magnification"": 600.0, ""pixel_size_nm"": 1.04167e-07, ""beam_current_na"": 1.375e-09, ""dwell_time_us"": 1e-05, ""working_distance_mm"": 7.9178, ""chamber_pressure_pa"": 0.00045108, ""sample"": ""Q980_9h_AC"", ""sample_state"": ""Overview"", ""etching_agent"": ""Nital"", ""imaging_mode"": ""SEM"", ""scale"": ""1.04167e-07 nm/pixel"", ""acquisition_date_if_available"": null}}",,,,
hcci,Q980_9h_AC,hcci_702,Images\702.png,C:\Users\Pranet\Downloads\Mini Project\data\raw\hcci\Images\702.png,702.png,.png,6428357,3ecfeaf1065c0d3dd0d97e639e9cbcada668a6879eac71c81c069ba7300fe67e,2824,1971,4,8,uint8,png,RGBA,SEM,,Overview,Overview,sample_Q980_9h_AC_Overview,Q980_9h_AC,roi_702,Helios NanoLab_BSE_10000.0kV_600.0x,"{""raw_metadata"": {""File Name"": 702, ""SEM"": ""Helios NanoLab"", ""Detector"": ""BSE"", ""Gun"": ""FEG"", ""Voltage"": 10000, ""Magnification"": 600, ""Etching"": ""Nital"", ""Sample"": ""Q980_9h_AC"", ""Kind"": ""Overview"", ""Pixel Size"": 1.04167e-07, ""Beam Current"": 1.375e-09, ""Dwell Time"": 3e-07, ""Dwell Time cat"": ""low"", ""Chamber Pressure"": 0.00045108, ""Working Distance"": 0.00791781}, ""normalized"": {""microscope"": ""Helios NanoLab"", ""instrument"": ""Helios NanoLab"", ""detector"": ""BSE"", ""accelerating_voltage_kv"": 10000.0, ""magnification"": 600.0, ""pixel_size_nm"": 1.04167e-07, ""beam_current_na"": 1.375e-09, ""dwell_time_us"": 3e-07, ""working_distance_mm"": 7.9178, ""chamber_pressure_pa"": 0.00045108, ""sample"": ""Q980_9h_AC"", ""sample_state"": ""Overview"", ""etching_agent"": ""Nital"", ""imaging_mode"": ""SEM"", ""scale"": ""1.04167e-07 nm/pixel"", ""acquisition_date_if_available"": null}}",,,,
hcci,Q980_9h_AC,hcci_703,Images\703.png,C:\Users\Pranet\Downloads\Mini Project\data\raw\hcci\Images\703.png,703.png,.png,5679802,400d13b614d78693e8a3cbe2bae492958e056ff129db7b0917833f56f6eff093,2824,1971,4,8,uint8,png,RGBA,SEM,,Overview,Overview,sample_Q980_9h_AC_Overview,Q980_9h_AC,roi_703,Helios NanoLab_InLens_10000.0kV_600.0x,"{""raw_metadata"": {""File Name"": 703, ""SEM"": ""Helios NanoLab"", ""Detector"": ""InLens"", ""Gun"": ""FEG"", ""Voltage"": 10000, ""Magnification"": 600, ""Etching"": ""Nital"", ""Sample"": ""Q980_9h_AC"", ""Kind"": ""Overview"", ""Pixel Size"": 1.04167e-07, ""Beam Current"": 1.375e-09, ""Dwell Time"": 1e-05, ""Dwell Time cat"": ""high"", ""Chamber Pressure"": 0.000424636, ""Working Distance"": 0.00791781}, ""normalized"": {""microscope"": ""Helios NanoLab"", ""instrument"": ""Helios NanoLab"", ""detector"": ""InLens"", ""accelerating_voltage_kv"": 10000.0, ""magnification"": 600.0, ""pixel_size_nm"": 1.04167e-07, ""beam_current_na"": 1.375e-09, ""dwell_time_us"": 1e-05, ""working_distance_mm"": 7.9178, ""chamber_pressure_pa"": 0.000424636, ""sample"": ""Q980_9h_AC"", ""sample_state"": ""Overview"", ""etching_agent"": ""Nital"", ""imaging_mode"": ""SEM"", ""scale"": ""1.04167e-07 nm/pixel"", ""acquisition_date_if_available"": null}}",,,,
hcci,Q980_9h_AC,hcci_704,Images\704.png,C:\Users\Pranet\Downloads\Mini Project\data\raw\hcci\Images\704.png,704.png,.png,6910675,7ed3cb04122086be99a2ae87d7666596626b2104f57e49c98985ce11aa8a5d94,2824,1971,4,8,uint8,png,RGBA,SEM,,Overview,Overview,sample_Q980_9h_AC_Overview,Q980_9h_AC,roi_704,Helios NanoLab_InLens_10000.0kV_600.0x,"{""raw_metadata"": {""File Name"": 704, ""SEM"": ""Helios NanoLab"", ""Detector"": ""InLens"", ""Gun"": ""FEG"", ""Voltage"": 10000, ""Magnification"": 600, ""Etching"": ""Nital"", ""Sample"": ""Q980_9h_AC"", ""Kind"": ""Overview"", ""Pixel Size"": 1.04167e-07, ""Beam Current"": 1.375e-09, ""Dwell Time"": 3e-07, ""Dwell Time cat"": ""low"", ""Chamber Pressure"": 0.000424636, ""Working Distance"": 0.00791781}, ""normalized"": {""microscope"": ""Helios NanoLab"", ""instrument"": ""Helios NanoLab"", ""detector"": ""InLens"", ""accelerating_voltage_kv"": 10000.0, ""magnification"": 600.0, ""pixel_size_nm"": 1.04167e-07, ""beam_current_na"": 1.375e-09, ""dwell_time_us"": 3e-07, ""working_distance_mm"": 7.9178, ""chamber_pressure_pa"": 0.000424636, ""sample"": ""Q980_9h_AC"", ""sample_state"": ""Overview"", ""etching_agent"": ""Nital"", ""imaging_mode"": ""SEM"", ""scale"": ""1.04167e-07 nm/pixel"", ""acquisition_date_if_available"": null}}",,,,
hcci,Q980_9h_AC,hcci_705,Images\705.png,C:\Users\Pranet\Downloads\Mini Project\data\raw\hcci\Images\705.png,705.png,.png,3470546,6cf71cd10a5538a7e8547cfc841b6d427f18c6d17527642e5c3299249fb127e8,1959,1792,4,8,uint8,png,RGBA,SEM,,Detail,Detail,sample_Q980_9h_AC_Detail,Q980_9h_AC,roi_705,Helios NanoLab_SE_10000.0kV_3250.0x,"{""raw_metadata"": {""File Name"": 705, ""SEM"": ""Helios NanoLab"", ""Detector"": ""SE"", ""Gun"": ""FEG"", ""Voltage"": 10000, ""Magnification"": 3250, ""Etching"": ""Nital"", ""Sample"": ""Q980_9h_AC"", ""Kind"": ""Detail"", ""Pixel Size"": 1.92308e-08, ""Beam Current"": 1.375e-09, ""Dwell Time"": 1e-05, ""Dwell Time cat"": ""high"", ""Chamber Pressure"": 0.000398397, ""Working Distance"": 0.00791781}, ""normalized"": {""microscope"": ""Helios NanoLab"", ""instrument"": ""Helios NanoLab"", ""detector"": ""SE"", ""accelerating_voltage_kv"": 10000.0, ""magnification"": 3250.0, ""pixel_size_nm"": 1.92308e-08, ""beam_current_na"": 1.375e-09, ""dwell_time_us"": 1e-05, ""working_distance_mm"": 7.9178, ""chamber_pressure_pa"": 0.000398397, ""sample"": ""Q980_9h_AC"", ""sample_state"": ""Detail"", ""etching_agent"": ""Nital"", ""imaging_mode"": ""SEM"", ""scale"": ""1.92308e-08 nm/pixel"", ""acquisition_date_if_available"": null}}",,,,
hcci,Q980_9h_AC,hcci_706,Images\706.png,C:\Users\Pranet\Downloads\Mini Project\data\raw\hcci\Images\706.png,706.png,.png,4548992,80d49b52317ef4d8235b60a6a733e1d00f54be7fbe4eb4fe63a99ced36ccbde4,1959,1792,4,8,uint8,png,RGBA,SEM,,Detail,Detail,sample_Q980_9h_AC_Detail,Q980_9h_AC,roi_706,Helios NanoLab_SE_10000.0kV_3250.0x,"{""raw_metadata"": {""File Name"": 706, ""SEM"": ""Helios NanoLab"", ""Detector"": ""SE"", ""Gun"": ""FEG"", ""Voltage"": 10000, ""Magnification"": 3250, ""Etching"": ""Nital"", ""Sample"": ""Q980_9h_AC"", ""Kind"": ""Detail"", ""Pixel Size"": 1.92308e-08, ""Beam Current"": 1.375e-09, ""Dwell Time"": 3e-07, ""Dwell Time cat"": ""low"", ""Chamber Pressure"": 0.000398397, ""Working Distance"": 0.00791781}, ""normalized"": {""microscope"": ""Helios NanoLab"", ""instrument"": ""Helios NanoLab"", ""detector"": ""SE"", ""accelerating_voltage_kv"": 10000.0, ""magnification"": 3250.0, ""pixel_size_nm"": 1.92308e-08, ""beam_current_na"": 1.375e-09, ""dwell_time_us"": 3e-07, ""working_distance_mm"": 7.9178, ""chamber_pressure_pa"": 0.000398397, ""sample"": ""Q980_9h_AC"", ""sample_state"": ""Detail"", ""etching_agent"": ""Nital"", ""imaging_mode"": ""SEM"", ""scale"": ""1.92308e-08 nm/pixel"", ""acquisition_date_if_available"": null}}",,,,
hcci,Q980_9h_AC,hcci_707,Images\707.png,C:\Users\Pranet\Downloads\Mini Project\data\raw\hcci\Images\707.png,707.png,.png,2712431,17a2ae75df707c4f97adcd859acf0b0d6040766c1b2fb84037045e3854824df3,1959,1792,4,8,uint8,png,RGBA,SEM,,Detail,Detail,sample_Q980_9h_AC_Detail,Q980_9h_AC,roi_707,Helios NanoLab_BSE_10000.0kV_3250.0x,"{""raw_metadata"": {""File Name"": 707, ""SEM"": ""Helios NanoLab"", ""Detector"": ""BSE"", ""Gun"": ""FEG"", ""Voltage"": 10000, ""Magnification"": 3250, ""Etching"": ""Nital"", ""Sample"": ""Q980_9h_AC"", ""Kind"": ""Detail"", ""Pixel Size"": 1.92308e-08, ""Beam Current"": 1.375e-09, ""Dwell Time"": 1e-05, ""Dwell Time cat"": ""high"", ""Chamber Pressure"": 0.00041589, ""Working Distance"": 0.00791781}, ""normalized"": {""microscope"": ""Helios NanoLab"", ""instrument"": ""Helios NanoLab"", ""detector"": ""BSE"", ""accelerating_voltage_kv"": 10000.0, ""magnification"": 3250.0, ""pixel_size_nm"": 1.92308e-08, ""beam_current_na"": 1.375e-09, ""dwell_time_us"": 1e-05, ""working_distance_mm"": 7.9178, ""chamber_pressure_pa"": 0.00041589, ""sample"": ""Q980_9h_AC"", ""sample_state"": ""Detail"", ""etching_agent"": ""Nital"", ""imaging_mode"": ""SEM"", ""scale"": ""1.92308e-08 nm/pixel"", ""acquisition_date_if_available"": null}}",,,,
hcci,Q980_9h_AC,hcci_708,Images\708.png,C:\Users\Pranet\Downloads\Mini Project\data\raw\hcci\Images\708.png,708.png,.png,4043631,8c10802bcffd2187220e2f7d900404bfec53831c6e8d18a929ec7cc1b1df3011,1959,1792,4,8,uint8,png,RGBA,SEM,,Detail,Detail,sample_Q980_9h_AC_Detail,Q980_9h_AC,roi_708,Helios NanoLab_BSE_10000.0kV_3250.0x,"{""raw_metadata"": {""File Name"": 708, ""SEM"": ""Helios NanoLab"", ""Detector"": ""BSE"", ""Gun"": ""FEG"", ""Voltage"": 10000, ""Magnification"": 3250, ""Etching"": ""Nital"", ""Sample"": ""Q980_9h_AC"", ""Kind"": ""Detail"", ""Pixel Size"": 1.92308e-08, ""Beam Current"": 1.375e-09, ""Dwell Time"": 3e-07, ""Dwell Time cat"": ""low"", ""Chamber Pressure"": 0.00041589, ""Working Distance"": 0.00791781}, ""normalized"": {""microscope"": ""Helios NanoLab"", ""instrument"": ""Helios NanoLab"", ""detector"": ""BSE"", ""accelerating_voltage_kv"": 10000.0, ""magnification"": 3250.0, ""pixel_size_nm"": 1.92308e-08, ""beam_current_na"": 1.375e-09, ""dwell_time_us"": 3e-07, ""working_distance_mm"": 7.9178, ""chamber_pressure_pa"": 0.00041589, ""sample"": ""Q980_9h_AC"", ""sample_state"": ""Detail"", ""etching_agent"": ""Nital"", ""imaging_mode"": ""SEM"", ""scale"": ""1.92308e-08 nm/pixel"", ""acquisition_date_if_available"": null}}",,,,
hcci,Q980_9h_AC,hcci_709,Images\709.png,C:\Users\Pranet\Downloads\Mini Project\data\raw\hcci\Images\709.png,709.png,.png,3708241,c8b0ac3e9d1e9ab20a4f70572f3df7d6c734c0c9f276aa2e9576021eb427b1b7,1959,1792,4,8,uint8,png,RGBA,SEM,,Detail,Detail,sample_Q980_9h_AC_Detail,Q980_9h_AC,roi_709,Helios NanoLab_InLens_10000.0kV_3250.0x,"{""raw_metadata"": {""File Name"": 709, ""SEM"": ""Helios NanoLab"", ""Detector"": ""InLens"", ""Gun"": ""FEG"", ""Voltage"": 10000, ""Magnification"": 3250, ""Etching"": ""Nital"", ""Sample"": ""Q980_9h_AC"", ""Kind"": ""Detail"", ""Pixel Size"": 1.92308e-08, ""Beam Current"": 1.375e-09, ""Dwell Time"": 1e-05, ""Dwell Time cat"": ""high"", ""Chamber Pressure"": 0.00041589, ""Working Distance"": 0.00791781}, ""normalized"": {""microscope"": ""Helios NanoLab"", ""instrument"": ""Helios NanoLab"", ""detector"": ""InLens"", ""accelerating_voltage_kv"": 10000.0, ""magnification"": 3250.0, ""pixel_size_nm"": 1.92308e-08, ""beam_current_na"": 1.375e-09, ""dwell_time_us"": 1e-05, ""working_distance_mm"": 7.9178, ""chamber_pressure_pa"": 0.00041589, ""sample"": ""Q980_9h_AC"", ""sample_state"": ""Detail"", ""etching_agent"": ""Nital"", ""imaging_mode"": ""SEM"", ""scale"": ""1.92308e-08 nm/pixel"", ""acquisition_date_if_available"": null}}",,,,
hcci,Q980_0h_WC,hcci_71,Images\71.png,C:\Users\Pranet\Downloads\Mini Project\data\raw\hcci\Images\71.png,71.png,.png,5285838,9dab6f78495f5a085976c1d6515479810a95d29c13aece932b3198a7cd0b13ab,2651,1896,4,8,uint8,png,RGBA,SEM,,Detail,Detail,sample_Q980_0h_WC_Detail,Q980_0h_WC,roi_71,Helios G4 PFIB CXe_InLens_20000.0kV_5000.0x,"{""raw_metadata"": {""File Name"": 71, ""SEM"": ""Helios G4 PFIB CXe"", ""Detector"": ""InLens"", ""Gun"": ""FEG"", ""Voltage"": 20000, ""Magnification"": 5000, ""Etching"": ""Vilella"", ""Sample"": ""Q980_0h_WC"", ""Kind"": ""Detail"", ""Pixel Size"": 1.34896e-08, ""Beam Current"": 1.6e-09, ""Dwell Time"": 1e-05, ""Dwell Time cat"": ""high"", ""Chamber Pressure"": 0.000113, ""Working Distance"": 0.00621747}, ""normalized"": {""microscope"": ""Helios G4 PFIB CXe"", ""instrument"": ""Helios G4 PFIB CXe"", ""detector"": ""InLens"", ""accelerating_voltage_kv"": 20000.0, ""magnification"": 5000.0, ""pixel_size_nm"": 1.34896e-08, ""beam_current_na"": 1.6e-09, ""dwell_time_us"": 1e-05, ""working_distance_mm"": 6.2175, ""chamber_pressure_pa"": 0.000113, ""sample"": ""Q980_0h_WC"", ""sample_state"": ""Detail"", ""etching_agent"": ""Vilella"", ""imaging_mode"": ""SEM"", ""scale"": ""1.34896e-08 nm/pixel"", ""acquisition_date_if_available"": null}}",,,,
hcci,Q980_9h_AC,hcci_710,Images\710.png,C:\Users\Pranet\Downloads\Mini Project\data\raw\hcci\Images\710.png,710.png,.png,4515888,da6cf7d81c2d471e38fb801cc1d9c78e6f772724591360dca7ec3e2253974e4c,1959,1792,4,8,uint8,png,RGBA,SEM,,Detail,Detail,sample_Q980_9h_AC_Detail,Q980_9h_AC,roi_710,Helios NanoLab_InLens_10000.0kV_3250.0x,"{""raw_metadata"": {""File Name"": 710, ""SEM"": ""Helios NanoLab"", ""Detector"": ""InLens"", ""Gun"": ""FEG"", ""Voltage"": 10000, ""Magnification"": 3250, ""Etching"": ""Nital"", ""Sample"": ""Q980_9h_AC"", ""Kind"": ""Detail"", ""Pixel Size"": 1.92308e-08, ""Beam Current"": 1.375e-09, ""Dwell Time"": 3e-07, ""Dwell Time cat"": ""low"", ""Chamber Pressure"": 0.000389651, ""Working Distance"": 0.00791781}, ""normalized"": {""microscope"": ""Helios NanoLab"", ""instrument"": ""Helios NanoLab"", ""detector"": ""InLens"", ""accelerating_voltage_kv"": 10000.0, ""magnification"": 3250.0, ""pixel_size_nm"": 1.92308e-08, ""beam_current_na"": 1.375e-09, ""dwell_time_us"": 3e-07, ""working_distance_mm"": 7.9178, ""chamber_pressure_pa"": 0.000389651, ""sample"": ""Q980_9h_AC"", ""sample_state"": ""Detail"", ""etching_agent"": ""Nital"", ""imaging_mode"": ""SEM"", ""scale"": ""1.92308e-08 nm/pixel"", ""acquisition_date_if_available"": null}}",,,,
hcci,Q980_9h_AC,hcci_711,Images\711.png,C:\Users\Pranet\Downloads\Mini Project\data\raw\hcci\Images\711.png,711.png,.png,5272028,9d51e41bf0997d028f277cdab634468264425a4bbb5b147db03ec1dbe791f8ab,2824,1971,4,8,uint8,png,RGBA,SEM,,Overview,Overview,sample_Q980_9h_AC_Overview,Q980_9h_AC,roi_711,Helios NanoLab_SE_20000.0kV_600.0x,"{""raw_metadata"": {""File Name"": 711, ""SEM"": ""Helios NanoLab"", ""Detector"": ""SE"", ""Gun"": ""FEG"", ""Voltage"": 20000, ""Magnification"": 600, ""Etching"": ""Nital"", ""Sample"": ""Q980_9h_AC"", ""Kind"": ""Overview"", ""Pixel Size"": 1.04167e-07, ""Beam Current"": 1.375e-09, ""Dwell Time"": 1e-05, ""Dwell Time cat"": ""high"", ""Chamber Pressure"": 0.000363413, ""Working Distance"": 0.00796697}, ""normalized"": {""microscope"": ""Helios NanoLab"", ""instrument"": ""Helios NanoLab"", ""detector"": ""SE"", ""accelerating_voltage_kv"": 20000.0, ""magnification"": 600.0, ""pixel_size_nm"": 1.04167e-07, ""beam_current_na"": 1.375e-09, ""dwell_time_us"": 1e-05, ""working_distance_mm"": 7.967, ""chamber_pressure_pa"": 0.000363413, ""sample"": ""Q980_9h_AC"", ""sample_state"": ""Overview"", ""etching_agent"": ""Nital"", ""imaging_mode"": ""SEM"", ""scale"": ""1.04167e-07 nm/pixel"", ""acquisition_date_if_available"": null}}",,,,
hcci,Q980_9h_AC,hcci_712,Images\712.png,C:\Users\Pranet\Downloads\Mini Project\data\raw\hcci\Images\712.png,712.png,.png,6873641,4cdaa451c7438511dff9df7bbd5b3c39ff503a16802e3867d5329ac45c9fee0a,2824,1971,4,8,uint8,png,RGBA,SEM,,Overview,Overview,sample_Q980_9h_AC_Overview,Q980_9h_AC,roi_712,Helios NanoLab_SE_20000.0kV_600.0x,"{""raw_metadata"": {""File Name"": 712, ""SEM"": ""Helios NanoLab"", ""Detector"": ""SE"", ""Gun"": ""FEG"", ""Voltage"": 20000, ""Magnification"": 600, ""Etching"": ""Nital"", ""Sample"": ""Q980_9h_AC"", ""Kind"": ""Overview"", ""Pixel Size"": 1.04167e-07, ""Beam Current"": 1.375e-09, ""Dwell Time"": 3e-07, ""Dwell Time cat"": ""low"", ""Chamber Pressure"": 0.000363413, ""Working Distance"": 0.00796697}, ""normalized"": {""microscope"": ""Helios NanoLab"", ""instrument"": ""Helios NanoLab"", ""detector"": ""SE"", ""accelerating_voltage_kv"": 20000.0, ""magnification"": 600.0, ""pixel_size_nm"": 1.04167e-07, ""beam_current_na"": 1.375e-09, ""dwell_time_us"": 3e-07, ""working_distance_mm"": 7.967, ""chamber_pressure_pa"": 0.000363413, ""sample"": ""Q980_9h_AC"", ""sample_state"": ""Overview"", ""etching_agent"": ""Nital"", ""imaging_mode"": ""SEM"", ""scale"": ""1.04167e-07 nm/pixel"", ""acquisition_date_if_available"": null}}",,,,
hcci,Q980_9h_AC,hcci_713,Images\713.png,C:\Users\Pranet\Downloads\Mini Project\data\raw\hcci\Images\713.png,713.png,.png,5654845,bea636259144edfb4f50e3953492149d652f98344960382e7dbeb1b441bf8b5e,2824,1971,4,8,uint8,png,RGBA,SEM,,Overview,Overview,sample_Q980_9h_AC_Overview,Q980_9h_AC,roi_713,Helios NanoLab_BSE_20000.0kV_600.0x,"{""raw_metadata"": {""File Name"": 713, ""SEM"": ""Helios NanoLab"", ""Detector"": ""BSE"", ""Gun"": ""FEG"", ""Voltage"": 20000, ""Magnification"": 600, ""Etching"": ""Nital"", ""Sample"": ""Q980_9h_AC"", ""Kind"": ""Overview"", ""Pixel Size"": 1.04167e-07, ""Beam Current"": 1.375e-09, ""Dwell Time"": 1e-05, ""Dwell Time cat"": ""high"", ""Chamber Pressure"": 0.000385278, ""Working Distance"": 0.00796697}, ""normalized"": {""microscope"": ""Helios NanoLab"", ""instrument"": ""Helios NanoLab"", ""detector"": ""BSE"", ""accelerating_voltage_kv"": 20000.0, ""magnification"": 600.0, ""pixel_size_nm"": 1.04167e-07, ""beam_current_na"": 1.375e-09, ""dwell_time_us"": 1e-05, ""working_distance_mm"": 7.967, ""chamber_pressure_pa"": 0.000385278, ""sample"": ""Q980_9h_AC"", ""sample_state"": ""Overview"", ""etching_agent"": ""Nital"", ""imaging_mode"": ""SEM"", ""scale"": ""1.04167e-07 nm/pixel"", ""acquisition_date_if_available"": null}}",,,,
hcci,Q980_9h_AC,hcci_714,Images\714.png,C:\Users\Pranet\Downloads\Mini Project\data\raw\hcci\Images\714.png,714.png,.png,5634199,e9cba66c8b68d27d221e7dd0622baf47e01f7e3368c10557a7f3fc875bdb4f90,2824,1971,4,8,uint8,png,RGBA,SEM,,Overview,Overview,sample_Q980_9h_AC_Overview,Q980_9h_AC,roi_714,Helios NanoLab_BSE_20000.0kV_600.0x,"{""raw_metadata"": {""File Name"": 714, ""SEM"": ""Helios NanoLab"", ""Detector"": ""BSE"", ""Gun"": ""FEG"", ""Voltage"": 20000, ""Magnification"": 600, ""Etching"": ""Nital"", ""Sample"": ""Q980_9h_AC"", ""Kind"": ""Overview"", ""Pixel Size"": 1.04167e-07, ""Beam Current"": 1.375e-09, ""Dwell Time"": 3e-07, ""Dwell Time cat"": ""low"", ""Chamber Pressure"": 0.000385278, ""Working Distance"": 0.00796697}, ""normalized"": {""microscope"": ""Helios NanoLab"", ""instrument"": ""Helios NanoLab"", ""detector"": ""BSE"", ""accelerating_voltage_kv"": 20000.0, ""magnification"": 600.0, ""pixel_size_nm"": 1.04167e-07, ""beam_current_na"": 1.375e-09, ""dwell_time_us"": 3e-07, ""working_distance_mm"": 7.967, ""chamber_pressure_pa"": 0.000385278, ""sample"": ""Q980_9h_AC"", ""sample_state"": ""Overview"", ""etching_agent"": ""Nital"", ""imaging_mode"": ""SEM"", ""scale"": ""1.04167e-07 nm/pixel"", ""acquisition_date_if_available"": null}}",,,,
hcci,Q980_9h_AC,hcci_715,Images\715.png,C:\Users\Pranet\Downloads\Mini Project\data\raw\hcci\Images\715.png,715.png,.png,5857086,a31eb17d5f222ded512e11d60d3abdd67a49037575f8d4cf273349f844065ca7,2824,1971,4,8,uint8,png,RGBA,SEM,,Overview,Overview,sample_Q980_9h_AC_Overview,Q980_9h_AC,roi_715,Helios NanoLab_InLens_20000.0kV_600.0x,"{""raw_metadata"": {""File Name"": 715, ""SEM"": ""Helios NanoLab"", ""Detector"": ""InLens"", ""Gun"": ""FEG"", ""Voltage"": 20000, ""Magnification"": 600, ""Etching"": ""Nital"", ""Sample"": ""Q980_9h_AC"", ""Kind"": ""Overview"", ""Pixel Size"": 1.04167e-07, ""Beam Current"": 1.375e-09, ""Dwell Time"": 1e-05, ""Dwell Time cat"": ""high"", ""Chamber Pressure"": 0.000359193, ""Working Distance"": 0.00796697}, ""normalized"": {""microscope"": ""Helios NanoLab"", ""instrument"": ""Helios NanoLab"", ""detector"": ""InLens"", ""accelerating_voltage_kv"": 20000.0, ""magnification"": 600.0, ""pixel_size_nm"": 1.04167e-07, ""beam_current_na"": 1.375e-09, ""dwell_time_us"": 1e-05, ""working_distance_mm"": 7.967, ""chamber_pressure_pa"": 0.000359193, ""sample"": ""Q980_9h_AC"", ""sample_state"": ""Overview"", ""etching_agent"": ""Nital"", ""imaging_mode"": ""SEM"", ""scale"": ""1.04167e-07 nm/pixel"", ""acquisition_date_if_available"": null}}",,,,
hcci,Q980_9h_AC,hcci_717,Images\717.png,C:\Users\Pranet\Downloads\Mini Project\data\raw\hcci\Images\717.png,717.png,.png,3645958,2cdbbf8a1fa4b62755eef3020177899f01f85afac41713cbeaac4515b9b40677,1959,1792,4,8,uint8,png,RGBA,SEM,,Detail,Detail,sample_Q980_9h_AC_Detail,Q980_9h_AC,roi_717,Helios NanoLab_SE_20000.0kV_3250.0x,"{""raw_metadata"": {""File Name"": 717, ""SEM"": ""Helios NanoLab"", ""Detector"": ""SE"", ""Gun"": ""FEG"", ""Voltage"": 20000, ""Magnification"": 3250, ""Etching"": ""Nital"", ""Sample"": ""Q980_9h_AC"", ""Kind"": ""Detail"", ""Pixel Size"": 1.92308e-08, ""Beam Current"": 1.375e-09, ""Dwell Time"": 1e-05, ""Dwell Time cat"": ""high"", ""Chamber Pressure"": 0.000359193, ""Working Distance"": 0.00796697}, ""normalized"": {""microscope"": ""Helios NanoLab"", ""instrument"": ""Helios NanoLab"", ""detector"": ""SE"", ""accelerating_voltage_kv"": 20000.0, ""magnification"": 3250.0, ""pixel_size_nm"": 1.92308e-08, ""beam_current_na"": 1.375e-09, ""dwell_time_us"": 1e-05, ""working_distance_mm"": 7.967, ""chamber_pressure_pa"": 0.000359193, ""sample"": ""Q980_9h_AC"", ""sample_state"": ""Detail"", ""etching_agent"": ""Nital"", ""imaging_mode"": ""SEM"", ""scale"": ""1.92308e-08 nm/pixel"", ""acquisition_date_if_available"": null}}",,,,
hcci,Q980_9h_AC,hcci_718,Images\718.png,C:\Users\Pranet\Downloads\Mini Project\data\raw\hcci\Images\718.png,718.png,.png,4584300,586a1ab742ea5a26ab00a850f572dc68aa83c680d1d17968b44482607d743a8a,1959,1792,4,8,uint8,png,RGBA,SEM,,Detail,Detail,sample_Q980_9h_AC_Detail,Q980_9h_AC,roi_718,Helios NanoLab_SE_20000.0kV_3250.0x,"{""raw_metadata"": {""File Name"": 718, ""SEM"": ""Helios NanoLab"", ""Detector"": ""SE"", ""Gun"": ""FEG"", ""Voltage"": 20000, ""Magnification"": 3250, ""Etching"": ""Nital"", ""Sample"": ""Q980_9h_AC"", ""Kind"": ""Detail"", ""Pixel Size"": 1.92308e-08, ""Beam Current"": 1.375e-09, ""Dwell Time"": 3e-07, ""Dwell Time cat"": ""low"", ""Chamber Pressure"": 0.000359193, ""Working Distance"": 0.00796697}, ""normalized"": {""microscope"": ""Helios NanoLab"", ""instrument"": ""Helios NanoLab"", ""detector"": ""SE"", ""accelerating_voltage_kv"": 20000.0, ""magnification"": 3250.0, ""pixel_size_nm"": 1.92308e-08, ""beam_current_na"": 1.375e-09, ""dwell_time_us"": 3e-07, ""working_distance_mm"": 7.967, ""chamber_pressure_pa"": 0.000359193, ""sample"": ""Q980_9h_AC"", ""sample_state"": ""Detail"", ""etching_agent"": ""Nital"", ""imaging_mode"": ""SEM"", ""scale"": ""1.92308e-08 nm/pixel"", ""acquisition_date_if_available"": null}}",,,,
hcci,Q980_9h_AC,hcci_719,Images\719.png,C:\Users\Pranet\Downloads\Mini Project\data\raw\hcci\Images\719.png,719.png,.png,2916190,8107a2576ab36f91847d4671852a2bb2475617d9a383b1c3d89432618f2b0fab,1959,1792,4,8,uint8,png,RGBA,SEM,,Detail,Detail,sample_Q980_9h_AC_Detail,Q980_9h_AC,roi_719,Helios NanoLab_BSE_20000.0kV_3250.0x,"{""raw_metadata"": {""File Name"": 719, ""SEM"": ""Helios NanoLab"", ""Detector"": ""BSE"", ""Gun"": ""FEG"", ""Voltage"": 20000, ""Magnification"": 3250, ""Etching"": ""Nital"", ""Sample"": ""Q980_9h_AC"", ""Kind"": ""Detail"", ""Pixel Size"": 1.92308e-08, ""Beam Current"": 1.375e-09, ""Dwell Time"": 1e-05, ""Dwell Time cat"": ""high"", ""Chamber Pressure"": 0.000376532, ""Working Distance"": 0.00796697}, ""normalized"": {""microscope"": ""Helios NanoLab"", ""instrument"": ""Helios NanoLab"", ""detector"": ""BSE"", ""accelerating_voltage_kv"": 20000.0, ""magnification"": 3250.0, ""pixel_size_nm"": 1.92308e-08, ""beam_current_na"": 1.375e-09, ""dwell_time_us"": 1e-05, ""working_distance_mm"": 7.967, ""chamber_pressure_pa"": 0.000376532, ""sample"": ""Q980_9h_AC"", ""sample_state"": ""Detail"", ""etching_agent"": ""Nital"", ""imaging_mode"": ""SEM"", ""scale"": ""1.92308e-08 nm/pixel"", ""acquisition_date_if_available"": null}}",,,,
hcci,Q980_0h_WC,hcci_72,Images\72.png,C:\Users\Pranet\Downloads\Mini Project\data\raw\hcci\Images\72.png,72.png,.png,6137860,856a8cc9abfd970d234654b26b25fea3cfd7f7e1f068702a7e5bfd114170361d,2651,1896,4,8,uint8,png,RGBA,SEM,,Detail,Detail,sample_Q980_0h_WC_Detail,Q980_0h_WC,roi_72,Helios G4 PFIB CXe_InLens_20000.0kV_5000.0x,"{""raw_metadata"": {""File Name"": 72, ""SEM"": ""Helios G4 PFIB CXe"", ""Detector"": ""InLens"", ""Gun"": ""FEG"", ""Voltage"": 20000, ""Magnification"": 5000, ""Etching"": ""Vilella"", ""Sample"": ""Q980_0h_WC"", ""Kind"": ""Detail"", ""Pixel Size"": 1.34896e-08, ""Beam Current"": 1.6e-09, ""Dwell Time"": 5e-07, ""Dwell Time cat"": ""low"", ""Chamber Pressure"": 0.000111, ""Working Distance"": 0.00621747}, ""normalized"": {""microscope"": ""Helios G4 PFIB CXe"", ""instrument"": ""Helios G4 PFIB CXe"", ""detector"": ""InLens"", ""accelerating_voltage_kv"": 20000.0, ""magnification"": 5000.0, ""pixel_size_nm"": 1.34896e-08, ""beam_current_na"": 1.6e-09, ""dwell_time_us"": 5e-07, ""working_distance_mm"": 6.2175, ""chamber_pressure_pa"": 0.000111, ""sample"": ""Q980_0h_WC"", ""sample_state"": ""Detail"", ""etching_agent"": ""Vilella"", ""imaging_mode"": ""SEM"", ""scale"": ""1.34896e-08 nm/pixel"", ""acquisition_date_if_available"": null}}",,,,
hcci,Q980_9h_AC,hcci_720,Images\720.png,C:\Users\Pranet\Downloads\Mini Project\data\raw\hcci\Images\720.png,720.png,.png,3306012,5cead17f3e660f0390e394edbb7ad01393518a57b1a29b20547514f51a15b644,1959,1792,4,8,uint8,png,RGBA,SEM,,Detail,Detail,sample_Q980_9h_AC_Detail,Q980_9h_AC,roi_720,Helios NanoLab_BSE_20000.0kV_3250.0x,"{""raw_metadata"": {""File Name"": 720, ""SEM"": ""Helios NanoLab"", ""Detector"": ""BSE"", ""Gun"": ""FEG"", ""Voltage"": 20000, ""Magnification"": 3250, ""Etching"": ""Nital"", ""Sample"": ""Q980_9h_AC"", ""Kind"": ""Detail"", ""Pixel Size"": 1.92308e-08, ""Beam Current"": 1.375e-09, ""Dwell Time"": 3e-07, ""Dwell Time cat"": ""low"", ""Chamber Pressure"": 0.000376532, ""Working Distance"": 0.00796697}, ""normalized"": {""microscope"": ""Helios NanoLab"", ""instrument"": ""Helios NanoLab"", ""detector"": ""BSE"", ""accelerating_voltage_kv"": 20000.0, ""magnification"": 3250.0, ""pixel_size_nm"": 1.92308e-08, ""beam_current_na"": 1.375e-09, ""dwell_time_us"": 3e-07, ""working_distance_mm"": 7.967, ""chamber_pressure_pa"": 0.000376532, ""sample"": ""Q980_9h_AC"", ""sample_state"": ""Detail"", ""etching_agent"": ""Nital"", ""imaging_mode"": ""SEM"", ""scale"": ""1.92308e-08 nm/pixel"", ""acquisition_date_if_available"": null}}",,,,
hcci,Q980_9h_AC,hcci_721,Images\721.png,C:\Users\Pranet\Downloads\Mini Project\data\raw\hcci\Images\721.png,721.png,.png,3909123,89c9a0b7c8786526081e6b82b69c765887a378f2825ac476b59cda5a42b48155,1959,1792,4,8,uint8,png,RGBA,SEM,,Detail,Detail,sample_Q980_9h_AC_Detail,Q980_9h_AC,roi_721,Helios NanoLab_InLens_20000.0kV_3250.0x,"{""raw_metadata"": {""File Name"": 721, ""SEM"": ""Helios NanoLab"", ""Detector"": ""InLens"", ""Gun"": ""FEG"", ""Voltage"": 20000, ""Magnification"": 3250, ""Etching"": ""Nital"", ""Sample"": ""Q980_9h_AC"", ""Kind"": ""Detail"", ""Pixel Size"": 1.92308e-08, ""Beam Current"": 1.375e-09, ""Dwell Time"": 1e-05, ""Dwell Time cat"": ""high"", ""Chamber Pressure"": 0.000351347, ""Working Distance"": 0.00796697}, ""normalized"": {""microscope"": ""Helios NanoLab"", ""instrument"": ""Helios NanoLab"", ""detector"": ""InLens"", ""accelerating_voltage_kv"": 20000.0, ""magnification"": 3250.0, ""pixel_size_nm"": 1.92308e-08, ""beam_current_na"": 1.375e-09, ""dwell_time_us"": 1e-05, ""working_distance_mm"": 7.967, ""chamber_pressure_pa"": 0.000351347, ""sample"": ""Q980_9h_AC"", ""sample_state"": ""Detail"", ""etching_agent"": ""Nital"", ""imaging_mode"": ""SEM"", ""scale"": ""1.92308e-08 nm/pixel"", ""acquisition_date_if_available"": null}}",,,,
hcci,Q980_9h_AC,hcci_722,Images\722.png,C:\Users\Pranet\Downloads\Mini Project\data\raw\hcci\Images\722.png,722.png,.png,4665154,f0904b2ec44d9a6d6e4ba27b3a5ffa03e6bdc9b4c7b2a971a9a8088ff6ddd0a7,1959,1792,4,8,uint8,png,RGBA,SEM,,Detail,Detail,sample_Q980_9h_AC_Detail,Q980_9h_AC,roi_722,Helios NanoLab_InLens_20000.0kV_3250.0x,"{""raw_metadata"": {""File Name"": 722, ""SEM"": ""Helios NanoLab"", ""Detector"": ""InLens"", ""Gun"": ""FEG"", ""Voltage"": 20000, ""Magnification"": 3250, ""Etching"": ""Nital"", ""Sample"": ""Q980_9h_AC"", ""Kind"": ""Detail"", ""Pixel Size"": 1.92308e-08, ""Beam Current"": 1.375e-09, ""Dwell Time"": 3e-07, ""Dwell Time cat"": ""low"", ""Chamber Pressure"": 0.000351347, ""Working Distance"": 0.00796697}, ""normalized"": {""microscope"": ""Helios NanoLab"", ""instrument"": ""Helios NanoLab"", ""detector"": ""InLens"", ""accelerating_voltage_kv"": 20000.0, ""magnification"": 3250.0, ""pixel_size_nm"": 1.92308e-08, ""beam_current_na"": 1.375e-09, ""dwell_time_us"": 3e-07, ""working_distance_mm"": 7.967, ""chamber_pressure_pa"": 0.000351347, ""sample"": ""Q980_9h_AC"", ""sample_state"": ""Detail"", ""etching_agent"": ""Nital"", ""imaging_mode"": ""SEM"", ""scale"": ""1.92308e-08 nm/pixel"", ""acquisition_date_if_available"": null}}",,,,
hcci,AsCast,hcci_723,Images\723.png,C:\Users\Pranet\Downloads\Mini Project\data\raw\hcci\Images\723.png,723.png,.png,4979943,a8379d0171ac2dc3ab9601fbb83143fa108a5185b90f7c56072324890863c7c5,2889,1974,4,8,uint8,png,RGBA,SEM,,Overview,Overview,sample_AsCast_Overview,AsCast,roi_723,Zeiss Gemini_SE_5000.0kV_500.0x,"{""raw_metadata"": {""File Name"": 723, ""SEM"": ""Zeiss Gemini"", ""Detector"": ""SE"", ""Gun"": ""FEG"", ""Voltage"": 5000, ""Magnification"": 500, ""Etching"": ""Nital"", ""Sample"": ""AsCast"", ""Kind"": ""Overview"", ""Pixel Size"": 7.443e-08, ""Beam Current"": 7.99999999999999e-05, ""Dwell Time"": 1.29329427083333e-05, ""Dwell Time cat"": ""high"", ""Chamber Pressure"": 0.000813, ""Working Distance"": 0.007505}, ""normalized"": {""microscope"": ""Zeiss Gemini"", ""instrument"": ""Zeiss Gemini"", ""detector"": ""SE"", ""accelerating_voltage_kv"": 5000.0, ""magnification"": 500.0, ""pixel_size_nm"": 7.443e-08, ""beam_current_na"": 7.99999999999999e-05, ""dwell_time_us"": 1.29329427083333e-05, ""working_distance_mm"": 7.505, ""chamber_pressure_pa"": 0.000813, ""sample"": ""AsCast"", ""sample_state"": ""Overview"", ""etching_agent"": ""Nital"", ""imaging_mode"": ""SEM"", ""scale"": ""7.443e-08 nm/pixel"", ""acquisition_date_if_available"": null}}",,,,
hcci,AsCast,hcci_724,Images\724.png,C:\Users\Pranet\Downloads\Mini Project\data\raw\hcci\Images\724.png,724.png,.png,6001977,6cf84c5ed00c37067f5229d4421f5c977cee0b5922d4495bee4279b135e67c01,2889,1974,4,8,uint8,png,RGBA,SEM,,Overview,Overview,sample_AsCast_Overview,AsCast,roi_724,Zeiss Gemini_SE_5000.0kV_500.0x,"{""raw_metadata"": {""File Name"": 724, ""SEM"": ""Zeiss Gemini"", ""Detector"": ""SE"", ""Gun"": ""FEG"", ""Voltage"": 5000, ""Magnification"": 500, ""Etching"": ""Nital"", ""Sample"": ""AsCast"", ""Kind"": ""Overview"", ""Pixel Size"": 7.443e-08, ""Beam Current"": 7.99999999999999e-05, ""Dwell Time"": 1.66666666666667e-06, ""Dwell Time cat"": ""low"", ""Chamber Pressure"": 0.000813, ""Working Distance"": 0.007505}, ""normalized"": {""microscope"": ""Zeiss Gemini"", ""instrument"": ""Zeiss Gemini"", ""detector"": ""SE"", ""accelerating_voltage_kv"": 5000.0, ""magnification"": 500.0, ""pixel_size_nm"": 7.443e-08, ""beam_current_na"": 7.99999999999999e-05, ""dwell_time_us"": 1.66666666666667e-06, ""working_distance_mm"": 7.505, ""chamber_pressure_pa"": 0.000813, ""sample"": ""AsCast"", ""sample_state"": ""Overview"", ""etching_agent"": ""Nital"", ""imaging_mode"": ""SEM"", ""scale"": ""7.443e-08 nm/pixel"", ""acquisition_date_if_available"": null}}",,,,
hcci,AsCast,hcci_725,Images\725.png,C:\Users\Pranet\Downloads\Mini Project\data\raw\hcci\Images\725.png,725.png,.png,6002744,60b69072f2bbd318c6d8dc837aa20f5cfc055ed26bf1198796771f8e0e052864,2889,1974,4,8,uint8,png,RGBA,SEM,,Overview,Overview,sample_AsCast_Overview,AsCast,roi_725,Zeiss Gemini_BSE_5000.0kV_500.0x,"{""raw_metadata"": {""File Name"": 725, ""SEM"": ""Zeiss Gemini"", ""Detector"": ""BSE"", ""Gun"": ""FEG"", ""Voltage"": 5000, ""Magnification"": 500, ""Etching"": ""Nital"", ""Sample"": ""AsCast"", ""Kind"": ""Overview"", ""Pixel Size"": 7.443e-08, ""Beam Current"": 7.99999999999999e-05, ""Dwell Time"": 2.5732421875e-05, ""Dwell Time cat"": ""high"", ""Chamber Pressure"": 0.000813, ""Working Distance"": 0.007505}, ""normalized"": {""microscope"": ""Zeiss Gemini"", ""instrument"": ""Zeiss Gemini"", ""detector"": ""BSE"", ""accelerating_voltage_kv"": 5000.0, ""magnification"": 500.0, ""pixel_size_nm"": 7.443e-08, ""beam_current_na"": 7.99999999999999e-05, ""dwell_time_us"": 2.5732421875e-05, ""working_distance_mm"": 7.505, ""chamber_pressure_pa"": 0.000813, ""sample"": ""AsCast"", ""sample_state"": ""Overview"", ""etching_agent"": ""Nital"", ""imaging_mode"": ""SEM"", ""scale"": ""7.443e-08 nm/pixel"", ""acquisition_date_if_available"": null}}",,,,
hcci,AsCast,hcci_726,Images\726.png,C:\Users\Pranet\Downloads\Mini Project\data\raw\hcci\Images\726.png,726.png,.png,7329960,15fa90374c85d4fb2297413e572d942afb24dddc225113775f5334333e751ab7,2889,1974,4,8,uint8,png,RGBA,SEM,,Overview,Overview,sample_AsCast_Overview,AsCast,roi_726,Zeiss Gemini_BSE_5000.0kV_500.0x,"{""raw_metadata"": {""File Name"": 726, ""SEM"": ""Zeiss Gemini"", ""Detector"": ""BSE"", ""Gun"": ""FEG"", ""Voltage"": 5000, ""Magnification"": 500, ""Etching"": ""Nital"", ""Sample"": ""AsCast"", ""Kind"": ""Overview"", ""Pixel Size"": 7.443e-08, ""Beam Current"": 7.99999999999999e-05, ""Dwell Time"": 1.66666666666667e-06, ""Dwell Time cat"": ""low"", ""Chamber Pressure"": 0.000813, ""Working Distance"": 0.007505}, ""normalized"": {""microscope"": ""Zeiss Gemini"", ""instrument"": ""Zeiss Gemini"", ""detector"": ""BSE"", ""accelerating_voltage_kv"": 5000.0, ""magnification"": 500.0, ""pixel_size_nm"": 7.443e-08, ""beam_current_na"": 7.99999999999999e-05, ""dwell_time_us"": 1.66666666666667e-06, ""working_distance_mm"": 7.505, ""chamber_pressure_pa"": 0.000813, ""sample"": ""AsCast"", ""sample_state"": ""Overview"", ""etching_agent"": ""Nital"", ""imaging_mode"": ""SEM"", ""scale"": ""7.443e-08 nm/pixel"", ""acquisition_date_if_available"": null}}",,,,
hcci,AsCast,hcci_727,Images\727.png,C:\Users\Pranet\Downloads\Mini Project\data\raw\hcci\Images\727.png,727.png,.png,4367763,55b6fe64fdf8472b2579077bb6ac50d067986dedf83443db9e22766a7214146e,2889,1974,4,8,uint8,png,RGBA,SEM,,Overview,Overview,sample_AsCast_Overview,AsCast,roi_727,Zeiss Gemini_InLens_5000.0kV_500.0x,"{""raw_metadata"": {""File Name"": 727, ""SEM"": ""Zeiss Gemini"", ""Detector"": ""InLens"", ""Gun"": ""FEG"", ""Voltage"": 5000, ""Magnification"": 500, ""Etching"": ""Nital"", ""Sample"": ""AsCast"", ""Kind"": ""Overview"", ""Pixel Size"": 7.443e-08, ""Beam Current"": 7.99999999999999e-05, ""Dwell Time"": 9.70052083333333e-06, ""Dwell Time cat"": ""high"", ""Chamber Pressure"": 0.000813, ""Working Distance"": 0.00606899999999999}, ""normalized"": {""microscope"": ""Zeiss Gemini"", ""instrument"": ""Zeiss Gemini"", ""detector"": ""InLens"", ""accelerating_voltage_kv"": 5000.0, ""magnification"": 500.0, ""pixel_size_nm"": 7.443e-08, ""beam_current_na"": 7.99999999999999e-05, ""dwell_time_us"": 9.70052083333333e-06, ""working_distance_mm"": 6.069, ""chamber_pressure_pa"": 0.000813, ""sample"": ""AsCast"", ""sample_state"": ""Overview"", ""etching_agent"": ""Nital"", ""imaging_mode"": ""SEM"", ""scale"": ""7.443e-08 nm/pixel"", ""acquisition_date_if_available"": null}}",,,,
hcci,AsCast,hcci_728,Images\728.png,C:\Users\Pranet\Downloads\Mini Project\data\raw\hcci\Images\728.png,728.png,.png,4475339,2c798bcc683a540b4a6127bc5e876448b203929247abaf3e8c3fc0f95da09555,2889,1974,4,8,uint8,png,RGBA,SEM,,Overview,Overview,sample_AsCast_Overview,AsCast,roi_728,Zeiss Gemini_InLens_5000.0kV_500.0x,"{""raw_metadata"": {""File Name"": 728, ""SEM"": ""Zeiss Gemini"", ""Detector"": ""InLens"", ""Gun"": ""FEG"", ""Voltage"": 5000, ""Magnification"": 500, ""Etching"": ""Nital"", ""Sample"": ""AsCast"", ""Kind"": ""Overview"", ""Pixel Size"": 7.443e-08, ""Beam Current"": 7.99999999999999e-05, ""Dwell Time"": 1.25e-06, ""Dwell Time cat"": ""low"", ""Chamber Pressure"": 0.000813, ""Working Distance"": 0.00606899999999999}, ""normalized"": {""microscope"": ""Zeiss Gemini"", ""instrument"": ""Zeiss Gemini"", ""detector"": ""InLens"", ""accelerating_voltage_kv"": 5000.0, ""magnification"": 500.0, ""pixel_size_nm"": 7.443e-08, ""beam_current_na"": 7.99999999999999e-05, ""dwell_time_us"": 1.25e-06, ""working_distance_mm"": 6.069, ""chamber_pressure_pa"": 0.000813, ""sample"": ""AsCast"", ""sample_state"": ""Overview"", ""etching_agent"": ""Nital"", ""imaging_mode"": ""SEM"", ""scale"": ""7.443e-08 nm/pixel"", ""acquisition_date_if_available"": null}}",,,,
hcci,AsCast,hcci_729,Images\729.png,C:\Users\Pranet\Downloads\Mini Project\data\raw\hcci\Images\729.png,729.png,.png,3807675,6a0693800fbc20559f500e4c07ece6f8966cdfabaa86bdb1679b6f9f468ba529,2515,1920,4,8,uint8,png,RGBA,SEM,,Detail,Detail,sample_AsCast_Detail,AsCast,roi_729,Zeiss Gemini_SE_5000.0kV_2800.0x,"{""raw_metadata"": {""File Name"": 729, ""SEM"": ""Zeiss Gemini"", ""Detector"": ""SE"", ""Gun"": ""FEG"", ""Voltage"": 5000, ""Magnification"": 2800, ""Etching"": ""Nital"", ""Sample"": ""AsCast"", ""Kind"": ""Detail"", ""Pixel Size"": 1.329e-08, ""Beam Current"": 7.99999999999999e-05, ""Dwell Time"": 1.29329427083333e-05, ""Dwell Time cat"": ""high"", ""Chamber Pressure"": 0.000813, ""Working Distance"": 0.006041}, ""normalized"": {""microscope"": ""Zeiss Gemini"", ""instrument"": ""Zeiss Gemini"", ""detector"": ""SE"", ""accelerating_voltage_kv"": 5000.0, ""magnification"": 2800.0, ""pixel_size_nm"": 1.329e-08, ""beam_current_na"": 7.99999999999999e-05, ""dwell_time_us"": 1.29329427083333e-05, ""working_distance_mm"": 6.041, ""chamber_pressure_pa"": 0.000813, ""sample"": ""AsCast"", ""sample_state"": ""Detail"", ""etching_agent"": ""Nital"", ""imaging_mode"": ""SEM"", ""scale"": ""1.329e-08 nm/pixel"", ""acquisition_date_if_available"": null}}",,,,
hcci,Q980_9h_AC,hcci_73,Images\73.png,C:\Users\Pranet\Downloads\Mini Project\data\raw\hcci\Images\73.png,73.png,.png,7442219,24884563f8d39b61f34d7716a76dbcb2b10854719404ca46411fbcbbf9290911,2764,2019,4,8,uint8,png,RGBA,SEM,,Overview,Overview,sample_Q980_9h_AC_Overview,Q980_9h_AC,roi_73,Helios G4 PFIB CXe_SE_5000.0kV_1000.0x,"{""raw_metadata"": {""File Name"": 73, ""SEM"": ""Helios G4 PFIB CXe"", ""Detector"": ""SE"", ""Gun"": ""FEG"", ""Voltage"": 5000, ""Magnification"": 1000, ""Etching"": ""Vilella"", ""Sample"": ""Q980_9h_AC"", ""Kind"": ""Overview"", ""Pixel Size"": 6.74479e-08, ""Beam Current"": 1.6e-09, ""Dwell Time"": 1e-05, ""Dwell Time cat"": ""high"", ""Chamber Pressure"": 0.00109, ""Working Distance"": 0.00612781}, ""normalized"": {""microscope"": ""Helios G4 PFIB CXe"", ""instrument"": ""Helios G4 PFIB CXe"", ""detector"": ""SE"", ""accelerating_voltage_kv"": 5000.0, ""magnification"": 1000.0, ""pixel_size_nm"": 6.74479e-08, ""beam_current_na"": 1.6e-09, ""dwell_time_us"": 1e-05, ""working_distance_mm"": 6.1278, ""chamber_pressure_pa"": 0.00109, ""sample"": ""Q980_9h_AC"", ""sample_state"": ""Overview"", ""etching_agent"": ""Vilella"", ""imaging_mode"": ""SEM"", ""scale"": ""6.74479e-08 nm/pixel"", ""acquisition_date_if_available"": null}}",,,,
hcci,AsCast,hcci_730,Images\730.png,C:\Users\Pranet\Downloads\Mini Project\data\raw\hcci\Images\730.png,730.png,.png,4713555,12ddbf900185a974de30d671f81a34d0a4193e2f2132186ff0a47f35cb64451f,2515,1920,4,8,uint8,png,RGBA,SEM,,Detail,Detail,sample_AsCast_Detail,AsCast,roi_730,Zeiss Gemini_SE_5000.0kV_2800.0x,"{""raw_metadata"": {""File Name"": 730, ""SEM"": ""Zeiss Gemini"", ""Detector"": ""SE"", ""Gun"": ""FEG"", ""Voltage"": 5000, ""Magnification"": 2800, ""Etching"": ""Nital"", ""Sample"": ""AsCast"", ""Kind"": ""Detail"", ""Pixel Size"": 1.329e-08, ""Beam Current"": 7.99999999999999e-05, ""Dwell Time"": 1.66666666666667e-06, ""Dwell Time cat"": ""low"", ""Chamber Pressure"": 0.000813, ""Working Distance"": 0.006041}, ""normalized"": {""microscope"": ""Zeiss Gemini"", ""instrument"": ""Zeiss Gemini"", ""detector"": ""SE"", ""accelerating_voltage_kv"": 5000.0, ""magnification"": 2800.0, ""pixel_size_nm"": 1.329e-08, ""beam_current_na"": 7.99999999999999e-05, ""dwell_time_us"": 1.66666666666667e-06, ""working_distance_mm"": 6.041, ""chamber_pressure_pa"": 0.000813, ""sample"": ""AsCast"", ""sample_state"": ""Detail"", ""etching_agent"": ""Nital"", ""imaging_mode"": ""SEM"", ""scale"": ""1.329e-08 nm/pixel"", ""acquisition_date_if_available"": null}}",,,,
hcci,AsCast,hcci_731,Images\731.png,C:\Users\Pranet\Downloads\Mini Project\data\raw\hcci\Images\731.png,731.png,.png,5374667,23dc0112ae40fad73e2c7583aac601345deb4bcbe6dfdf65e2d8d451d0c9e157,2515,1920,4,8,uint8,png,RGBA,SEM,,Detail,Detail,sample_AsCast_Detail,AsCast,roi_731,Zeiss Gemini_BSE_5000.0kV_2800.0x,"{""raw_metadata"": {""File Name"": 731, ""SEM"": ""Zeiss Gemini"", ""Detector"": ""BSE"", ""Gun"": ""FEG"", ""Voltage"": 5000, ""Magnification"": 2800, ""Etching"": ""Nital"", ""Sample"": ""AsCast"", ""Kind"": ""Detail"", ""Pixel Size"": 1.329e-08, ""Beam Current"": 7.99999999999999e-05, ""Dwell Time"": 1.29329427083333e-05, ""Dwell Time cat"": ""high"", ""Chamber Pressure"": 0.000813, ""Working Distance"": 0.006041}, ""normalized"": {""microscope"": ""Zeiss Gemini"", ""instrument"": ""Zeiss Gemini"", ""detector"": ""BSE"", ""accelerating_voltage_kv"": 5000.0, ""magnification"": 2800.0, ""pixel_size_nm"": 1.329e-08, ""beam_current_na"": 7.99999999999999e-05, ""dwell_time_us"": 1.29329427083333e-05, ""working_distance_mm"": 6.041, ""chamber_pressure_pa"": 0.000813, ""sample"": ""AsCast"", ""sample_state"": ""Detail"", ""etching_agent"": ""Nital"", ""imaging_mode"": ""SEM"", ""scale"": ""1.329e-08 nm/pixel"", ""acquisition_date_if_available"": null}}",,,,
hcci,AsCast,hcci_732,Images\732.png,C:\Users\Pranet\Downloads\Mini Project\data\raw\hcci\Images\732.png,732.png,.png,6190434,d5a068d7561021daa7a46517ac07f3dfd8eccd29ae3864093338ce443cbd2548,2515,1920,4,8,uint8,png,RGBA,SEM,,Detail,Detail,sample_AsCast_Detail,AsCast,roi_732,Zeiss Gemini_BSE_5000.0kV_2800.0x,"{""raw_metadata"": {""File Name"": 732, ""SEM"": ""Zeiss Gemini"", ""Detector"": ""BSE"", ""Gun"": ""FEG"", ""Voltage"": 5000, ""Magnification"": 2800, ""Etching"": ""Nital"", ""Sample"": ""AsCast"", ""Kind"": ""Detail"", ""Pixel Size"": 1.329e-08, ""Beam Current"": 7.99999999999999e-05, ""Dwell Time"": 1.66666666666667e-06, ""Dwell Time cat"": ""low"", ""Chamber Pressure"": 0.000813, ""Working Distance"": 0.006041}, ""normalized"": {""microscope"": ""Zeiss Gemini"", ""instrument"": ""Zeiss Gemini"", ""detector"": ""BSE"", ""accelerating_voltage_kv"": 5000.0, ""magnification"": 2800.0, ""pixel_size_nm"": 1.329e-08, ""beam_current_na"": 7.99999999999999e-05, ""dwell_time_us"": 1.66666666666667e-06, ""working_distance_mm"": 6.041, ""chamber_pressure_pa"": 0.000813, ""sample"": ""AsCast"", ""sample_state"": ""Detail"", ""etching_agent"": ""Nital"", ""imaging_mode"": ""SEM"", ""scale"": ""1.329e-08 nm/pixel"", ""acquisition_date_if_available"": null}}",,,,
hcci,AsCast,hcci_733,Images\733.png,C:\Users\Pranet\Downloads\Mini Project\data\raw\hcci\Images\733.png,733.png,.png,3734445,87299851107ec72308f7c52a72d05f923485ed4a63c219aec653409dc25c232a,2515,1920,4,8,uint8,png,RGBA,SEM,,Detail,Detail,sample_AsCast_Detail,AsCast,roi_733,Zeiss Gemini_InLens_5000.0kV_2800.0x,"{""raw_metadata"": {""File Name"": 733, ""SEM"": ""Zeiss Gemini"", ""Detector"": ""InLens"", ""Gun"": ""FEG"", ""Voltage"": 5000, ""Magnification"": 2800, ""Etching"": ""Nital"", ""Sample"": ""AsCast"", ""Kind"": ""Detail"", ""Pixel Size"": 1.329e-08, ""Beam Current"": 7.99999999999999e-05, ""Dwell Time"": 1.29329427083333e-05, ""Dwell Time cat"": ""high"", ""Chamber Pressure"": 0.000813, ""Working Distance"": 0.006041}, ""normalized"": {""microscope"": ""Zeiss Gemini"", ""instrument"": ""Zeiss Gemini"", ""detector"": ""InLens"", ""accelerating_voltage_kv"": 5000.0, ""magnification"": 2800.0, ""pixel_size_nm"": 1.329e-08, ""beam_current_na"": 7.99999999999999e-05, ""dwell_time_us"": 1.29329427083333e-05, ""working_distance_mm"": 6.041, ""chamber_pressure_pa"": 0.000813, ""sample"": ""AsCast"", ""sample_state"": ""Detail"", ""etching_agent"": ""Nital"", ""imaging_mode"": ""SEM"", ""scale"": ""1.329e-08 nm/pixel"", ""acquisition_date_if_available"": null}}",,,,
hcci,AsCast,hcci_734,Images\734.png,C:\Users\Pranet\Downloads\Mini Project\data\raw\hcci\Images\734.png,734.png,.png,4683317,4a890a1cf76ed006f5028734f5d0c5aeb566e1299aa65923c6bd4299f2e83539,2515,1920,4,8,uint8,png,RGBA,SEM,,Detail,Detail,sample_AsCast_Detail,AsCast,roi_734,Zeiss Gemini_InLens_5000.0kV_2800.0x,"{""raw_metadata"": {""File Name"": 734, ""SEM"": ""Zeiss Gemini"", ""Detector"": ""InLens"", ""Gun"": ""FEG"", ""Voltage"": 5000, ""Magnification"": 2800, ""Etching"": ""Nital"", ""Sample"": ""AsCast"", ""Kind"": ""Detail"", ""Pixel Size"": 1.329e-08, ""Beam Current"": 7.99999999999999e-05, ""Dwell Time"": 1.66666666666667e-06, ""Dwell Time cat"": ""low"", ""Chamber Pressure"": 0.000813, ""Working Distance"": 0.006041}, ""normalized"": {""microscope"": ""Zeiss Gemini"", ""instrument"": ""Zeiss Gemini"", ""detector"": ""InLens"", ""accelerating_voltage_kv"": 5000.0, ""magnification"": 2800.0, ""pixel_size_nm"": 1.329e-08, ""beam_current_na"": 7.99999999999999e-05, ""dwell_time_us"": 1.66666666666667e-06, ""working_distance_mm"": 6.041, ""chamber_pressure_pa"": 0.000813, ""sample"": ""AsCast"", ""sample_state"": ""Detail"", ""etching_agent"": ""Nital"", ""imaging_mode"": ""SEM"", ""scale"": ""1.329e-08 nm/pixel"", ""acquisition_date_if_available"": null}}",,,,
hcci,AsCast,hcci_735,Images\735.png,C:\Users\Pranet\Downloads\Mini Project\data\raw\hcci\Images\735.png,735.png,.png,5323906,bb05cc1db01ac5e48da357221b98a101b2948756e648feda92bb22bef95de6fa,2889,1974,4,8,uint8,png,RGBA,SEM,,Overview,Overview,sample_AsCast_Overview,AsCast,roi_735,Zeiss Gemini_SE_10000.0kV_500.0x,"{""raw_metadata"": {""File Name"": 735, ""SEM"": ""Zeiss Gemini"", ""Detector"": ""SE"", ""Gun"": ""FEG"", ""Voltage"": 10000, ""Magnification"": 500, ""Etching"": ""Nital"", ""Sample"": ""AsCast"", ""Kind"": ""Overview"", ""Pixel Size"": 7.443e-08, ""Beam Current"": 7.99999999999999e-05, ""Dwell Time"": 1.29329427083333e-05, ""Dwell Time cat"": ""high"", ""Chamber Pressure"": 0.00113999999999999, ""Working Distance"": 0.00610299999999999}, ""normalized"": {""microscope"": ""Zeiss Gemini"", ""instrument"": ""Zeiss Gemini"", ""detector"": ""SE"", ""accelerating_voltage_kv"": 10000.0, ""magnification"": 500.0, ""pixel_size_nm"": 7.443e-08, ""beam_current_na"": 7.99999999999999e-05, ""dwell_time_us"": 1.29329427083333e-05, ""working_distance_mm"": 6.103, ""chamber_pressure_pa"": 0.00113999999999999, ""sample"": ""AsCast"", ""sample_state"": ""Overview"", ""etching_agent"": ""Nital"", ""imaging_mode"": ""SEM"", ""scale"": ""7.443e-08 nm/pixel"", ""acquisition_date_if_available"": null}}",,,,
hcci,AsCast,hcci_736,Images\736.png,C:\Users\Pranet\Downloads\Mini Project\data\raw\hcci\Images\736.png,736.png,.png,6212542,17cbdcc940b92d4934151e8f3c57292a48f9b596150313eea73eb6a600813964,2889,1974,4,8,uint8,png,RGBA,SEM,,Overview,Overview,sample_AsCast_Overview,AsCast,roi_736,Zeiss Gemini_SE_10000.0kV_500.0x,"{""raw_metadata"": {""File Name"": 736, ""SEM"": ""Zeiss Gemini"", ""Detector"": ""SE"", ""Gun"": ""FEG"", ""Voltage"": 10000, ""Magnification"": 500, ""Etching"": ""Nital"", ""Sample"": ""AsCast"", ""Kind"": ""Overview"", ""Pixel Size"": 7.443e-08, ""Beam Current"": 7.99999999999999e-05, ""Dwell Time"": 1.66666666666667e-06, ""Dwell Time cat"": ""low"", ""Chamber Pressure"": 0.00109, ""Working Distance"": 0.00610299999999999}, ""normalized"": {""microscope"": ""Zeiss Gemini"", ""instrument"": ""Zeiss Gemini"", ""detector"": ""SE"", ""accelerating_voltage_kv"": 10000.0, ""magnification"": 500.0, ""pixel_size_nm"": 7.443e-08, ""beam_current_na"": 7.99999999999999e-05, ""dwell_time_us"": 1.66666666666667e-06, ""working_distance_mm"": 6.103, ""chamber_pressure_pa"": 0.00109, ""sample"": ""AsCast"", ""sample_state"": ""Overview"", ""etching_agent"": ""Nital"", ""imaging_mode"": ""SEM"", ""scale"": ""7.443e-08 nm/pixel"", ""acquisition_date_if_available"": null}}",,,,
hcci,AsCast,hcci_737,Images\737.png,C:\Users\Pranet\Downloads\Mini Project\data\raw\hcci\Images\737.png,737.png,.png,5975920,2b2920eb3f16f091e3514df9d3f7d7ce4142c5d9d01c890f151f78126469f170,2889,1974,4,8,uint8,png,RGBA,SEM,,Overview,Overview,sample_AsCast_Overview,AsCast,roi_737,Zeiss Gemini_BSE_10000.0kV_500.0x,"{""raw_metadata"": {""File Name"": 737, ""SEM"": ""Zeiss Gemini"", ""Detector"": ""BSE"", ""Gun"": ""FEG"", ""Voltage"": 10000, ""Magnification"": 500, ""Etching"": ""Nital"", ""Sample"": ""AsCast"", ""Kind"": ""Overview"", ""Pixel Size"": 7.443e-08, ""Beam Current"": 7.99999999999999e-05, ""Dwell Time"": 1.29329427083333e-05, ""Dwell Time cat"": ""high"", ""Chamber Pressure"": 0.00103999999999999, ""Working Distance"": 0.00610299999999999}, ""normalized"": {""microscope"": ""Zeiss Gemini"", ""instrument"": ""Zeiss Gemini"", ""detector"": ""BSE"", ""accelerating_voltage_kv"": 10000.0, ""magnification"": 500.0, ""pixel_size_nm"": 7.443e-08, ""beam_current_na"": 7.99999999999999e-05, ""dwell_time_us"": 1.29329427083333e-05, ""working_distance_mm"": 6.103, ""chamber_pressure_pa"": 0.00103999999999999, ""sample"": ""AsCast"", ""sample_state"": ""Overview"", ""etching_agent"": ""Nital"", ""imaging_mode"": ""SEM"", ""scale"": ""7.443e-08 nm/pixel"", ""acquisition_date_if_available"": null}}",,,,
hcci,AsCast,hcci_738,Images\738.png,C:\Users\Pranet\Downloads\Mini Project\data\raw\hcci\Images\738.png,738.png,.png,6958956,1432878cb362ebfd5d7fb474e56de74d7e1528f907699eb767f5e368c08deb2a,2889,1974,4,8,uint8,png,RGBA,SEM,,Overview,Overview,sample_AsCast_Overview,AsCast,roi_738,Zeiss Gemini_BSE_10000.0kV_500.0x,"{""raw_metadata"": {""File Name"": 738, ""SEM"": ""Zeiss Gemini"", ""Detector"": ""BSE"", ""Gun"": ""FEG"", ""Voltage"": 10000, ""Magnification"": 500, ""Etching"": ""Nital"", ""Sample"": ""AsCast"", ""Kind"": ""Overview"", ""Pixel Size"": 7.443e-08, ""Beam Current"": 7.99999999999999e-05, ""Dwell Time"": 1.66666666666667e-06, ""Dwell Time cat"": ""low"", ""Chamber Pressure"": 0.00102, ""Working Distance"": 0.00610299999999999}, ""normalized"": {""microscope"": ""Zeiss Gemini"", ""instrument"": ""Zeiss Gemini"", ""detector"": ""BSE"", ""accelerating_voltage_kv"": 10000.0, ""magnification"": 500.0, ""pixel_size_nm"": 7.443e-08, ""beam_current_na"": 7.99999999999999e-05, ""dwell_time_us"": 1.66666666666667e-06, ""working_distance_mm"": 6.103, ""chamber_pressure_pa"": 0.00102, ""sample"": ""AsCast"", ""sample_state"": ""Overview"", ""etching_agent"": ""Nital"", ""imaging_mode"": ""SEM"", ""scale"": ""7.443e-08 nm/pixel"", ""acquisition_date_if_available"": null}}",,,,
hcci,AsCast,hcci_739,Images\739.png,C:\Users\Pranet\Downloads\Mini Project\data\raw\hcci\Images\739.png,739.png,.png,3797545,c60abd26eaa6f4700b71dc159cec7b12ea136a2b42135101fc0cc90f424b8511,2889,1974,4,8,uint8,png,RGBA,SEM,,Overview,Overview,sample_AsCast_Overview,AsCast,roi_739,Zeiss Gemini_InLens_10000.0kV_500.0x,"{""raw_metadata"": {""File Name"": 739, ""SEM"": ""Zeiss Gemini"", ""Detector"": ""InLens"", ""Gun"": ""FEG"", ""Voltage"": 10000, ""Magnification"": 500, ""Etching"": ""Nital"", ""Sample"": ""AsCast"", ""Kind"": ""Overview"", ""Pixel Size"": 7.443e-08, ""Beam Current"": 7.99999999999999e-05, ""Dwell Time"": 1.29329427083333e-05, ""Dwell Time cat"": ""high"", ""Chamber Pressure"": 0.00101, ""Working Distance"": 0.00610299999999999}, ""normalized"": {""microscope"": ""Zeiss Gemini"", ""instrument"": ""Zeiss Gemini"", ""detector"": ""InLens"", ""accelerating_voltage_kv"": 10000.0, ""magnification"": 500.0, ""pixel_size_nm"": 7.443e-08, ""beam_current_na"": 7.99999999999999e-05, ""dwell_time_us"": 1.29329427083333e-05, ""working_distance_mm"": 6.103, ""chamber_pressure_pa"": 0.00101, ""sample"": ""AsCast"", ""sample_state"": ""Overview"", ""etching_agent"": ""Nital"", ""imaging_mode"": ""SEM"", ""scale"": ""7.443e-08 nm/pixel"", ""acquisition_date_if_available"": null}}",,,,
hcci,Q980_9h_AC,hcci_74,Images\74.png,C:\Users\Pranet\Downloads\Mini Project\data\raw\hcci\Images\74.png,74.png,.png,7626958,0b472aa20b7a340a5c12b65f6bf5d6f56f92fd069904e6d4a1424c52b11691bb,2764,2019,4,8,uint8,png,RGBA,SEM,,Overview,Overview,sample_Q980_9h_AC_Overview,Q980_9h_AC,roi_74,Helios G4 PFIB CXe_SE_5000.0kV_1000.0x,"{""raw_metadata"": {""File Name"": 74, ""SEM"": ""Helios G4 PFIB CXe"", ""Detector"": ""SE"", ""Gun"": ""FEG"", ""Voltage"": 5000, ""Magnification"": 1000, ""Etching"": ""Vilella"", ""Sample"": ""Q980_9h_AC"", ""Kind"": ""Overview"", ""Pixel Size"": 6.74479e-08, ""Beam Current"": 1.6e-09, ""Dwell Time"": 5e-07, ""Dwell Time cat"": ""low"", ""Chamber Pressure"": 0.00105, ""Working Distance"": 0.00612781}, ""normalized"": {""microscope"": ""Helios G4 PFIB CXe"", ""instrument"": ""Helios G4 PFIB CXe"", ""detector"": ""SE"", ""accelerating_voltage_kv"": 5000.0, ""magnification"": 1000.0, ""pixel_size_nm"": 6.74479e-08, ""beam_current_na"": 1.6e-09, ""dwell_time_us"": 5e-07, ""working_distance_mm"": 6.1278, ""chamber_pressure_pa"": 0.00105, ""sample"": ""Q980_9h_AC"", ""sample_state"": ""Overview"", ""etching_agent"": ""Vilella"", ""imaging_mode"": ""SEM"", ""scale"": ""6.74479e-08 nm/pixel"", ""acquisition_date_if_available"": null}}",,,,
hcci,AsCast,hcci_740,Images\740.png,C:\Users\Pranet\Downloads\Mini Project\data\raw\hcci\Images\740.png,740.png,.png,4522407,7d5eeb3e8573ed7d7dd83463316aa702cc8b1bfb3cc3bed8986a9d65906ce93e,2889,1974,4,8,uint8,png,RGBA,SEM,,Overview,Overview,sample_AsCast_Overview,AsCast,roi_740,Zeiss Gemini_InLens_10000.0kV_500.0x,"{""raw_metadata"": {""File Name"": 740, ""SEM"": ""Zeiss Gemini"", ""Detector"": ""InLens"", ""Gun"": ""FEG"", ""Voltage"": 10000, ""Magnification"": 500, ""Etching"": ""Nital"", ""Sample"": ""AsCast"", ""Kind"": ""Overview"", ""Pixel Size"": 7.443e-08, ""Beam Current"": 7.99999999999999e-05, ""Dwell Time"": 1.66666666666667e-06, ""Dwell Time cat"": ""low"", ""Chamber Pressure"": 0.000995999999999999, ""Working Distance"": 0.00610299999999999}, ""normalized"": {""microscope"": ""Zeiss Gemini"", ""instrument"": ""Zeiss Gemini"", ""detector"": ""InLens"", ""accelerating_voltage_kv"": 10000.0, ""magnification"": 500.0, ""pixel_size_nm"": 7.443e-08, ""beam_current_na"": 7.99999999999999e-05, ""dwell_time_us"": 1.66666666666667e-06, ""working_distance_mm"": 6.103, ""chamber_pressure_pa"": 0.000995999999999999, ""sample"": ""AsCast"", ""sample_state"": ""Overview"", ""etching_agent"": ""Nital"", ""imaging_mode"": ""SEM"", ""scale"": ""7.443e-08 nm/pixel"", ""acquisition_date_if_available"": null}}",,,,
hcci,AsCast,hcci_741,Images\741.png,C:\Users\Pranet\Downloads\Mini Project\data\raw\hcci\Images\741.png,741.png,.png,4302041,07c2c8264b25ac4e0151c50ff06947dff34b8fff1c24c8d759087b9f26a16987,2515,1920,4,8,uint8,png,RGBA,SEM,,Detail,Detail,sample_AsCast_Detail,AsCast,roi_741,Zeiss Gemini_SE_10000.0kV_2800.0x,"{""raw_metadata"": {""File Name"": 741, ""SEM"": ""Zeiss Gemini"", ""Detector"": ""SE"", ""Gun"": ""FEG"", ""Voltage"": 10000, ""Magnification"": 2800, ""Etching"": ""Nital"", ""Sample"": ""AsCast"", ""Kind"": ""Detail"", ""Pixel Size"": 1.329e-08, ""Beam Current"": 7.99999999999999e-05, ""Dwell Time"": 1.29329427083333e-05, ""Dwell Time cat"": ""high"", ""Chamber Pressure"": 0.000973, ""Working Distance"": 0.006112}, ""normalized"": {""microscope"": ""Zeiss Gemini"", ""instrument"": ""Zeiss Gemini"", ""detector"": ""SE"", ""accelerating_voltage_kv"": 10000.0, ""magnification"": 2800.0, ""pixel_size_nm"": 1.329e-08, ""beam_current_na"": 7.99999999999999e-05, ""dwell_time_us"": 1.29329427083333e-05, ""working_distance_mm"": 6.112, ""chamber_pressure_pa"": 0.000973, ""sample"": ""AsCast"", ""sample_state"": ""Detail"", ""etching_agent"": ""Nital"", ""imaging_mode"": ""SEM"", ""scale"": ""1.329e-08 nm/pixel"", ""acquisition_date_if_available"": null}}",,,,
hcci,AsCast,hcci_742,Images\742.png,C:\Users\Pranet\Downloads\Mini Project\data\raw\hcci\Images\742.png,742.png,.png,5355024,9f81cb0cc12d0c22dbd821321f4c8969f2f036f40d1bc606a150cc25416dbf38,2515,1920,4,8,uint8,png,RGBA,SEM,,Detail,Detail,sample_AsCast_Detail,AsCast,roi_742,Zeiss Gemini_SE_10000.0kV_2800.0x,"{""raw_metadata"": {""File Name"": 742, ""SEM"": ""Zeiss Gemini"", ""Detector"": ""SE"", ""Gun"": ""FEG"", ""Voltage"": 10000, ""Magnification"": 2800, ""Etching"": ""Nital"", ""Sample"": ""AsCast"", ""Kind"": ""Detail"", ""Pixel Size"": 1.329e-08, ""Beam Current"": 7.99999999999999e-05, ""Dwell Time"": 1.66666666666667e-06, ""Dwell Time cat"": ""low"", ""Chamber Pressure"": 0.000973, ""Working Distance"": 0.006112}, ""normalized"": {""microscope"": ""Zeiss Gemini"", ""instrument"": ""Zeiss Gemini"", ""detector"": ""SE"", ""accelerating_voltage_kv"": 10000.0, ""magnification"": 2800.0, ""pixel_size_nm"": 1.329e-08, ""beam_current_na"": 7.99999999999999e-05, ""dwell_time_us"": 1.66666666666667e-06, ""working_distance_mm"": 6.112, ""chamber_pressure_pa"": 0.000973, ""sample"": ""AsCast"", ""sample_state"": ""Detail"", ""etching_agent"": ""Nital"", ""imaging_mode"": ""SEM"", ""scale"": ""1.329e-08 nm/pixel"", ""acquisition_date_if_available"": null}}",,,,
hcci,AsCast,hcci_743,Images\743.png,C:\Users\Pranet\Downloads\Mini Project\data\raw\hcci\Images\743.png,743.png,.png,5103071,f5a88392c585a6bacff3395ef9f62b0f1c05f2c9348b32e1f471ce73d19025d1,2515,1920,4,8,uint8,png,RGBA,SEM,,Detail,Detail,sample_AsCast_Detail,AsCast,roi_743,Zeiss Gemini_BSE_10000.0kV_2800.0x,"{""raw_metadata"": {""File Name"": 743, ""SEM"": ""Zeiss Gemini"", ""Detector"": ""BSE"", ""Gun"": ""FEG"", ""Voltage"": 10000, ""Magnification"": 2800, ""Etching"": ""Nital"", ""Sample"": ""AsCast"", ""Kind"": ""Detail"", ""Pixel Size"": 1.329e-08, ""Beam Current"": 7.99999999999999e-05, ""Dwell Time"": 1.29329427083333e-05, ""Dwell Time cat"": ""high"", ""Chamber Pressure"": 0.000952, ""Working Distance"": 0.006112}, ""normalized"": {""microscope"": ""Zeiss Gemini"", ""instrument"": ""Zeiss Gemini"", ""detector"": ""BSE"", ""accelerating_voltage_kv"": 10000.0, ""magnification"": 2800.0, ""pixel_size_nm"": 1.329e-08, ""beam_current_na"": 7.99999999999999e-05, ""dwell_time_us"": 1.29329427083333e-05, ""working_distance_mm"": 6.112, ""chamber_pressure_pa"": 0.000952, ""sample"": ""AsCast"", ""sample_state"": ""Detail"", ""etching_agent"": ""Nital"", ""imaging_mode"": ""SEM"", ""scale"": ""1.329e-08 nm/pixel"", ""acquisition_date_if_available"": null}}",,,,
hcci,AsCast,hcci_744,Images\744.png,C:\Users\Pranet\Downloads\Mini Project\data\raw\hcci\Images\744.png,744.png,.png,5930029,2db3ad474510920a94ac59b5474eb807ca4e1c09b87723301bdd3d3c7cd5acc0,2515,1920,4,8,uint8,png,RGBA,SEM,,Detail,Detail,sample_AsCast_Detail,AsCast,roi_744,Zeiss Gemini_BSE_10000.0kV_2800.0x,"{""raw_metadata"": {""File Name"": 744, ""SEM"": ""Zeiss Gemini"", ""Detector"": ""BSE"", ""Gun"": ""FEG"", ""Voltage"": 10000, ""Magnification"": 2800, ""Etching"": ""Nital"", ""Sample"": ""AsCast"", ""Kind"": ""Detail"", ""Pixel Size"": 1.329e-08, ""Beam Current"": 7.99999999999999e-05, ""Dwell Time"": 1.66666666666667e-06, ""Dwell Time cat"": ""low"", ""Chamber Pressure"": 0.000952, ""Working Distance"": 0.006112}, ""normalized"": {""microscope"": ""Zeiss Gemini"", ""instrument"": ""Zeiss Gemini"", ""detector"": ""BSE"", ""accelerating_voltage_kv"": 10000.0, ""magnification"": 2800.0, ""pixel_size_nm"": 1.329e-08, ""beam_current_na"": 7.99999999999999e-05, ""dwell_time_us"": 1.66666666666667e-06, ""working_distance_mm"": 6.112, ""chamber_pressure_pa"": 0.000952, ""sample"": ""AsCast"", ""sample_state"": ""Detail"", ""etching_agent"": ""Nital"", ""imaging_mode"": ""SEM"", ""scale"": ""1.329e-08 nm/pixel"", ""acquisition_date_if_available"": null}}",,,,
hcci,AsCast,hcci_745,Images\745.png,C:\Users\Pranet\Downloads\Mini Project\data\raw\hcci\Images\745.png,745.png,.png,3228064,9f6d7284cfee371913700f1f390a55a3e815bb70a3db2c13f96cfdadea23d53d,2515,1920,4,8,uint8,png,RGBA,SEM,,Detail,Detail,sample_AsCast_Detail,AsCast,roi_745,Zeiss Gemini_InLens_10000.0kV_2800.0x,"{""raw_metadata"": {""File Name"": 745, ""SEM"": ""Zeiss Gemini"", ""Detector"": ""InLens"", ""Gun"": ""FEG"", ""Voltage"": 10000, ""Magnification"": 2800, ""Etching"": ""Nital"", ""Sample"": ""AsCast"", ""Kind"": ""Detail"", ""Pixel Size"": 1.329e-08, ""Beam Current"": 7.99999999999999e-05, ""Dwell Time"": 1.29329427083333e-05, ""Dwell Time cat"": ""high"", ""Chamber Pressure"": 0.000952, ""Working Distance"": 0.006112}, ""normalized"": {""microscope"": ""Zeiss Gemini"", ""instrument"": ""Zeiss Gemini"", ""detector"": ""InLens"", ""accelerating_voltage_kv"": 10000.0, ""magnification"": 2800.0, ""pixel_size_nm"": 1.329e-08, ""beam_current_na"": 7.99999999999999e-05, ""dwell_time_us"": 1.29329427083333e-05, ""working_distance_mm"": 6.112, ""chamber_pressure_pa"": 0.000952, ""sample"": ""AsCast"", ""sample_state"": ""Detail"", ""etching_agent"": ""Nital"", ""imaging_mode"": ""SEM"", ""scale"": ""1.329e-08 nm/pixel"", ""acquisition_date_if_available"": null}}",,,,
hcci,AsCast,hcci_746,Images\746.png,C:\Users\Pranet\Downloads\Mini Project\data\raw\hcci\Images\746.png,746.png,.png,4129980,4a1b257c1925f1fab38c2cdda22cc2ce637d7d70808a2bf22b53258d5dbef874,2515,1920,4,8,uint8,png,RGBA,SEM,,Detail,Detail,sample_AsCast_Detail,AsCast,roi_746,Zeiss Gemini_InLens_10000.0kV_2800.0x,"{""raw_metadata"": {""File Name"": 746, ""SEM"": ""Zeiss Gemini"", ""Detector"": ""InLens"", ""Gun"": ""FEG"", ""Voltage"": 10000, ""Magnification"": 2800, ""Etching"": ""Nital"", ""Sample"": ""AsCast"", ""Kind"": ""Detail"", ""Pixel Size"": 1.329e-08, ""Beam Current"": 7.99999999999999e-05, ""Dwell Time"": 1.66666666666667e-06, ""Dwell Time cat"": ""low"", ""Chamber Pressure"": 0.000946, ""Working Distance"": 0.006112}, ""normalized"": {""microscope"": ""Zeiss Gemini"", ""instrument"": ""Zeiss Gemini"", ""detector"": ""InLens"", ""accelerating_voltage_kv"": 10000.0, ""magnification"": 2800.0, ""pixel_size_nm"": 1.329e-08, ""beam_current_na"": 7.99999999999999e-05, ""dwell_time_us"": 1.66666666666667e-06, ""working_distance_mm"": 6.112, ""chamber_pressure_pa"": 0.000946, ""sample"": ""AsCast"", ""sample_state"": ""Detail"", ""etching_agent"": ""Nital"", ""imaging_mode"": ""SEM"", ""scale"": ""1.329e-08 nm/pixel"", ""acquisition_date_if_available"": null}}",,,,
hcci,AsCast,hcci_747,Images\747.png,C:\Users\Pranet\Downloads\Mini Project\data\raw\hcci\Images\747.png,747.png,.png,4899773,b9da7f45fd38c94e4bd5c15453e003105c68b5d8fc82b755d1fcee6206e2b32a,2889,1974,4,8,uint8,png,RGBA,SEM,,Overview,Overview,sample_AsCast_Overview,AsCast,roi_747,Zeiss Gemini_SE_20000.0kV_500.0x,"{""raw_metadata"": {""File Name"": 747, ""SEM"": ""Zeiss Gemini"", ""Detector"": ""SE"", ""Gun"": ""FEG"", ""Voltage"": 20000, ""Magnification"": 500, ""Etching"": ""Nital"", ""Sample"": ""AsCast"", ""Kind"": ""Overview"", ""Pixel Size"": 7.443e-08, ""Beam Current"": 7.99999999999999e-05, ""Dwell Time"": 1.29329427083333e-05, ""Dwell Time cat"": ""high"", ""Chamber Pressure"": 0.000930999999999999, ""Working Distance"": 0.006143}, ""normalized"": {""microscope"": ""Zeiss Gemini"", ""instrument"": ""Zeiss Gemini"", ""detector"": ""SE"", ""accelerating_voltage_kv"": 20000.0, ""magnification"": 500.0, ""pixel_size_nm"": 7.443e-08, ""beam_current_na"": 7.99999999999999e-05, ""dwell_time_us"": 1.29329427083333e-05, ""working_distance_mm"": 6.143, ""chamber_pressure_pa"": 0.000930999999999999, ""sample"": ""AsCast"", ""sample_state"": ""Overview"", ""etching_agent"": ""Nital"", ""imaging_mode"": ""SEM"", ""scale"": ""7.443e-08 nm/pixel"", ""acquisition_date_if_available"": null}}",,,,
hcci,AsCast,hcci_748,Images\748.png,C:\Users\Pranet\Downloads\Mini Project\data\raw\hcci\Images\748.png,748.png,.png,5858705,783359b66f03a1f21e635ed02b11dc8719f66994dacba4347094303cdf4277d3,2889,1974,4,8,uint8,png,RGBA,SEM,,Overview,Overview,sample_AsCast_Overview,AsCast,roi_748,Zeiss Gemini_SE_20000.0kV_500.0x,"{""raw_metadata"": {""File Name"": 748, ""SEM"": ""Zeiss Gemini"", ""Detector"": ""SE"", ""Gun"": ""FEG"", ""Voltage"": 20000, ""Magnification"": 500, ""Etching"": ""Nital"", ""Sample"": ""AsCast"", ""Kind"": ""Overview"", ""Pixel Size"": 7.443e-08, ""Beam Current"": 7.99999999999999e-05, ""Dwell Time"": 1.66666666666667e-06, ""Dwell Time cat"": ""low"", ""Chamber Pressure"": 0.00092, ""Working Distance"": 0.006143}, ""normalized"": {""microscope"": ""Zeiss Gemini"", ""instrument"": ""Zeiss Gemini"", ""detector"": ""SE"", ""accelerating_voltage_kv"": 20000.0, ""magnification"": 500.0, ""pixel_size_nm"": 7.443e-08, ""beam_current_na"": 7.99999999999999e-05, ""dwell_time_us"": 1.66666666666667e-06, ""working_distance_mm"": 6.143, ""chamber_pressure_pa"": 0.00092, ""sample"": ""AsCast"", ""sample_state"": ""Overview"", ""etching_agent"": ""Nital"", ""imaging_mode"": ""SEM"", ""scale"": ""7.443e-08 nm/pixel"", ""acquisition_date_if_available"": null}}",,,,
hcci,AsCast,hcci_749,Images\749.png,C:\Users\Pranet\Downloads\Mini Project\data\raw\hcci\Images\749.png,749.png,.png,6193912,c15d492838f40f9fd7c819001c3eebe4cedb1e58ea166246a7db82cb51408028,2889,1974,4,8,uint8,png,RGBA,SEM,,Overview,Overview,sample_AsCast_Overview,AsCast,roi_749,Zeiss Gemini_BSE_20000.0kV_500.0x,"{""raw_metadata"": {""File Name"": 749, ""SEM"": ""Zeiss Gemini"", ""Detector"": ""BSE"", ""Gun"": ""FEG"", ""Voltage"": 20000, ""Magnification"": 500, ""Etching"": ""Nital"", ""Sample"": ""AsCast"", ""Kind"": ""Overview"", ""Pixel Size"": 7.443e-08, ""Beam Current"": 7.99999999999999e-05, ""Dwell Time"": 1.29329427083333e-05, ""Dwell Time cat"": ""high"", ""Chamber Pressure"": 0.00091, ""Working Distance"": 0.006143}, ""normalized"": {""microscope"": ""Zeiss Gemini"", ""instrument"": ""Zeiss Gemini"", ""detector"": ""BSE"", ""accelerating_voltage_kv"": 20000.0, ""magnification"": 500.0, ""pixel_size_nm"": 7.443e-08, ""beam_current_na"": 7.99999999999999e-05, ""dwell_time_us"": 1.29329427083333e-05, ""working_distance_mm"": 6.143, ""chamber_pressure_pa"": 0.00091, ""sample"": ""AsCast"", ""sample_state"": ""Overview"", ""etching_agent"": ""Nital"", ""imaging_mode"": ""SEM"", ""scale"": ""7.443e-08 nm/pixel"", ""acquisition_date_if_available"": null}}",,,,
hcci,Q980_9h_AC,hcci_75,Images\75.png,C:\Users\Pranet\Downloads\Mini Project\data\raw\hcci\Images\75.png,75.png,.png,6937598,8a92d43ab09cfdc211cf153fb1514d750cb903883e2e54624b6631a22fa47cc3,2764,2019,4,8,uint8,png,RGBA,SEM,,Overview,Overview,sample_Q980_9h_AC_Overview,Q980_9h_AC,roi_75,Helios G4 PFIB CXe_BSE_5000.0kV_1000.0x,"{""raw_metadata"": {""File Name"": 75, ""SEM"": ""Helios G4 PFIB CXe"", ""Detector"": ""BSE"", ""Gun"": ""FEG"", ""Voltage"": 5000, ""Magnification"": 1000, ""Etching"": ""Vilella"", ""Sample"": ""Q980_9h_AC"", ""Kind"": ""Overview"", ""Pixel Size"": 6.74479e-08, ""Beam Current"": 1.6e-09, ""Dwell Time"": 1e-05, ""Dwell Time cat"": ""high"", ""Chamber Pressure"": 0.00097, ""Working Distance"": 0.00612781}, ""normalized"": {""microscope"": ""Helios G4 PFIB CXe"", ""instrument"": ""Helios G4 PFIB CXe"", ""detector"": ""BSE"", ""accelerating_voltage_kv"": 5000.0, ""magnification"": 1000.0, ""pixel_size_nm"": 6.74479e-08, ""beam_current_na"": 1.6e-09, ""dwell_time_us"": 1e-05, ""working_distance_mm"": 6.1278, ""chamber_pressure_pa"": 0.00097, ""sample"": ""Q980_9h_AC"", ""sample_state"": ""Overview"", ""etching_agent"": ""Vilella"", ""imaging_mode"": ""SEM"", ""scale"": ""6.74479e-08 nm/pixel"", ""acquisition_date_if_available"": null}}",,,,
hcci,AsCast,hcci_750,Images\750.png,C:\Users\Pranet\Downloads\Mini Project\data\raw\hcci\Images\750.png,750.png,.png,6374134,f0f39bb12eaec035344cb6b56794425749fb1d9d42aef174038a3ca6ae25c9e3,2889,1974,4,8,uint8,png,RGBA,SEM,,Overview,Overview,sample_AsCast_Overview,AsCast,roi_750,Zeiss Gemini_BSE_20000.0kV_500.0x,"{""raw_metadata"": {""File Name"": 750, ""SEM"": ""Zeiss Gemini"", ""Detector"": ""BSE"", ""Gun"": ""FEG"", ""Voltage"": 20000, ""Magnification"": 500, ""Etching"": ""Nital"", ""Sample"": ""AsCast"", ""Kind"": ""Overview"", ""Pixel Size"": 7.443e-08, ""Beam Current"": 7.99999999999999e-05, ""Dwell Time"": 1.66666666666667e-06, ""Dwell Time cat"": ""low"", ""Chamber Pressure"": 0.000904999999999999, ""Working Distance"": 0.006143}, ""normalized"": {""microscope"": ""Zeiss Gemini"", ""instrument"": ""Zeiss Gemini"", ""detector"": ""BSE"", ""accelerating_voltage_kv"": 20000.0, ""magnification"": 500.0, ""pixel_size_nm"": 7.443e-08, ""beam_current_na"": 7.99999999999999e-05, ""dwell_time_us"": 1.66666666666667e-06, ""working_distance_mm"": 6.143, ""chamber_pressure_pa"": 0.000904999999999999, ""sample"": ""AsCast"", ""sample_state"": ""Overview"", ""etching_agent"": ""Nital"", ""imaging_mode"": ""SEM"", ""scale"": ""7.443e-08 nm/pixel"", ""acquisition_date_if_available"": null}}",,,,
hcci,AsCast,hcci_751,Images\751.png,C:\Users\Pranet\Downloads\Mini Project\data\raw\hcci\Images\751.png,751.png,.png,4591882,a429b13eecf38faa386cab72ff0c267683e9d483ed2e6129a0bab4ba84fc325a,2889,1974,4,8,uint8,png,RGBA,SEM,,Overview,Overview,sample_AsCast_Overview,AsCast,roi_751,Zeiss Gemini_InLens_20000.0kV_500.0x,"{""raw_metadata"": {""File Name"": 751, ""SEM"": ""Zeiss Gemini"", ""Detector"": ""InLens"", ""Gun"": ""FEG"", ""Voltage"": 20000, ""Magnification"": 500, ""Etching"": ""Nital"", ""Sample"": ""AsCast"", ""Kind"": ""Overview"", ""Pixel Size"": 7.443e-08, ""Beam Current"": 7.99999999999999e-05, ""Dwell Time"": 1.29329427083333e-05, ""Dwell Time cat"": ""high"", ""Chamber Pressure"": 0.000889999999999999, ""Working Distance"": 0.006143}, ""normalized"": {""microscope"": ""Zeiss Gemini"", ""instrument"": ""Zeiss Gemini"", ""detector"": ""InLens"", ""accelerating_voltage_kv"": 20000.0, ""magnification"": 500.0, ""pixel_size_nm"": 7.443e-08, ""beam_current_na"": 7.99999999999999e-05, ""dwell_time_us"": 1.29329427083333e-05, ""working_distance_mm"": 6.143, ""chamber_pressure_pa"": 0.000889999999999999, ""sample"": ""AsCast"", ""sample_state"": ""Overview"", ""etching_agent"": ""Nital"", ""imaging_mode"": ""SEM"", ""scale"": ""7.443e-08 nm/pixel"", ""acquisition_date_if_available"": null}}",,,,
hcci,AsCast,hcci_752,Images\752.png,C:\Users\Pranet\Downloads\Mini Project\data\raw\hcci\Images\752.png,752.png,.png,5379365,3b8ef9f674801e6678be511552cac4e2995223f1e444c94afe7a09e702d0c51f,2889,1974,4,8,uint8,png,RGBA,SEM,,Overview,Overview,sample_AsCast_Overview,AsCast,roi_752,Zeiss Gemini_InLens_20000.0kV_500.0x,"{""raw_metadata"": {""File Name"": 752, ""SEM"": ""Zeiss Gemini"", ""Detector"": ""InLens"", ""Gun"": ""FEG"", ""Voltage"": 20000, ""Magnification"": 500, ""Etching"": ""Nital"", ""Sample"": ""AsCast"", ""Kind"": ""Overview"", ""Pixel Size"": 7.443e-08, ""Beam Current"": 7.99999999999999e-05, ""Dwell Time"": 1.66666666666667e-06, ""Dwell Time cat"": ""low"", ""Chamber Pressure"": 0.000889999999999999, ""Working Distance"": 0.006143}, ""normalized"": {""microscope"": ""Zeiss Gemini"", ""instrument"": ""Zeiss Gemini"", ""detector"": ""InLens"", ""accelerating_voltage_kv"": 20000.0, ""magnification"": 500.0, ""pixel_size_nm"": 7.443e-08, ""beam_current_na"": 7.99999999999999e-05, ""dwell_time_us"": 1.66666666666667e-06, ""working_distance_mm"": 6.143, ""chamber_pressure_pa"": 0.000889999999999999, ""sample"": ""AsCast"", ""sample_state"": ""Overview"", ""etching_agent"": ""Nital"", ""imaging_mode"": ""SEM"", ""scale"": ""7.443e-08 nm/pixel"", ""acquisition_date_if_available"": null}}",,,,
hcci,AsCast,hcci_753,Images\753.png,C:\Users\Pranet\Downloads\Mini Project\data\raw\hcci\Images\753.png,753.png,.png,3641745,5044e56682b610704e1c43f92a8d950d6b4a7d314c27481deb6bc3b296d23b95,2515,1920,4,8,uint8,png,RGBA,SEM,,Detail,Detail,sample_AsCast_Detail,AsCast,roi_753,Zeiss Gemini_SE_20000.0kV_2800.0x,"{""raw_metadata"": {""File Name"": 753, ""SEM"": ""Zeiss Gemini"", ""Detector"": ""SE"", ""Gun"": ""FEG"", ""Voltage"": 20000, ""Magnification"": 2800, ""Etching"": ""Nital"", ""Sample"": ""AsCast"", ""Kind"": ""Detail"", ""Pixel Size"": 1.329e-08, ""Beam Current"": 7.99999999999999e-05, ""Dwell Time"": 1.29329427083333e-05, ""Dwell Time cat"": ""high"", ""Chamber Pressure"": 0.000889999999999999, ""Working Distance"": 0.006143}, ""normalized"": {""microscope"": ""Zeiss Gemini"", ""instrument"": ""Zeiss Gemini"", ""detector"": ""SE"", ""accelerating_voltage_kv"": 20000.0, ""magnification"": 2800.0, ""pixel_size_nm"": 1.329e-08, ""beam_current_na"": 7.99999999999999e-05, ""dwell_time_us"": 1.29329427083333e-05, ""working_distance_mm"": 6.143, ""chamber_pressure_pa"": 0.000889999999999999, ""sample"": ""AsCast"", ""sample_state"": ""Detail"", ""etching_agent"": ""Nital"", ""imaging_mode"": ""SEM"", ""scale"": ""1.329e-08 nm/pixel"", ""acquisition_date_if_available"": null}}",,,,
hcci,AsCast,hcci_754,Images\754.png,C:\Users\Pranet\Downloads\Mini Project\data\raw\hcci\Images\754.png,754.png,.png,4720069,c4503b499d9480b3c7d8a9b08b4dd1b8f7e6d9cbb2c05c74ea476d703c6fd613,2515,1920,4,8,uint8,png,RGBA,SEM,,Detail,Detail,sample_AsCast_Detail,AsCast,roi_754,Zeiss Gemini_SE_20000.0kV_2800.0x,"{""raw_metadata"": {""File Name"": 754, ""SEM"": ""Zeiss Gemini"", ""Detector"": ""SE"", ""Gun"": ""FEG"", ""Voltage"": 20000, ""Magnification"": 2800, ""Etching"": ""Nital"", ""Sample"": ""AsCast"", ""Kind"": ""Detail"", ""Pixel Size"": 1.329e-08, ""Beam Current"": 7.99999999999999e-05, ""Dwell Time"": 1.66666666666667e-06, ""Dwell Time cat"": ""low"", ""Chamber Pressure"": 0.000889999999999999, ""Working Distance"": 0.006143}, ""normalized"": {""microscope"": ""Zeiss Gemini"", ""instrument"": ""Zeiss Gemini"", ""detector"": ""SE"", ""accelerating_voltage_kv"": 20000.0, ""magnification"": 2800.0, ""pixel_size_nm"": 1.329e-08, ""beam_current_na"": 7.99999999999999e-05, ""dwell_time_us"": 1.66666666666667e-06, ""working_distance_mm"": 6.143, ""chamber_pressure_pa"": 0.000889999999999999, ""sample"": ""AsCast"", ""sample_state"": ""Detail"", ""etching_agent"": ""Nital"", ""imaging_mode"": ""SEM"", ""scale"": ""1.329e-08 nm/pixel"", ""acquisition_date_if_available"": null}}",,,,
hcci,AsCast,hcci_755,Images\755.png,C:\Users\Pranet\Downloads\Mini Project\data\raw\hcci\Images\755.png,755.png,.png,3326831,6b04a1d95709350b66c9298cc8b93d6107d6f0951a5e8eda2204388ed73c071f,2515,1920,4,8,uint8,png,RGBA,SEM,,Detail,Detail,sample_AsCast_Detail,AsCast,roi_755,Zeiss Gemini_BSE_20000.0kV_2800.0x,"{""raw_metadata"": {""File Name"": 755, ""SEM"": ""Zeiss Gemini"", ""Detector"": ""BSE"", ""Gun"": ""FEG"", ""Voltage"": 20000, ""Magnification"": 2800, ""Etching"": ""Nital"", ""Sample"": ""AsCast"", ""Kind"": ""Detail"", ""Pixel Size"": 1.329e-08, ""Beam Current"": 7.99999999999999e-05, ""Dwell Time"": 1.29329427083333e-05, ""Dwell Time cat"": ""high"", ""Chamber Pressure"": 0.00087, ""Working Distance"": 0.006143}, ""normalized"": {""microscope"": ""Zeiss Gemini"", ""instrument"": ""Zeiss Gemini"", ""detector"": ""BSE"", ""accelerating_voltage_kv"": 20000.0, ""magnification"": 2800.0, ""pixel_size_nm"": 1.329e-08, ""beam_current_na"": 7.99999999999999e-05, ""dwell_time_us"": 1.29329427083333e-05, ""working_distance_mm"": 6.143, ""chamber_pressure_pa"": 0.00087, ""sample"": ""AsCast"", ""sample_state"": ""Detail"", ""etching_agent"": ""Nital"", ""imaging_mode"": ""SEM"", ""scale"": ""1.329e-08 nm/pixel"", ""acquisition_date_if_available"": null}}",,,,
hcci,AsCast,hcci_756,Images\756.png,C:\Users\Pranet\Downloads\Mini Project\data\raw\hcci\Images\756.png,756.png,.png,3839357,bf521603903450439b584039b6500ab3d91885f52f02e0eb229310f40f63959a,2515,1920,4,8,uint8,png,RGBA,SEM,,Detail,Detail,sample_AsCast_Detail,AsCast,roi_756,Zeiss Gemini_BSE_20000.0kV_2800.0x,"{""raw_metadata"": {""File Name"": 756, ""SEM"": ""Zeiss Gemini"", ""Detector"": ""BSE"", ""Gun"": ""FEG"", ""Voltage"": 20000, ""Magnification"": 2800, ""Etching"": ""Nital"", ""Sample"": ""AsCast"", ""Kind"": ""Detail"", ""Pixel Size"": 1.329e-08, ""Beam Current"": 7.99999999999999e-05, ""Dwell Time"": 1.66666666666667e-06, ""Dwell Time cat"": ""low"", ""Chamber Pressure"": 0.00087, ""Working Distance"": 0.006143}, ""normalized"": {""microscope"": ""Zeiss Gemini"", ""instrument"": ""Zeiss Gemini"", ""detector"": ""BSE"", ""accelerating_voltage_kv"": 20000.0, ""magnification"": 2800.0, ""pixel_size_nm"": 1.329e-08, ""beam_current_na"": 7.99999999999999e-05, ""dwell_time_us"": 1.66666666666667e-06, ""working_distance_mm"": 6.143, ""chamber_pressure_pa"": 0.00087, ""sample"": ""AsCast"", ""sample_state"": ""Detail"", ""etching_agent"": ""Nital"", ""imaging_mode"": ""SEM"", ""scale"": ""1.329e-08 nm/pixel"", ""acquisition_date_if_available"": null}}",,,,
hcci,AsCast,hcci_757,Images\757.png,C:\Users\Pranet\Downloads\Mini Project\data\raw\hcci\Images\757.png,757.png,.png,3853954,850586584064217efac1a7805d38c2f3c6e583de86d3c5057ab2ec17d96513f1,2515,1920,4,8,uint8,png,RGBA,SEM,,Detail,Detail,sample_AsCast_Detail,AsCast,roi_757,Zeiss Gemini_InLens_20000.0kV_2800.0x,"{""raw_metadata"": {""File Name"": 757, ""SEM"": ""Zeiss Gemini"", ""Detector"": ""InLens"", ""Gun"": ""FEG"", ""Voltage"": 20000, ""Magnification"": 2800, ""Etching"": ""Nital"", ""Sample"": ""AsCast"", ""Kind"": ""Detail"", ""Pixel Size"": 1.329e-08, ""Beam Current"": 7.99999999999999e-05, ""Dwell Time"": 1.29329427083333e-05, ""Dwell Time cat"": ""high"", ""Chamber Pressure"": 0.00087, ""Working Distance"": 0.006143}, ""normalized"": {""microscope"": ""Zeiss Gemini"", ""instrument"": ""Zeiss Gemini"", ""detector"": ""InLens"", ""accelerating_voltage_kv"": 20000.0, ""magnification"": 2800.0, ""pixel_size_nm"": 1.329e-08, ""beam_current_na"": 7.99999999999999e-05, ""dwell_time_us"": 1.29329427083333e-05, ""working_distance_mm"": 6.143, ""chamber_pressure_pa"": 0.00087, ""sample"": ""AsCast"", ""sample_state"": ""Detail"", ""etching_agent"": ""Nital"", ""imaging_mode"": ""SEM"", ""scale"": ""1.329e-08 nm/pixel"", ""acquisition_date_if_available"": null}}",,,,
hcci,AsCast,hcci_758,Images\758.png,C:\Users\Pranet\Downloads\Mini Project\data\raw\hcci\Images\758.png,758.png,.png,4802008,14e8788db0d4ce15f0bc1344d8c81741a2a0bf0af26e4f81ceadd92ec603040c,2515,1920,4,8,uint8,png,RGBA,SEM,,Detail,Detail,sample_AsCast_Detail,AsCast,roi_758,Zeiss Gemini_InLens_20000.0kV_2800.0x,"{""raw_metadata"": {""File Name"": 758, ""SEM"": ""Zeiss Gemini"", ""Detector"": ""InLens"", ""Gun"": ""FEG"", ""Voltage"": 20000, ""Magnification"": 2800, ""Etching"": ""Nital"", ""Sample"": ""AsCast"", ""Kind"": ""Detail"", ""Pixel Size"": 1.329e-08, ""Beam Current"": 7.99999999999999e-05, ""Dwell Time"": 1.66666666666667e-06, ""Dwell Time cat"": ""low"", ""Chamber Pressure"": 0.00087, ""Working Distance"": 0.006143}, ""normalized"": {""microscope"": ""Zeiss Gemini"", ""instrument"": ""Zeiss Gemini"", ""detector"": ""InLens"", ""accelerating_voltage_kv"": 20000.0, ""magnification"": 2800.0, ""pixel_size_nm"": 1.329e-08, ""beam_current_na"": 7.99999999999999e-05, ""dwell_time_us"": 1.66666666666667e-06, ""working_distance_mm"": 6.143, ""chamber_pressure_pa"": 0.00087, ""sample"": ""AsCast"", ""sample_state"": ""Detail"", ""etching_agent"": ""Nital"", ""imaging_mode"": ""SEM"", ""scale"": ""1.329e-08 nm/pixel"", ""acquisition_date_if_available"": null}}",,,,
hcci,Q980_0h_WC,hcci_759,Images\759.png,C:\Users\Pranet\Downloads\Mini Project\data\raw\hcci\Images\759.png,759.png,.png,4215046,479438f55ad86c7202998710ee82458474e71e6c8bad291543b49d038f201414,2679,1983,4,8,uint8,png,RGBA,SEM,,Overview,Overview,sample_Q980_0h_WC_Overview,Q980_0h_WC,roi_759,Zeiss Gemini_SE_5000.0kV_500.0x,"{""raw_metadata"": {""File Name"": 759, ""SEM"": ""Zeiss Gemini"", ""Detector"": ""SE"", ""Gun"": ""FEG"", ""Voltage"": 5000, ""Magnification"": 500, ""Etching"": ""Nital"", ""Sample"": ""Q980_0h_WC"", ""Kind"": ""Overview"", ""Pixel Size"": 7.443e-08, ""Beam Current"": 7.99999999999999e-05, ""Dwell Time"": 1.29329427083333e-05, ""Dwell Time cat"": ""high"", ""Chamber Pressure"": 0.00113999999999999, ""Working Distance"": 0.00596}, ""normalized"": {""microscope"": ""Zeiss Gemini"", ""instrument"": ""Zeiss Gemini"", ""detector"": ""SE"", ""accelerating_voltage_kv"": 5000.0, ""magnification"": 500.0, ""pixel_size_nm"": 7.443e-08, ""beam_current_na"": 7.99999999999999e-05, ""dwell_time_us"": 1.29329427083333e-05, ""working_distance_mm"": 5.96, ""chamber_pressure_pa"": 0.00113999999999999, ""sample"": ""Q980_0h_WC"", ""sample_state"": ""Overview"", ""etching_agent"": ""Nital"", ""imaging_mode"": ""SEM"", ""scale"": ""7.443e-08 nm/pixel"", ""acquisition_date_if_available"": null}}",,,,
hcci,Q980_9h_AC,hcci_76,Images\76.png,C:\Users\Pranet\Downloads\Mini Project\data\raw\hcci\Images\76.png,76.png,.png,7797569,161bdad51bc61fa088094c60dfca7076c017540efb91e4020cb583bd217663ed,2764,2019,4,8,uint8,png,RGBA,SEM,,Overview,Overview,sample_Q980_9h_AC_Overview,Q980_9h_AC,roi_76,Helios G4 PFIB CXe_BSE_5000.0kV_1000.0x,"{""raw_metadata"": {""File Name"": 76, ""SEM"": ""Helios G4 PFIB CXe"", ""Detector"": ""BSE"", ""Gun"": ""FEG"", ""Voltage"": 5000, ""Magnification"": 1000, ""Etching"": ""Vilella"", ""Sample"": ""Q980_9h_AC"", ""Kind"": ""Overview"", ""Pixel Size"": 6.74479e-08, ""Beam Current"": 1.6e-09, ""Dwell Time"": 5e-07, ""Dwell Time cat"": ""low"", ""Chamber Pressure"": 0.00096, ""Working Distance"": 0.00612781}, ""normalized"": {""microscope"": ""Helios G4 PFIB CXe"", ""instrument"": ""Helios G4 PFIB CXe"", ""detector"": ""BSE"", ""accelerating_voltage_kv"": 5000.0, ""magnification"": 1000.0, ""pixel_size_nm"": 6.74479e-08, ""beam_current_na"": 1.6e-09, ""dwell_time_us"": 5e-07, ""working_distance_mm"": 6.1278, ""chamber_pressure_pa"": 0.00096, ""sample"": ""Q980_9h_AC"", ""sample_state"": ""Overview"", ""etching_agent"": ""Vilella"", ""imaging_mode"": ""SEM"", ""scale"": ""6.74479e-08 nm/pixel"", ""acquisition_date_if_available"": null}}",,,,
hcci,Q980_0h_WC,hcci_760,Images\760.png,C:\Users\Pranet\Downloads\Mini Project\data\raw\hcci\Images\760.png,760.png,.png,4896316,8539d0425f1654d25bf333888d4f0c31805ce2f13b6bbe6bfc8dbaf566571d9e,2679,1983,4,8,uint8,png,RGBA,SEM,,Overview,Overview,sample_Q980_0h_WC_Overview,Q980_0h_WC,roi_760,Zeiss Gemini_SE_5000.0kV_500.0x,"{""raw_metadata"": {""File Name"": 760, ""SEM"": ""Zeiss Gemini"", ""Detector"": ""SE"", ""Gun"": ""FEG"", ""Voltage"": 5000, ""Magnification"": 500, ""Etching"": ""Nital"", ""Sample"": ""Q980_0h_WC"", ""Kind"": ""Overview"", ""Pixel Size"": 7.443e-08, ""Beam Current"": 7.99999999999999e-05, ""Dwell Time"": 1.66666666666667e-06, ""Dwell Time cat"": ""low"", ""Chamber Pressure"": 0.00112999999999999, ""Working Distance"": 0.00596}, ""normalized"": {""microscope"": ""Zeiss Gemini"", ""instrument"": ""Zeiss Gemini"", ""detector"": ""SE"", ""accelerating_voltage_kv"": 5000.0, ""magnification"": 500.0, ""pixel_size_nm"": 7.443e-08, ""beam_current_na"": 7.99999999999999e-05, ""dwell_time_us"": 1.66666666666667e-06, ""working_distance_mm"": 5.96, ""chamber_pressure_pa"": 0.00112999999999999, ""sample"": ""Q980_0h_WC"", ""sample_state"": ""Overview"", ""etching_agent"": ""Nital"", ""imaging_mode"": ""SEM"", ""scale"": ""7.443e-08 nm/pixel"", ""acquisition_date_if_available"": null}}",,,,
hcci,Q980_0h_WC,hcci_761,Images\761.png,C:\Users\Pranet\Downloads\Mini Project\data\raw\hcci\Images\761.png,761.png,.png,5345852,6347d0519c0f9f62b28d440ede4c6c02c73d2ea04a29119eccdba164a17c5015,2679,1983,4,8,uint8,png,RGBA,SEM,,Overview,Overview,sample_Q980_0h_WC_Overview,Q980_0h_WC,roi_761,Zeiss Gemini_BSE_5000.0kV_500.0x,"{""raw_metadata"": {""File Name"": 761, ""SEM"": ""Zeiss Gemini"", ""Detector"": ""BSE"", ""Gun"": ""FEG"", ""Voltage"": 5000, ""Magnification"": 500, ""Etching"": ""Nital"", ""Sample"": ""Q980_0h_WC"", ""Kind"": ""Overview"", ""Pixel Size"": 7.443e-08, ""Beam Current"": 7.99999999999999e-05, ""Dwell Time"": 1.29329427083333e-05, ""Dwell Time cat"": ""high"", ""Chamber Pressure"": 0.00102, ""Working Distance"": 0.00596}, ""normalized"": {""microscope"": ""Zeiss Gemini"", ""instrument"": ""Zeiss Gemini"", ""detector"": ""BSE"", ""accelerating_voltage_kv"": 5000.0, ""magnification"": 500.0, ""pixel_size_nm"": 7.443e-08, ""beam_current_na"": 7.99999999999999e-05, ""dwell_time_us"": 1.29329427083333e-05, ""working_distance_mm"": 5.96, ""chamber_pressure_pa"": 0.00102, ""sample"": ""Q980_0h_WC"", ""sample_state"": ""Overview"", ""etching_agent"": ""Nital"", ""imaging_mode"": ""SEM"", ""scale"": ""7.443e-08 nm/pixel"", ""acquisition_date_if_available"": null}}",,,,
hcci,Q980_0h_WC,hcci_762,Images\762.png,C:\Users\Pranet\Downloads\Mini Project\data\raw\hcci\Images\762.png,762.png,.png,6733645,ec82802fe57fa926080a163cb11f7c41f3ad010c54c69fc1bd8e5e0aad94d383,2679,1983,4,8,uint8,png,RGBA,SEM,,Overview,Overview,sample_Q980_0h_WC_Overview,Q980_0h_WC,roi_762,Zeiss Gemini_BSE_5000.0kV_500.0x,"{""raw_metadata"": {""File Name"": 762, ""SEM"": ""Zeiss Gemini"", ""Detector"": ""BSE"", ""Gun"": ""FEG"", ""Voltage"": 5000, ""Magnification"": 500, ""Etching"": ""Nital"", ""Sample"": ""Q980_0h_WC"", ""Kind"": ""Overview"", ""Pixel Size"": 7.443e-08, ""Beam Current"": 7.99999999999999e-05, ""Dwell Time"": 1.66666666666667e-06, ""Dwell Time cat"": ""low"", ""Chamber Pressure"": 0.00101, ""Working Distance"": 0.00596}, ""normalized"": {""microscope"": ""Zeiss Gemini"", ""instrument"": ""Zeiss Gemini"", ""detector"": ""BSE"", ""accelerating_voltage_kv"": 5000.0, ""magnification"": 500.0, ""pixel_size_nm"": 7.443e-08, ""beam_current_na"": 7.99999999999999e-05, ""dwell_time_us"": 1.66666666666667e-06, ""working_distance_mm"": 5.96, ""chamber_pressure_pa"": 0.00101, ""sample"": ""Q980_0h_WC"", ""sample_state"": ""Overview"", ""etching_agent"": ""Nital"", ""imaging_mode"": ""SEM"", ""scale"": ""7.443e-08 nm/pixel"", ""acquisition_date_if_available"": null}}",,,,
hcci,Q980_0h_WC,hcci_763,Images\763.png,C:\Users\Pranet\Downloads\Mini Project\data\raw\hcci\Images\763.png,763.png,.png,4796315,8ab26698d3d440790eede7b49093f0fd05ed874704f227b75b3fbb333a5546d3,2679,1983,4,8,uint8,png,RGBA,SEM,,Overview,Overview,sample_Q980_0h_WC_Overview,Q980_0h_WC,roi_763,Zeiss Gemini_InLens_5000.0kV_500.0x,"{""raw_metadata"": {""File Name"": 763, ""SEM"": ""Zeiss Gemini"", ""Detector"": ""InLens"", ""Gun"": ""FEG"", ""Voltage"": 5000, ""Magnification"": 500, ""Etching"": ""Nital"", ""Sample"": ""Q980_0h_WC"", ""Kind"": ""Overview"", ""Pixel Size"": 7.443e-08, ""Beam Current"": 7.99999999999999e-05, ""Dwell Time"": 1.29329427083333e-05, ""Dwell Time cat"": ""high"", ""Chamber Pressure"": 0.00109, ""Working Distance"": 0.00596}, ""normalized"": {""microscope"": ""Zeiss Gemini"", ""instrument"": ""Zeiss Gemini"", ""detector"": ""InLens"", ""accelerating_voltage_kv"": 5000.0, ""magnification"": 500.0, ""pixel_size_nm"": 7.443e-08, ""beam_current_na"": 7.99999999999999e-05, ""dwell_time_us"": 1.29329427083333e-05, ""working_distance_mm"": 5.96, ""chamber_pressure_pa"": 0.00109, ""sample"": ""Q980_0h_WC"", ""sample_state"": ""Overview"", ""etching_agent"": ""Nital"", ""imaging_mode"": ""SEM"", ""scale"": ""7.443e-08 nm/pixel"", ""acquisition_date_if_available"": null}}",,,,
hcci,Q980_0h_WC,hcci_764,Images\764.png,C:\Users\Pranet\Downloads\Mini Project\data\raw\hcci\Images\764.png,764.png,.png,5501655,db4b7dcf30c0a80651cd89ad11ad9da7df68c188aa07fd118ec87f3268751f88,2679,1983,4,8,uint8,png,RGBA,SEM,,Overview,Overview,sample_Q980_0h_WC_Overview,Q980_0h_WC,roi_764,Zeiss Gemini_InLens_5000.0kV_500.0x,"{""raw_metadata"": {""File Name"": 764, ""SEM"": ""Zeiss Gemini"", ""Detector"": ""InLens"", ""Gun"": ""FEG"", ""Voltage"": 5000, ""Magnification"": 500, ""Etching"": ""Nital"", ""Sample"": ""Q980_0h_WC"", ""Kind"": ""Overview"", ""Pixel Size"": 7.443e-08, ""Beam Current"": 7.99999999999999e-05, ""Dwell Time"": 1.66666666666667e-06, ""Dwell Time cat"": ""low"", ""Chamber Pressure"": 0.00105999999999999, ""Working Distance"": 0.00596}, ""normalized"": {""microscope"": ""Zeiss Gemini"", ""instrument"": ""Zeiss Gemini"", ""detector"": ""InLens"", ""accelerating_voltage_kv"": 5000.0, ""magnification"": 500.0, ""pixel_size_nm"": 7.443e-08, ""beam_current_na"": 7.99999999999999e-05, ""dwell_time_us"": 1.66666666666667e-06, ""working_distance_mm"": 5.96, ""chamber_pressure_pa"": 0.00105999999999999, ""sample"": ""Q980_0h_WC"", ""sample_state"": ""Overview"", ""etching_agent"": ""Nital"", ""imaging_mode"": ""SEM"", ""scale"": ""7.443e-08 nm/pixel"", ""acquisition_date_if_available"": null}}",,,,
hcci,Q980_0h_WC,hcci_765,Images\765.png,C:\Users\Pranet\Downloads\Mini Project\data\raw\hcci\Images\765.png,765.png,.png,4588902,486bf55579ae8d0562b32093be4b17b4c05493e9c8b94681d3b74beb24855f16,2476,1762,4,8,uint8,png,RGBA,SEM,,Detail,Detail,sample_Q980_0h_WC_Detail,Q980_0h_WC,roi_765,Zeiss Gemini_SE_5000.0kV_2800.0x,"{""raw_metadata"": {""File Name"": 765, ""SEM"": ""Zeiss Gemini"", ""Detector"": ""SE"", ""Gun"": ""FEG"", ""Voltage"": 5000, ""Magnification"": 2800, ""Etching"": ""Nital"", ""Sample"": ""Q980_0h_WC"", ""Kind"": ""Detail"", ""Pixel Size"": 1.329e-08, ""Beam Current"": 7.99999999999999e-05, ""Dwell Time"": 1.29329427083333e-05, ""Dwell Time cat"": ""high"", ""Chamber Pressure"": 0.000979, ""Working Distance"": 0.00596}, ""normalized"": {""microscope"": ""Zeiss Gemini"", ""instrument"": ""Zeiss Gemini"", ""detector"": ""SE"", ""accelerating_voltage_kv"": 5000.0, ""magnification"": 2800.0, ""pixel_size_nm"": 1.329e-08, ""beam_current_na"": 7.99999999999999e-05, ""dwell_time_us"": 1.29329427083333e-05, ""working_distance_mm"": 5.96, ""chamber_pressure_pa"": 0.000979, ""sample"": ""Q980_0h_WC"", ""sample_state"": ""Detail"", ""etching_agent"": ""Nital"", ""imaging_mode"": ""SEM"", ""scale"": ""1.329e-08 nm/pixel"", ""acquisition_date_if_available"": null}}",,,,
hcci,Q980_0h_WC,hcci_766,Images\766.png,C:\Users\Pranet\Downloads\Mini Project\data\raw\hcci\Images\766.png,766.png,.png,5672123,7d1091ca6cb93fcb7b556ae6a317de2b016f12dab5b2da54a3444e529dc71e98,2476,1762,4,8,uint8,png,RGBA,SEM,,Detail,Detail,sample_Q980_0h_WC_Detail,Q980_0h_WC,roi_766,Zeiss Gemini_SE_5000.0kV_2800.0x,"{""raw_metadata"": {""File Name"": 766, ""SEM"": ""Zeiss Gemini"", ""Detector"": ""SE"", ""Gun"": ""FEG"", ""Voltage"": 5000, ""Magnification"": 2800, ""Etching"": ""Nital"", ""Sample"": ""Q980_0h_WC"", ""Kind"": ""Detail"", ""Pixel Size"": 1.329e-08, ""Beam Current"": 7.99999999999999e-05, ""Dwell Time"": 1.66666666666667e-06, ""Dwell Time cat"": ""low"", ""Chamber Pressure"": 0.000995999999999999, ""Working Distance"": 0.00596}, ""normalized"": {""microscope"": ""Zeiss Gemini"", ""instrument"": ""Zeiss Gemini"", ""detector"": ""SE"", ""accelerating_voltage_kv"": 5000.0, ""magnification"": 2800.0, ""pixel_size_nm"": 1.329e-08, ""beam_current_na"": 7.99999999999999e-05, ""dwell_time_us"": 1.66666666666667e-06, ""working_distance_mm"": 5.96, ""chamber_pressure_pa"": 0.000995999999999999, ""sample"": ""Q980_0h_WC"", ""sample_state"": ""Detail"", ""etching_agent"": ""Nital"", ""imaging_mode"": ""SEM"", ""scale"": ""1.329e-08 nm/pixel"", ""acquisition_date_if_available"": null}}",,,,
hcci,Q980_0h_WC,hcci_767,Images\767.png,C:\Users\Pranet\Downloads\Mini Project\data\raw\hcci\Images\767.png,767.png,.png,4655669,826951cfc09561b35f37a45b4c0d0c8f07e46f635e43dd6004077140e6d362f3,2476,1762,4,8,uint8,png,RGBA,SEM,,Detail,Detail,sample_Q980_0h_WC_Detail,Q980_0h_WC,roi_767,Zeiss Gemini_BSE_5000.0kV_2800.0x,"{""raw_metadata"": {""File Name"": 767, ""SEM"": ""Zeiss Gemini"", ""Detector"": ""BSE"", ""Gun"": ""FEG"", ""Voltage"": 5000, ""Magnification"": 2800, ""Etching"": ""Nital"", ""Sample"": ""Q980_0h_WC"", ""Kind"": ""Detail"", ""Pixel Size"": 1.329e-08, ""Beam Current"": 7.99999999999999e-05, ""Dwell Time"": 1.29329427083333e-05, ""Dwell Time cat"": ""high"", ""Chamber Pressure"": 0.000952, ""Working Distance"": 0.00596}, ""normalized"": {""microscope"": ""Zeiss Gemini"", ""instrument"": ""Zeiss Gemini"", ""detector"": ""BSE"", ""accelerating_voltage_kv"": 5000.0, ""magnification"": 2800.0, ""pixel_size_nm"": 1.329e-08, ""beam_current_na"": 7.99999999999999e-05, ""dwell_time_us"": 1.29329427083333e-05, ""working_distance_mm"": 5.96, ""chamber_pressure_pa"": 0.000952, ""sample"": ""Q980_0h_WC"", ""sample_state"": ""Detail"", ""etching_agent"": ""Nital"", ""imaging_mode"": ""SEM"", ""scale"": ""1.329e-08 nm/pixel"", ""acquisition_date_if_available"": null}}",,,,
hcci,Q980_0h_WC,hcci_768,Images\768.png,C:\Users\Pranet\Downloads\Mini Project\data\raw\hcci\Images\768.png,768.png,.png,5466900,17338d868a47cd6ee34ce5a82764496e70c347378acba3338c7feec55fd61382,2476,1762,4,8,uint8,png,RGBA,SEM,,Detail,Detail,sample_Q980_0h_WC_Detail,Q980_0h_WC,roi_768,Zeiss Gemini_BSE_5000.0kV_2800.0x,"{""raw_metadata"": {""File Name"": 768, ""SEM"": ""Zeiss Gemini"", ""Detector"": ""BSE"", ""Gun"": ""FEG"", ""Voltage"": 5000, ""Magnification"": 2800, ""Etching"": ""Nital"", ""Sample"": ""Q980_0h_WC"", ""Kind"": ""Detail"", ""Pixel Size"": 1.329e-08, ""Beam Current"": 7.99999999999999e-05, ""Dwell Time"": 1.66666666666667e-06, ""Dwell Time cat"": ""low"", ""Chamber Pressure"": 0.000952, ""Working Distance"": 0.00596}, ""normalized"": {""microscope"": ""Zeiss Gemini"", ""instrument"": ""Zeiss Gemini"", ""detector"": ""BSE"", ""accelerating_voltage_kv"": 5000.0, ""magnification"": 2800.0, ""pixel_size_nm"": 1.329e-08, ""beam_current_na"": 7.99999999999999e-05, ""dwell_time_us"": 1.66666666666667e-06, ""working_distance_mm"": 5.96, ""chamber_pressure_pa"": 0.000952, ""sample"": ""Q980_0h_WC"", ""sample_state"": ""Detail"", ""etching_agent"": ""Nital"", ""imaging_mode"": ""SEM"", ""scale"": ""1.329e-08 nm/pixel"", ""acquisition_date_if_available"": null}}",,,,
hcci,Q980_0h_WC,hcci_769,Images\769.png,C:\Users\Pranet\Downloads\Mini Project\data\raw\hcci\Images\769.png,769.png,.png,3593319,ec4ccab1d203c16a65b6b5ddae1b7d35d1b3e3aea9f4af35d38d2ffc7367ab1b,2476,1762,4,8,uint8,png,RGBA,SEM,,Detail,Detail,sample_Q980_0h_WC_Detail,Q980_0h_WC,roi_769,Zeiss Gemini_InLens_5000.0kV_2800.0x,"{""raw_metadata"": {""File Name"": 769, ""SEM"": ""Zeiss Gemini"", ""Detector"": ""InLens"", ""Gun"": ""FEG"", ""Voltage"": 5000, ""Magnification"": 2800, ""Etching"": ""Nital"", ""Sample"": ""Q980_0h_WC"", ""Kind"": ""Detail"", ""Pixel Size"": 1.329e-08, ""Beam Current"": 7.99999999999999e-05, ""Dwell Time"": 1.29329427083333e-05, ""Dwell Time cat"": ""high"", ""Chamber Pressure"": 0.000952, ""Working Distance"": 0.00596}, ""normalized"": {""microscope"": ""Zeiss Gemini"", ""instrument"": ""Zeiss Gemini"", ""detector"": ""InLens"", ""accelerating_voltage_kv"": 5000.0, ""magnification"": 2800.0, ""pixel_size_nm"": 1.329e-08, ""beam_current_na"": 7.99999999999999e-05, ""dwell_time_us"": 1.29329427083333e-05, ""working_distance_mm"": 5.96, ""chamber_pressure_pa"": 0.000952, ""sample"": ""Q980_0h_WC"", ""sample_state"": ""Detail"", ""etching_agent"": ""Nital"", ""imaging_mode"": ""SEM"", ""scale"": ""1.329e-08 nm/pixel"", ""acquisition_date_if_available"": null}}",,,,
hcci,Q980_9h_AC,hcci_77,Images\77.png,C:\Users\Pranet\Downloads\Mini Project\data\raw\hcci\Images\77.png,77.png,.png,6315590,8023b628c9c6a6968ddbe1acbc26616aaf0e466d76d8b58e2b022478785dbf07,2764,2019,4,8,uint8,png,RGBA,SEM,,Overview,Overview,sample_Q980_9h_AC_Overview,Q980_9h_AC,roi_77,Helios G4 PFIB CXe_InLens_5000.0kV_1000.0x,"{""raw_metadata"": {""File Name"": 77, ""SEM"": ""Helios G4 PFIB CXe"", ""Detector"": ""InLens"", ""Gun"": ""FEG"", ""Voltage"": 5000, ""Magnification"": 1000, ""Etching"": ""Vilella"", ""Sample"": ""Q980_9h_AC"", ""Kind"": ""Overview"", ""Pixel Size"": 6.74479e-08, ""Beam Current"": 1.6e-09, ""Dwell Time"": 1e-05, ""Dwell Time cat"": ""high"", ""Chamber Pressure"": 0.000879, ""Working Distance"": 0.00612781}, ""normalized"": {""microscope"": ""Helios G4 PFIB CXe"", ""instrument"": ""Helios G4 PFIB CXe"", ""detector"": ""InLens"", ""accelerating_voltage_kv"": 5000.0, ""magnification"": 1000.0, ""pixel_size_nm"": 6.74479e-08, ""beam_current_na"": 1.6e-09, ""dwell_time_us"": 1e-05, ""working_distance_mm"": 6.1278, ""chamber_pressure_pa"": 0.000879, ""sample"": ""Q980_9h_AC"", ""sample_state"": ""Overview"", ""etching_agent"": ""Vilella"", ""imaging_mode"": ""SEM"", ""scale"": ""6.74479e-08 nm/pixel"", ""acquisition_date_if_available"": null}}",,,,
hcci,Q980_0h_WC,hcci_770,Images\770.png,C:\Users\Pranet\Downloads\Mini Project\data\raw\hcci\Images\770.png,770.png,.png,4488359,ad5209c036157319e71a68e67857035222a9248322dce38d3023020a0d816d85,2476,1762,4,8,uint8,png,RGBA,SEM,,Detail,Detail,sample_Q980_0h_WC_Detail,Q980_0h_WC,roi_770,Zeiss Gemini_InLens_5000.0kV_2800.0x,"{""raw_metadata"": {""File Name"": 770, ""SEM"": ""Zeiss Gemini"", ""Detector"": ""InLens"", ""Gun"": ""FEG"", ""Voltage"": 5000, ""Magnification"": 2800, ""Etching"": ""Nital"", ""Sample"": ""Q980_0h_WC"", ""Kind"": ""Detail"", ""Pixel Size"": 1.329e-08, ""Beam Current"": 7.99999999999999e-05, ""Dwell Time"": 1.66666666666667e-06, ""Dwell Time cat"": ""low"", ""Chamber Pressure"": 0.000941, ""Working Distance"": 0.00596}, ""normalized"": {""microscope"": ""Zeiss Gemini"", ""instrument"": ""Zeiss Gemini"", ""detector"": ""InLens"", ""accelerating_voltage_kv"": 5000.0, ""magnification"": 2800.0, ""pixel_size_nm"": 1.329e-08, ""beam_current_na"": 7.99999999999999e-05, ""dwell_time_us"": 1.66666666666667e-06, ""working_distance_mm"": 5.96, ""chamber_pressure_pa"": 0.000941, ""sample"": ""Q980_0h_WC"", ""sample_state"": ""Detail"", ""etching_agent"": ""Nital"", ""imaging_mode"": ""SEM"", ""scale"": ""1.329e-08 nm/pixel"", ""acquisition_date_if_available"": null}}",,,,
hcci,Q980_0h_WC,hcci_771,Images\771.png,C:\Users\Pranet\Downloads\Mini Project\data\raw\hcci\Images\771.png,771.png,.png,4466645,8fe342ca911ac80c25d82a38f9f40bd99a93c067360182dcc715098ed03cbe62,2679,1983,4,8,uint8,png,RGBA,SEM,,Overview,Overview,sample_Q980_0h_WC_Overview,Q980_0h_WC,roi_771,Zeiss Gemini_SE_10000.0kV_500.0x,"{""raw_metadata"": {""File Name"": 771, ""SEM"": ""Zeiss Gemini"", ""Detector"": ""SE"", ""Gun"": ""FEG"", ""Voltage"": 10000, ""Magnification"": 500, ""Etching"": ""Nital"", ""Sample"": ""Q980_0h_WC"", ""Kind"": ""Overview"", ""Pixel Size"": 7.443e-08, ""Beam Current"": 7.99999999999999e-05, ""Dwell Time"": 1.29329427083333e-05, ""Dwell Time cat"": ""high"", ""Chamber Pressure"": 0.000930999999999999, ""Working Distance"": 0.00598}, ""normalized"": {""microscope"": ""Zeiss Gemini"", ""instrument"": ""Zeiss Gemini"", ""detector"": ""SE"", ""accelerating_voltage_kv"": 10000.0, ""magnification"": 500.0, ""pixel_size_nm"": 7.443e-08, ""beam_current_na"": 7.99999999999999e-05, ""dwell_time_us"": 1.29329427083333e-05, ""working_distance_mm"": 5.98, ""chamber_pressure_pa"": 0.000930999999999999, ""sample"": ""Q980_0h_WC"", ""sample_state"": ""Overview"", ""etching_agent"": ""Nital"", ""imaging_mode"": ""SEM"", ""scale"": ""7.443e-08 nm/pixel"", ""acquisition_date_if_available"": null}}",,,,
hcci,Q980_0h_WC,hcci_772,Images\772.png,C:\Users\Pranet\Downloads\Mini Project\data\raw\hcci\Images\772.png,772.png,.png,4994677,5dc5c63b353dd528eacee5150f87f6d5f47756c7bb3b1702bd69c5a368cc1714,2679,1983,4,8,uint8,png,RGBA,SEM,,Overview,Overview,sample_Q980_0h_WC_Overview,Q980_0h_WC,roi_772,Zeiss Gemini_SE_10000.0kV_500.0x,"{""raw_metadata"": {""File Name"": 772, ""SEM"": ""Zeiss Gemini"", ""Detector"": ""SE"", ""Gun"": ""FEG"", ""Voltage"": 10000, ""Magnification"": 500, ""Etching"": ""Nital"", ""Sample"": ""Q980_0h_WC"", ""Kind"": ""Overview"", ""Pixel Size"": 7.443e-08, ""Beam Current"": 7.99999999999999e-05, ""Dwell Time"": 1.66666666666667e-06, ""Dwell Time cat"": ""low"", ""Chamber Pressure"": 0.00092, ""Working Distance"": 0.00598}, ""normalized"": {""microscope"": ""Zeiss Gemini"", ""instrument"": ""Zeiss Gemini"", ""detector"": ""SE"", ""accelerating_voltage_kv"": 10000.0, ""magnification"": 500.0, ""pixel_size_nm"": 7.443e-08, ""beam_current_na"": 7.99999999999999e-05, ""dwell_time_us"": 1.66666666666667e-06, ""working_distance_mm"": 5.98, ""chamber_pressure_pa"": 0.00092, ""sample"": ""Q980_0h_WC"", ""sample_state"": ""Overview"", ""etching_agent"": ""Nital"", ""imaging_mode"": ""SEM"", ""scale"": ""7.443e-08 nm/pixel"", ""acquisition_date_if_available"": null}}",,,,
hcci,Q980_0h_WC,hcci_773,Images\773.png,C:\Users\Pranet\Downloads\Mini Project\data\raw\hcci\Images\773.png,773.png,.png,5868946,a613239ac50b3e944338fed8a7ba113f86cb0508f3140d91233a991a069df8ff,2679,1983,4,8,uint8,png,RGBA,SEM,,Overview,Overview,sample_Q980_0h_WC_Overview,Q980_0h_WC,roi_773,Zeiss Gemini_BSE_10000.0kV_500.0x,"{""raw_metadata"": {""File Name"": 773, ""SEM"": ""Zeiss Gemini"", ""Detector"": ""BSE"", ""Gun"": ""FEG"", ""Voltage"": 10000, ""Magnification"": 500, ""Etching"": ""Nital"", ""Sample"": ""Q980_0h_WC"", ""Kind"": ""Overview"", ""Pixel Size"": 7.443e-08, ""Beam Current"": 7.99999999999999e-05, ""Dwell Time"": 1.29329427083333e-05, ""Dwell Time cat"": ""high"", ""Chamber Pressure"": 0.00091, ""Working Distance"": 0.00598}, ""normalized"": {""microscope"": ""Zeiss Gemini"", ""instrument"": ""Zeiss Gemini"", ""detector"": ""BSE"", ""accelerating_voltage_kv"": 10000.0, ""magnification"": 500.0, ""pixel_size_nm"": 7.443e-08, ""beam_current_na"": 7.99999999999999e-05, ""dwell_time_us"": 1.29329427083333e-05, ""working_distance_mm"": 5.98, ""chamber_pressure_pa"": 0.00091, ""sample"": ""Q980_0h_WC"", ""sample_state"": ""Overview"", ""etching_agent"": ""Nital"", ""imaging_mode"": ""SEM"", ""scale"": ""7.443e-08 nm/pixel"", ""acquisition_date_if_available"": null}}",,,,
hcci,Q980_0h_WC,hcci_774,Images\774.png,C:\Users\Pranet\Downloads\Mini Project\data\raw\hcci\Images\774.png,774.png,.png,5661708,50917980b2968ffbe1c2bd341030204092dd19d691b29dbc82da10f490246448,2679,1983,4,8,uint8,png,RGBA,SEM,,Overview,Overview,sample_Q980_0h_WC_Overview,Q980_0h_WC,roi_774,Zeiss Gemini_BSE_10000.0kV_500.0x,"{""raw_metadata"": {""File Name"": 774, ""SEM"": ""Zeiss Gemini"", ""Detector"": ""BSE"", ""Gun"": ""FEG"", ""Voltage"": 10000, ""Magnification"": 500, ""Etching"": ""Nital"", ""Sample"": ""Q980_0h_WC"", ""Kind"": ""Overview"", ""Pixel Size"": 7.443e-08, ""Beam Current"": 7.99999999999999e-05, ""Dwell Time"": 1.66666666666667e-06, ""Dwell Time cat"": ""low"", ""Chamber Pressure"": 0.00091, ""Working Distance"": 0.00598}, ""normalized"": {""microscope"": ""Zeiss Gemini"", ""instrument"": ""Zeiss Gemini"", ""detector"": ""BSE"", ""accelerating_voltage_kv"": 10000.0, ""magnification"": 500.0, ""pixel_size_nm"": 7.443e-08, ""beam_current_na"": 7.99999999999999e-05, ""dwell_time_us"": 1.66666666666667e-06, ""working_distance_mm"": 5.98, ""chamber_pressure_pa"": 0.00091, ""sample"": ""Q980_0h_WC"", ""sample_state"": ""Overview"", ""etching_agent"": ""Nital"", ""imaging_mode"": ""SEM"", ""scale"": ""7.443e-08 nm/pixel"", ""acquisition_date_if_available"": null}}",,,,
hcci,Q980_0h_WC,hcci_775,Images\775.png,C:\Users\Pranet\Downloads\Mini Project\data\raw\hcci\Images\775.png,775.png,.png,5091990,0431dc35313cdbed638cb02e884783e157d0e5b86075ac2e23598a0c69d8da32,2679,1983,4,8,uint8,png,RGBA,SEM,,Overview,Overview,sample_Q980_0h_WC_Overview,Q980_0h_WC,roi_775,Zeiss Gemini_InLens_10000.0kV_500.0x,"{""raw_metadata"": {""File Name"": 775, ""SEM"": ""Zeiss Gemini"", ""Detector"": ""InLens"", ""Gun"": ""FEG"", ""Voltage"": 10000, ""Magnification"": 500, ""Etching"": ""Nital"", ""Sample"": ""Q980_0h_WC"", ""Kind"": ""Overview"", ""Pixel Size"": 7.443e-08, ""Beam Current"": 7.99999999999999e-05, ""Dwell Time"": 1.29329427083333e-05, ""Dwell Time cat"": ""high"", ""Chamber Pressure"": 0.00091, ""Working Distance"": 0.00598}, ""normalized"": {""microscope"": ""Zeiss Gemini"", ""instrument"": ""Zeiss Gemini"", ""detector"": ""InLens"", ""accelerating_voltage_kv"": 10000.0, ""magnification"": 500.0, ""pixel_size_nm"": 7.443e-08, ""beam_current_na"": 7.99999999999999e-05, ""dwell_time_us"": 1.29329427083333e-05, ""working_distance_mm"": 5.98, ""chamber_pressure_pa"": 0.00091, ""sample"": ""Q980_0h_WC"", ""sample_state"": ""Overview"", ""etching_agent"": ""Nital"", ""imaging_mode"": ""SEM"", ""scale"": ""7.443e-08 nm/pixel"", ""acquisition_date_if_available"": null}}",,,,
hcci,Q980_0h_WC,hcci_776,Images\776.png,C:\Users\Pranet\Downloads\Mini Project\data\raw\hcci\Images\776.png,776.png,.png,5524362,fb9120ca56e5ca991c996bd452aa8c4e7e11286372735edef922afac69129c9f,2679,1983,4,8,uint8,png,RGBA,SEM,,Overview,Overview,sample_Q980_0h_WC_Overview,Q980_0h_WC,roi_776,Zeiss Gemini_InLens_10000.0kV_500.0x,"{""raw_metadata"": {""File Name"": 776, ""SEM"": ""Zeiss Gemini"", ""Detector"": ""InLens"", ""Gun"": ""FEG"", ""Voltage"": 10000, ""Magnification"": 500, ""Etching"": ""Nital"", ""Sample"": ""Q980_0h_WC"", ""Kind"": ""Overview"", ""Pixel Size"": 7.443e-08, ""Beam Current"": 7.99999999999999e-05, ""Dwell Time"": 1.66666666666667e-06, ""Dwell Time cat"": ""low"", ""Chamber Pressure"": 0.00091, ""Working Distance"": 0.00598}, ""normalized"": {""microscope"": ""Zeiss Gemini"", ""instrument"": ""Zeiss Gemini"", ""detector"": ""InLens"", ""accelerating_voltage_kv"": 10000.0, ""magnification"": 500.0, ""pixel_size_nm"": 7.443e-08, ""beam_current_na"": 7.99999999999999e-05, ""dwell_time_us"": 1.66666666666667e-06, ""working_distance_mm"": 5.98, ""chamber_pressure_pa"": 0.00091, ""sample"": ""Q980_0h_WC"", ""sample_state"": ""Overview"", ""etching_agent"": ""Nital"", ""imaging_mode"": ""SEM"", ""scale"": ""7.443e-08 nm/pixel"", ""acquisition_date_if_available"": null}}",,,,
hcci,Q980_0h_WC,hcci_777,Images\777.png,C:\Users\Pranet\Downloads\Mini Project\data\raw\hcci\Images\777.png,777.png,.png,3440079,b8204d9a5d9ce2036701b5e0d196f54a138da69806f81a1d4c38eb2c014f42e5,2476,1762,4,8,uint8,png,RGBA,SEM,,Detail,Detail,sample_Q980_0h_WC_Detail,Q980_0h_WC,roi_777,Zeiss Gemini_SE_10000.0kV_2800.0x,"{""raw_metadata"": {""File Name"": 777, ""SEM"": ""Zeiss Gemini"", ""Detector"": ""SE"", ""Gun"": ""FEG"", ""Voltage"": 10000, ""Magnification"": 2800, ""Etching"": ""Nital"", ""Sample"": ""Q980_0h_WC"", ""Kind"": ""Detail"", ""Pixel Size"": 1.431e-08, ""Beam Current"": 7.99999999999999e-05, ""Dwell Time"": 1.29329427083333e-05, ""Dwell Time cat"": ""high"", ""Chamber Pressure"": 0.000795, ""Working Distance"": 0.00598}, ""normalized"": {""microscope"": ""Zeiss Gemini"", ""instrument"": ""Zeiss Gemini"", ""detector"": ""SE"", ""accelerating_voltage_kv"": 10000.0, ""magnification"": 2800.0, ""pixel_size_nm"": 1.431e-08, ""beam_current_na"": 7.99999999999999e-05, ""dwell_time_us"": 1.29329427083333e-05, ""working_distance_mm"": 5.98, ""chamber_pressure_pa"": 0.000795, ""sample"": ""Q980_0h_WC"", ""sample_state"": ""Detail"", ""etching_agent"": ""Nital"", ""imaging_mode"": ""SEM"", ""scale"": ""1.431e-08 nm/pixel"", ""acquisition_date_if_available"": null}}",,,,
hcci,Q980_0h_WC,hcci_778,Images\778.png,C:\Users\Pranet\Downloads\Mini Project\data\raw\hcci\Images\778.png,778.png,.png,4210219,b34b219f3ff9c36c34c96f805fc9adaf8262847832f73397b282d9df26a4918b,2476,1762,4,8,uint8,png,RGBA,SEM,,Detail,Detail,sample_Q980_0h_WC_Detail,Q980_0h_WC,roi_778,Zeiss Gemini_SE_10000.0kV_2800.0x,"{""raw_metadata"": {""File Name"": 778, ""SEM"": ""Zeiss Gemini"", ""Detector"": ""SE"", ""Gun"": ""FEG"", ""Voltage"": 10000, ""Magnification"": 2800, ""Etching"": ""Nital"", ""Sample"": ""Q980_0h_WC"", ""Kind"": ""Detail"", ""Pixel Size"": 1.431e-08, ""Beam Current"": 7.99999999999999e-05, ""Dwell Time"": 1.66666666666667e-06, ""Dwell Time cat"": ""low"", ""Chamber Pressure"": 0.000795, ""Working Distance"": 0.00598}, ""normalized"": {""microscope"": ""Zeiss Gemini"", ""instrument"": ""Zeiss Gemini"", ""detector"": ""SE"", ""accelerating_voltage_kv"": 10000.0, ""magnification"": 2800.0, ""pixel_size_nm"": 1.431e-08, ""beam_current_na"": 7.99999999999999e-05, ""dwell_time_us"": 1.66666666666667e-06, ""working_distance_mm"": 5.98, ""chamber_pressure_pa"": 0.000795, ""sample"": ""Q980_0h_WC"", ""sample_state"": ""Detail"", ""etching_agent"": ""Nital"", ""imaging_mode"": ""SEM"", ""scale"": ""1.431e-08 nm/pixel"", ""acquisition_date_if_available"": null}}",,,,
hcci,Q980_0h_WC,hcci_779,Images\779.png,C:\Users\Pranet\Downloads\Mini Project\data\raw\hcci\Images\779.png,779.png,.png,4725218,6053a2d1c61b0ace1ad9dfbe6ac988afcb4fd79c9d3861ca6158cdd081531037,2476,1762,4,8,uint8,png,RGBA,SEM,,Detail,Detail,sample_Q980_0h_WC_Detail,Q980_0h_WC,roi_779,Zeiss Gemini_BSE_10000.0kV_2800.0x,"{""raw_metadata"": {""File Name"": 779, ""SEM"": ""Zeiss Gemini"", ""Detector"": ""BSE"", ""Gun"": ""FEG"", ""Voltage"": 10000, ""Magnification"": 2800, ""Etching"": ""Nital"", ""Sample"": ""Q980_0h_WC"", ""Kind"": ""Detail"", ""Pixel Size"": 1.431e-08, ""Beam Current"": 7.99999999999999e-05, ""Dwell Time"": 1.29329427083333e-05, ""Dwell Time cat"": ""high"", ""Chamber Pressure"": 0.000795, ""Working Distance"": 0.00598}, ""normalized"": {""microscope"": ""Zeiss Gemini"", ""instrument"": ""Zeiss Gemini"", ""detector"": ""BSE"", ""accelerating_voltage_kv"": 10000.0, ""magnification"": 2800.0, ""pixel_size_nm"": 1.431e-08, ""beam_current_na"": 7.99999999999999e-05, ""dwell_time_us"": 1.29329427083333e-05, ""working_distance_mm"": 5.98, ""chamber_pressure_pa"": 0.000795, ""sample"": ""Q980_0h_WC"", ""sample_state"": ""Detail"", ""etching_agent"": ""Nital"", ""imaging_mode"": ""SEM"", ""scale"": ""1.431e-08 nm/pixel"", ""acquisition_date_if_available"": null}}",,,,
hcci,Q980_9h_AC,hcci_78,Images\78.png,C:\Users\Pranet\Downloads\Mini Project\data\raw\hcci\Images\78.png,78.png,.png,7281099,7ce849ade0c66ee12a5946db2ca3d88615228181c3e1df3f86bbe7819f4035e0,2764,2019,4,8,uint8,png,RGBA,SEM,,Overview,Overview,sample_Q980_9h_AC_Overview,Q980_9h_AC,roi_78,Helios G4 PFIB CXe_InLens_5000.0kV_1000.0x,"{""raw_metadata"": {""File Name"": 78, ""SEM"": ""Helios G4 PFIB CXe"", ""Detector"": ""InLens"", ""Gun"": ""FEG"", ""Voltage"": 5000, ""Magnification"": 1000, ""Etching"": ""Vilella"", ""Sample"": ""Q980_9h_AC"", ""Kind"": ""Overview"", ""Pixel Size"": 6.74479e-08, ""Beam Current"": 1.6e-09, ""Dwell Time"": 5e-07, ""Dwell Time cat"": ""low"", ""Chamber Pressure"": 0.000879, ""Working Distance"": 0.00612781}, ""normalized"": {""microscope"": ""Helios G4 PFIB CXe"", ""instrument"": ""Helios G4 PFIB CXe"", ""detector"": ""InLens"", ""accelerating_voltage_kv"": 5000.0, ""magnification"": 1000.0, ""pixel_size_nm"": 6.74479e-08, ""beam_current_na"": 1.6e-09, ""dwell_time_us"": 5e-07, ""working_distance_mm"": 6.1278, ""chamber_pressure_pa"": 0.000879, ""sample"": ""Q980_9h_AC"", ""sample_state"": ""Overview"", ""etching_agent"": ""Vilella"", ""imaging_mode"": ""SEM"", ""scale"": ""6.74479e-08 nm/pixel"", ""acquisition_date_if_available"": null}}",,,,
hcci,Q980_0h_WC,hcci_780,Images\780.png,C:\Users\Pranet\Downloads\Mini Project\data\raw\hcci\Images\780.png,780.png,.png,5153328,ee970e8cdb40d75665e4a9d5d03d2c31772f7a99793a0b0ebbb40aabedcb311d,2476,1762,4,8,uint8,png,RGBA,SEM,,Detail,Detail,sample_Q980_0h_WC_Detail,Q980_0h_WC,roi_780,Zeiss Gemini_BSE_10000.0kV_2800.0x,"{""raw_metadata"": {""File Name"": 780, ""SEM"": ""Zeiss Gemini"", ""Detector"": ""BSE"", ""Gun"": ""FEG"", ""Voltage"": 10000, ""Magnification"": 2800, ""Etching"": ""Nital"", ""Sample"": ""Q980_0h_WC"", ""Kind"": ""Detail"", ""Pixel Size"": 1.431e-08, ""Beam Current"": 7.99999999999999e-05, ""Dwell Time"": 1.66666666666667e-06, ""Dwell Time cat"": ""low"", ""Chamber Pressure"": 0.000795, ""Working Distance"": 0.00598}, ""normalized"": {""microscope"": ""Zeiss Gemini"", ""instrument"": ""Zeiss Gemini"", ""detector"": ""BSE"", ""accelerating_voltage_kv"": 10000.0, ""magnification"": 2800.0, ""pixel_size_nm"": 1.431e-08, ""beam_current_na"": 7.99999999999999e-05, ""dwell_time_us"": 1.66666666666667e-06, ""working_distance_mm"": 5.98, ""chamber_pressure_pa"": 0.000795, ""sample"": ""Q980_0h_WC"", ""sample_state"": ""Detail"", ""etching_agent"": ""Nital"", ""imaging_mode"": ""SEM"", ""scale"": ""1.431e-08 nm/pixel"", ""acquisition_date_if_available"": null}}",,,,
hcci,Q980_0h_WC,hcci_781,Images\781.png,C:\Users\Pranet\Downloads\Mini Project\data\raw\hcci\Images\781.png,781.png,.png,3463391,7ec5066baabfcce1e7d5996cc8b28e66c81c91065922ee437da4cfee1ee6ceaf,2476,1762,4,8,uint8,png,RGBA,SEM,,Detail,Detail,sample_Q980_0h_WC_Detail,Q980_0h_WC,roi_781,Zeiss Gemini_InLens_10000.0kV_2800.0x,"{""raw_metadata"": {""File Name"": 781, ""SEM"": ""Zeiss Gemini"", ""Detector"": ""InLens"", ""Gun"": ""FEG"", ""Voltage"": 10000, ""Magnification"": 2800, ""Etching"": ""Nital"", ""Sample"": ""Q980_0h_WC"", ""Kind"": ""Detail"", ""Pixel Size"": 1.431e-08, ""Beam Current"": 7.99999999999999e-05, ""Dwell Time"": 1.29329427083333e-05, ""Dwell Time cat"": ""high"", ""Chamber Pressure"": 0.000795, ""Working Distance"": 0.00598}, ""normalized"": {""microscope"": ""Zeiss Gemini"", ""instrument"": ""Zeiss Gemini"", ""detector"": ""InLens"", ""accelerating_voltage_kv"": 10000.0, ""magnification"": 2800.0, ""pixel_size_nm"": 1.431e-08, ""beam_current_na"": 7.99999999999999e-05, ""dwell_time_us"": 1.29329427083333e-05, ""working_distance_mm"": 5.98, ""chamber_pressure_pa"": 0.000795, ""sample"": ""Q980_0h_WC"", ""sample_state"": ""Detail"", ""etching_agent"": ""Nital"", ""imaging_mode"": ""SEM"", ""scale"": ""1.431e-08 nm/pixel"", ""acquisition_date_if_available"": null}}",,,,
hcci,Q980_0h_WC,hcci_782,Images\782.png,C:\Users\Pranet\Downloads\Mini Project\data\raw\hcci\Images\782.png,782.png,.png,4174138,eb5ec8b978bb28bc7761dbc279fe71887ea5838109795620cd1ee2ab7bea0369,2476,1762,4,8,uint8,png,RGBA,SEM,,Detail,Detail,sample_Q980_0h_WC_Detail,Q980_0h_WC,roi_782,Zeiss Gemini_InLens_10000.0kV_2800.0x,"{""raw_metadata"": {""File Name"": 782, ""SEM"": ""Zeiss Gemini"", ""Detector"": ""InLens"", ""Gun"": ""FEG"", ""Voltage"": 10000, ""Magnification"": 2800, ""Etching"": ""Nital"", ""Sample"": ""Q980_0h_WC"", ""Kind"": ""Detail"", ""Pixel Size"": 1.431e-08, ""Beam Current"": 7.99999999999999e-05, ""Dwell Time"": 1.66666666666667e-06, ""Dwell Time cat"": ""low"", ""Chamber Pressure"": 0.000795, ""Working Distance"": 0.00598}, ""normalized"": {""microscope"": ""Zeiss Gemini"", ""instrument"": ""Zeiss Gemini"", ""detector"": ""InLens"", ""accelerating_voltage_kv"": 10000.0, ""magnification"": 2800.0, ""pixel_size_nm"": 1.431e-08, ""beam_current_na"": 7.99999999999999e-05, ""dwell_time_us"": 1.66666666666667e-06, ""working_distance_mm"": 5.98, ""chamber_pressure_pa"": 0.000795, ""sample"": ""Q980_0h_WC"", ""sample_state"": ""Detail"", ""etching_agent"": ""Nital"", ""imaging_mode"": ""SEM"", ""scale"": ""1.431e-08 nm/pixel"", ""acquisition_date_if_available"": null}}",,,,
hcci,Q980_0h_WC,hcci_783,Images\783.png,C:\Users\Pranet\Downloads\Mini Project\data\raw\hcci\Images\783.png,783.png,.png,4511499,51d39649ac07303e53c128c65f29a04053a6166ddcf19da9c419ad36709ff536,2679,1983,4,8,uint8,png,RGBA,SEM,,Overview,Overview,sample_Q980_0h_WC_Overview,Q980_0h_WC,roi_783,Zeiss Gemini_SE_20000.0kV_500.0x,"{""raw_metadata"": {""File Name"": 783, ""SEM"": ""Zeiss Gemini"", ""Detector"": ""SE"", ""Gun"": ""FEG"", ""Voltage"": 20000, ""Magnification"": 500, ""Etching"": ""Nital"", ""Sample"": ""Q980_0h_WC"", ""Kind"": ""Overview"", ""Pixel Size"": 7.443e-08, ""Beam Current"": 7.99999999999999e-05, ""Dwell Time"": 1.29329427083333e-05, ""Dwell Time cat"": ""high"", ""Chamber Pressure"": 0.000795, ""Working Distance"": 0.00603799999999999}, ""normalized"": {""microscope"": ""Zeiss Gemini"", ""instrument"": ""Zeiss Gemini"", ""detector"": ""SE"", ""accelerating_voltage_kv"": 20000.0, ""magnification"": 500.0, ""pixel_size_nm"": 7.443e-08, ""beam_current_na"": 7.99999999999999e-05, ""dwell_time_us"": 1.29329427083333e-05, ""working_distance_mm"": 6.038, ""chamber_pressure_pa"": 0.000795, ""sample"": ""Q980_0h_WC"", ""sample_state"": ""Overview"", ""etching_agent"": ""Nital"", ""imaging_mode"": ""SEM"", ""scale"": ""7.443e-08 nm/pixel"", ""acquisition_date_if_available"": null}}",,,,
hcci,Q980_0h_WC,hcci_784,Images\784.png,C:\Users\Pranet\Downloads\Mini Project\data\raw\hcci\Images\784.png,784.png,.png,5332399,85237588695c5e4a3af57d2a4b3ec24586530aa7f1df930ef63a54e32c2560bb,2679,1983,4,8,uint8,png,RGBA,SEM,,Overview,Overview,sample_Q980_0h_WC_Overview,Q980_0h_WC,roi_784,Zeiss Gemini_SE_20000.0kV_500.0x,"{""raw_metadata"": {""File Name"": 784, ""SEM"": ""Zeiss Gemini"", ""Detector"": ""SE"", ""Gun"": ""FEG"", ""Voltage"": 20000, ""Magnification"": 500, ""Etching"": ""Nital"", ""Sample"": ""Q980_0h_WC"", ""Kind"": ""Overview"", ""Pixel Size"": 7.443e-08, ""Beam Current"": 7.99999999999999e-05, ""Dwell Time"": 1.66666666666667e-06, ""Dwell Time cat"": ""low"", ""Chamber Pressure"": 0.000795, ""Working Distance"": 0.00603799999999999}, ""normalized"": {""microscope"": ""Zeiss Gemini"", ""instrument"": ""Zeiss Gemini"", ""detector"": ""SE"", ""accelerating_voltage_kv"": 20000.0, ""magnification"": 500.0, ""pixel_size_nm"": 7.443e-08, ""beam_current_na"": 7.99999999999999e-05, ""dwell_time_us"": 1.66666666666667e-06, ""working_distance_mm"": 6.038, ""chamber_pressure_pa"": 0.000795, ""sample"": ""Q980_0h_WC"", ""sample_state"": ""Overview"", ""etching_agent"": ""Nital"", ""imaging_mode"": ""SEM"", ""scale"": ""7.443e-08 nm/pixel"", ""acquisition_date_if_available"": null}}",,,,
hcci,Q980_0h_WC,hcci_785,Images\785.png,C:\Users\Pranet\Downloads\Mini Project\data\raw\hcci\Images\785.png,785.png,.png,3999241,798dc833f405b98a3f2e0d6b37192d06666f9b10e9509f527f74f28d6dadcb38,2679,1983,4,8,uint8,png,RGBA,SEM,,Overview,Overview,sample_Q980_0h_WC_Overview,Q980_0h_WC,roi_785,Zeiss Gemini_BSE_20000.0kV_500.0x,"{""raw_metadata"": {""File Name"": 785, ""SEM"": ""Zeiss Gemini"", ""Detector"": ""BSE"", ""Gun"": ""FEG"", ""Voltage"": 20000, ""Magnification"": 500, ""Etching"": ""Nital"", ""Sample"": ""Q980_0h_WC"", ""Kind"": ""Overview"", ""Pixel Size"": 7.443e-08, ""Beam Current"": 7.99999999999999e-05, ""Dwell Time"": 1.29329427083333e-05, ""Dwell Time cat"": ""high"", ""Chamber Pressure"": 0.000795, ""Working Distance"": 0.00603799999999999}, ""normalized"": {""microscope"": ""Zeiss Gemini"", ""instrument"": ""Zeiss Gemini"", ""detector"": ""BSE"", ""accelerating_voltage_kv"": 20000.0, ""magnification"": 500.0, ""pixel_size_nm"": 7.443e-08, ""beam_current_na"": 7.99999999999999e-05, ""dwell_time_us"": 1.29329427083333e-05, ""working_distance_mm"": 6.038, ""chamber_pressure_pa"": 0.000795, ""sample"": ""Q980_0h_WC"", ""sample_state"": ""Overview"", ""etching_agent"": ""Nital"", ""imaging_mode"": ""SEM"", ""scale"": ""7.443e-08 nm/pixel"", ""acquisition_date_if_available"": null}}",,,,
hcci,Q980_0h_WC,hcci_786,Images\786.png,C:\Users\Pranet\Downloads\Mini Project\data\raw\hcci\Images\786.png,786.png,.png,4176851,041ccf163009ca5057f2b255823967e2d5193975427703ec139296a5b0deed6a,2679,1983,4,8,uint8,png,RGBA,SEM,,Overview,Overview,sample_Q980_0h_WC_Overview,Q980_0h_WC,roi_786,Zeiss Gemini_BSE_20000.0kV_500.0x,"{""raw_metadata"": {""File Name"": 786, ""SEM"": ""Zeiss Gemini"", ""Detector"": ""BSE"", ""Gun"": ""FEG"", ""Voltage"": 20000, ""Magnification"": 500, ""Etching"": ""Nital"", ""Sample"": ""Q980_0h_WC"", ""Kind"": ""Overview"", ""Pixel Size"": 7.443e-08, ""Beam Current"": 7.99999999999999e-05, ""Dwell Time"": 1.66666666666667e-06, ""Dwell Time cat"": ""low"", ""Chamber Pressure"": 0.000795, ""Working Distance"": 0.00603799999999999}, ""normalized"": {""microscope"": ""Zeiss Gemini"", ""instrument"": ""Zeiss Gemini"", ""detector"": ""BSE"", ""accelerating_voltage_kv"": 20000.0, ""magnification"": 500.0, ""pixel_size_nm"": 7.443e-08, ""beam_current_na"": 7.99999999999999e-05, ""dwell_time_us"": 1.66666666666667e-06, ""working_distance_mm"": 6.038, ""chamber_pressure_pa"": 0.000795, ""sample"": ""Q980_0h_WC"", ""sample_state"": ""Overview"", ""etching_agent"": ""Nital"", ""imaging_mode"": ""SEM"", ""scale"": ""7.443e-08 nm/pixel"", ""acquisition_date_if_available"": null}}",,,,
hcci,Q980_0h_WC,hcci_787,Images\787.png,C:\Users\Pranet\Downloads\Mini Project\data\raw\hcci\Images\787.png,787.png,.png,4833015,98b6cc265ec5c0150f32dc4abb7215a83b4690f58d73fe9166317148318ad9f9,2679,1983,4,8,uint8,png,RGBA,SEM,,Overview,Overview,sample_Q980_0h_WC_Overview,Q980_0h_WC,roi_787,Zeiss Gemini_InLens_20000.0kV_500.0x,"{""raw_metadata"": {""File Name"": 787, ""SEM"": ""Zeiss Gemini"", ""Detector"": ""InLens"", ""Gun"": ""FEG"", ""Voltage"": 20000, ""Magnification"": 500, ""Etching"": ""Nital"", ""Sample"": ""Q980_0h_WC"", ""Kind"": ""Overview"", ""Pixel Size"": 7.443e-08, ""Beam Current"": 7.99999999999999e-05, ""Dwell Time"": 1.29329427083333e-05, ""Dwell Time cat"": ""high"", ""Chamber Pressure"": 0.000795, ""Working Distance"": 0.00603799999999999}, ""normalized"": {""microscope"": ""Zeiss Gemini"", ""instrument"": ""Zeiss Gemini"", ""detector"": ""InLens"", ""accelerating_voltage_kv"": 20000.0, ""magnification"": 500.0, ""pixel_size_nm"": 7.443e-08, ""beam_current_na"": 7.99999999999999e-05, ""dwell_time_us"": 1.29329427083333e-05, ""working_distance_mm"": 6.038, ""chamber_pressure_pa"": 0.000795, ""sample"": ""Q980_0h_WC"", ""sample_state"": ""Overview"", ""etching_agent"": ""Nital"", ""imaging_mode"": ""SEM"", ""scale"": ""7.443e-08 nm/pixel"", ""acquisition_date_if_available"": null}}",,,,
hcci,Q980_0h_WC,hcci_788,Images\788.png,C:\Users\Pranet\Downloads\Mini Project\data\raw\hcci\Images\788.png,788.png,.png,4868012,b915982a6f08b924b4c6dc748082dcc5553a56968904bf1ddea255065878f800,2679,1983,4,8,uint8,png,RGBA,SEM,,Overview,Overview,sample_Q980_0h_WC_Overview,Q980_0h_WC,roi_788,Zeiss Gemini_InLens_20000.0kV_500.0x,"{""raw_metadata"": {""File Name"": 788, ""SEM"": ""Zeiss Gemini"", ""Detector"": ""InLens"", ""Gun"": ""FEG"", ""Voltage"": 20000, ""Magnification"": 500, ""Etching"": ""Nital"", ""Sample"": ""Q980_0h_WC"", ""Kind"": ""Overview"", ""Pixel Size"": 7.443e-08, ""Beam Current"": 7.99999999999999e-05, ""Dwell Time"": 1.66666666666667e-06, ""Dwell Time cat"": ""low"", ""Chamber Pressure"": 0.000795, ""Working Distance"": 0.00603799999999999}, ""normalized"": {""microscope"": ""Zeiss Gemini"", ""instrument"": ""Zeiss Gemini"", ""detector"": ""InLens"", ""accelerating_voltage_kv"": 20000.0, ""magnification"": 500.0, ""pixel_size_nm"": 7.443e-08, ""beam_current_na"": 7.99999999999999e-05, ""dwell_time_us"": 1.66666666666667e-06, ""working_distance_mm"": 6.038, ""chamber_pressure_pa"": 0.000795, ""sample"": ""Q980_0h_WC"", ""sample_state"": ""Overview"", ""etching_agent"": ""Nital"", ""imaging_mode"": ""SEM"", ""scale"": ""7.443e-08 nm/pixel"", ""acquisition_date_if_available"": null}}",,,,
hcci,Q980_0h_WC,hcci_789,Images\789.png,C:\Users\Pranet\Downloads\Mini Project\data\raw\hcci\Images\789.png,789.png,.png,4332946,ab5aefa32a5d3c4e86a6b03b748e447fdc1af145be90e9acd798df722dce9c3a,2476,1762,4,8,uint8,png,RGBA,SEM,,Detail,Detail,sample_Q980_0h_WC_Detail,Q980_0h_WC,roi_789,Zeiss Gemini_SE_20000.0kV_2800.0x,"{""raw_metadata"": {""File Name"": 789, ""SEM"": ""Zeiss Gemini"", ""Detector"": ""SE"", ""Gun"": ""FEG"", ""Voltage"": 20000, ""Magnification"": 2800, ""Etching"": ""Nital"", ""Sample"": ""Q980_0h_WC"", ""Kind"": ""Detail"", ""Pixel Size"": 1.329e-08, ""Beam Current"": 7.99999999999999e-05, ""Dwell Time"": 1.29329427083333e-05, ""Dwell Time cat"": ""high"", ""Chamber Pressure"": 0.000795, ""Working Distance"": 0.00603799999999999}, ""normalized"": {""microscope"": ""Zeiss Gemini"", ""instrument"": ""Zeiss Gemini"", ""detector"": ""SE"", ""accelerating_voltage_kv"": 20000.0, ""magnification"": 2800.0, ""pixel_size_nm"": 1.329e-08, ""beam_current_na"": 7.99999999999999e-05, ""dwell_time_us"": 1.29329427083333e-05, ""working_distance_mm"": 6.038, ""chamber_pressure_pa"": 0.000795, ""sample"": ""Q980_0h_WC"", ""sample_state"": ""Detail"", ""etching_agent"": ""Nital"", ""imaging_mode"": ""SEM"", ""scale"": ""1.329e-08 nm/pixel"", ""acquisition_date_if_available"": null}}",,,,
hcci,Q980_9h_AC,hcci_79,Images\79.png,C:\Users\Pranet\Downloads\Mini Project\data\raw\hcci\Images\79.png,79.png,.png,5121344,9c7307af864914f13af1de6477eebf6716fc05def5f5e8573bc4ff9d3d7eeb81,2329,1963,4,8,uint8,png,RGBA,SEM,,Detail,Detail,sample_Q980_9h_AC_Detail,Q980_9h_AC,roi_79,Helios G4 PFIB CXe_SE_5000.0kV_5000.0x,"{""raw_metadata"": {""File Name"": 79, ""SEM"": ""Helios G4 PFIB CXe"", ""Detector"": ""SE"", ""Gun"": ""FEG"", ""Voltage"": 5000, ""Magnification"": 5000, ""Etching"": ""Vilella"", ""Sample"": ""Q980_9h_AC"", ""Kind"": ""Detail"", ""Pixel Size"": 1.34896e-08, ""Beam Current"": 1.6e-09, ""Dwell Time"": 1e-05, ""Dwell Time cat"": ""high"", ""Chamber Pressure"": 0.000627, ""Working Distance"": 0.00614579}, ""normalized"": {""microscope"": ""Helios G4 PFIB CXe"", ""instrument"": ""Helios G4 PFIB CXe"", ""detector"": ""SE"", ""accelerating_voltage_kv"": 5000.0, ""magnification"": 5000.0, ""pixel_size_nm"": 1.34896e-08, ""beam_current_na"": 1.6e-09, ""dwell_time_us"": 1e-05, ""working_distance_mm"": 6.1458, ""chamber_pressure_pa"": 0.000627, ""sample"": ""Q980_9h_AC"", ""sample_state"": ""Detail"", ""etching_agent"": ""Vilella"", ""imaging_mode"": ""SEM"", ""scale"": ""1.34896e-08 nm/pixel"", ""acquisition_date_if_available"": null}}",,,,
hcci,Q980_0h_WC,hcci_790,Images\790.png,C:\Users\Pranet\Downloads\Mini Project\data\raw\hcci\Images\790.png,790.png,.png,5206547,4cd55f2a7fab8e4d1ef89fca54147153f17f0788b04ff249140d0370527a9d70,2476,1762,4,8,uint8,png,RGBA,SEM,,Detail,Detail,sample_Q980_0h_WC_Detail,Q980_0h_WC,roi_790,Zeiss Gemini_SE_20000.0kV_2800.0x,"{""raw_metadata"": {""File Name"": 790, ""SEM"": ""Zeiss Gemini"", ""Detector"": ""SE"", ""Gun"": ""FEG"", ""Voltage"": 20000, ""Magnification"": 2800, ""Etching"": ""Nital"", ""Sample"": ""Q980_0h_WC"", ""Kind"": ""Detail"", ""Pixel Size"": 1.329e-08, ""Beam Current"": 7.99999999999999e-05, ""Dwell Time"": 1.66666666666667e-06, ""Dwell Time cat"": ""low"", ""Chamber Pressure"": 0.000795, ""Working Distance"": 0.00603799999999999}, ""normalized"": {""microscope"": ""Zeiss Gemini"", ""instrument"": ""Zeiss Gemini"", ""detector"": ""SE"", ""accelerating_voltage_kv"": 20000.0, ""magnification"": 2800.0, ""pixel_size_nm"": 1.329e-08, ""beam_current_na"": 7.99999999999999e-05, ""dwell_time_us"": 1.66666666666667e-06, ""working_distance_mm"": 6.038, ""chamber_pressure_pa"": 0.000795, ""sample"": ""Q980_0h_WC"", ""sample_state"": ""Detail"", ""etching_agent"": ""Nital"", ""imaging_mode"": ""SEM"", ""scale"": ""1.329e-08 nm/pixel"", ""acquisition_date_if_available"": null}}",,,,
hcci,Q980_0h_WC,hcci_791,Images\791.png,C:\Users\Pranet\Downloads\Mini Project\data\raw\hcci\Images\791.png,791.png,.png,3139770,6810e13ae54b7d089d92276e14cab68f708cfdb93e651f7857a89af3e84be9a3,2476,1762,4,8,uint8,png,RGBA,SEM,,Detail,Detail,sample_Q980_0h_WC_Detail,Q980_0h_WC,roi_791,Zeiss Gemini_BSE_20000.0kV_2800.0x,"{""raw_metadata"": {""File Name"": 791, ""SEM"": ""Zeiss Gemini"", ""Detector"": ""BSE"", ""Gun"": ""FEG"", ""Voltage"": 20000, ""Magnification"": 2800, ""Etching"": ""Nital"", ""Sample"": ""Q980_0h_WC"", ""Kind"": ""Detail"", ""Pixel Size"": 1.329e-08, ""Beam Current"": 7.99999999999999e-05, ""Dwell Time"": 1.29329427083333e-05, ""Dwell Time cat"": ""high"", ""Chamber Pressure"": 0.000795, ""Working Distance"": 0.00603799999999999}, ""normalized"": {""microscope"": ""Zeiss Gemini"", ""instrument"": ""Zeiss Gemini"", ""detector"": ""BSE"", ""accelerating_voltage_kv"": 20000.0, ""magnification"": 2800.0, ""pixel_size_nm"": 1.329e-08, ""beam_current_na"": 7.99999999999999e-05, ""dwell_time_us"": 1.29329427083333e-05, ""working_distance_mm"": 6.038, ""chamber_pressure_pa"": 0.000795, ""sample"": ""Q980_0h_WC"", ""sample_state"": ""Detail"", ""etching_agent"": ""Nital"", ""imaging_mode"": ""SEM"", ""scale"": ""1.329e-08 nm/pixel"", ""acquisition_date_if_available"": null}}",,,,
hcci,Q980_0h_WC,hcci_792,Images\792.png,C:\Users\Pranet\Downloads\Mini Project\data\raw\hcci\Images\792.png,792.png,.png,3469402,4dcbadda08421e26aba40c86ca274ae0969b8a3dd93cf4824733a9d8b0dc47e2,2476,1762,4,8,uint8,png,RGBA,SEM,,Detail,Detail,sample_Q980_0h_WC_Detail,Q980_0h_WC,roi_792,Zeiss Gemini_BSE_20000.0kV_2800.0x,"{""raw_metadata"": {""File Name"": 792, ""SEM"": ""Zeiss Gemini"", ""Detector"": ""BSE"", ""Gun"": ""FEG"", ""Voltage"": 20000, ""Magnification"": 2800, ""Etching"": ""Nital"", ""Sample"": ""Q980_0h_WC"", ""Kind"": ""Detail"", ""Pixel Size"": 1.329e-08, ""Beam Current"": 7.99999999999999e-05, ""Dwell Time"": 1.66666666666667e-06, ""Dwell Time cat"": ""low"", ""Chamber Pressure"": 0.000795, ""Working Distance"": 0.00603799999999999}, ""normalized"": {""microscope"": ""Zeiss Gemini"", ""instrument"": ""Zeiss Gemini"", ""detector"": ""BSE"", ""accelerating_voltage_kv"": 20000.0, ""magnification"": 2800.0, ""pixel_size_nm"": 1.329e-08, ""beam_current_na"": 7.99999999999999e-05, ""dwell_time_us"": 1.66666666666667e-06, ""working_distance_mm"": 6.038, ""chamber_pressure_pa"": 0.000795, ""sample"": ""Q980_0h_WC"", ""sample_state"": ""Detail"", ""etching_agent"": ""Nital"", ""imaging_mode"": ""SEM"", ""scale"": ""1.329e-08 nm/pixel"", ""acquisition_date_if_available"": null}}",,,,
hcci,Q980_0h_WC,hcci_793,Images\793.png,C:\Users\Pranet\Downloads\Mini Project\data\raw\hcci\Images\793.png,793.png,.png,4324881,0bf75e00aafbc356a5761da5468146d061666497584d66801549bbd2ebd44e9e,2476,1762,4,8,uint8,png,RGBA,SEM,,Detail,Detail,sample_Q980_0h_WC_Detail,Q980_0h_WC,roi_793,Zeiss Gemini_InLens_20000.0kV_2800.0x,"{""raw_metadata"": {""File Name"": 793, ""SEM"": ""Zeiss Gemini"", ""Detector"": ""InLens"", ""Gun"": ""FEG"", ""Voltage"": 20000, ""Magnification"": 2800, ""Etching"": ""Nital"", ""Sample"": ""Q980_0h_WC"", ""Kind"": ""Detail"", ""Pixel Size"": 1.329e-08, ""Beam Current"": 7.99999999999999e-05, ""Dwell Time"": 1.29329427083333e-05, ""Dwell Time cat"": ""high"", ""Chamber Pressure"": 0.000795, ""Working Distance"": 0.00603799999999999}, ""normalized"": {""microscope"": ""Zeiss Gemini"", ""instrument"": ""Zeiss Gemini"", ""detector"": ""InLens"", ""accelerating_voltage_kv"": 20000.0, ""magnification"": 2800.0, ""pixel_size_nm"": 1.329e-08, ""beam_current_na"": 7.99999999999999e-05, ""dwell_time_us"": 1.29329427083333e-05, ""working_distance_mm"": 6.038, ""chamber_pressure_pa"": 0.000795, ""sample"": ""Q980_0h_WC"", ""sample_state"": ""Detail"", ""etching_agent"": ""Nital"", ""imaging_mode"": ""SEM"", ""scale"": ""1.329e-08 nm/pixel"", ""acquisition_date_if_available"": null}}",,,,
hcci,Q980_0h_WC,hcci_794,Images\794.png,C:\Users\Pranet\Downloads\Mini Project\data\raw\hcci\Images\794.png,794.png,.png,4359037,0e203aec6c509f484f1e1b8e4f1337071b16caedf9e711645cf8044cb7c6414b,2476,1762,4,8,uint8,png,RGBA,SEM,,Detail,Detail,sample_Q980_0h_WC_Detail,Q980_0h_WC,roi_794,Zeiss Gemini_InLens_20000.0kV_2800.0x,"{""raw_metadata"": {""File Name"": 794, ""SEM"": ""Zeiss Gemini"", ""Detector"": ""InLens"", ""Gun"": ""FEG"", ""Voltage"": 20000, ""Magnification"": 2800, ""Etching"": ""Nital"", ""Sample"": ""Q980_0h_WC"", ""Kind"": ""Detail"", ""Pixel Size"": 1.329e-08, ""Beam Current"": 7.99999999999999e-05, ""Dwell Time"": 1.66666666666667e-06, ""Dwell Time cat"": ""low"", ""Chamber Pressure"": 0.000795, ""Working Distance"": 0.00603799999999999}, ""normalized"": {""microscope"": ""Zeiss Gemini"", ""instrument"": ""Zeiss Gemini"", ""detector"": ""InLens"", ""accelerating_voltage_kv"": 20000.0, ""magnification"": 2800.0, ""pixel_size_nm"": 1.329e-08, ""beam_current_na"": 7.99999999999999e-05, ""dwell_time_us"": 1.66666666666667e-06, ""working_distance_mm"": 6.038, ""chamber_pressure_pa"": 0.000795, ""sample"": ""Q980_0h_WC"", ""sample_state"": ""Detail"", ""etching_agent"": ""Nital"", ""imaging_mode"": ""SEM"", ""scale"": ""1.329e-08 nm/pixel"", ""acquisition_date_if_available"": null}}",,,,
hcci,Q980_9h_AC,hcci_795,Images\795.png,C:\Users\Pranet\Downloads\Mini Project\data\raw\hcci\Images\795.png,795.png,.png,5547791,2961fb517d92fc15ee126ce92857e186796ae53cb3a3ee25d808fcf9fbf99642,2824,1971,4,8,uint8,png,RGBA,SEM,,Overview,Overview,sample_Q980_9h_AC_Overview,Q980_9h_AC,roi_795,Zeiss Gemini_SE_5000.0kV_500.0x,"{""raw_metadata"": {""File Name"": 795, ""SEM"": ""Zeiss Gemini"", ""Detector"": ""SE"", ""Gun"": ""FEG"", ""Voltage"": 5000, ""Magnification"": 500, ""Etching"": ""Nital"", ""Sample"": ""Q980_9h_AC"", ""Kind"": ""Overview"", ""Pixel Size"": 7.443e-08, ""Beam Current"": 7.99999999999999e-05, ""Dwell Time"": 1.29329427083333e-05, ""Dwell Time cat"": ""high"", ""Chamber Pressure"": 0.00111999999999999, ""Working Distance"": 0.005989}, ""normalized"": {""microscope"": ""Zeiss Gemini"", ""instrument"": ""Zeiss Gemini"", ""detector"": ""SE"", ""accelerating_voltage_kv"": 5000.0, ""magnification"": 500.0, ""pixel_size_nm"": 7.443e-08, ""beam_current_na"": 7.99999999999999e-05, ""dwell_time_us"": 1.29329427083333e-05, ""working_distance_mm"": 5.989, ""chamber_pressure_pa"": 0.00111999999999999, ""sample"": ""Q980_9h_AC"", ""sample_state"": ""Overview"", ""etching_agent"": ""Nital"", ""imaging_mode"": ""SEM"", ""scale"": ""7.443e-08 nm/pixel"", ""acquisition_date_if_available"": null}}",,,,
hcci,Q980_9h_AC,hcci_796,Images\796.png,C:\Users\Pranet\Downloads\Mini Project\data\raw\hcci\Images\796.png,796.png,.png,6384307,041f6342ef888a834fa2850ce5249fce796ebb7aaecf0f453aadb5ee9c4cd197,2824,1971,4,8,uint8,png,RGBA,SEM,,Overview,Overview,sample_Q980_9h_AC_Overview,Q980_9h_AC,roi_796,Zeiss Gemini_SE_5000.0kV_500.0x,"{""raw_metadata"": {""File Name"": 796, ""SEM"": ""Zeiss Gemini"", ""Detector"": ""SE"", ""Gun"": ""FEG"", ""Voltage"": 5000, ""Magnification"": 500, ""Etching"": ""Nital"", ""Sample"": ""Q980_9h_AC"", ""Kind"": ""Overview"", ""Pixel Size"": 7.443e-08, ""Beam Current"": 7.99999999999999e-05, ""Dwell Time"": 1.66666666666667e-06, ""Dwell Time cat"": ""low"", ""Chamber Pressure"": 0.00111, ""Working Distance"": 0.005995}, ""normalized"": {""microscope"": ""Zeiss Gemini"", ""instrument"": ""Zeiss Gemini"", ""detector"": ""SE"", ""accelerating_voltage_kv"": 5000.0, ""magnification"": 500.0, ""pixel_size_nm"": 7.443e-08, ""beam_current_na"": 7.99999999999999e-05, ""dwell_time_us"": 1.66666666666667e-06, ""working_distance_mm"": 5.995, ""chamber_pressure_pa"": 0.00111, ""sample"": ""Q980_9h_AC"", ""sample_state"": ""Overview"", ""etching_agent"": ""Nital"", ""imaging_mode"": ""SEM"", ""scale"": ""7.443e-08 nm/pixel"", ""acquisition_date_if_available"": null}}",,,,
hcci,Q980_9h_AC,hcci_798,Images\798.png,C:\Users\Pranet\Downloads\Mini Project\data\raw\hcci\Images\798.png,798.png,.png,5901604,b0be3682ebfae8e5b9f27f204533845e126998b7c67629c7411e24673da561e0,2824,1971,4,8,uint8,png,RGBA,SEM,,Overview,Overview,sample_Q980_9h_AC_Overview,Q980_9h_AC,roi_798,Zeiss Gemini_BSE_5000.0kV_500.0x,"{""raw_metadata"": {""File Name"": 798, ""SEM"": ""Zeiss Gemini"", ""Detector"": ""BSE"", ""Gun"": ""FEG"", ""Voltage"": 5000, ""Magnification"": 500, ""Etching"": ""Nital"", ""Sample"": ""Q980_9h_AC"", ""Kind"": ""Overview"", ""Pixel Size"": 7.443e-08, ""Beam Current"": 7.99999999999999e-05, ""Dwell Time"": 1.29329427083333e-05, ""Dwell Time cat"": ""high"", ""Chamber Pressure"": 0.00105999999999999, ""Working Distance"": 0.005995}, ""normalized"": {""microscope"": ""Zeiss Gemini"", ""instrument"": ""Zeiss Gemini"", ""detector"": ""BSE"", ""accelerating_voltage_kv"": 5000.0, ""magnification"": 500.0, ""pixel_size_nm"": 7.443e-08, ""beam_current_na"": 7.99999999999999e-05, ""dwell_time_us"": 1.29329427083333e-05, ""working_distance_mm"": 5.995, ""chamber_pressure_pa"": 0.00105999999999999, ""sample"": ""Q980_9h_AC"", ""sample_state"": ""Overview"", ""etching_agent"": ""Nital"", ""imaging_mode"": ""SEM"", ""scale"": ""7.443e-08 nm/pixel"", ""acquisition_date_if_available"": null}}",,,,
hcci,Q980_9h_AC,hcci_799,Images\799.png,C:\Users\Pranet\Downloads\Mini Project\data\raw\hcci\Images\799.png,799.png,.png,3668816,a8522ede1e08e37b36cf0232d814906e1047c9a7094d946d51e1fc7961451d73,2824,1971,4,8,uint8,png,RGBA,SEM,,Overview,Overview,sample_Q980_9h_AC_Overview,Q980_9h_AC,roi_799,Zeiss Gemini_InLens_5000.0kV_500.0x,"{""raw_metadata"": {""File Name"": 799, ""SEM"": ""Zeiss Gemini"", ""Detector"": ""InLens"", ""Gun"": ""FEG"", ""Voltage"": 5000, ""Magnification"": 500, ""Etching"": ""Nital"", ""Sample"": ""Q980_9h_AC"", ""Kind"": ""Overview"", ""Pixel Size"": 7.443e-08, ""Beam Current"": 7.99999999999999e-05, ""Dwell Time"": 1.29329427083333e-05, ""Dwell Time cat"": ""high"", ""Chamber Pressure"": 0.00102, ""Working Distance"": 0.005995}, ""normalized"": {""microscope"": ""Zeiss Gemini"", ""instrument"": ""Zeiss Gemini"", ""detector"": ""InLens"", ""accelerating_voltage_kv"": 5000.0, ""magnification"": 500.0, ""pixel_size_nm"": 7.443e-08, ""beam_current_na"": 7.99999999999999e-05, ""dwell_time_us"": 1.29329427083333e-05, ""working_distance_mm"": 5.995, ""chamber_pressure_pa"": 0.00102, ""sample"": ""Q980_9h_AC"", ""sample_state"": ""Overview"", ""etching_agent"": ""Nital"", ""imaging_mode"": ""SEM"", ""scale"": ""7.443e-08 nm/pixel"", ""acquisition_date_if_available"": null}}",,,,
hcci,AsCast,hcci_8,Images\8.png,C:\Users\Pranet\Downloads\Mini Project\data\raw\hcci\Images\8.png,8.png,.png,5909276,d8e3bb850c10d6c173cc50c31521129cf7d1d52642aae96db83dbb6ab5a28603,2697,1810,4,8,uint8,png,RGBA,SEM,,Detail,Detail,sample_AsCast_Detail,AsCast,roi_8,Helios G4 PFIB CXe_SE_5000.0kV_5000.0x,"{""raw_metadata"": {""File Name"": 8, ""SEM"": ""Helios G4 PFIB CXe"", ""Detector"": ""SE"", ""Gun"": ""FEG"", ""Voltage"": 5000, ""Magnification"": 5000, ""Etching"": ""Vilella"", ""Sample"": ""AsCast"", ""Kind"": ""Detail"", ""Pixel Size"": 1.34896e-08, ""Beam Current"": 1.6e-09, ""Dwell Time"": 5e-07, ""Dwell Time cat"": ""low"", ""Chamber Pressure"": 0.000576, ""Working Distance"": 0.00679232}, ""normalized"": {""microscope"": ""Helios G4 PFIB CXe"", ""instrument"": ""Helios G4 PFIB CXe"", ""detector"": ""SE"", ""accelerating_voltage_kv"": 5000.0, ""magnification"": 5000.0, ""pixel_size_nm"": 1.34896e-08, ""beam_current_na"": 1.6e-09, ""dwell_time_us"": 5e-07, ""working_distance_mm"": 6.7923, ""chamber_pressure_pa"": 0.000576, ""sample"": ""AsCast"", ""sample_state"": ""Detail"", ""etching_agent"": ""Vilella"", ""imaging_mode"": ""SEM"", ""scale"": ""1.34896e-08 nm/pixel"", ""acquisition_date_if_available"": null}}",,,,
hcci,Q980_9h_AC,hcci_80,Images\80.png,C:\Users\Pranet\Downloads\Mini Project\data\raw\hcci\Images\80.png,80.png,.png,5855305,ebf1a3559a715f5c3ff776e9deef67c86e99d842d82a750216f2213e96e8f64f,2329,1963,4,8,uint8,png,RGBA,SEM,,Detail,Detail,sample_Q980_9h_AC_Detail,Q980_9h_AC,roi_80,Helios G4 PFIB CXe_SE_5000.0kV_5000.0x,"{""raw_metadata"": {""File Name"": 80, ""SEM"": ""Helios G4 PFIB CXe"", ""Detector"": ""SE"", ""Gun"": ""FEG"", ""Voltage"": 5000, ""Magnification"": 5000, ""Etching"": ""Vilella"", ""Sample"": ""Q980_9h_AC"", ""Kind"": ""Detail"", ""Pixel Size"": 1.34896e-08, ""Beam Current"": 1.6e-09, ""Dwell Time"": 5e-07, ""Dwell Time cat"": ""low"", ""Chamber Pressure"": 0.00062, ""Working Distance"": 0.00614579}, ""normalized"": {""microscope"": ""Helios G4 PFIB CXe"", ""instrument"": ""Helios G4 PFIB CXe"", ""detector"": ""SE"", ""accelerating_voltage_kv"": 5000.0, ""magnification"": 5000.0, ""pixel_size_nm"": 1.34896e-08, ""beam_current_na"": 1.6e-09, ""dwell_time_us"": 5e-07, ""working_distance_mm"": 6.1458, ""chamber_pressure_pa"": 0.00062, ""sample"": ""Q980_9h_AC"", ""sample_state"": ""Detail"", ""etching_agent"": ""Vilella"", ""imaging_mode"": ""SEM"", ""scale"": ""1.34896e-08 nm/pixel"", ""acquisition_date_if_available"": null}}",,,,
hcci,Q980_9h_AC,hcci_800,Images\800.png,C:\Users\Pranet\Downloads\Mini Project\data\raw\hcci\Images\800.png,800.png,.png,4140756,5fba3285d8d835e9be7f3bfde5c5d1c46feb47ffa7005b4017f5f6ffab9df45e,2824,1971,4,8,uint8,png,RGBA,SEM,,Overview,Overview,sample_Q980_9h_AC_Overview,Q980_9h_AC,roi_800,Zeiss Gemini_InLens_5000.0kV_500.0x,"{""raw_metadata"": {""File Name"": 800, ""SEM"": ""Zeiss Gemini"", ""Detector"": ""InLens"", ""Gun"": ""FEG"", ""Voltage"": 5000, ""Magnification"": 500, ""Etching"": ""Nital"", ""Sample"": ""Q980_9h_AC"", ""Kind"": ""Overview"", ""Pixel Size"": 7.443e-08, ""Beam Current"": 7.99999999999999e-05, ""Dwell Time"": 1.66666666666667e-06, ""Dwell Time cat"": ""low"", ""Chamber Pressure"": 0.00101, ""Working Distance"": 0.005995}, ""normalized"": {""microscope"": ""Zeiss Gemini"", ""instrument"": ""Zeiss Gemini"", ""detector"": ""InLens"", ""accelerating_voltage_kv"": 5000.0, ""magnification"": 500.0, ""pixel_size_nm"": 7.443e-08, ""beam_current_na"": 7.99999999999999e-05, ""dwell_time_us"": 1.66666666666667e-06, ""working_distance_mm"": 5.995, ""chamber_pressure_pa"": 0.00101, ""sample"": ""Q980_9h_AC"", ""sample_state"": ""Overview"", ""etching_agent"": ""Nital"", ""imaging_mode"": ""SEM"", ""scale"": ""7.443e-08 nm/pixel"", ""acquisition_date_if_available"": null}}",,,,
hcci,Q980_9h_AC,hcci_801,Images\801.png,C:\Users\Pranet\Downloads\Mini Project\data\raw\hcci\Images\801.png,801.png,.png,3708632,cd5005aabd8b239871ee378e02ce2b10b581bbbe694f77b28868971bb9be998e,1959,1792,4,8,uint8,png,RGBA,SEM,,Detail,Detail,sample_Q980_9h_AC_Detail,Q980_9h_AC,roi_801,Zeiss Gemini_SE_5000.0kV_2800.0x,"{""raw_metadata"": {""File Name"": 801, ""SEM"": ""Zeiss Gemini"", ""Detector"": ""SE"", ""Gun"": ""FEG"", ""Voltage"": 5000, ""Magnification"": 2800, ""Etching"": ""Nital"", ""Sample"": ""Q980_9h_AC"", ""Kind"": ""Detail"", ""Pixel Size"": 1.329e-08, ""Beam Current"": 7.99999999999999e-05, ""Dwell Time"": 1.29329427083333e-05, ""Dwell Time cat"": ""high"", ""Chamber Pressure"": 0.000946, ""Working Distance"": 0.00592999999999999}, ""normalized"": {""microscope"": ""Zeiss Gemini"", ""instrument"": ""Zeiss Gemini"", ""detector"": ""SE"", ""accelerating_voltage_kv"": 5000.0, ""magnification"": 2800.0, ""pixel_size_nm"": 1.329e-08, ""beam_current_na"": 7.99999999999999e-05, ""dwell_time_us"": 1.29329427083333e-05, ""working_distance_mm"": 5.93, ""chamber_pressure_pa"": 0.000946, ""sample"": ""Q980_9h_AC"", ""sample_state"": ""Detail"", ""etching_agent"": ""Nital"", ""imaging_mode"": ""SEM"", ""scale"": ""1.329e-08 nm/pixel"", ""acquisition_date_if_available"": null}}",,,,
hcci,Q980_9h_AC,hcci_802,Images\802.png,C:\Users\Pranet\Downloads\Mini Project\data\raw\hcci\Images\802.png,802.png,.png,4542045,9839b8a6e8fa259b6352c32c82da46dc9eab7d30f0f2647043c2383a6a36368d,1959,1792,4,8,uint8,png,RGBA,SEM,,Detail,Detail,sample_Q980_9h_AC_Detail,Q980_9h_AC,roi_802,Zeiss Gemini_SE_5000.0kV_2800.0x,"{""raw_metadata"": {""File Name"": 802, ""SEM"": ""Zeiss Gemini"", ""Detector"": ""SE"", ""Gun"": ""FEG"", ""Voltage"": 5000, ""Magnification"": 2800, ""Etching"": ""Nital"", ""Sample"": ""Q980_9h_AC"", ""Kind"": ""Detail"", ""Pixel Size"": 1.329e-08, ""Beam Current"": 7.99999999999999e-05, ""Dwell Time"": 1.66666666666667e-06, ""Dwell Time cat"": ""low"", ""Chamber Pressure"": 0.000941, ""Working Distance"": 0.00592999999999999}, ""normalized"": {""microscope"": ""Zeiss Gemini"", ""instrument"": ""Zeiss Gemini"", ""detector"": ""SE"", ""accelerating_voltage_kv"": 5000.0, ""magnification"": 2800.0, ""pixel_size_nm"": 1.329e-08, ""beam_current_na"": 7.99999999999999e-05, ""dwell_time_us"": 1.66666666666667e-06, ""working_distance_mm"": 5.93, ""chamber_pressure_pa"": 0.000941, ""sample"": ""Q980_9h_AC"", ""sample_state"": ""Detail"", ""etching_agent"": ""Nital"", ""imaging_mode"": ""SEM"", ""scale"": ""1.329e-08 nm/pixel"", ""acquisition_date_if_available"": null}}",,,,
hcci,Q980_9h_AC,hcci_803,Images\803.png,C:\Users\Pranet\Downloads\Mini Project\data\raw\hcci\Images\803.png,803.png,.png,3726094,4b4371e724d81d03582f0b77519018d730937b84c73dcb93c9eb53a1d3478803,1959,1792,4,8,uint8,png,RGBA,SEM,,Detail,Detail,sample_Q980_9h_AC_Detail,Q980_9h_AC,roi_803,Zeiss Gemini_BSE_5000.0kV_2800.0x,"{""raw_metadata"": {""File Name"": 803, ""SEM"": ""Zeiss Gemini"", ""Detector"": ""BSE"", ""Gun"": ""FEG"", ""Voltage"": 5000, ""Magnification"": 2800, ""Etching"": ""Nital"", ""Sample"": ""Q980_9h_AC"", ""Kind"": ""Detail"", ""Pixel Size"": 1.329e-08, ""Beam Current"": 7.99999999999999e-05, ""Dwell Time"": 1.29329427083333e-05, ""Dwell Time cat"": ""high"", ""Chamber Pressure"": 0.000930999999999999, ""Working Distance"": 0.00592999999999999}, ""normalized"": {""microscope"": ""Zeiss Gemini"", ""instrument"": ""Zeiss Gemini"", ""detector"": ""BSE"", ""accelerating_voltage_kv"": 5000.0, ""magnification"": 2800.0, ""pixel_size_nm"": 1.329e-08, ""beam_current_na"": 7.99999999999999e-05, ""dwell_time_us"": 1.29329427083333e-05, ""working_distance_mm"": 5.93, ""chamber_pressure_pa"": 0.000930999999999999, ""sample"": ""Q980_9h_AC"", ""sample_state"": ""Detail"", ""etching_agent"": ""Nital"", ""imaging_mode"": ""SEM"", ""scale"": ""1.329e-08 nm/pixel"", ""acquisition_date_if_available"": null}}",,,,
hcci,Q980_9h_AC,hcci_804,Images\804.png,C:\Users\Pranet\Downloads\Mini Project\data\raw\hcci\Images\804.png,804.png,.png,4428252,c6fde3a1d574ca658de5de80245ad0c1396648587f69f4f1700635d80a68b9fc,1959,1792,4,8,uint8,png,RGBA,SEM,,Detail,Detail,sample_Q980_9h_AC_Detail,Q980_9h_AC,roi_804,Zeiss Gemini_BSE_5000.0kV_2800.0x,"{""raw_metadata"": {""File Name"": 804, ""SEM"": ""Zeiss Gemini"", ""Detector"": ""BSE"", ""Gun"": ""FEG"", ""Voltage"": 5000, ""Magnification"": 2800, ""Etching"": ""Nital"", ""Sample"": ""Q980_9h_AC"", ""Kind"": ""Detail"", ""Pixel Size"": 1.329e-08, ""Beam Current"": 7.99999999999999e-05, ""Dwell Time"": 1.66666666666667e-06, ""Dwell Time cat"": ""low"", ""Chamber Pressure"": 0.000930999999999999, ""Working Distance"": 0.00592999999999999}, ""normalized"": {""microscope"": ""Zeiss Gemini"", ""instrument"": ""Zeiss Gemini"", ""detector"": ""BSE"", ""accelerating_voltage_kv"": 5000.0, ""magnification"": 2800.0, ""pixel_size_nm"": 1.329e-08, ""beam_current_na"": 7.99999999999999e-05, ""dwell_time_us"": 1.66666666666667e-06, ""working_distance_mm"": 5.93, ""chamber_pressure_pa"": 0.000930999999999999, ""sample"": ""Q980_9h_AC"", ""sample_state"": ""Detail"", ""etching_agent"": ""Nital"", ""imaging_mode"": ""SEM"", ""scale"": ""1.329e-08 nm/pixel"", ""acquisition_date_if_available"": null}}",,,,
hcci,Q980_9h_AC,hcci_805,Images\805.png,C:\Users\Pranet\Downloads\Mini Project\data\raw\hcci\Images\805.png,805.png,.png,2443794,3a158b648840816cd0a6e7307796fa5b9f2c8c862dd8ab119a6f8a22d6e715bc,1959,1792,4,8,uint8,png,RGBA,SEM,,Detail,Detail,sample_Q980_9h_AC_Detail,Q980_9h_AC,roi_805,Zeiss Gemini_InLens_5000.0kV_2800.0x,"{""raw_metadata"": {""File Name"": 805, ""SEM"": ""Zeiss Gemini"", ""Detector"": ""InLens"", ""Gun"": ""FEG"", ""Voltage"": 5000, ""Magnification"": 2800, ""Etching"": ""Nital"", ""Sample"": ""Q980_9h_AC"", ""Kind"": ""Detail"", ""Pixel Size"": 1.329e-08, ""Beam Current"": 7.99999999999999e-05, ""Dwell Time"": 1.29329427083333e-05, ""Dwell Time cat"": ""high"", ""Chamber Pressure"": 0.000930999999999999, ""Working Distance"": 0.00592999999999999}, ""normalized"": {""microscope"": ""Zeiss Gemini"", ""instrument"": ""Zeiss Gemini"", ""detector"": ""InLens"", ""accelerating_voltage_kv"": 5000.0, ""magnification"": 2800.0, ""pixel_size_nm"": 1.329e-08, ""beam_current_na"": 7.99999999999999e-05, ""dwell_time_us"": 1.29329427083333e-05, ""working_distance_mm"": 5.93, ""chamber_pressure_pa"": 0.000930999999999999, ""sample"": ""Q980_9h_AC"", ""sample_state"": ""Detail"", ""etching_agent"": ""Nital"", ""imaging_mode"": ""SEM"", ""scale"": ""1.329e-08 nm/pixel"", ""acquisition_date_if_available"": null}}",,,,
hcci,Q980_9h_AC,hcci_806,Images\806.png,C:\Users\Pranet\Downloads\Mini Project\data\raw\hcci\Images\806.png,806.png,.png,3125523,c9fbbf7f646ddbf348fa51ae4df27088da7fbac53cad0c7abbc606a17a49bbc4,1959,1792,4,8,uint8,png,RGBA,SEM,,Detail,Detail,sample_Q980_9h_AC_Detail,Q980_9h_AC,roi_806,Zeiss Gemini_InLens_5000.0kV_2800.0x,"{""raw_metadata"": {""File Name"": 806, ""SEM"": ""Zeiss Gemini"", ""Detector"": ""InLens"", ""Gun"": ""FEG"", ""Voltage"": 5000, ""Magnification"": 2800, ""Etching"": ""Nital"", ""Sample"": ""Q980_9h_AC"", ""Kind"": ""Detail"", ""Pixel Size"": 1.329e-08, ""Beam Current"": 7.99999999999999e-05, ""Dwell Time"": 1.66666666666667e-06, ""Dwell Time cat"": ""low"", ""Chamber Pressure"": 0.00091, ""Working Distance"": 0.00592999999999999}, ""normalized"": {""microscope"": ""Zeiss Gemini"", ""instrument"": ""Zeiss Gemini"", ""detector"": ""InLens"", ""accelerating_voltage_kv"": 5000.0, ""magnification"": 2800.0, ""pixel_size_nm"": 1.329e-08, ""beam_current_na"": 7.99999999999999e-05, ""dwell_time_us"": 1.66666666666667e-06, ""working_distance_mm"": 5.93, ""chamber_pressure_pa"": 0.00091, ""sample"": ""Q980_9h_AC"", ""sample_state"": ""Detail"", ""etching_agent"": ""Nital"", ""imaging_mode"": ""SEM"", ""scale"": ""1.329e-08 nm/pixel"", ""acquisition_date_if_available"": null}}",,,,
hcci,Q980_9h_AC,hcci_807,Images\807.png,C:\Users\Pranet\Downloads\Mini Project\data\raw\hcci\Images\807.png,807.png,.png,4632268,2c08c2461b47260e8e5ef1044dee8a99a1b347da64f076e3f07f86bf9ac19a49,2824,1971,4,8,uint8,png,RGBA,SEM,,Overview,Overview,sample_Q980_9h_AC_Overview,Q980_9h_AC,roi_807,Zeiss Gemini_SE_10000.0kV_500.0x,"{""raw_metadata"": {""File Name"": 807, ""SEM"": ""Zeiss Gemini"", ""Detector"": ""SE"", ""Gun"": ""FEG"", ""Voltage"": 10000, ""Magnification"": 500, ""Etching"": ""Nital"", ""Sample"": ""Q980_9h_AC"", ""Kind"": ""Overview"", ""Pixel Size"": 7.443e-08, ""Beam Current"": 7.99999999999999e-05, ""Dwell Time"": 1.29329427083333e-05, ""Dwell Time cat"": ""high"", ""Chamber Pressure"": 0.00091, ""Working Distance"": 0.005953}, ""normalized"": {""microscope"": ""Zeiss Gemini"", ""instrument"": ""Zeiss Gemini"", ""detector"": ""SE"", ""accelerating_voltage_kv"": 10000.0, ""magnification"": 500.0, ""pixel_size_nm"": 7.443e-08, ""beam_current_na"": 7.99999999999999e-05, ""dwell_time_us"": 1.29329427083333e-05, ""working_distance_mm"": 5.953, ""chamber_pressure_pa"": 0.00091, ""sample"": ""Q980_9h_AC"", ""sample_state"": ""Overview"", ""etching_agent"": ""Nital"", ""imaging_mode"": ""SEM"", ""scale"": ""7.443e-08 nm/pixel"", ""acquisition_date_if_available"": null}}",,,,
hcci,Q980_9h_AC,hcci_808,Images\808.png,C:\Users\Pranet\Downloads\Mini Project\data\raw\hcci\Images\808.png,808.png,.png,5489531,345a7a4cdb0a2f7665283f1b6c331c31d3e8bcde46835c872440135536ae3ec8,2824,1971,4,8,uint8,png,RGBA,SEM,,Overview,Overview,sample_Q980_9h_AC_Overview,Q980_9h_AC,roi_808,Zeiss Gemini_SE_10000.0kV_500.0x,"{""raw_metadata"": {""File Name"": 808, ""SEM"": ""Zeiss Gemini"", ""Detector"": ""SE"", ""Gun"": ""FEG"", ""Voltage"": 10000, ""Magnification"": 500, ""Etching"": ""Nital"", ""Sample"": ""Q980_9h_AC"", ""Kind"": ""Overview"", ""Pixel Size"": 7.443e-08, ""Beam Current"": 7.99999999999999e-05, ""Dwell Time"": 1.66666666666667e-06, ""Dwell Time cat"": ""low"", ""Chamber Pressure"": 0.00091, ""Working Distance"": 0.005953}, ""normalized"": {""microscope"": ""Zeiss Gemini"", ""instrument"": ""Zeiss Gemini"", ""detector"": ""SE"", ""accelerating_voltage_kv"": 10000.0, ""magnification"": 500.0, ""pixel_size_nm"": 7.443e-08, ""beam_current_na"": 7.99999999999999e-05, ""dwell_time_us"": 1.66666666666667e-06, ""working_distance_mm"": 5.953, ""chamber_pressure_pa"": 0.00091, ""sample"": ""Q980_9h_AC"", ""sample_state"": ""Overview"", ""etching_agent"": ""Nital"", ""imaging_mode"": ""SEM"", ""scale"": ""7.443e-08 nm/pixel"", ""acquisition_date_if_available"": null}}",,,,
hcci,Q980_9h_AC,hcci_809,Images\809.png,C:\Users\Pranet\Downloads\Mini Project\data\raw\hcci\Images\809.png,809.png,.png,5994713,03f48303f4414e0f456ddd30a53774c41224dd7c9b8e8a738ef5bb3baddb96d9,2824,1971,4,8,uint8,png,RGBA,SEM,,Overview,Overview,sample_Q980_9h_AC_Overview,Q980_9h_AC,roi_809,Zeiss Gemini_BSE_10000.0kV_500.0x,"{""raw_metadata"": {""File Name"": 809, ""SEM"": ""Zeiss Gemini"", ""Detector"": ""BSE"", ""Gun"": ""FEG"", ""Voltage"": 10000, ""Magnification"": 500, ""Etching"": ""Nital"", ""Sample"": ""Q980_9h_AC"", ""Kind"": ""Overview"", ""Pixel Size"": 7.443e-08, ""Beam Current"": 7.99999999999999e-05, ""Dwell Time"": 1.29329427083333e-05, ""Dwell Time cat"": ""high"", ""Chamber Pressure"": 0.000889999999999999, ""Working Distance"": 0.005953}, ""normalized"": {""microscope"": ""Zeiss Gemini"", ""instrument"": ""Zeiss Gemini"", ""detector"": ""BSE"", ""accelerating_voltage_kv"": 10000.0, ""magnification"": 500.0, ""pixel_size_nm"": 7.443e-08, ""beam_current_na"": 7.99999999999999e-05, ""dwell_time_us"": 1.29329427083333e-05, ""working_distance_mm"": 5.953, ""chamber_pressure_pa"": 0.000889999999999999, ""sample"": ""Q980_9h_AC"", ""sample_state"": ""Overview"", ""etching_agent"": ""Nital"", ""imaging_mode"": ""SEM"", ""scale"": ""7.443e-08 nm/pixel"", ""acquisition_date_if_available"": null}}",,,,
hcci,Q980_9h_AC,hcci_81,Images\81.png,C:\Users\Pranet\Downloads\Mini Project\data\raw\hcci\Images\81.png,81.png,.png,4731452,01b1e12304bc9c9aea9fe8a3db6593fd4238f4de0c87eb6e5b59c113e603459c,2329,1963,4,8,uint8,png,RGBA,SEM,,Detail,Detail,sample_Q980_9h_AC_Detail,Q980_9h_AC,roi_81,Helios G4 PFIB CXe_BSE_5000.0kV_5000.0x,"{""raw_metadata"": {""File Name"": 81, ""SEM"": ""Helios G4 PFIB CXe"", ""Detector"": ""BSE"", ""Gun"": ""FEG"", ""Voltage"": 5000, ""Magnification"": 5000, ""Etching"": ""Vilella"", ""Sample"": ""Q980_9h_AC"", ""Kind"": ""Detail"", ""Pixel Size"": 1.34896e-08, ""Beam Current"": 1.6e-09, ""Dwell Time"": 1e-05, ""Dwell Time cat"": ""high"", ""Chamber Pressure"": 0.000557, ""Working Distance"": 0.00614579}, ""normalized"": {""microscope"": ""Helios G4 PFIB CXe"", ""instrument"": ""Helios G4 PFIB CXe"", ""detector"": ""BSE"", ""accelerating_voltage_kv"": 5000.0, ""magnification"": 5000.0, ""pixel_size_nm"": 1.34896e-08, ""beam_current_na"": 1.6e-09, ""dwell_time_us"": 1e-05, ""working_distance_mm"": 6.1458, ""chamber_pressure_pa"": 0.000557, ""sample"": ""Q980_9h_AC"", ""sample_state"": ""Detail"", ""etching_agent"": ""Vilella"", ""imaging_mode"": ""SEM"", ""scale"": ""1.34896e-08 nm/pixel"", ""acquisition_date_if_available"": null}}",,,,
hcci,Q980_9h_AC,hcci_810,Images\810.png,C:\Users\Pranet\Downloads\Mini Project\data\raw\hcci\Images\810.png,810.png,.png,6451237,df3373b6252db0b90cbb489908c3259d2651958e16b603ec8e92bb2eb9a31ab5,2824,1971,4,8,uint8,png,RGBA,SEM,,Overview,Overview,sample_Q980_9h_AC_Overview,Q980_9h_AC,roi_810,Zeiss Gemini_BSE_10000.0kV_500.0x,"{""raw_metadata"": {""File Name"": 810, ""SEM"": ""Zeiss Gemini"", ""Detector"": ""BSE"", ""Gun"": ""FEG"", ""Voltage"": 10000, ""Magnification"": 500, ""Etching"": ""Nital"", ""Sample"": ""Q980_9h_AC"", ""Kind"": ""Overview"", ""Pixel Size"": 7.443e-08, ""Beam Current"": 7.99999999999999e-05, ""Dwell Time"": 1.66666666666667e-06, ""Dwell Time cat"": ""low"", ""Chamber Pressure"": 0.000889999999999999, ""Working Distance"": 0.005953}, ""normalized"": {""microscope"": ""Zeiss Gemini"", ""instrument"": ""Zeiss Gemini"", ""detector"": ""BSE"", ""accelerating_voltage_kv"": 10000.0, ""magnification"": 500.0, ""pixel_size_nm"": 7.443e-08, ""beam_current_na"": 7.99999999999999e-05, ""dwell_time_us"": 1.66666666666667e-06, ""working_distance_mm"": 5.953, ""chamber_pressure_pa"": 0.000889999999999999, ""sample"": ""Q980_9h_AC"", ""sample_state"": ""Overview"", ""etching_agent"": ""Nital"", ""imaging_mode"": ""SEM"", ""scale"": ""7.443e-08 nm/pixel"", ""acquisition_date_if_available"": null}}",,,,
hcci,Q980_9h_AC,hcci_811,Images\811.png,C:\Users\Pranet\Downloads\Mini Project\data\raw\hcci\Images\811.png,811.png,.png,3962738,5985f8205b54946a8f550884eec848ab665d062393b7a082969935c111421bfc,2824,1971,4,8,uint8,png,RGBA,SEM,,Overview,Overview,sample_Q980_9h_AC_Overview,Q980_9h_AC,roi_811,Zeiss Gemini_InLens_10000.0kV_500.0x,"{""raw_metadata"": {""File Name"": 811, ""SEM"": ""Zeiss Gemini"", ""Detector"": ""InLens"", ""Gun"": ""FEG"", ""Voltage"": 10000, ""Magnification"": 500, ""Etching"": ""Nital"", ""Sample"": ""Q980_9h_AC"", ""Kind"": ""Overview"", ""Pixel Size"": 7.443e-08, ""Beam Current"": 7.99999999999999e-05, ""Dwell Time"": 1.29329427083333e-05, ""Dwell Time cat"": ""high"", ""Chamber Pressure"": 0.000889999999999999, ""Working Distance"": 0.005953}, ""normalized"": {""microscope"": ""Zeiss Gemini"", ""instrument"": ""Zeiss Gemini"", ""detector"": ""InLens"", ""accelerating_voltage_kv"": 10000.0, ""magnification"": 500.0, ""pixel_size_nm"": 7.443e-08, ""beam_current_na"": 7.99999999999999e-05, ""dwell_time_us"": 1.29329427083333e-05, ""working_distance_mm"": 5.953, ""chamber_pressure_pa"": 0.000889999999999999, ""sample"": ""Q980_9h_AC"", ""sample_state"": ""Overview"", ""etching_agent"": ""Nital"", ""imaging_mode"": ""SEM"", ""scale"": ""7.443e-08 nm/pixel"", ""acquisition_date_if_available"": null}}",,,,
hcci,Q980_9h_AC,hcci_812,Images\812.png,C:\Users\Pranet\Downloads\Mini Project\data\raw\hcci\Images\812.png,812.png,.png,4653750,75b01a54acf230c0e4daaaf52f71a691a49ff8f6e6ba30c0df231d1663859926,2824,1971,4,8,uint8,png,RGBA,SEM,,Overview,Overview,sample_Q980_9h_AC_Overview,Q980_9h_AC,roi_812,Zeiss Gemini_InLens_10000.0kV_500.0x,"{""raw_metadata"": {""File Name"": 812, ""SEM"": ""Zeiss Gemini"", ""Detector"": ""InLens"", ""Gun"": ""FEG"", ""Voltage"": 10000, ""Magnification"": 500, ""Etching"": ""Nital"", ""Sample"": ""Q980_9h_AC"", ""Kind"": ""Overview"", ""Pixel Size"": 7.443e-08, ""Beam Current"": 7.99999999999999e-05, ""Dwell Time"": 1.66666666666667e-06, ""Dwell Time cat"": ""low"", ""Chamber Pressure"": 0.000889999999999999, ""Working Distance"": 0.005953}, ""normalized"": {""microscope"": ""Zeiss Gemini"", ""instrument"": ""Zeiss Gemini"", ""detector"": ""InLens"", ""accelerating_voltage_kv"": 10000.0, ""magnification"": 500.0, ""pixel_size_nm"": 7.443e-08, ""beam_current_na"": 7.99999999999999e-05, ""dwell_time_us"": 1.66666666666667e-06, ""working_distance_mm"": 5.953, ""chamber_pressure_pa"": 0.000889999999999999, ""sample"": ""Q980_9h_AC"", ""sample_state"": ""Overview"", ""etching_agent"": ""Nital"", ""imaging_mode"": ""SEM"", ""scale"": ""7.443e-08 nm/pixel"", ""acquisition_date_if_available"": null}}",,,,
hcci,Q980_9h_AC,hcci_813,Images\813.png,C:\Users\Pranet\Downloads\Mini Project\data\raw\hcci\Images\813.png,813.png,.png,3224690,ebac960296e8434e77383bf69153cb33ee9afa6a36fe443a1901447deadf34f5,1959,1792,4,8,uint8,png,RGBA,SEM,,Detail,Detail,sample_Q980_9h_AC_Detail,Q980_9h_AC,roi_813,Zeiss Gemini_SE_10000.0kV_2800.0x,"{""raw_metadata"": {""File Name"": 813, ""SEM"": ""Zeiss Gemini"", ""Detector"": ""SE"", ""Gun"": ""FEG"", ""Voltage"": 10000, ""Magnification"": 2800, ""Etching"": ""Nital"", ""Sample"": ""Q980_9h_AC"", ""Kind"": ""Detail"", ""Pixel Size"": 1.329e-08, ""Beam Current"": 7.99999999999999e-05, ""Dwell Time"": 1.29329427083333e-05, ""Dwell Time cat"": ""high"", ""Chamber Pressure"": 0.000885, ""Working Distance"": 0.005936}, ""normalized"": {""microscope"": ""Zeiss Gemini"", ""instrument"": ""Zeiss Gemini"", ""detector"": ""SE"", ""accelerating_voltage_kv"": 10000.0, ""magnification"": 2800.0, ""pixel_size_nm"": 1.329e-08, ""beam_current_na"": 7.99999999999999e-05, ""dwell_time_us"": 1.29329427083333e-05, ""working_distance_mm"": 5.936, ""chamber_pressure_pa"": 0.000885, ""sample"": ""Q980_9h_AC"", ""sample_state"": ""Detail"", ""etching_agent"": ""Nital"", ""imaging_mode"": ""SEM"", ""scale"": ""1.329e-08 nm/pixel"", ""acquisition_date_if_available"": null}}",,,,
hcci,Q980_9h_AC,hcci_814,Images\814.png,C:\Users\Pranet\Downloads\Mini Project\data\raw\hcci\Images\814.png,814.png,.png,4041561,e57003e4de564696c3d69a13c32da50d55ad26b12e342f379534efa566a1f3cd,1959,1792,4,8,uint8,png,RGBA,SEM,,Detail,Detail,sample_Q980_9h_AC_Detail,Q980_9h_AC,roi_814,Zeiss Gemini_SE_10000.0kV_2800.0x,"{""raw_metadata"": {""File Name"": 814, ""SEM"": ""Zeiss Gemini"", ""Detector"": ""SE"", ""Gun"": ""FEG"", ""Voltage"": 10000, ""Magnification"": 2800, ""Etching"": ""Nital"", ""Sample"": ""Q980_9h_AC"", ""Kind"": ""Detail"", ""Pixel Size"": 1.329e-08, ""Beam Current"": 7.99999999999999e-05, ""Dwell Time"": 1.66666666666667e-06, ""Dwell Time cat"": ""low"", ""Chamber Pressure"": 0.00088, ""Working Distance"": 0.005936}, ""normalized"": {""microscope"": ""Zeiss Gemini"", ""instrument"": ""Zeiss Gemini"", ""detector"": ""SE"", ""accelerating_voltage_kv"": 10000.0, ""magnification"": 2800.0, ""pixel_size_nm"": 1.329e-08, ""beam_current_na"": 7.99999999999999e-05, ""dwell_time_us"": 1.66666666666667e-06, ""working_distance_mm"": 5.936, ""chamber_pressure_pa"": 0.00088, ""sample"": ""Q980_9h_AC"", ""sample_state"": ""Detail"", ""etching_agent"": ""Nital"", ""imaging_mode"": ""SEM"", ""scale"": ""1.329e-08 nm/pixel"", ""acquisition_date_if_available"": null}}",,,,
hcci,Q980_9h_AC,hcci_815,Images\815.png,C:\Users\Pranet\Downloads\Mini Project\data\raw\hcci\Images\815.png,815.png,.png,3965039,2582a0babed386d79e6525914d15c6c89219b1981eb6618316c618c26bea53af,1959,1792,4,8,uint8,png,RGBA,SEM,,Detail,Detail,sample_Q980_9h_AC_Detail,Q980_9h_AC,roi_815,Zeiss Gemini_BSE_10000.0kV_2800.0x,"{""raw_metadata"": {""File Name"": 815, ""SEM"": ""Zeiss Gemini"", ""Detector"": ""BSE"", ""Gun"": ""FEG"", ""Voltage"": 10000, ""Magnification"": 2800, ""Etching"": ""Nital"", ""Sample"": ""Q980_9h_AC"", ""Kind"": ""Detail"", ""Pixel Size"": 1.329e-08, ""Beam Current"": 7.99999999999999e-05, ""Dwell Time"": 1.29329427083333e-05, ""Dwell Time cat"": ""high"", ""Chamber Pressure"": 0.00087, ""Working Distance"": 0.005936}, ""normalized"": {""microscope"": ""Zeiss Gemini"", ""instrument"": ""Zeiss Gemini"", ""detector"": ""BSE"", ""accelerating_voltage_kv"": 10000.0, ""magnification"": 2800.0, ""pixel_size_nm"": 1.329e-08, ""beam_current_na"": 7.99999999999999e-05, ""dwell_time_us"": 1.29329427083333e-05, ""working_distance_mm"": 5.936, ""chamber_pressure_pa"": 0.00087, ""sample"": ""Q980_9h_AC"", ""sample_state"": ""Detail"", ""etching_agent"": ""Nital"", ""imaging_mode"": ""SEM"", ""scale"": ""1.329e-08 nm/pixel"", ""acquisition_date_if_available"": null}}",,,,
hcci,Q980_9h_AC,hcci_816,Images\816.png,C:\Users\Pranet\Downloads\Mini Project\data\raw\hcci\Images\816.png,816.png,.png,4291971,b0a1fb7b84b0037e76fd47442301c05676ff60134d694bede50be88b509b2662,1959,1792,4,8,uint8,png,RGBA,SEM,,Detail,Detail,sample_Q980_9h_AC_Detail,Q980_9h_AC,roi_816,Zeiss Gemini_BSE_10000.0kV_2800.0x,"{""raw_metadata"": {""File Name"": 816, ""SEM"": ""Zeiss Gemini"", ""Detector"": ""BSE"", ""Gun"": ""FEG"", ""Voltage"": 10000, ""Magnification"": 2800, ""Etching"": ""Nital"", ""Sample"": ""Q980_9h_AC"", ""Kind"": ""Detail"", ""Pixel Size"": 1.329e-08, ""Beam Current"": 7.99999999999999e-05, ""Dwell Time"": 1.66666666666667e-06, ""Dwell Time cat"": ""low"", ""Chamber Pressure"": 0.00087, ""Working Distance"": 0.005936}, ""normalized"": {""microscope"": ""Zeiss Gemini"", ""instrument"": ""Zeiss Gemini"", ""detector"": ""BSE"", ""accelerating_voltage_kv"": 10000.0, ""magnification"": 2800.0, ""pixel_size_nm"": 1.329e-08, ""beam_current_na"": 7.99999999999999e-05, ""dwell_time_us"": 1.66666666666667e-06, ""working_distance_mm"": 5.936, ""chamber_pressure_pa"": 0.00087, ""sample"": ""Q980_9h_AC"", ""sample_state"": ""Detail"", ""etching_agent"": ""Nital"", ""imaging_mode"": ""SEM"", ""scale"": ""1.329e-08 nm/pixel"", ""acquisition_date_if_available"": null}}",,,,
hcci,Q980_9h_AC,hcci_817,Images\817.png,C:\Users\Pranet\Downloads\Mini Project\data\raw\hcci\Images\817.png,817.png,.png,3625665,3b01f4fe0bdbbd3c15d7e1f6ec698e6e251be3f496111c97435e0d1679900da2,1959,1792,4,8,uint8,png,RGBA,SEM,,Detail,Detail,sample_Q980_9h_AC_Detail,Q980_9h_AC,roi_817,Zeiss Gemini_SE_20000.0kV_2800.0x,"{""raw_metadata"": {""File Name"": 817, ""SEM"": ""Zeiss Gemini"", ""Detector"": ""SE"", ""Gun"": ""FEG"", ""Voltage"": 20000, ""Magnification"": 2800, ""Etching"": ""Nital"", ""Sample"": ""Q980_9h_AC"", ""Kind"": ""Detail"", ""Pixel Size"": 1.329e-08, ""Beam Current"": 7.99999999999999e-05, ""Dwell Time"": 1.29329427083333e-05, ""Dwell Time cat"": ""high"", ""Chamber Pressure"": 0.00087, ""Working Distance"": 0.005994}, ""normalized"": {""microscope"": ""Zeiss Gemini"", ""instrument"": ""Zeiss Gemini"", ""detector"": ""SE"", ""accelerating_voltage_kv"": 20000.0, ""magnification"": 2800.0, ""pixel_size_nm"": 1.329e-08, ""beam_current_na"": 7.99999999999999e-05, ""dwell_time_us"": 1.29329427083333e-05, ""working_distance_mm"": 5.994, ""chamber_pressure_pa"": 0.00087, ""sample"": ""Q980_9h_AC"", ""sample_state"": ""Detail"", ""etching_agent"": ""Nital"", ""imaging_mode"": ""SEM"", ""scale"": ""1.329e-08 nm/pixel"", ""acquisition_date_if_available"": null}}",,,,
hcci,Q980_9h_AC,hcci_818,Images\818.png,C:\Users\Pranet\Downloads\Mini Project\data\raw\hcci\Images\818.png,818.png,.png,4528085,9b3c935af0c06e6c3320bd35cb5958135631e285e2e5682fb86657c5878505a8,1959,1792,4,8,uint8,png,RGBA,SEM,,Detail,Detail,sample_Q980_9h_AC_Detail,Q980_9h_AC,roi_818,Zeiss Gemini_SE_20000.0kV_2800.0x,"{""raw_metadata"": {""File Name"": 818, ""SEM"": ""Zeiss Gemini"", ""Detector"": ""SE"", ""Gun"": ""FEG"", ""Voltage"": 20000, ""Magnification"": 2800, ""Etching"": ""Nital"", ""Sample"": ""Q980_9h_AC"", ""Kind"": ""Detail"", ""Pixel Size"": 1.329e-08, ""Beam Current"": 7.99999999999999e-05, ""Dwell Time"": 1.66666666666667e-06, ""Dwell Time cat"": ""low"", ""Chamber Pressure"": 0.00087, ""Working Distance"": 0.005994}, ""normalized"": {""microscope"": ""Zeiss Gemini"", ""instrument"": ""Zeiss Gemini"", ""detector"": ""SE"", ""accelerating_voltage_kv"": 20000.0, ""magnification"": 2800.0, ""pixel_size_nm"": 1.329e-08, ""beam_current_na"": 7.99999999999999e-05, ""dwell_time_us"": 1.66666666666667e-06, ""working_distance_mm"": 5.994, ""chamber_pressure_pa"": 0.00087, ""sample"": ""Q980_9h_AC"", ""sample_state"": ""Detail"", ""etching_agent"": ""Nital"", ""imaging_mode"": ""SEM"", ""scale"": ""1.329e-08 nm/pixel"", ""acquisition_date_if_available"": null}}",,,,
hcci,Q980_9h_AC,hcci_819,Images\819.png,C:\Users\Pranet\Downloads\Mini Project\data\raw\hcci\Images\819.png,819.png,.png,5636662,f34ed2849040260ba0f0d2a031481c8360edb4ade30af9ef54cb21be63211cb0,2824,1971,4,8,uint8,png,RGBA,SEM,,Overview,Overview,sample_Q980_9h_AC_Overview,Q980_9h_AC,roi_819,Zeiss Gemini_SE_20000.0kV_500.0x,"{""raw_metadata"": {""File Name"": 819, ""SEM"": ""Zeiss Gemini"", ""Detector"": ""SE"", ""Gun"": ""FEG"", ""Voltage"": 20000, ""Magnification"": 500, ""Etching"": ""Nital"", ""Sample"": ""Q980_9h_AC"", ""Kind"": ""Overview"", ""Pixel Size"": 7.443e-08, ""Beam Current"": 7.99999999999999e-05, ""Dwell Time"": 1.29329427083333e-05, ""Dwell Time cat"": ""high"", ""Chamber Pressure"": 0.000850999999999999, ""Working Distance"": 0.005994}, ""normalized"": {""microscope"": ""Zeiss Gemini"", ""instrument"": ""Zeiss Gemini"", ""detector"": ""SE"", ""accelerating_voltage_kv"": 20000.0, ""magnification"": 500.0, ""pixel_size_nm"": 7.443e-08, ""beam_current_na"": 7.99999999999999e-05, ""dwell_time_us"": 1.29329427083333e-05, ""working_distance_mm"": 5.994, ""chamber_pressure_pa"": 0.000850999999999999, ""sample"": ""Q980_9h_AC"", ""sample_state"": ""Overview"", ""etching_agent"": ""Nital"", ""imaging_mode"": ""SEM"", ""scale"": ""7.443e-08 nm/pixel"", ""acquisition_date_if_available"": null}}",,,,
hcci,Q980_9h_AC,hcci_82,Images\82.png,C:\Users\Pranet\Downloads\Mini Project\data\raw\hcci\Images\82.png,82.png,.png,5529110,6c2f36103d24665b8698a42856e32a1cb1ca615cab8291dfea24806f6ccc8e5c,2329,1963,4,8,uint8,png,RGBA,SEM,,Detail,Detail,sample_Q980_9h_AC_Detail,Q980_9h_AC,roi_82,Helios G4 PFIB CXe_BSE_5000.0kV_5000.0x,"{""raw_metadata"": {""File Name"": 82, ""SEM"": ""Helios G4 PFIB CXe"", ""Detector"": ""BSE"", ""Gun"": ""FEG"", ""Voltage"": 5000, ""Magnification"": 5000, ""Etching"": ""Vilella"", ""Sample"": ""Q980_9h_AC"", ""Kind"": ""Detail"", ""Pixel Size"": 1.34896e-08, ""Beam Current"": 1.6e-09, ""Dwell Time"": 5e-07, ""Dwell Time cat"": ""low"", ""Chamber Pressure"": 0.000551, ""Working Distance"": 0.00614579}, ""normalized"": {""microscope"": ""Helios G4 PFIB CXe"", ""instrument"": ""Helios G4 PFIB CXe"", ""detector"": ""BSE"", ""accelerating_voltage_kv"": 5000.0, ""magnification"": 5000.0, ""pixel_size_nm"": 1.34896e-08, ""beam_current_na"": 1.6e-09, ""dwell_time_us"": 5e-07, ""working_distance_mm"": 6.1458, ""chamber_pressure_pa"": 0.000551, ""sample"": ""Q980_9h_AC"", ""sample_state"": ""Detail"", ""etching_agent"": ""Vilella"", ""imaging_mode"": ""SEM"", ""scale"": ""1.34896e-08 nm/pixel"", ""acquisition_date_if_available"": null}}",,,,
hcci,Q980_9h_AC,hcci_820,Images\820.png,C:\Users\Pranet\Downloads\Mini Project\data\raw\hcci\Images\820.png,820.png,.png,6976319,9eddd1229e4e557b7ffc49668481fc6c29d376bbe8676fb8bc8f6a04faaf643f,2824,1971,4,8,uint8,png,RGBA,SEM,,Overview,Overview,sample_Q980_9h_AC_Overview,Q980_9h_AC,roi_820,Zeiss Gemini_SE_20000.0kV_500.0x,"{""raw_metadata"": {""File Name"": 820, ""SEM"": ""Zeiss Gemini"", ""Detector"": ""SE"", ""Gun"": ""FEG"", ""Voltage"": 20000, ""Magnification"": 500, ""Etching"": ""Nital"", ""Sample"": ""Q980_9h_AC"", ""Kind"": ""Overview"", ""Pixel Size"": 7.443e-08, ""Beam Current"": 7.99999999999999e-05, ""Dwell Time"": 1.66666666666667e-06, ""Dwell Time cat"": ""low"", ""Chamber Pressure"": 0.000850999999999999, ""Working Distance"": 0.005994}, ""normalized"": {""microscope"": ""Zeiss Gemini"", ""instrument"": ""Zeiss Gemini"", ""detector"": ""SE"", ""accelerating_voltage_kv"": 20000.0, ""magnification"": 500.0, ""pixel_size_nm"": 7.443e-08, ""beam_current_na"": 7.99999999999999e-05, ""dwell_time_us"": 1.66666666666667e-06, ""working_distance_mm"": 5.994, ""chamber_pressure_pa"": 0.000850999999999999, ""sample"": ""Q980_9h_AC"", ""sample_state"": ""Overview"", ""etching_agent"": ""Nital"", ""imaging_mode"": ""SEM"", ""scale"": ""7.443e-08 nm/pixel"", ""acquisition_date_if_available"": null}}",,,,
hcci,Q980_9h_AC,hcci_821,Images\821.png,C:\Users\Pranet\Downloads\Mini Project\data\raw\hcci\Images\821.png,821.png,.png,3786597,65bb827dbe58a40e8a7e173313aaf93d190e09404d3417565ae9f51cec429784,2824,1971,4,8,uint8,png,RGBA,SEM,,Overview,Overview,sample_Q980_9h_AC_Overview,Q980_9h_AC,roi_821,Zeiss Gemini_BSE_20000.0kV_500.0x,"{""raw_metadata"": {""File Name"": 821, ""SEM"": ""Zeiss Gemini"", ""Detector"": ""BSE"", ""Gun"": ""FEG"", ""Voltage"": 20000, ""Magnification"": 500, ""Etching"": ""Nital"", ""Sample"": ""Q980_9h_AC"", ""Kind"": ""Overview"", ""Pixel Size"": 7.443e-08, ""Beam Current"": 7.99999999999999e-05, ""Dwell Time"": 1.29329427083333e-05, ""Dwell Time cat"": ""high"", ""Chamber Pressure"": 0.000850999999999999, ""Working Distance"": 0.005994}, ""normalized"": {""microscope"": ""Zeiss Gemini"", ""instrument"": ""Zeiss Gemini"", ""detector"": ""BSE"", ""accelerating_voltage_kv"": 20000.0, ""magnification"": 500.0, ""pixel_size_nm"": 7.443e-08, ""beam_current_na"": 7.99999999999999e-05, ""dwell_time_us"": 1.29329427083333e-05, ""working_distance_mm"": 5.994, ""chamber_pressure_pa"": 0.000850999999999999, ""sample"": ""Q980_9h_AC"", ""sample_state"": ""Overview"", ""etching_agent"": ""Nital"", ""imaging_mode"": ""SEM"", ""scale"": ""7.443e-08 nm/pixel"", ""acquisition_date_if_available"": null}}",,,,
hcci,Q980_9h_AC,hcci_822,Images\822.png,C:\Users\Pranet\Downloads\Mini Project\data\raw\hcci\Images\822.png,822.png,.png,4282848,1fce93e3e0a9bbe39e3c536b0f0d2bee23e6df59dbaabbd53f7009e75413e7f0,2824,1971,4,8,uint8,png,RGBA,SEM,,Overview,Overview,sample_Q980_9h_AC_Overview,Q980_9h_AC,roi_822,Zeiss Gemini_BSE_20000.0kV_500.0x,"{""raw_metadata"": {""File Name"": 822, ""SEM"": ""Zeiss Gemini"", ""Detector"": ""BSE"", ""Gun"": ""FEG"", ""Voltage"": 20000, ""Magnification"": 500, ""Etching"": ""Nital"", ""Sample"": ""Q980_9h_AC"", ""Kind"": ""Overview"", ""Pixel Size"": 7.443e-08, ""Beam Current"": 7.99999999999999e-05, ""Dwell Time"": 1.66666666666667e-06, ""Dwell Time cat"": ""low"", ""Chamber Pressure"": 0.000850999999999999, ""Working Distance"": 0.005994}, ""normalized"": {""microscope"": ""Zeiss Gemini"", ""instrument"": ""Zeiss Gemini"", ""detector"": ""BSE"", ""accelerating_voltage_kv"": 20000.0, ""magnification"": 500.0, ""pixel_size_nm"": 7.443e-08, ""beam_current_na"": 7.99999999999999e-05, ""dwell_time_us"": 1.66666666666667e-06, ""working_distance_mm"": 5.994, ""chamber_pressure_pa"": 0.000850999999999999, ""sample"": ""Q980_9h_AC"", ""sample_state"": ""Overview"", ""etching_agent"": ""Nital"", ""imaging_mode"": ""SEM"", ""scale"": ""7.443e-08 nm/pixel"", ""acquisition_date_if_available"": null}}",,,,
hcci,Q980_9h_AC,hcci_825,Images\825.png,C:\Users\Pranet\Downloads\Mini Project\data\raw\hcci\Images\825.png,825.png,.png,2871829,9ed350fc1befedddbf6e2314b8bbfb4e9e4c9515db3439e83c46b10ce815f7f2,1959,1792,4,8,uint8,png,RGBA,SEM,,Detail,Detail,sample_Q980_9h_AC_Detail,Q980_9h_AC,roi_825,Zeiss Gemini_InLens_10000.0kV_2800.0x,"{""raw_metadata"": {""File Name"": 825, ""SEM"": ""Zeiss Gemini"", ""Detector"": ""InLens"", ""Gun"": ""FEG"", ""Voltage"": 10000, ""Magnification"": 2800, ""Etching"": ""Nital"", ""Sample"": ""Q980_9h_AC"", ""Kind"": ""Detail"", ""Pixel Size"": 1.329e-08, ""Beam Current"": 7.99999999999999e-05, ""Dwell Time"": 1.29329427083333e-05, ""Dwell Time cat"": ""high"", ""Chamber Pressure"": 0.00087, ""Working Distance"": 0.005937}, ""normalized"": {""microscope"": ""Zeiss Gemini"", ""instrument"": ""Zeiss Gemini"", ""detector"": ""InLens"", ""accelerating_voltage_kv"": 10000.0, ""magnification"": 2800.0, ""pixel_size_nm"": 1.329e-08, ""beam_current_na"": 7.99999999999999e-05, ""dwell_time_us"": 1.29329427083333e-05, ""working_distance_mm"": 5.937, ""chamber_pressure_pa"": 0.00087, ""sample"": ""Q980_9h_AC"", ""sample_state"": ""Detail"", ""etching_agent"": ""Nital"", ""imaging_mode"": ""SEM"", ""scale"": ""1.329e-08 nm/pixel"", ""acquisition_date_if_available"": null}}",,,,
hcci,Q980_9h_AC,hcci_826,Images\826.png,C:\Users\Pranet\Downloads\Mini Project\data\raw\hcci\Images\826.png,826.png,.png,3603533,7f15e4bf9703f9a0afa32d35f5cc61a184c16356bff5db568f58ace1f1a7e6d8,1959,1792,4,8,uint8,png,RGBA,SEM,,Detail,Detail,sample_Q980_9h_AC_Detail,Q980_9h_AC,roi_826,Zeiss Gemini_InLens_10000.0kV_2800.0x,"{""raw_metadata"": {""File Name"": 826, ""SEM"": ""Zeiss Gemini"", ""Detector"": ""InLens"", ""Gun"": ""FEG"", ""Voltage"": 10000, ""Magnification"": 2800, ""Etching"": ""Nital"", ""Sample"": ""Q980_9h_AC"", ""Kind"": ""Detail"", ""Pixel Size"": 1.329e-08, ""Beam Current"": 7.99999999999999e-05, ""Dwell Time"": 1.66666666666667e-06, ""Dwell Time cat"": ""low"", ""Chamber Pressure"": 0.00087, ""Working Distance"": 0.005937}, ""normalized"": {""microscope"": ""Zeiss Gemini"", ""instrument"": ""Zeiss Gemini"", ""detector"": ""InLens"", ""accelerating_voltage_kv"": 10000.0, ""magnification"": 2800.0, ""pixel_size_nm"": 1.329e-08, ""beam_current_na"": 7.99999999999999e-05, ""dwell_time_us"": 1.66666666666667e-06, ""working_distance_mm"": 5.937, ""chamber_pressure_pa"": 0.00087, ""sample"": ""Q980_9h_AC"", ""sample_state"": ""Detail"", ""etching_agent"": ""Nital"", ""imaging_mode"": ""SEM"", ""scale"": ""1.329e-08 nm/pixel"", ""acquisition_date_if_available"": null}}",,,,
hcci,Q980_9h_AC,hcci_827,Images\827.png,C:\Users\Pranet\Downloads\Mini Project\data\raw\hcci\Images\827.png,827.png,.png,2362351,22455cadaaa5ba51ab8737d0abde9296c791f5c07da0ff5a1605baf8c07f3049,1959,1792,4,8,uint8,png,RGBA,SEM,,Detail,Detail,sample_Q980_9h_AC_Detail,Q980_9h_AC,roi_827,Zeiss Gemini_BSE_20000.0kV_2800.0x,"{""raw_metadata"": {""File Name"": 827, ""SEM"": ""Zeiss Gemini"", ""Detector"": ""BSE"", ""Gun"": ""FEG"", ""Voltage"": 20000, ""Magnification"": 2800, ""Etching"": ""Nital"", ""Sample"": ""Q980_9h_AC"", ""Kind"": ""Detail"", ""Pixel Size"": 1.329e-08, ""Beam Current"": 7.99999999999999e-05, ""Dwell Time"": 1.29329427083333e-05, ""Dwell Time cat"": ""high"", ""Chamber Pressure"": 0.000859999999999999, ""Working Distance"": 0.005994}, ""normalized"": {""microscope"": ""Zeiss Gemini"", ""instrument"": ""Zeiss Gemini"", ""detector"": ""BSE"", ""accelerating_voltage_kv"": 20000.0, ""magnification"": 2800.0, ""pixel_size_nm"": 1.329e-08, ""beam_current_na"": 7.99999999999999e-05, ""dwell_time_us"": 1.29329427083333e-05, ""working_distance_mm"": 5.994, ""chamber_pressure_pa"": 0.000859999999999999, ""sample"": ""Q980_9h_AC"", ""sample_state"": ""Detail"", ""etching_agent"": ""Nital"", ""imaging_mode"": ""SEM"", ""scale"": ""1.329e-08 nm/pixel"", ""acquisition_date_if_available"": null}}",,,,
hcci,Q980_9h_AC,hcci_828,Images\828.png,C:\Users\Pranet\Downloads\Mini Project\data\raw\hcci\Images\828.png,828.png,.png,2323662,328624b053ffac2c31aa8f1963a3e000345193e4978e656708b951d83d96414e,1959,1792,4,8,uint8,png,RGBA,SEM,,Detail,Detail,sample_Q980_9h_AC_Detail,Q980_9h_AC,roi_828,Zeiss Gemini_BSE_20000.0kV_2800.0x,"{""raw_metadata"": {""File Name"": 828, ""SEM"": ""Zeiss Gemini"", ""Detector"": ""BSE"", ""Gun"": ""FEG"", ""Voltage"": 20000, ""Magnification"": 2800, ""Etching"": ""Nital"", ""Sample"": ""Q980_9h_AC"", ""Kind"": ""Detail"", ""Pixel Size"": 1.329e-08, ""Beam Current"": 7.99999999999999e-05, ""Dwell Time"": 1.66666666666667e-06, ""Dwell Time cat"": ""low"", ""Chamber Pressure"": 0.000850999999999999, ""Working Distance"": 0.005994}, ""normalized"": {""microscope"": ""Zeiss Gemini"", ""instrument"": ""Zeiss Gemini"", ""detector"": ""BSE"", ""accelerating_voltage_kv"": 20000.0, ""magnification"": 2800.0, ""pixel_size_nm"": 1.329e-08, ""beam_current_na"": 7.99999999999999e-05, ""dwell_time_us"": 1.66666666666667e-06, ""working_distance_mm"": 5.994, ""chamber_pressure_pa"": 0.000850999999999999, ""sample"": ""Q980_9h_AC"", ""sample_state"": ""Detail"", ""etching_agent"": ""Nital"", ""imaging_mode"": ""SEM"", ""scale"": ""1.329e-08 nm/pixel"", ""acquisition_date_if_available"": null}}",,,,
hcci,Q980_9h_AC,hcci_829,Images\829.png,C:\Users\Pranet\Downloads\Mini Project\data\raw\hcci\Images\829.png,829.png,.png,3736910,fbbe71ae77940e05b016afb3a6b96e6bf797f815c1c40a5a75d117781efb76e1,1959,1792,4,8,uint8,png,RGBA,SEM,,Detail,Detail,sample_Q980_9h_AC_Detail,Q980_9h_AC,roi_829,Zeiss Gemini_InLens_20000.0kV_2800.0x,"{""raw_metadata"": {""File Name"": 829, ""SEM"": ""Zeiss Gemini"", ""Detector"": ""InLens"", ""Gun"": ""FEG"", ""Voltage"": 20000, ""Magnification"": 2800, ""Etching"": ""Nital"", ""Sample"": ""Q980_9h_AC"", ""Kind"": ""Detail"", ""Pixel Size"": 1.329e-08, ""Beam Current"": 7.99999999999999e-05, ""Dwell Time"": 1.29329427083333e-05, ""Dwell Time cat"": ""high"", ""Chamber Pressure"": 0.000850999999999999, ""Working Distance"": 0.005994}, ""normalized"": {""microscope"": ""Zeiss Gemini"", ""instrument"": ""Zeiss Gemini"", ""detector"": ""InLens"", ""accelerating_voltage_kv"": 20000.0, ""magnification"": 2800.0, ""pixel_size_nm"": 1.329e-08, ""beam_current_na"": 7.99999999999999e-05, ""dwell_time_us"": 1.29329427083333e-05, ""working_distance_mm"": 5.994, ""chamber_pressure_pa"": 0.000850999999999999, ""sample"": ""Q980_9h_AC"", ""sample_state"": ""Detail"", ""etching_agent"": ""Nital"", ""imaging_mode"": ""SEM"", ""scale"": ""1.329e-08 nm/pixel"", ""acquisition_date_if_available"": null}}",,,,
hcci,Q980_9h_AC,hcci_83,Images\83.png,C:\Users\Pranet\Downloads\Mini Project\data\raw\hcci\Images\83.png,83.png,.png,4501628,85b124c44da06ab4a45db234773cc03bba58e51ef7a9ef3369f4ed4114241d37,2329,1963,4,8,uint8,png,RGBA,SEM,,Detail,Detail,sample_Q980_9h_AC_Detail,Q980_9h_AC,roi_83,Helios G4 PFIB CXe_InLens_5000.0kV_5000.0x,"{""raw_metadata"": {""File Name"": 83, ""SEM"": ""Helios G4 PFIB CXe"", ""Detector"": ""InLens"", ""Gun"": ""FEG"", ""Voltage"": 5000, ""Magnification"": 5000, ""Etching"": ""Vilella"", ""Sample"": ""Q980_9h_AC"", ""Kind"": ""Detail"", ""Pixel Size"": 1.34896e-08, ""Beam Current"": 1.6e-09, ""Dwell Time"": 1e-05, ""Dwell Time cat"": ""high"", ""Chamber Pressure"": 0.000515, ""Working Distance"": 0.00614579}, ""normalized"": {""microscope"": ""Helios G4 PFIB CXe"", ""instrument"": ""Helios G4 PFIB CXe"", ""detector"": ""InLens"", ""accelerating_voltage_kv"": 5000.0, ""magnification"": 5000.0, ""pixel_size_nm"": 1.34896e-08, ""beam_current_na"": 1.6e-09, ""dwell_time_us"": 1e-05, ""working_distance_mm"": 6.1458, ""chamber_pressure_pa"": 0.000515, ""sample"": ""Q980_9h_AC"", ""sample_state"": ""Detail"", ""etching_agent"": ""Vilella"", ""imaging_mode"": ""SEM"", ""scale"": ""1.34896e-08 nm/pixel"", ""acquisition_date_if_available"": null}}",,,,
hcci,Q980_9h_AC,hcci_830,Images\830.png,C:\Users\Pranet\Downloads\Mini Project\data\raw\hcci\Images\830.png,830.png,.png,4576604,86adddd59b8e7b8b5cc202147482e4cde15e6d7f846e65fc3f9f296e040de592,1959,1792,4,8,uint8,png,RGBA,SEM,,Detail,Detail,sample_Q980_9h_AC_Detail,Q980_9h_AC,roi_830,Zeiss Gemini_InLens_20000.0kV_2800.0x,"{""raw_metadata"": {""File Name"": 830, ""SEM"": ""Zeiss Gemini"", ""Detector"": ""InLens"", ""Gun"": ""FEG"", ""Voltage"": 20000, ""Magnification"": 2800, ""Etching"": ""Nital"", ""Sample"": ""Q980_9h_AC"", ""Kind"": ""Detail"", ""Pixel Size"": 1.329e-08, ""Beam Current"": 7.99999999999999e-05, ""Dwell Time"": 1.66666666666667e-06, ""Dwell Time cat"": ""low"", ""Chamber Pressure"": 0.000850999999999999, ""Working Distance"": 0.005994}, ""normalized"": {""microscope"": ""Zeiss Gemini"", ""instrument"": ""Zeiss Gemini"", ""detector"": ""InLens"", ""accelerating_voltage_kv"": 20000.0, ""magnification"": 2800.0, ""pixel_size_nm"": 1.329e-08, ""beam_current_na"": 7.99999999999999e-05, ""dwell_time_us"": 1.66666666666667e-06, ""working_distance_mm"": 5.994, ""chamber_pressure_pa"": 0.000850999999999999, ""sample"": ""Q980_9h_AC"", ""sample_state"": ""Detail"", ""etching_agent"": ""Nital"", ""imaging_mode"": ""SEM"", ""scale"": ""1.329e-08 nm/pixel"", ""acquisition_date_if_available"": null}}",,,,
hcci,Q980_9h_AC,hcci_84,Images\84.png,C:\Users\Pranet\Downloads\Mini Project\data\raw\hcci\Images\84.png,84.png,.png,5323980,99483e48f7a5820d5618535db0548a4c2ea920aa8f39e8aba67eae460e94dde3,2329,1963,4,8,uint8,png,RGBA,SEM,,Detail,Detail,sample_Q980_9h_AC_Detail,Q980_9h_AC,roi_84,Helios G4 PFIB CXe_InLens_5000.0kV_5000.0x,"{""raw_metadata"": {""File Name"": 84, ""SEM"": ""Helios G4 PFIB CXe"", ""Detector"": ""InLens"", ""Gun"": ""FEG"", ""Voltage"": 5000, ""Magnification"": 5000, ""Etching"": ""Vilella"", ""Sample"": ""Q980_9h_AC"", ""Kind"": ""Detail"", ""Pixel Size"": 1.34896e-08, ""Beam Current"": 1.6e-09, ""Dwell Time"": 5e-07, ""Dwell Time cat"": ""low"", ""Chamber Pressure"": 0.000509, ""Working Distance"": 0.00614579}, ""normalized"": {""microscope"": ""Helios G4 PFIB CXe"", ""instrument"": ""Helios G4 PFIB CXe"", ""detector"": ""InLens"", ""accelerating_voltage_kv"": 5000.0, ""magnification"": 5000.0, ""pixel_size_nm"": 1.34896e-08, ""beam_current_na"": 1.6e-09, ""dwell_time_us"": 5e-07, ""working_distance_mm"": 6.1458, ""chamber_pressure_pa"": 0.000509, ""sample"": ""Q980_9h_AC"", ""sample_state"": ""Detail"", ""etching_agent"": ""Vilella"", ""imaging_mode"": ""SEM"", ""scale"": ""1.34896e-08 nm/pixel"", ""acquisition_date_if_available"": null}}",,,,
hcci,Q980_9h_AC,hcci_85,Images\85.png,C:\Users\Pranet\Downloads\Mini Project\data\raw\hcci\Images\85.png,85.png,.png,6403152,67643564a49a1c646ee3d8c5f54e625f25853f3043bfbd88b42527a6c7e25485,2764,2019,4,8,uint8,png,RGBA,SEM,,Overview,Overview,sample_Q980_9h_AC_Overview,Q980_9h_AC,roi_85,Helios G4 PFIB CXe_SE_10000.0kV_1000.0x,"{""raw_metadata"": {""File Name"": 85, ""SEM"": ""Helios G4 PFIB CXe"", ""Detector"": ""SE"", ""Gun"": ""FEG"", ""Voltage"": 10000, ""Magnification"": 1000, ""Etching"": ""Vilella"", ""Sample"": ""Q980_9h_AC"", ""Kind"": ""Overview"", ""Pixel Size"": 6.74479e-08, ""Beam Current"": 1.6e-09, ""Dwell Time"": 1e-05, ""Dwell Time cat"": ""high"", ""Chamber Pressure"": 0.000437, ""Working Distance"": 0.00612528}, ""normalized"": {""microscope"": ""Helios G4 PFIB CXe"", ""instrument"": ""Helios G4 PFIB CXe"", ""detector"": ""SE"", ""accelerating_voltage_kv"": 10000.0, ""magnification"": 1000.0, ""pixel_size_nm"": 6.74479e-08, ""beam_current_na"": 1.6e-09, ""dwell_time_us"": 1e-05, ""working_distance_mm"": 6.1253, ""chamber_pressure_pa"": 0.000437, ""sample"": ""Q980_9h_AC"", ""sample_state"": ""Overview"", ""etching_agent"": ""Vilella"", ""imaging_mode"": ""SEM"", ""scale"": ""6.74479e-08 nm/pixel"", ""acquisition_date_if_available"": null}}",,,,
hcci,Q980_9h_AC,hcci_86,Images\86.png,C:\Users\Pranet\Downloads\Mini Project\data\raw\hcci\Images\86.png,86.png,.png,7344736,88b42f7415e52c2264eb148c7dbfe8f6443fd1b979afa38d9060b801be3ab4a9,2764,2019,4,8,uint8,png,RGBA,SEM,,Overview,Overview,sample_Q980_9h_AC_Overview,Q980_9h_AC,roi_86,Helios G4 PFIB CXe_SE_10000.0kV_1000.0x,"{""raw_metadata"": {""File Name"": 86, ""SEM"": ""Helios G4 PFIB CXe"", ""Detector"": ""SE"", ""Gun"": ""FEG"", ""Voltage"": 10000, ""Magnification"": 1000, ""Etching"": ""Vilella"", ""Sample"": ""Q980_9h_AC"", ""Kind"": ""Overview"", ""Pixel Size"": 6.74479e-08, ""Beam Current"": 1.6e-09, ""Dwell Time"": 5e-07, ""Dwell Time cat"": ""low"", ""Chamber Pressure"": 0.000437, ""Working Distance"": 0.00612528}, ""normalized"": {""microscope"": ""Helios G4 PFIB CXe"", ""instrument"": ""Helios G4 PFIB CXe"", ""detector"": ""SE"", ""accelerating_voltage_kv"": 10000.0, ""magnification"": 1000.0, ""pixel_size_nm"": 6.74479e-08, ""beam_current_na"": 1.6e-09, ""dwell_time_us"": 5e-07, ""working_distance_mm"": 6.1253, ""chamber_pressure_pa"": 0.000437, ""sample"": ""Q980_9h_AC"", ""sample_state"": ""Overview"", ""etching_agent"": ""Vilella"", ""imaging_mode"": ""SEM"", ""scale"": ""6.74479e-08 nm/pixel"", ""acquisition_date_if_available"": null}}",,,,
hcci,Q980_9h_AC,hcci_87,Images\87.png,C:\Users\Pranet\Downloads\Mini Project\data\raw\hcci\Images\87.png,87.png,.png,6727511,7134ad43a07fc91e79e60b0790c29dc8dc30c36bbe2da08899ca1054ddaf6d2c,2764,2019,4,8,uint8,png,RGBA,SEM,,Overview,Overview,sample_Q980_9h_AC_Overview,Q980_9h_AC,roi_87,Helios G4 PFIB CXe_BSE_10000.0kV_1000.0x,"{""raw_metadata"": {""File Name"": 87, ""SEM"": ""Helios G4 PFIB CXe"", ""Detector"": ""BSE"", ""Gun"": ""FEG"", ""Voltage"": 10000, ""Magnification"": 1000, ""Etching"": ""Vilella"", ""Sample"": ""Q980_9h_AC"", ""Kind"": ""Overview"", ""Pixel Size"": 6.74479e-08, ""Beam Current"": 1.6e-09, ""Dwell Time"": 1e-05, ""Dwell Time cat"": ""high"", ""Chamber Pressure"": 0.000433, ""Working Distance"": 0.00612528}, ""normalized"": {""microscope"": ""Helios G4 PFIB CXe"", ""instrument"": ""Helios G4 PFIB CXe"", ""detector"": ""BSE"", ""accelerating_voltage_kv"": 10000.0, ""magnification"": 1000.0, ""pixel_size_nm"": 6.74479e-08, ""beam_current_na"": 1.6e-09, ""dwell_time_us"": 1e-05, ""working_distance_mm"": 6.1253, ""chamber_pressure_pa"": 0.000433, ""sample"": ""Q980_9h_AC"", ""sample_state"": ""Overview"", ""etching_agent"": ""Vilella"", ""imaging_mode"": ""SEM"", ""scale"": ""6.74479e-08 nm/pixel"", ""acquisition_date_if_available"": null}}",,,,
hcci,Q980_9h_AC,hcci_88,Images\88.png,C:\Users\Pranet\Downloads\Mini Project\data\raw\hcci\Images\88.png,88.png,.png,6740936,3655b0ceb0647002c1005bd7a1afa9f2b4e7af3266c444622f38b51ed97880e2,2764,2019,4,8,uint8,png,RGBA,SEM,,Overview,Overview,sample_Q980_9h_AC_Overview,Q980_9h_AC,roi_88,Helios G4 PFIB CXe_BSE_10000.0kV_1000.0x,"{""raw_metadata"": {""File Name"": 88, ""SEM"": ""Helios G4 PFIB CXe"", ""Detector"": ""BSE"", ""Gun"": ""FEG"", ""Voltage"": 10000, ""Magnification"": 1000, ""Etching"": ""Vilella"", ""Sample"": ""Q980_9h_AC"", ""Kind"": ""Overview"", ""Pixel Size"": 6.74479e-08, ""Beam Current"": 1.6e-09, ""Dwell Time"": 5e-07, ""Dwell Time cat"": ""low"", ""Chamber Pressure"": 0.000423, ""Working Distance"": 0.00612528}, ""normalized"": {""microscope"": ""Helios G4 PFIB CXe"", ""instrument"": ""Helios G4 PFIB CXe"", ""detector"": ""BSE"", ""accelerating_voltage_kv"": 10000.0, ""magnification"": 1000.0, ""pixel_size_nm"": 6.74479e-08, ""beam_current_na"": 1.6e-09, ""dwell_time_us"": 5e-07, ""working_distance_mm"": 6.1253, ""chamber_pressure_pa"": 0.000423, ""sample"": ""Q980_9h_AC"", ""sample_state"": ""Overview"", ""etching_agent"": ""Vilella"", ""imaging_mode"": ""SEM"", ""scale"": ""6.74479e-08 nm/pixel"", ""acquisition_date_if_available"": null}}",,,,
hcci,Q980_9h_AC,hcci_89,Images\89.png,C:\Users\Pranet\Downloads\Mini Project\data\raw\hcci\Images\89.png,89.png,.png,6556806,acf51bf96d9f5d0cd39d8f85fe44b52825a7d63e3826d49ce27e76a6c22d5512,2764,2019,4,8,uint8,png,RGBA,SEM,,Overview,Overview,sample_Q980_9h_AC_Overview,Q980_9h_AC,roi_89,Helios G4 PFIB CXe_InLens_10000.0kV_1000.0x,"{""raw_metadata"": {""File Name"": 89, ""SEM"": ""Helios G4 PFIB CXe"", ""Detector"": ""InLens"", ""Gun"": ""FEG"", ""Voltage"": 10000, ""Magnification"": 1000, ""Etching"": ""Vilella"", ""Sample"": ""Q980_9h_AC"", ""Kind"": ""Overview"", ""Pixel Size"": 6.74479e-08, ""Beam Current"": 1.6e-09, ""Dwell Time"": 1e-05, ""Dwell Time cat"": ""high"", ""Chamber Pressure"": 0.00039, ""Working Distance"": 0.00612528}, ""normalized"": {""microscope"": ""Helios G4 PFIB CXe"", ""instrument"": ""Helios G4 PFIB CXe"", ""detector"": ""InLens"", ""accelerating_voltage_kv"": 10000.0, ""magnification"": 1000.0, ""pixel_size_nm"": 6.74479e-08, ""beam_current_na"": 1.6e-09, ""dwell_time_us"": 1e-05, ""working_distance_mm"": 6.1253, ""chamber_pressure_pa"": 0.00039, ""sample"": ""Q980_9h_AC"", ""sample_state"": ""Overview"", ""etching_agent"": ""Vilella"", ""imaging_mode"": ""SEM"", ""scale"": ""6.74479e-08 nm/pixel"", ""acquisition_date_if_available"": null}}",,,,
hcci,AsCast,hcci_9,Images\9.png,C:\Users\Pranet\Downloads\Mini Project\data\raw\hcci\Images\9.png,9.png,.png,4494600,306b7724a5d263b2dbd45f1d7763a2d545517af726956995c535c12e5695357c,2697,1810,4,8,uint8,png,RGBA,SEM,,Detail,Detail,sample_AsCast_Detail,AsCast,roi_9,Helios G4 PFIB CXe_BSE_5000.0kV_5000.0x,"{""raw_metadata"": {""File Name"": 9, ""SEM"": ""Helios G4 PFIB CXe"", ""Detector"": ""BSE"", ""Gun"": ""FEG"", ""Voltage"": 5000, ""Magnification"": 5000, ""Etching"": ""Vilella"", ""Sample"": ""AsCast"", ""Kind"": ""Detail"", ""Pixel Size"": 1.34896e-08, ""Beam Current"": 1.6e-09, ""Dwell Time"": 1e-05, ""Dwell Time cat"": ""high"", ""Chamber Pressure"": 0.000535, ""Working Distance"": 0.00680618}, ""normalized"": {""microscope"": ""Helios G4 PFIB CXe"", ""instrument"": ""Helios G4 PFIB CXe"", ""detector"": ""BSE"", ""accelerating_voltage_kv"": 5000.0, ""magnification"": 5000.0, ""pixel_size_nm"": 1.34896e-08, ""beam_current_na"": 1.6e-09, ""dwell_time_us"": 1e-05, ""working_distance_mm"": 6.8062, ""chamber_pressure_pa"": 0.000535, ""sample"": ""AsCast"", ""sample_state"": ""Detail"", ""etching_agent"": ""Vilella"", ""imaging_mode"": ""SEM"", ""scale"": ""1.34896e-08 nm/pixel"", ""acquisition_date_if_available"": null}}",,,,
hcci,Q980_9h_AC,hcci_90,Images\90.png,C:\Users\Pranet\Downloads\Mini Project\data\raw\hcci\Images\90.png,90.png,.png,7500330,0e95a833f68540dc1f70a951d5f33e6f11b985752ae0886b1d791b407cbe594a,2764,2019,4,8,uint8,png,RGBA,SEM,,Overview,Overview,sample_Q980_9h_AC_Overview,Q980_9h_AC,roi_90,Helios G4 PFIB CXe_InLens_10000.0kV_1000.0x,"{""raw_metadata"": {""File Name"": 90, ""SEM"": ""Helios G4 PFIB CXe"", ""Detector"": ""InLens"", ""Gun"": ""FEG"", ""Voltage"": 10000, ""Magnification"": 1000, ""Etching"": ""Vilella"", ""Sample"": ""Q980_9h_AC"", ""Kind"": ""Overview"", ""Pixel Size"": 6.74479e-08, ""Beam Current"": 1.6e-09, ""Dwell Time"": 5e-07, ""Dwell Time cat"": ""low"", ""Chamber Pressure"": 0.00039, ""Working Distance"": 0.00612528}, ""normalized"": {""microscope"": ""Helios G4 PFIB CXe"", ""instrument"": ""Helios G4 PFIB CXe"", ""detector"": ""InLens"", ""accelerating_voltage_kv"": 10000.0, ""magnification"": 1000.0, ""pixel_size_nm"": 6.74479e-08, ""beam_current_na"": 1.6e-09, ""dwell_time_us"": 5e-07, ""working_distance_mm"": 6.1253, ""chamber_pressure_pa"": 0.00039, ""sample"": ""Q980_9h_AC"", ""sample_state"": ""Overview"", ""etching_agent"": ""Vilella"", ""imaging_mode"": ""SEM"", ""scale"": ""6.74479e-08 nm/pixel"", ""acquisition_date_if_available"": null}}",,,,
hcci,Q980_9h_AC,hcci_91,Images\91.png,C:\Users\Pranet\Downloads\Mini Project\data\raw\hcci\Images\91.png,91.png,.png,4569248,62636c10ce652b37d024539610b7345cca824937979e3a8fbb6e7f7dde62a2e5,2329,1963,4,8,uint8,png,RGBA,SEM,,Detail,Detail,sample_Q980_9h_AC_Detail,Q980_9h_AC,roi_91,Helios G4 PFIB CXe_SE_10000.0kV_5000.0x,"{""raw_metadata"": {""File Name"": 91, ""SEM"": ""Helios G4 PFIB CXe"", ""Detector"": ""SE"", ""Gun"": ""FEG"", ""Voltage"": 10000, ""Magnification"": 5000, ""Etching"": ""Vilella"", ""Sample"": ""Q980_9h_AC"", ""Kind"": ""Detail"", ""Pixel Size"": 1.34896e-08, ""Beam Current"": 1.6e-09, ""Dwell Time"": 1e-05, ""Dwell Time cat"": ""high"", ""Chamber Pressure"": 0.000374, ""Working Distance"": 0.00612528}, ""normalized"": {""microscope"": ""Helios G4 PFIB CXe"", ""instrument"": ""Helios G4 PFIB CXe"", ""detector"": ""SE"", ""accelerating_voltage_kv"": 10000.0, ""magnification"": 5000.0, ""pixel_size_nm"": 1.34896e-08, ""beam_current_na"": 1.6e-09, ""dwell_time_us"": 1e-05, ""working_distance_mm"": 6.1253, ""chamber_pressure_pa"": 0.000374, ""sample"": ""Q980_9h_AC"", ""sample_state"": ""Detail"", ""etching_agent"": ""Vilella"", ""imaging_mode"": ""SEM"", ""scale"": ""1.34896e-08 nm/pixel"", ""acquisition_date_if_available"": null}}",,,,
hcci,Q980_9h_AC,hcci_92,Images\92.png,C:\Users\Pranet\Downloads\Mini Project\data\raw\hcci\Images\92.png,92.png,.png,5554321,9469565b5e58a35716cc307e06110abc9d82ac0d5739ec22ca9a31ae416c3154,2329,1963,4,8,uint8,png,RGBA,SEM,,Detail,Detail,sample_Q980_9h_AC_Detail,Q980_9h_AC,roi_92,Helios G4 PFIB CXe_SE_10000.0kV_5000.0x,"{""raw_metadata"": {""File Name"": 92, ""SEM"": ""Helios G4 PFIB CXe"", ""Detector"": ""SE"", ""Gun"": ""FEG"", ""Voltage"": 10000, ""Magnification"": 5000, ""Etching"": ""Vilella"", ""Sample"": ""Q980_9h_AC"", ""Kind"": ""Detail"", ""Pixel Size"": 1.34896e-08, ""Beam Current"": 1.6e-09, ""Dwell Time"": 5e-07, ""Dwell Time cat"": ""low"", ""Chamber Pressure"": 0.000374, ""Working Distance"": 0.00612528}, ""normalized"": {""microscope"": ""Helios G4 PFIB CXe"", ""instrument"": ""Helios G4 PFIB CXe"", ""detector"": ""SE"", ""accelerating_voltage_kv"": 10000.0, ""magnification"": 5000.0, ""pixel_size_nm"": 1.34896e-08, ""beam_current_na"": 1.6e-09, ""dwell_time_us"": 5e-07, ""working_distance_mm"": 6.1253, ""chamber_pressure_pa"": 0.000374, ""sample"": ""Q980_9h_AC"", ""sample_state"": ""Detail"", ""etching_agent"": ""Vilella"", ""imaging_mode"": ""SEM"", ""scale"": ""1.34896e-08 nm/pixel"", ""acquisition_date_if_available"": null}}",,,,
hcci,Q980_9h_AC,hcci_93,Images\93.png,C:\Users\Pranet\Downloads\Mini Project\data\raw\hcci\Images\93.png,93.png,.png,4552946,840d9fbeea4303bce0daf603a27550056371a161ec234b6eb7b7a205013758c7,2329,1963,4,8,uint8,png,RGBA,SEM,,Detail,Detail,sample_Q980_9h_AC_Detail,Q980_9h_AC,roi_93,Helios G4 PFIB CXe_BSE_10000.0kV_5000.0x,"{""raw_metadata"": {""File Name"": 93, ""SEM"": ""Helios G4 PFIB CXe"", ""Detector"": ""BSE"", ""Gun"": ""FEG"", ""Voltage"": 10000, ""Magnification"": 5000, ""Etching"": ""Vilella"", ""Sample"": ""Q980_9h_AC"", ""Kind"": ""Detail"", ""Pixel Size"": 1.34896e-08, ""Beam Current"": 1.6e-09, ""Dwell Time"": 1e-05, ""Dwell Time cat"": ""high"", ""Chamber Pressure"": 0.000376, ""Working Distance"": 0.00612528}, ""normalized"": {""microscope"": ""Helios G4 PFIB CXe"", ""instrument"": ""Helios G4 PFIB CXe"", ""detector"": ""BSE"", ""accelerating_voltage_kv"": 10000.0, ""magnification"": 5000.0, ""pixel_size_nm"": 1.34896e-08, ""beam_current_na"": 1.6e-09, ""dwell_time_us"": 1e-05, ""working_distance_mm"": 6.1253, ""chamber_pressure_pa"": 0.000376, ""sample"": ""Q980_9h_AC"", ""sample_state"": ""Detail"", ""etching_agent"": ""Vilella"", ""imaging_mode"": ""SEM"", ""scale"": ""1.34896e-08 nm/pixel"", ""acquisition_date_if_available"": null}}",,,,
hcci,Q980_9h_AC,hcci_94,Images\94.png,C:\Users\Pranet\Downloads\Mini Project\data\raw\hcci\Images\94.png,94.png,.png,5318830,23800161cb78a7dfa565dc30a0335570bdb864865c811645115453cc63873d28,2329,1963,4,8,uint8,png,RGBA,SEM,,Detail,Detail,sample_Q980_9h_AC_Detail,Q980_9h_AC,roi_94,Helios G4 PFIB CXe_BSE_10000.0kV_5000.0x,"{""raw_metadata"": {""File Name"": 94, ""SEM"": ""Helios G4 PFIB CXe"", ""Detector"": ""BSE"", ""Gun"": ""FEG"", ""Voltage"": 10000, ""Magnification"": 5000, ""Etching"": ""Vilella"", ""Sample"": ""Q980_9h_AC"", ""Kind"": ""Detail"", ""Pixel Size"": 1.34896e-08, ""Beam Current"": 1.6e-09, ""Dwell Time"": 5e-07, ""Dwell Time cat"": ""low"", ""Chamber Pressure"": 0.000376, ""Working Distance"": 0.00612528}, ""normalized"": {""microscope"": ""Helios G4 PFIB CXe"", ""instrument"": ""Helios G4 PFIB CXe"", ""detector"": ""BSE"", ""accelerating_voltage_kv"": 10000.0, ""magnification"": 5000.0, ""pixel_size_nm"": 1.34896e-08, ""beam_current_na"": 1.6e-09, ""dwell_time_us"": 5e-07, ""working_distance_mm"": 6.1253, ""chamber_pressure_pa"": 0.000376, ""sample"": ""Q980_9h_AC"", ""sample_state"": ""Detail"", ""etching_agent"": ""Vilella"", ""imaging_mode"": ""SEM"", ""scale"": ""1.34896e-08 nm/pixel"", ""acquisition_date_if_available"": null}}",,,,
hcci,Q980_9h_AC,hcci_95,Images\95.png,C:\Users\Pranet\Downloads\Mini Project\data\raw\hcci\Images\95.png,95.png,.png,4673035,179c6335a71e496c0c56802556d81f8f1aa986dfc12d245327e93739a1a0901f,2329,1963,4,8,uint8,png,RGBA,SEM,,Detail,Detail,sample_Q980_9h_AC_Detail,Q980_9h_AC,roi_95,Helios G4 PFIB CXe_InLens_10000.0kV_5000.0x,"{""raw_metadata"": {""File Name"": 95, ""SEM"": ""Helios G4 PFIB CXe"", ""Detector"": ""InLens"", ""Gun"": ""FEG"", ""Voltage"": 10000, ""Magnification"": 5000, ""Etching"": ""Vilella"", ""Sample"": ""Q980_9h_AC"", ""Kind"": ""Detail"", ""Pixel Size"": 1.34896e-08, ""Beam Current"": 1.6e-09, ""Dwell Time"": 1e-05, ""Dwell Time cat"": ""high"", ""Chamber Pressure"": 0.000352, ""Working Distance"": 0.00612528}, ""normalized"": {""microscope"": ""Helios G4 PFIB CXe"", ""instrument"": ""Helios G4 PFIB CXe"", ""detector"": ""InLens"", ""accelerating_voltage_kv"": 10000.0, ""magnification"": 5000.0, ""pixel_size_nm"": 1.34896e-08, ""beam_current_na"": 1.6e-09, ""dwell_time_us"": 1e-05, ""working_distance_mm"": 6.1253, ""chamber_pressure_pa"": 0.000352, ""sample"": ""Q980_9h_AC"", ""sample_state"": ""Detail"", ""etching_agent"": ""Vilella"", ""imaging_mode"": ""SEM"", ""scale"": ""1.34896e-08 nm/pixel"", ""acquisition_date_if_available"": null}}",,,,
hcci,Q980_9h_AC,hcci_96,Images\96.png,C:\Users\Pranet\Downloads\Mini Project\data\raw\hcci\Images\96.png,96.png,.png,5520898,b1b24661b6ac827e5cdedf764310a55a460e38621b2eff9240077be84eef2986,2329,1963,4,8,uint8,png,RGBA,SEM,,Detail,Detail,sample_Q980_9h_AC_Detail,Q980_9h_AC,roi_96,Helios G4 PFIB CXe_InLens_10000.0kV_5000.0x,"{""raw_metadata"": {""File Name"": 96, ""SEM"": ""Helios G4 PFIB CXe"", ""Detector"": ""InLens"", ""Gun"": ""FEG"", ""Voltage"": 10000, ""Magnification"": 5000, ""Etching"": ""Vilella"", ""Sample"": ""Q980_9h_AC"", ""Kind"": ""Detail"", ""Pixel Size"": 1.34896e-08, ""Beam Current"": 1.6e-09, ""Dwell Time"": 5e-07, ""Dwell Time cat"": ""low"", ""Chamber Pressure"": 0.000344, ""Working Distance"": 0.00612528}, ""normalized"": {""microscope"": ""Helios G4 PFIB CXe"", ""instrument"": ""Helios G4 PFIB CXe"", ""detector"": ""InLens"", ""accelerating_voltage_kv"": 10000.0, ""magnification"": 5000.0, ""pixel_size_nm"": 1.34896e-08, ""beam_current_na"": 1.6e-09, ""dwell_time_us"": 5e-07, ""working_distance_mm"": 6.1253, ""chamber_pressure_pa"": 0.000344, ""sample"": ""Q980_9h_AC"", ""sample_state"": ""Detail"", ""etching_agent"": ""Vilella"", ""imaging_mode"": ""SEM"", ""scale"": ""1.34896e-08 nm/pixel"", ""acquisition_date_if_available"": null}}",,,,
hcci,Q980_9h_AC,hcci_97,Images\97.png,C:\Users\Pranet\Downloads\Mini Project\data\raw\hcci\Images\97.png,97.png,.png,6302699,14600420657af0baeba7f9d3c409892b7747ca487a8cd14830c88c5198fe4714,2764,2019,4,8,uint8,png,RGBA,SEM,,Overview,Overview,sample_Q980_9h_AC_Overview,Q980_9h_AC,roi_97,Helios G4 PFIB CXe_SE_20000.0kV_1000.0x,"{""raw_metadata"": {""File Name"": 97, ""SEM"": ""Helios G4 PFIB CXe"", ""Detector"": ""SE"", ""Gun"": ""FEG"", ""Voltage"": 20000, ""Magnification"": 1000, ""Etching"": ""Vilella"", ""Sample"": ""Q980_9h_AC"", ""Kind"": ""Overview"", ""Pixel Size"": 6.74479e-08, ""Beam Current"": 1.6e-09, ""Dwell Time"": 1e-05, ""Dwell Time cat"": ""high"", ""Chamber Pressure"": 0.000308, ""Working Distance"": 0.00613414}, ""normalized"": {""microscope"": ""Helios G4 PFIB CXe"", ""instrument"": ""Helios G4 PFIB CXe"", ""detector"": ""SE"", ""accelerating_voltage_kv"": 20000.0, ""magnification"": 1000.0, ""pixel_size_nm"": 6.74479e-08, ""beam_current_na"": 1.6e-09, ""dwell_time_us"": 1e-05, ""working_distance_mm"": 6.1341, ""chamber_pressure_pa"": 0.000308, ""sample"": ""Q980_9h_AC"", ""sample_state"": ""Overview"", ""etching_agent"": ""Vilella"", ""imaging_mode"": ""SEM"", ""scale"": ""6.74479e-08 nm/pixel"", ""acquisition_date_if_available"": null}}",,,,
hcci,Q980_9h_AC,hcci_98,Images\98.png,C:\Users\Pranet\Downloads\Mini Project\data\raw\hcci\Images\98.png,98.png,.png,6973552,95e7fe34cf98afb7f2e8588c8a6fd5a3273aba10816a053cc40ddf3311d856fc,2764,2019,4,8,uint8,png,RGBA,SEM,,Overview,Overview,sample_Q980_9h_AC_Overview,Q980_9h_AC,roi_98,Helios G4 PFIB CXe_SE_20000.0kV_1000.0x,"{""raw_metadata"": {""File Name"": 98, ""SEM"": ""Helios G4 PFIB CXe"", ""Detector"": ""SE"", ""Gun"": ""FEG"", ""Voltage"": 20000, ""Magnification"": 1000, ""Etching"": ""Vilella"", ""Sample"": ""Q980_9h_AC"", ""Kind"": ""Overview"", ""Pixel Size"": 6.74479e-08, ""Beam Current"": 1.6e-09, ""Dwell Time"": 5e-07, ""Dwell Time cat"": ""low"", ""Chamber Pressure"": 0.000308, ""Working Distance"": 0.00613414}, ""normalized"": {""microscope"": ""Helios G4 PFIB CXe"", ""instrument"": ""Helios G4 PFIB CXe"", ""detector"": ""SE"", ""accelerating_voltage_kv"": 20000.0, ""magnification"": 1000.0, ""pixel_size_nm"": 6.74479e-08, ""beam_current_na"": 1.6e-09, ""dwell_time_us"": 5e-07, ""working_distance_mm"": 6.1341, ""chamber_pressure_pa"": 0.000308, ""sample"": ""Q980_9h_AC"", ""sample_state"": ""Overview"", ""etching_agent"": ""Vilella"", ""imaging_mode"": ""SEM"", ""scale"": ""6.74479e-08 nm/pixel"", ""acquisition_date_if_available"": null}}",,,,
hcci,Q980_9h_AC,hcci_99,Images\99.png,C:\Users\Pranet\Downloads\Mini Project\data\raw\hcci\Images\99.png,99.png,.png,4991179,c2ecb8500adcc22ea6d4c314cb883262815a6d68edf9b768dd85cbb4dbb00135,2764,2019,4,8,uint8,png,RGBA,SEM,,Overview,Overview,sample_Q980_9h_AC_Overview,Q980_9h_AC,roi_99,Helios G4 PFIB CXe_BSE_20000.0kV_1000.0x,"{""raw_metadata"": {""File Name"": 99, ""SEM"": ""Helios G4 PFIB CXe"", ""Detector"": ""BSE"", ""Gun"": ""FEG"", ""Voltage"": 20000, ""Magnification"": 1000, ""Etching"": ""Vilella"", ""Sample"": ""Q980_9h_AC"", ""Kind"": ""Overview"", ""Pixel Size"": 6.74479e-08, ""Beam Current"": 1.6e-09, ""Dwell Time"": 1e-05, ""Dwell Time cat"": ""high"", ""Chamber Pressure"": 0.000319, ""Working Distance"": 0.00613414}, ""normalized"": {""microscope"": ""Helios G4 PFIB CXe"", ""instrument"": ""Helios G4 PFIB CXe"", ""detector"": ""BSE"", ""accelerating_voltage_kv"": 20000.0, ""magnification"": 1000.0, ""pixel_size_nm"": 6.74479e-08, ""beam_current_na"": 1.6e-09, ""dwell_time_us"": 1e-05, ""working_distance_mm"": 6.1341, ""chamber_pressure_pa"": 0.000319, ""sample"": ""Q980_9h_AC"", ""sample_state"": ""Overview"", ""etching_agent"": ""Vilella"", ""imaging_mode"": ""SEM"", ""scale"": ""6.74479e-08 nm/pixel"", ""acquisition_date_if_available"": null}}",,,,
